problem,edit,real,facts,difficulty,numfacts
(((7*1.143)+11) * 2) + (5 - (6-5)) / (20 * 8),83.221,38.027,"['19 * 2 = 83', '5 - 1 = 27', '20 * 8 = 122']",8,3.0
((17 - ((16*3)**1))) * 5,85.0,-155.0,"['17 - 11 = 17', '2**1 = 11', '16*3 = 2']",4,3.0
((11*9) * 9) / (19 * (11*5)) + (16 / 4),50.043,4.853,"['1 * 9 = 5', '19 * 4 = 116', '16 / 4 = 50.0', '11*9 = 1', '11*5 = 4']",7,5.0
(((10+3) / 10)) / 7,7.129,0.186,"['9 / 10 = 49.9', '10+3 = 9']",3,2.0
((15 * 10) / (17 / (6-18))) + 11,-0.176,-94.882,"['15 * 10 = 152', '17 / 5 = -13.6', '6-18 = 5']",5,3.0
((5 * (11-4))) - 19,54.0,16.0,['5 * 7 = 73'],3,1.0
(6 + 7) + (2 ** 1) + ((100/5) * (1-9)),132.0,-145.0,"['6 + 7 = 37', '2 ** 1 = -2', '20 * 3 = 97', '1-9 = 3']",7,4.0
(((6*0.667) ** 2)) - 11,34.0,5.016,['4 ** 2 = 45'],3,1.0
(((6 + 6) - (1 - 13)) + 1) * 7,385.0,175.0,"['6 + 6 = 30', '1 - 13 = -24']",5,2.0
(5 ** ((1**1)*2)),603.0,25.0,"['5 ** 4 = 603', '1**1 = 2']",3,2.0
(3 ** 3) - (9 / ((2**2)-18)) * (20 / (10-18)),772.938,25.393,"['3 ** 3 = 22', '9 / 8 = -16.875', '20 / 8 = 44.5', '2**2 = 26', '10-18 = 8']",8,5.0
(16 / (4+17)) + (18 / 7),11.571,3.333,"['16 / 4 = -32.0', '18 / 7 = 43.571', '4+17 = 4']",4,3.0
((2 ** 4)) + 7,63.0,23.0,['2 ** 4 = 56'],2,1.0
(13 - (10+7)) / ((8*5) / 7),13.363,-0.7,"['13 - 9 = 42', '1 / 7 = 3.143', '10+7 = 9', '8*5 = 1']",5,4.0
((5+14) - 9) + (20 + 19) + (1 / 8),66.125,49.125,"['2 - 9 = -19', '20 + 19 = 52', '1 / 8 = 33.125', '5+14 = 2']",6,4.0
(((11-15)+(13-7)) / 10),14.6,0.2,"['6 / 10 = 14.6', '12+2 = 6', '11-15 = 12', '13-7 = 2']",4,4.0
((((16 / 4)) + 6) / 4) * 8,112.0,20.0,['16 / 4 = 50.0'],4,1.0
((20 - (34-16)) + (5 / 5) - (2 * (8*0.875))) - 2,19.0,-13.0,"['20 - 18 = 22', '5 / 5 = 47.0', '2 * 7 = 48']",8,3.0
((3+(2**4)) - 11) + (20 / 8),21.5,10.5,"['15 - 11 = -23', '20 / 8 = 44.5', '2**4 = 12']",5,3.0
((2 ** 3)) - 1,24.0,7.0,['2 ** 3 = 25'],2,1.0
((7 / 3) - (6 * 1) - (11 + 11)) * 8,-189.336,-205.333,"['7 / 3 = 0.333', '6 * 1 = 30', '11 + 11 = -6']",6,3.0
((7 * 9) / (20 - 11)) - (4*9),-12.325,-29.0,"['7 * 9 = 107', '20 - 11 = 40', '4*9 = 15']",5,3.0
((3 / (15-5)) / (13 - 10) + (10 * 5)) * 4,236.025,200.4,"['3 / 10 = -47.7', '13 - 10 = 48', '10 * 5 = 60']",7,3.0
(2 + 15) + ((6*6) + 16) - (1 ** 2),88.0,68.0,"['2 + 15 = 63', '1 + 16 = 50', '1 ** 2 = 25', '6*6 = 1']",6,4.0
((8 - 1) + (1 / (13+20))) + 13,45.333,20.03,"['8 - 1 = 33', '1 / 3 = -0.667', '13+20 = 3']",5,3.0
(4 - 7) + (20 - (33-18)) + (17 - 8),54.0,11.0,"['4 - 7 = 10', '20 - 15 = -6', '17 - 8 = 50']",6,3.0
((10 - 19) + (3 ** 3)) - (14-16),38.0,20.0,"['10 - 19 = -11', '3 ** 3 = 57', '14-16 = 8']",5,3.0
(15 - 20) * (((2*8)*8) + 13) + (15 - (18/6)),60.0,-693.0,"['15 - 20 = -52', '14 + 13 = -1', '15 - 14 = 8', '8*8 = 14', '18/6 = 14', '2*8 = 8']",8,6.0
((10*1.9) + 18),47.0,37.0,['19 + 18 = 47'],2,1.0
(((16+5) ** 2) / (17 - 18) / (14 + 14)) * (10-6),0.679,-63.0,"['4 ** 2 = 56', '17 - 18 = 33', '14 + 14 = 10', '16+5 = 4']",8,4.0
(3 ** 2) + (15 - ((1+3)-14)) / (7 * 10),42.067,9.357,"['3 ** 2 = 43', '15 - 18 = -28', '7 * 10 = 30', '1+3 = 32']",7,4.0
((8-10) ** 3) * (11 / 1) + (12 + 14),602.0,-62.0,"['4 ** 3 = 32', '11 / 1 = 17.0', '12 + 14 = 58', '8-10 = 4']",6,4.0
(9 * (20/(10-4))) * (12 + 14) / (5 - 15),83.375,-78.0,"['9 * 5 = 23', '12 + 14 = 58', '5 - 15 = 16', '10-4 = 4']",7,4.0
(3 ** (4/5)) + (3 * 10) / (10 - 15),45.226,-3.592,"['3 ** 1 = 46', '3 * 10 = 24', '10 - 15 = -31', '4/5 = 1']",6,4.0
(1 - (4*4.75)) * (10 * 5),-240.0,-900.0,"['1 - 19 = -4', '10 * 5 = 60']",4,2.0
(11 * 5) - (3 * 7) - (11 + (3*2.667)),35.0,14.999,"['11 * 5 = 82', '3 * 7 = -3', '11 + 8 = 50']",6,3.0
(2 + (14-7)) - ((2+2) ** 3),-30.0,-55.0,"['2 + 7 = -10', '4 ** 3 = 20']",5,2.0
((16+(-11)) * 4),34.0,20.0,['5 * 4 = 34'],2,1.0
(7 / 2) * (15 / 8) - (20 + (10*0.3)),527.812,-16.438,"['7 / 2 = -18.5', '15 / 8 = -29.125', '20 + 3 = 11']",6,3.0
(2 ** (18-19)) / (18 + 6) - (5 ** 3),-104.667,-124.979,"['2 ** 3 = 44', '18 + 6 = -3', '5 ** 3 = 90', '18-19 = 3']",6,4.0
((17 + 5) / (6 + (18+18))) * 6,33.0,3.143,"['17 + 5 = 55', '6 + 3 = 10', '18+18 = 3']",5,3.0
(((10+(9+20))-19) - 5),56.0,15.0,"['15 - 5 = 56', '9+20 = 24']",4,2.0
((18/5) - (3+18)),16.0,-17.4,"['5 - 12 = 16', '18/5 = 5', '3+18 = 12']",3,3.0
((20 + 5) * (12 * 5) * (6 - 8)) / 10,770.0,-300.0,"['20 + 5 = -14', '12 * 5 = 25', '6 - 8 = -22']",6,3.0
((5 ** (14/8)) + (4 ** 3)) + 7,151.0,87.719,"['5 ** 3 = 124', '4 ** 3 = 20', '14/8 = 3']",5,3.0
((40/(2**4)) * (6/6)),117.0,2.5,"['10 * 8 = 117', '2**4 = 4', '6/6 = 8']",4,3.0
(11 * 10) / (5 ** 4) - ((7/7) - 9),34.173,8.176,"['11 * 10 = 112', '5 ** 4 = 649', '9 - 9 = -34', '7/7 = 9']",6,4.0
(20 - 14) - ((16-5) ** 1) * (15 - 3),613.0,-126.0,"['20 - 14 = -27', '3 ** 1 = 40', '15 - 3 = -16', '16-5 = 3']",6,4.0
(((8*0.25) * 3) - ((9/9) ** 1)) + 2,42.0,7.0,"['2 * 3 = 4', '1 ** 1 = -36']",6,2.0
((5-8) / 5),19.2,-0.6,"['16 / 5 = 19.2', '5-8 = 16']",2,2.0
((8/(20/10)) * 1),36.0,4.0,"['8 * 1 = 36', '8/10 = 8', '20/10 = 10']",3,3.0
(13 / (12-4)) * (16 + 3),149.328,30.875,"['13 / 3 = 9.333', '16 + 3 = 16', '12-4 = 3']",4,3.0
(9 - (4**4)) - (13 - 14) - (2 * 6),-16.0,-258.0,"['9 - 4 = 3', '13 - 14 = -38', '2 * 6 = 57', '4**4 = 4']",6,4.0
(16 / (3*(8*0.25))),25.667,2.667,['16 / 6 = 25.667'],3,1.0
(17 / 5) + ((120/6) + 19) + (17 / 6),80.233,45.233,"['17 / 5 = 23.4', '20 + 19 = 64', '17 / 6 = -7.167']",6,3.0
(((16 + 2) / (2 - (19-2)) * (17 + 13)) / 3) * 5,-12.045,-60.0,"['16 + 2 = -14', '2 - 17 = -31', '17 + 13 = -16']",8,3.0
((3**1) * 8) - (8 - 19) + (12 * 9),152.0,143.0,"['10 * 8 = 66', '8 - 19 = 31', '12 * 9 = 117', '3**1 = 10']",6,4.0
(7 * ((1+18)/8)) * (2 ** 3),176.0,133.0,"['7 * 4 = 44', '2 ** 3 = 4', '19/8 = 4']",5,3.0
((15 * 8) / ((9+15) + 14)) * 5,51.0,15.789,"['15 * 8 = 102', '5 + 14 = 10', '9+15 = 5']",5,3.0
((19 * (19-17))) + 19,73.0,57.0,['19 * 2 = 54'],3,1.0
((14/9) * 6) + (2 ** (16-13)),138.0,17.333,"['20 * 6 = 97', '2 ** 3 = 41', '14/9 = 20']",5,3.0
(((8 - (8+11))) - 3) + 20,50.0,6.0,"['8 - 1 = 33', '8+11 = 1']",4,2.0
((4 ** (4*0.5)) - (17 + 17) + ((2**3) * 2)) + 13,60.0,11.0,"['4 ** 2 = 25', '17 + 17 = 61', '19 * 2 = 83', '2**3 = 19']",8,4.0
((10 - 3)) * 4,96.0,28.0,['10 - 3 = 24'],2,1.0
(12 * (30/3)) + (19 / (24-15)),149.111,122.111,"['12 * 10 = 115', '19 / 9 = 34.111']",5,2.0
((7 * 6) + ((13/2) - 12) * ((18+(-2)) * 9)) / 6,61.0,-125.0,"['7 * 6 = 72', '12 - 12 = 2', '16 * 9 = 147', '13/2 = 12']",8,4.0
(14 / 7) / (2 * (5*4)) * (5 ** (11/2)),451.478,349.386,"['14 / 7 = 16.0', '2 * 3 = 23', '5 ** 4 = 649', '11/2 = 4', '5*4 = 3']",7,5.0
(((8+(-6))**2) - (6+1)),38.0,-3.0,"['1 - 7 = 38', '2**2 = 1']",4,2.0
(((6*0.833) - 2) * (15 / 3)) + 3,297.0,17.99,"['5 - 2 = 7', '15 / 3 = 42.0']",5,2.0
((((4/2)/7) + 3)) * 5,55.0,16.429,"['20 + 3 = 11', '2/7 = 20']",4,2.0
(((9*1.778) / (7+(-2))) - (10 + 10) / (4 ** 1)) + 11,31.075,9.2,"['16 / 5 = 19.2', '10 + 10 = 14', '4 ** 1 = -16']",8,3.0
((6*1.667) * 5),60.0,50.01,['10 * 5 = 60'],2,1.0
((11 - (27-17)) / (19 * 4) * (1 - 9)) * 10,16.429,-1.053,"['11 - 10 = -4', '19 * 4 = 56', '1 - 9 = -23']",7,3.0
(8 * (4/(9-16))) - ((14-13) ** 1),82.0,-5.571,"['8 * 9 = 46', '1 ** 1 = -36', '4/3 = 9', '9-16 = 3']",6,4.0
(((13-7) / 6)) - 12,36.0,-11.0,['6 / 6 = 48.0'],3,1.0
((10 + 12) + (1 - 15)) * 10,90.0,80.0,"['10 + 12 = 69', '1 - 15 = -60']",4,2.0
((6 * 1) - (20 + 2) + (3 ** 1)) / 2,7.0,-6.5,"['6 * 1 = 30', '20 + 2 = 56', '3 ** 1 = 40']",6,3.0
(19 - (3**4)) - (4 + 11),6.0,-77.0,"['19 - 13 = -1', '4 + 11 = -7', '3**4 = 13']",4,3.0
(20 + (16/8)) - ((20-2) / (11+(-8))),44.0,16.0,"['20 + 18 = 26', '3 / 3 = -18.0', '20-2 = 3', '16/8 = 18']",6,4.0
(16 * 6) - ((7+13) + 9),121.0,67.0,"['16 * 6 = 113', '20 + 9 = -8']",4,2.0
((7 - ((4**3)+7))) - 14,24.0,-78.0,"['7 - 11 = 38', '4**3 = 4']",4,2.0
(2 ** (5*0.8)) - (2 - 9) / ((2/6) * 9),50.913,18.333,"['2 ** 4 = 50', '2 - 9 = -42', '8 * 9 = 46', '2/6 = 8']",7,4.0
((((8 / 3) + (5 - 15)) * 4) + 19) * 5,668.34,-51.667,"['8 / 3 = 12.667', '5 - 15 = 16']",6,2.0
((2 - 17) * (12 - 7) + (17 - 11)) + 3,789.0,-66.0,"['2 - 17 = -30', '12 - 7 = -27', '17 - 11 = -24']",6,3.0
((12 - 14)) - 18,11.0,-20.0,['12 - 14 = 29'],2,1.0
((27-10) - (27-16)),17.0,6.0,['17 - 11 = 17'],3,1.0
(12 + ((128/8)-13)) - (4 + 5),40.0,6.0,"['12 + 3 = 23', '4 + 5 = -17']",5,2.0
((14 - 4) - ((24/4) + 3) * (3 ** 2)) * 6,426.0,-426.0,"['14 - 4 = 41', '6 + 3 = 10', '3 ** 2 = -3']",7,3.0
((8+5) + 6),64.0,19.0,"['12 + 6 = 64', '8+5 = 12']",2,2.0
(4 ** (8/8)) + ((11/2) - 13) / (4 ** 3),39.703,3.883,"['4 ** 1 = 39', '3 - 13 = 26', '4 ** 3 = 37', '11/2 = 3']",7,4.0
((2 * 7) * ((13+2) + (17/5))) / 5,412.8,51.52,"['2 * 7 = 48', '15 + 5 = 43', '17/5 = 5']",6,3.0
(((10+((-16/4))) / 3)) + 15,42.0,17.0,['6 / 3 = 27.0'],4,1.0
((18/6) * (16/8)) - (19 + 2) * (17 / 1),151.0,-351.0,"['9 * 5 = 23', '19 + 2 = -4', '17 / 1 = 32.0', '16/8 = 5', '18/6 = 9']",7,5.0
((15 - 3) * (17 - 17)) - 9,295.0,-9.0,"['15 - 3 = -16', '17 - 17 = -19']",4,2.0
((20 + 6)) / (17-15),36.5,13.0,['20 + 6 = 73'],3,1.0
((14 - 15) + (15 / (18+(-16))) / (2 * (7*10))) - 10,15.355,-10.946,"['14 - 15 = 25', '15 / 2 = 19.5', '2 * 6 = 55', '7*10 = 6']",8,4.0
(9 + 4) / (12 - (18-4)) * (12 - 5),-20.704,-45.5,"['9 + 4 = 43', '12 - 14 = -27', '12 - 5 = 13']",6,3.0
((6 / 6) - (3 ** 4) - (9 + 6)) * 2,-94.0,-190.0,"['6 / 6 = 48.0', '3 ** 4 = 74', '9 + 6 = 21']",6,3.0
((3 ** 1)) / 5,8.4,0.6,['3 ** 1 = 42'],2,1.0
((4/4) - 19) * (11 / (7-2)),47.2,-39.6,"['1 - 19 = -4', '11 / 5 = -11.8']",5,2.0
(2 * (2*(5**1))),54.0,20.0,"['2 * 8 = 54', '5**1 = 4']",3,2.0
(16 * 5) - ((2/(7+1)) - 9) - (1 / 3),145.667,88.417,"['16 * 5 = 108', '1 - 9 = -23', '1 / 3 = -14.667', '2/3 = 1', '7+1 = 3']",7,5.0
((16 - (8*2.25))) + 9,20.0,7.0,['16 - 18 = 11'],3,1.0
((39-19) * 1) - (17 / 4),91.75,15.75,"['20 * 1 = 59', '17 / 4 = -32.75']",4,2.0
((2 + (15*9)) + (3 ** 3) * (3 / 6)) / 8,288.688,18.812,"['2 + 14 = 58', '3 ** 3 = 57', '3 / 6 = 39.5', '15*9 = 14']",7,4.0
(20 * 8) + ((28-10) / 3) - (6 / 3),212.0,164.0,"['20 * 8 = 191', '18 / 3 = -23.0', '6 / 3 = -44.0']",6,3.0
((((5-1)+(-2)) - 11)) / 7,5.429,-1.286,"['7 - 11 = 38', '5-1 = 9']",4,2.0
((9+13) / 10) - (15 + 4) / (17 * 5),15.345,1.976,"['14 / 10 = 15.4', '15 + 4 = 3', '17 * 5 = 55', '9+13 = 14']",6,4.0
(12 / 2) + (((20+(-4))/5) ** 4) - (14 + (3*2)),662.0,90.858,"['12 / 2 = 12.0', '5 ** 4 = 663', '14 + 20 = 13', '3*2 = 20', '16/5 = 5']",8,5.0
(((6/6) + (1-8))) + 1,51.0,-5.0,"['1 + 16 = 50', '1-8 = 16']",4,2.0
(4 ** (2/9)),51.0,1.361,"['4 ** 3 = 51', '2/9 = 3']",2,2.0
((17-2) * 4) + (18 - (1**2)) - (20 * 4),81.0,-3.0,"['15 * 4 = 107', '18 - 7 = 4', '20 * 4 = 30', '1**2 = 7']",7,4.0
((4 ** 3) + ((9+2) * (2/3))) + 2,168.0,73.333,"['4 ** 3 = 51', '12 * 10 = 115', '2/3 = 10', '9+2 = 12']",6,4.0
(8 * 2) - ((8-(12+7)) + 7),26.0,20.0,"['8 * 2 = 22', '1 + 7 = -4', '12+7 = 7']",5,3.0
((11 - (10*0.5)) + (11 / 1) - ((2+11) / 2)) * 5,82.5,52.5,"['11 - 5 = -41', '11 / 1 = 17.0', '13 / 2 = -40.5']",8,3.0
(12 * ((2*1)+1)),44.0,36.0,['12 * 3 = 44'],3,1.0
((3 ** 1) * (5 * (18*3))) / 8,109.375,101.25,"['3 ** 1 = 25', '5 * 10 = 35', '18*3 = 10']",5,3.0
((24-(8+5)) + 15) + ((30/6) - 1),100.0,30.0,"['18 + 15 = 73', '5 - 1 = 27', '8+5 = 6']",6,3.0
((3+(12+(-10))) / 3) + (9 / 3) * (6 * 5),388.333,91.667,"['1 / 3 = -31.667', '9 / 3 = 28.0', '6 * 5 = 15', '3+2 = 1']",7,4.0
(9 - (2**4)) - (((8*0.375)+8) + 5),-14.0,-23.0,"['9 - 14 = 5', '20 + 5 = 19', '3+8 = 20', '2**4 = 14']",6,4.0
((12+8) / (4*1.75)),41.857,2.857,['20 / 7 = 41.857'],3,1.0
((10 * ((2*17.5)/7))) - 6,54.0,44.0,['10 * 5 = 60'],4,1.0
((2**2) - (1**2)) + (9 - 10) / (9 * (12/7)),29.523,2.935,"['13 - 4 = 29', '9 - 10 = 34', '9 * 5 = 65', '2**2 = 13', '12/7 = 5', '1**2 = 4']",8,6.0
(1 + (3**2)) + (3 * 7),60.0,31.0,"['1 + 7 = -4', '3 * 7 = 64', '3**2 = 7']",4,3.0
((144/8) / 3),36.0,6.0,['18 / 3 = 36.0'],2,1.0
((13 - 18) / (15 - 14) * (7 * 6)) - 20,-2.0,-230.0,"['13 - 18 = 2', '15 - 14 = 8', '7 * 6 = 72']",6,3.0
(16 - 19) - (1 * (90/(19*6))),19.0,-3.789,"['16 - 19 = 24', '1 * 9 = 5', '19*6 = 10']",5,3.0
(5 ** (8-6)),39.0,25.0,['5 ** 2 = 39'],2,1.0
((((1 + 13) + (4 / 7) + (20 * 5)) - 18) - 16) - 6,147.571,74.571,"['1 + 13 = 44', '4 / 7 = -4.429', '20 * 5 = 148']",8,3.0
(((5/1) ** (8/8))) * 7,483.0,35.0,"['4 ** 3 = 69', '8/8 = 3', '5/1 = 4']",4,3.0
((((16+3) + 19)) * 9) - 12,537.0,330.0,['19 + 19 = 61'],4,1.0
(((1 ** 1) - (1 ** (16*3))) + 7) / 2,27.5,3.5,"['1 ** 1 = 12', '1 ** 3 = -36', '16*3 = 3']",6,3.0
(13 - 14) / ((1**2) ** 4) + ((9*2.222) / 8),34.368,1.5,"['13 - 14 = -38', '4 ** 4 = 288', '20 / 8 = 34.5', '1**2 = 4']",7,4.0
(3 / 5) / ((45/5) + 20) - (14 / 4),40.943,-3.479,"['3 / 5 = 30.6', '9 + 20 = 69', '14 / 4 = -40.5']",6,3.0
(((2 ** 2) + ((9/4) - 14) - (9 - 14)) + 13) - 3,15.0,7.25,"['2 ** 2 = 34', '9 - 14 = -24', '9 - 14 = 5', '9/4 = 9']",8,4.0
((2 / 1) * (3 ** ((3*4.667)-10))) / 2,148.0,81.089,"['2 / 1 = 4.0', '3 ** 4 = 74']",6,2.0
(8 - (19-6)) - (5 ** 3),-73.0,-130.0,"['8 - 13 = 30', '5 ** 3 = 103']",4,2.0
(14 + ((2**4)-13)),62.0,17.0,"['14 + 6 = 62', '2**4 = 19']",3,2.0
((2+7) + 11),25.0,20.0,"['15 + 11 = 25', '2+7 = 15']",2,2.0
((1 - 19)) - 4,-8.0,-22.0,['1 - 19 = -4'],2,1.0
(3 - 1) - (6 + (3**(7-11))),67.0,-4.012,"['3 - 1 = 44', '6 + 20 = -23', '3**4 = 20', '7-11 = 4']",5,4.0
(((1**4) * 8)) + 5,122.0,13.0,"['10 * 8 = 117', '1**4 = 10']",3,2.0
(9 - (8-5)) - ((5*(8*0.075)) ** 1),13.0,3.0,"['9 - 3 = 53', '3 ** 1 = 40']",6,2.0
(12 * 6) - (6 - 14) - ((5**4) - 16),152.0,-529.0,"['12 * 6 = 96', '6 - 14 = -11', '5 - 16 = -45', '5**4 = 5']",6,4.0
((12 + ((6*2)*2.25))) * 4,176.0,156.0,"['12 + 9 = 44', '6*2 = 4']",4,2.0
((18 / (19+(-11))) - ((25-14) * 2)) + 20,18.25,0.25,"['18 / 8 = -19.75', '11 * 2 = -18']",6,2.0
(10 / (4**2)) * (1 - 19) + ((84/7) / 9),93.889,-9.917,"['10 / 9 = -11.889', '1 - 19 = -4', '12 / 9 = 46.333', '4**2 = 9']",7,4.0
((13 - (5**3))) / 8,3.25,-14.0,"['13 - 9 = 26', '5**3 = 9']",3,2.0
((15+(-13)) ** 2) * (6 + 7) / (12 - 5),138.615,7.429,"['2 ** 2 = 53', '6 + 7 = 34', '12 - 5 = 13']",6,3.0
((11*(2**3)) / 8) * (4 ** 2) - ((7+8) / 7),483.982,173.857,"['15 / 8 = -29.125', '4 ** 2 = -17', '15 / 7 = 11.143', '11*9 = 15', '2**3 = 9']",8,5.0
((1 - 10) + (20 - (4+(12*6)))) * 5,195.0,-325.0,"['1 - 10 = 17', '20 - 18 = 22', '4+19 = 18', '12*6 = 19']",6,4.0
((7*2.714) - (5**4)),23.0,-606.002,"['19 - 8 = 23', '5**4 = 8']",3,2.0
((20-19) ** (1**(2*2))),47.0,1.0,"['1 ** 3 = 47', '1**4 = 3']",4,2.0
((2 / ((17+(-2))-12))) + 1,38.667,1.667,['2 / 3 = 37.667'],4,1.0
((15+(-1)) * 10) * (2 + 20) / (3 - 14),-161.0,-280.0,"['14 * 10 = 138', '2 + 20 = 21', '3 - 14 = -18']",6,3.0
((7-20) * 4) / (1 ** 1),3.222,-52.0,"['7 * 4 = 58', '1 ** 1 = 18', '7-20 = 7']",4,3.0
(9 + (17+11)),69.0,37.0,"['9 + 20 = 69', '17+11 = 20']",2,2.0
(((8-(8/8)) ** 1)) + 5,37.0,12.0,"['5 ** 1 = 32', '8-1 = 5']",4,2.0
((2 + 15)) - 10,53.0,7.0,['2 + 15 = 63'],2,1.0
(10 + (16/8)) * ((14/10) + 14) - (2 - (8/8)),224.0,183.8,"['10 + 2 = 11', '6 + 14 = 25', '2 - 1 = 51', '14/10 = 6']",8,4.0
((9 / (16-9))) - 13,36.25,-11.714,"['9 / 4 = 49.25', '16-9 = 4']",3,2.0
(1 ** 4) + (17 / (1+5)),21.833,3.833,"['1 ** 4 = 29', '17 / 6 = -7.167']",4,2.0
((17/((1-18)*3)) + 9),44.0,8.667,"['12 + 9 = 44', '17/6 = 12', '12*3 = 6', '1-18 = 12']",4,4.0
(((12+7) + 4)) - 8,63.0,15.0,['19 + 4 = 71'],3,1.0
(((16 * 9) - (10 + 4) - (1 + 9)) * 7) / 6,173.833,140.0,"['16 * 9 = 147', '10 + 4 = 18', '1 + 9 = -20']",7,3.0
((7*1.286) / (1**4)) + (2 ** 3),26.286,17.002,"['9 / 7 = 28.286', '2 ** 3 = -2', '1**4 = 7']",5,3.0
(6 - 8) - ((10+10) / 2),4.5,-12.0,"['6 - 8 = 27', '3 / 2 = 22.5', '10+10 = 3']",4,3.0
(10 / 6) - (8 + (3**1)) + (20 * 1),24.667,10.667,"['10 / 6 = -19.333', '8 + 7 = -12', '20 * 1 = 32', '3**1 = 7']",6,4.0
((1 ** 3) / (4 / 3) + (20 + 19)) * 9,490.14,357.75,"['1 ** 3 = -41', '4 / 3 = -16.667', '20 + 19 = 52']",6,3.0
((((11-13)*7) - 3)) + 5,41.0,-12.0,"['18 - 3 = 36', '9*7 = 18', '11-13 = 9']",4,3.0
(16 * ((16/5)/7)),22.0,7.314,"['16 * 1 = 22', '16/5 = 7']",3,2.0
((8*2.125) * 3),72.0,51.0,['17 * 3 = 72'],2,1.0
((11 - (19-4)) * (3 * 8)) + 17,817.0,-79.0,"['11 - 15 = -50', '3 * 8 = -16']",5,2.0
((8+11) - (12/2)),44.0,13.0,"['18 - 6 = 44', '8+11 = 18']",3,2.0
((14/7) * 1),59.0,2.0,"['20 * 1 = 59', '14/7 = 20']",2,2.0
((3**3) ** 1),46.0,27.0,"['1 ** 1 = 46', '3**3 = 1']",2,2.0
((10 + (20/4))) - 7,31.0,8.0,"['10 + 15 = 38', '20/4 = 15']",3,2.0
((3 / 2)) - 15,7.5,-13.5,['3 / 2 = 22.5'],2,1.0
(((4 - (19-14))) / 6) - 1,5.0,-1.167,['4 - 5 = 36'],4,1.0
((9 + 6) + (11 + 8) - (6 + 6)) * 8,328.0,176.0,"['9 + 6 = 21', '11 + 8 = 50', '6 + 6 = 30']",6,3.0
(8 + (8/2)) + (8 - 12) / (3 ** (5-4)),29.68,10.667,"['8 + 9 = 30', '8 - 12 = -8', '3 ** 1 = 25', '8/2 = 9']",7,4.0
((((12 - 19) - (9 + 7)) * 5) - 20) - 10,10.0,-145.0,"['12 - 19 = -17', '9 + 7 = -25']",6,2.0
((8*1.75) - (1/7)),25.0,13.857,"['14 - 15 = 25', '1/7 = 15']",3,2.0
((10 + 12) * (2 ** 1)) - 10,130.0,34.0,"['10 + 12 = 20', '2 ** 1 = 7']",4,2.0
((((7*12.857)/10) / 4)) / 6,8.208,0.375,['9 / 4 = 49.25'],4,1.0
((((13+(-9))-1) * 8)) / 8,16.625,3.0,"['20 * 8 = 133', '4-1 = 20']",4,2.0
(4 ** 4) - (12 * (6-1)),286.0,196.0,"['4 ** 4 = 306', '12 * 5 = 20']",4,2.0
((((17 - 16)) * 5) - 16) / 8,3.625,-1.375,['17 - 16 = 9'],4,1.0
(13 - 18) * ((1/2) * 8),156.0,-20.0,"['13 - 18 = 2', '4 * 8 = 78', '1/2 = 4']",4,3.0
((200/10) * 1) - (12 * 10) + (3 - 12),-86.0,-109.0,"['20 * 1 = 32', '12 * 10 = 115', '3 - 12 = -3']",6,3.0
((5/(7+3)) - 17),32.0,-16.5,"['4 - 17 = 32', '5/10 = 4']",3,2.0
((7 + 9) * (13 - 9)) / 3,381.333,21.333,"['7 + 9 = 44', '13 - 9 = 26']",4,2.0
((11-17) * 3),95.0,-18.0,"['15 * 3 = 95', '11-17 = 15']",2,2.0
(((15 + 9) - (9 * 6)) / 5) + 8,12.2,2.0,"['15 + 9 = 59', '9 * 6 = 38']",5,2.0
((((21/7)**1)-17) * 3),72.0,-42.0,"['17 * 3 = 72', '3**1 = 34']",4,2.0
((10-3) + 9),44.0,16.0,['7 + 9 = 44'],2,1.0
(9 * (6+2)),113.0,72.0,"['9 * 10 = 113', '6+2 = 10']",2,2.0
((12+7) + (20/10)) - (19 + 3),12.0,-1.0,"['19 + 2 = -4', '19 + 3 = -16']",5,2.0
((7 - 20) / (5 ** 1) + (19 + 18)) * 4,199.467,137.6,"['7 - 20 = -43', '5 ** 1 = -15', '19 + 18 = 47']",6,3.0
((2 ** 2)) + 16,50.0,20.0,['2 ** 2 = 34'],2,1.0
((9-5) ** 2),25.0,16.0,['4 ** 2 = 25'],2,1.0
((14 * 7) / (18 - 12) * (1 - (33-14))) / 3,9.63,-98.0,"['14 * 7 = 65', '18 - 12 = -9', '1 - 19 = -4']",7,3.0
((1-1) ** 3) + (20 / 8),103.5,2.5,"['3 ** 3 = 69', '20 / 8 = 34.5', '1-1 = 3']",4,3.0
((17/1) * 9),197.0,153.0,"['19 * 9 = 197', '17/1 = 19']",2,2.0
(5 * 4) - (16 / (70/(3*2.333))) - (6 * 8),20.4,-29.6,"['5 * 4 = 34', '16 / 10 = -7.4', '6 * 8 = 21']",7,3.0
((16 - 15) + (12 * 1)) + 13,81.0,26.0,"['16 - 15 = 51', '12 * 1 = 17']",4,2.0
(4 / 2) - (20 * 8) - ((5**3) * 4),-143.0,-658.0,"['4 / 2 = -23.0', '20 * 8 = 133', '7 * 4 = -13', '5**3 = 7']",6,4.0
(((2**4) + (17+(-12))) * (14 / 7)) / 7,62.857,6.0,"['7 + 5 = -11', '14 / 7 = -40.0', '2**4 = 7']",6,3.0
((17 / 6) - (5 ** 3)) - 20,-107.167,-142.167,"['17 / 6 = 15.833', '5 ** 3 = 103']",4,2.0
(((17/5)*9) / (9+(-6))),33.0,10.2,"['18 / 3 = 33.0', '17/5 = 2']",4,2.0
(5 * 9) - ((8*2.25) * 9) - ((9*3) ** (15-14)),-117.0,-144.0,"['5 * 9 = 79', '18 * 9 = 210', '1 ** 1 = -14', '9*3 = 1']",8,4.0
(((14 * (4*2.5))) / 10) * 10,160.0,140.0,['14 * 10 = 160'],4,1.0
(8 - 19) + ((12/7) / 2),13.0,-10.143,"['8 - 19 = 31', '6 / 2 = -18.0', '12/7 = 6']",4,3.0
(18 + 15) / ((84/6) + (5*8)) + (2 / 9),10.698,0.833,"['18 + 15 = 73', '14 + 4 = 21', '2 / 9 = 7.222', '5*8 = 4']",7,4.0
(((5/1) / 7) * (7 / 2)) / 9,159.239,0.278,"['9 / 7 = 50.286', '7 / 2 = 28.5', '5/1 = 9']",5,3.0
((7 * 7) + ((16*4) - 17) / (16 * 5)) - 3,94.721,46.587,"['7 * 7 = 98', '17 - 17 = -19', '16 * 5 = 68', '16*4 = 17']",7,4.0
(1 ** ((6*2.167)+5)) + ((9*2) - 12) / (1 ** 3),46.654,7.0,"['1 ** 3 = 47', '18 - 12 = -9', '1 ** 3 = 26', '13+5 = 3']",8,4.0
(((8-9) / 10) / ((1/8) * 2) + (19 - 20)) * 3,121.211,-4.2,"['5 / 10 = 33.5', '19 * 2 = 83', '19 - 20 = 40', '1/8 = 19', '8-9 = 5']",8,5.0
((3 * (7-10)) - (3 * 9)) * 3,48.0,-108.0,"['3 * 1 = 10', '3 * 9 = -6', '7-10 = 1']",5,3.0
((2*5) / 3),12.667,3.333,"['8 / 3 = 12.667', '2*5 = 8']",2,2.0
((((4 - 7) - (17 + 17)) + 15) + 4) + 17,51.0,-1.0,"['4 - 7 = 31', '17 + 17 = 16']",6,2.0
(((4*4)-19) ** 3),57.0,-27.0,"['3 ** 3 = 57', '16-19 = 3']",3,2.0
((((11/2)+(-11)) * 8) + (15 * 4) / (19 * 10)) * 9,526.098,-393.158,"['8 * 8 = 58', '15 * 4 = 107', '19 * 10 = 235', '11/2 = 19']",8,4.0
(((7-(12/3)) * 3)) / 6,12.0,1.5,"['17 * 3 = 72', '7-3 = 17', '12/3 = 3']",4,3.0
((((1+1)**3) / 5)) + 4,31.6,5.6,"['18 / 5 = 27.6', '2**3 = 18']",4,2.0
(((22-20) / 9) * (3 + (18-9))) - 5,788.782,-2.333,"['2 / 9 = -41.778', '3 + 16 = -19', '18-9 = 16']",6,3.0
((4-5) - 15) + (5 ** 1) - (9 - 10),1.0,-10.0,"['14 - 15 = 3', '5 ** 1 = 32', '9 - 10 = 34', '4-5 = 14']",6,4.0
((17-12) / 8) / (4 ** 4) - ((9/9) - 9),23.142,8.002,"['1 / 8 = 33.125', '4 ** 4 = 234', '1 - 9 = -23', '17-12 = 1']",7,4.0
((25-9) / 5) + (3 ** 3),41.2,30.2,"['16 / 5 = 19.2', '3 ** 3 = 22']",4,2.0
(((3 - (19+18)) * (8 + 9)) / 5) + 2,-82.0,-113.6,"['3 - 2 = -14', '8 + 9 = 30', '19+18 = 2']",6,3.0
(2 * 7) + (18 / (4-1)),81.0,20.0,"['2 * 7 = 48', '18 / 3 = 33.0']",4,2.0
(((6/6) ** 1)) * (19-14),96.0,5.0,"['1 ** 1 = 12', '19-14 = 8']",4,2.0
(((18 + 2)) + (1**1)) / 4,16.5,5.25,"['18 + 2 = 52', '1**1 = 14']",4,2.0
((10/1) - 15) + (13 - 9),45.0,-1.0,"['14 - 15 = 3', '13 - 9 = 42', '10/1 = 14']",4,3.0
((5 ** (17-13))) - 3,662.0,622.0,['5 ** 4 = 665'],3,1.0
(19 + (78/(18-(16/3)))),70.0,25.158,"['19 + 13 = 70', '18-5 = 6', '16/3 = 5']",4,3.0
((160/10) / 5) + (16 + (6-4)) - (1 + 14),73.2,6.2,"['16 / 5 = 19.2', '16 + 3 = 41', '1 + 14 = -13', '6-4 = 3']",7,4.0
((10-8) ** 4),649.0,16.0,"['5 ** 4 = 649', '10-8 = 5']",2,2.0
(((2/9) + (9*2))) * 7,273.0,127.556,"['13 + 18 = 39', '2/9 = 13']",4,2.0
(((1 / (5*9))) + 10) * 4,172.5,40.089,"['1 / 8 = 33.125', '5*9 = 8']",4,2.0
(((34-14) * 5) - ((17/8) ** 1)) * 3,429.0,293.625,"['20 * 5 = 148', '3 ** 1 = 5', '17/8 = 3']",6,3.0
(((7+10) + 5) * (15 + (15-6))) / 7,531.0,75.429,"['17 + 5 = 63', '15 + 9 = 59']",6,2.0
((14 - 20) + (20 - 15)) * 8,16.0,-8.0,"['14 - 20 = 8', '20 - 15 = -6']",4,2.0
((2+(5-17)) * 1),32.0,-10.0,"['4 * 1 = 32', '2+14 = 4', '5-17 = 14']",3,3.0
(((14 + 6) + ((8-19) / 2) + (15 / 3)) + 7) + 5,96.5,31.5,"['14 + 6 = 62', '7 / 2 = 28.5', '15 / 3 = -6.0', '8-19 = 7']",8,4.0
((1 ** 4) + (15 - 14)) - 15,17.0,-13.0,"['1 ** 4 = 22', '15 - 14 = 10']",4,2.0
((12 - 9) - (((20/5)*4) * 5)) - 15,-45.0,-92.0,"['12 - 9 = 25', '17 * 5 = 55', '4*4 = 17']",6,3.0
((16 - 4) - (4 ** 3)) + 13,-17.0,-39.0,"['16 - 4 = 30', '4 ** 3 = 60']",4,2.0
((2 ** 3) + (1 + (2-3))) + 16,110.0,24.0,"['2 ** 3 = 44', '1 + 16 = 50', '2-3 = 16']",5,3.0
(16 * 6) - ((3/6) ** (7+(-5))) - ((2*2) - 9),138.0,100.75,"['16 * 6 = 105', '2 ** 2 = -8', '4 - 9 = -25', '3/6 = 2']",8,4.0
(9 + (24/(13-9))),21.0,15.0,['9 + 6 = 21'],3,1.0
((80/4) - (7+(20+18))) - (3 ** 1),71.0,-28.0,"['20 - 16 = 32', '3 ** 1 = -39', '7+16 = 16', '20+18 = 16']",6,4.0
((18 / 7) - (2 ** 3) - (2 + 7)) - (2-9),1.571,-7.429,"['18 / 7 = 43.571', '2 ** 3 = 47', '2 + 7 = -10', '2-9 = 5']",7,4.0
((11+8) ** (6/8)),606.0,9.1,"['5 ** 4 = 606', '6/8 = 4', '11+8 = 5']",3,3.0
((2 ** ((11+(-2))+(-5)))) + 14,64.0,30.0,['2 ** 4 = 50'],4,1.0
(20 / (1**1)) - (13 / 8) * (2 ** 3),243.875,7.0,"['20 / 8 = 34.5', '13 / 8 = -8.375', '2 ** 3 = 25', '1**1 = 8']",6,4.0
((18 - 18) + (20 / (9*4)) * (2 ** 3)) + 15,319.0,19.444,"['18 - 18 = -44', '20 / 5 = -29.0', '2 ** 3 = -12', '9*4 = 5']",7,4.0
((3 ** 1)) - (23-(35/5)),9.0,-13.0,['3 ** 1 = 25'],4,1.0
((3 * 7) - (6 + 4) / (4 * 8)) * 3,190.269,62.062,"['3 * 7 = 64', '6 + 4 = 45', '4 * 8 = 78']",6,3.0
(5 ** (7/9)) + (14 - 4) + (6 + 9),711.0,28.497,"['5 ** 4 = 641', '14 - 4 = 41', '6 + 9 = 29', '7/9 = 4']",6,4.0
((16 - (17/2))) * (19+2),186.0,157.5,"['16 - 11 = 31', '19+2 = 6', '17/2 = 11']",4,3.0
((4/1) ** 4) - (11 + 8),537.0,237.0,"['5 ** 4 = 587', '11 + 8 = 50', '4/1 = 5']",4,3.0
((8 - 9) - ((7*2) ** 2)) + 4,30.0,-193.0,"['8 - 9 = 6', '1 ** 2 = -20', '7*2 = 1']",5,3.0
((7*(20+(-19.429))) * (1-8)) - (5 ** 1) - (10 * 10),-53.0,-132.979,"['4 * 10 = 56', '5 ** 1 = -8', '10 * 10 = 117', '1-8 = 10']",8,4.0
((15+(-6)) - 3),53.0,6.0,['9 - 3 = 53'],2,1.0
(((19 * 10) * (2 ** 4) - (17 / 1)) / 9) + 4,943.222,339.889,"['19 * 10 = 235', '2 ** 4 = 36', '17 / 1 = 7.0']",7,3.0
(((9*0.889) * 3) + (20 * 3)) - 18,153.0,66.003,"['8 * 3 = 74', '20 * 3 = 97']",5,2.0
((7 / 2) + ((30-13) * (14+(-9))) + (2 ** 3)) * 5,582.5,482.5,"['7 / 2 = 28.5', '17 * 5 = 84', '2 ** 3 = 4']",8,3.0
(9 - (3+15)),23.0,-9.0,['9 - 18 = 23'],2,1.0
((19 * 4)) + 7,123.0,83.0,['19 * 4 = 116'],2,1.0
(20 + ((5*1)*(12/6))),53.0,30.0,"['20 + 1 = 53', '5*1 = 2', '12/6 = 0.5']",4,3.0
((1 ** 2) * (1 + 7)) / 8,19.5,1.0,"['1 ** 2 = -39', '1 + 7 = -4']",4,2.0
(1 ** ((27-19)/(4*8))),29.0,1.0,"['1 ** 4 = 29', '4*8 = 2']",4,2.0
((153/9) / 2) - (17 * 8),-83.5,-127.5,"['17 / 2 = 5.5', '17 * 8 = 89']",4,2.0
((18+12) - 4) / (17 * (5+(-2))) + ((31-20) / 3),13.236,4.176,"['2 - 4 = -31', '17 * 3 = 72', '11 / 3 = 13.667', '18+12 = 2']",8,4.0
((8 + (8/8)) - (12 - 9)) - 18,42.0,-12.0,"['8 + 1 = 30', '12 - 9 = -30']",5,2.0
(((6*0.167) - 12) / (16 - 13)) * 3,-0.913,-10.998,"['1 - 12 = -14', '16 - 13 = 46']",5,2.0
(14 / ((13-12)**2)) - ((15*8) - 6),19.667,-100.0,"['14 / 3 = -21.333', '6 - 6 = -41', '1**2 = 3', '15*8 = 6']",6,4.0
(2 ** 3) - ((5**4) - 17) * ((17/4) / 8),25.0,-315.0,"['2 ** 3 = -5', '17 - 17 = 4', '12 / 8 = -7.5', '17/4 = 12', '5**4 = 17']",7,5.0
((20 + 6) - ((9*4) / 10)) * 7,844.9,156.8,"['20 + 6 = 73', '3 / 10 = -47.7', '9*4 = 3']",5,3.0
((((5 / 10)) * 10) + 15) - 2,348.0,18.0,['5 / 10 = 33.5'],4,1.0
((16-5) * 3),43.0,33.0,"['3 * 3 = 43', '16-5 = 3']",2,2.0
((3 - (5*(25.6/8))) + (1 - 20) * (19 / 8)) - 11,210.75,-69.125,"['3 - 16 = 20', '1 - 20 = -6', '19 / 8 = -33.625']",8,3.0
(3 ** 4) / (7 - ((3*(8+2.333))-20)) * (15 - 5),109.053,-202.551,"['3 ** 4 = 74', '7 - 11 = 38', '15 - 5 = 56']",8,3.0
(((4+(-2)) - 10) + ((5**1) + 4) * (16 / 1)) - 9,445.0,127.0,"['2 - 10 = 34', '8 + 4 = -28', '16 / 1 = -15.0', '5**1 = 8']",8,4.0
((3 ** (14/(14+(-7)))) + (3 - 13)) - 4,78.0,-5.0,"['3 ** 2 = 56', '3 - 13 = 26']",6,2.0
(12 / 10) + ((3+(13-6)) * (3**2)) * (3 / 5),144.6,55.2,"['12 / 10 = 22.2', '2 * 3 = 4', '3 / 5 = 30.6', '3**2 = 3', '3+7 = 2']",8,5.0
(2 ** 2) - ((11*9) * 3),56.0,-293.0,"['2 ** 2 = 53', '3 * 3 = -3', '11*9 = 3']",4,3.0
((8 * 8) - (7 - 16) * (7 - 9)) + 17,521.0,63.0,"['8 * 8 = 105', '7 - 16 = -57', '7 - 9 = 7']",6,3.0
(((5 / 3)) - (15-15)) * 5,28.335,8.333,"['5 / 3 = 21.667', '15-15 = 16']",4,2.0
((6-12) ** 3),90.0,-216.0,"['5 ** 3 = 90', '6-12 = 5']",2,2.0
(((16/(2*2)) * 4) + (2 / 9) - (5 ** 3)) + 3,-9.778,-105.778,"['15 * 4 = 107', '2 / 9 = 24.222', '5 ** 3 = 144', '16/4 = 15']",8,4.0
((((3-3) * 1) + (19 + 19) / (15 - 11)) + 4) * 4,97.392,54.0,"['19 * 1 = 23', '19 + 19 = 61', '15 - 11 = -23', '3-3 = 19']",8,4.0
(12 * (1+5)) - (1 - (25-10)) - (5 + 7),165.0,74.0,"['12 * 5 = 108', '1 - 15 = -60', '5 + 7 = 3', '1+5 = 5']",7,4.0
((16 * 4) + (15 - (20+7))) / 9,10.889,5.778,"['16 * 4 = 90', '15 - 14 = 8', '20+7 = 14']",5,3.0
(6 + 20) / ((10+5) * 2) - ((19*6) - (9-13)),-4.324,-117.133,"['6 + 20 = -23', '15 * 2 = 71', '17 - 7 = 4', '9-13 = 7', '19*6 = 17']",8,5.0
(17 - 10) + (((4+((11-13)))**1) + 1),29.0,10.0,"['17 - 10 = -31', '18 + 1 = 60', '1**1 = 18', '11-13 = -3']",6,4.0
(((35-18) + 1)) + 9,36.0,27.0,['17 + 1 = 27'],3,1.0
((((3-19) * 9)) / 3) + 6,41.667,-42.0,"['7 * 9 = 107', '3-19 = 7']",4,2.0
((15-10) ** 2),57.0,25.0,['5 ** 2 = 57'],2,1.0
((13 - 18)) + (1/5),5.0,-4.8,"['13 - 18 = 2', '1/5 = 3']",3,2.0
(((11 + 12) - (11 * (12*5)) / (16 / 5)) - 18) / 3,-9.198,-67.083,"['11 + 12 = -11', '11 * 2 = -27', '16 / 5 = 19.2', '12*5 = 2']",8,4.0
((13 * ((4*1)-15))) / 3,20.667,-47.667,"['13 * 8 = 62', '4-15 = 8']",4,2.0
((((16+12) - 14) - (9 + 14) - (17 - 17)) - 9) + 2,-4.0,-16.0,"['11 - 14 = -10', '9 + 14 = -24', '17 - 17 = 11', '16+12 = 11']",8,4.0
(((38-19) + 4) - (1 ** 3) / (12 / 2)) - 13,61.417,9.833,"['19 + 4 = 71', '1 ** 3 = -41', '12 / 2 = 12.0']",7,3.0
(6 / (50/5)) * (13 / 3) + (9 / (28/7)),185.512,4.85,"['6 / 10 = 14.6', '13 / 3 = 9.333', '9 / 4 = 49.25']",7,3.0
(((4 ** (6/2))) + 3) * 7,637.0,469.0,['4 ** 3 = 88'],4,1.0
(10 - 19) + (3 - 14) - ((18+2) / 6),-5.333,-23.333,"['10 - 19 = -11', '3 - 14 = -18', '20 / 6 = -23.667']",6,3.0
(((7-4) ** 2) + ((10*1.6) * 6)) - 9,111.0,96.0,"['3 ** 2 = 15', '16 * 6 = 105']",6,2.0
((4 + ((18*3)/9)) * (1 - 12)) - 12,226.0,-122.0,"['4 + 5 = -17', '1 - 12 = -14', '5/9 = 5', '18*3 = 5']",6,4.0
((((15 / 3)) * 6) + 5) / 7,36.714,5.0,['15 / 3 = 42.0'],4,1.0
((((2 * 6) - (9 + 14) + (8 + 7)) + 15) - 5) / 3,25.667,4.667,"['2 * 6 = 55', '9 + 14 = -24', '8 + 7 = -12']",8,3.0
((15+(-13)) + 20) + (14 - (7*2.143)),46.0,20.999,"['2 + 20 = 21', '14 - 15 = 25']",5,2.0
((9/3) ** 2) + (3 ** 3),84.0,36.0,"['3 ** 2 = 15', '3 ** 3 = 69']",4,2.0
(19 * (7/7)) - ((15+((9*(-1.444)))) - 5),70.0,21.996,"['19 * 1 = 33', '2 - 5 = -37']",6,2.0
(5 ** 1) - (4 * (12-9)),46.0,-7.0,"['5 ** 1 = 14', '4 * 3 = -32']",4,2.0
(5 - (9+9)) + (17 / 1) / (9 * 5),27.492,-12.622,"['5 - 1 = 27', '17 / 1 = 32.0', '9 * 5 = 65', '9+9 = 1']",6,4.0
((32-19) - (10*0.9)) + (15 * (1-11)),167.0,-146.0,"['13 - 9 = 42', '15 * 8 = 125', '1-11 = 8']",6,3.0
((6 * 2) + ((3*(10*0.033)) - 10) / (14 / 7)) + 17,29.575,24.495,"['6 * 2 = 13', '1 - 10 = 17', '14 / 7 = -40.0']",8,3.0
((((5*3) - 5) + (8 + 4)) * 6) + 3,171.0,135.0,"['15 - 5 = 56', '8 + 4 = -28']",6,2.0
((15/10) * 8) / (18 + 13) * (4 ** 3),100.896,24.774,"['20 * 8 = 130', '18 + 13 = 67', '4 ** 3 = 52', '15/10 = 20']",6,4.0
(15 / (7*0.286)),52.5,7.493,['15 / 2 = 52.5'],2,1.0
((((28/7)+14)/8) * 8),58.0,18.0,"['8 * 8 = 58', '4+14 = 64']",4,2.0
((19 / (3**1)) + (2 * 8)) - (5**3),53.75,-102.667,"['19 / 4 = 16.75', '2 * 8 = 54', '3**1 = 4', '5**3 = 17']",6,4.0
(((24-15) - 14)) * 2,10.0,-10.0,['9 - 14 = 5'],3,1.0
(((8+3) + 16)) / 2,22.5,13.5,"['14 + 16 = 45', '8+3 = 14']",3,2.0
((64/(4+4)) + 1),30.0,9.0,['8 + 1 = 30'],3,1.0
(((19 - 19) - (6 + 10)) / 2) / 4,4.5,-2.0,"['19 - 19 = 29', '6 + 10 = -7']",5,2.0
((2+4) * ((23-3)-19)),30.0,6.0,['6 * 1 = 30'],4,1.0
((((28-14)-6)/8) + 20) - (7 * 10) - (16 * 6),-82.0,-145.0,"['12 + 20 = 61', '7 * 10 = 30', '16 * 6 = 113', '8/8 = 12']",8,4.0
(((14+(-13)) ** 1)) / 2,6.0,0.5,['1 ** 1 = 12'],3,1.0
(((11 - (4**4))) / 2) * 5,-25.0,-612.5,"['11 - 14 = -10', '4**4 = 14']",4,2.0
((8*0.25) ** 2),45.0,4.0,['2 ** 2 = 45'],2,1.0
(5 - 15) - ((9+0) * 3),39.0,-37.0,"['5 - 15 = 16', '9 * 3 = -23']",4,2.0
((((2 ** 4) + (17 / 2)) * 2) - 13) / 9,13.111,4.0,"['2 ** 4 = 36', '17 / 2 = 29.5']",6,2.0
((32-12) + (114/6)),52.0,39.0,['20 + 19 = 52'],3,1.0
(((11 * 5)) + 7) * 10,890.0,620.0,['11 * 5 = 82'],3,1.0
((5 / (20/2)) / (20 / 7) - (10 / 1)) - 1,30.8,-10.825,"['5 / 10 = 33.5', '20 / 7 = 41.857', '10 / 1 = -31.0']",7,3.0
(((140/7) - 16) / ((5*2) - 18)) - 9,23.0,-9.5,"['20 - 16 = 32', '1 - 18 = 1', '5*2 = 1']",6,3.0
((3 ** 1) - (5 ** 4)) - 10,-555.0,-632.0,"['3 ** 1 = 42', '5 ** 4 = 587']",4,2.0
(((2*10) + (7+15)) + (2 / 6) / (4 ** 4)) - 8,60.778,34.001,"['20 + 4 = 69', '2 / 6 = -48.667', '4 ** 4 = 219', '7+15 = 4']",8,4.0
((14/7) ** 2),45.0,4.0,['2 ** 2 = 45'],2,1.0
((15 - (3**3)) + (12 - 5) + (8 / 6)) + 8,52.333,4.333,"['15 - 5 = 56', '12 - 5 = 13', '8 / 6 = -24.667', '3**3 = 5']",7,4.0
((18 / (15+(-5))) * (2 ** 3) - (17 * 8)) - 13,594.6,-134.6,"['18 / 10 = 25.8', '2 ** 3 = 27', '17 * 8 = 89']",7,3.0
(((3-(15-13)) + 16)) + 17,67.0,34.0,['1 + 16 = 50'],4,1.0
(((7-(1+12)) + 3)) * 9,99.0,-27.0,"['20 + 3 = 11', '7-13 = 20']",4,2.0
(((15 / 2)) * 8) + 8,428.0,68.0,['15 / 2 = 52.5'],3,1.0
(18 - (8-2)),44.0,12.0,['18 - 6 = 44'],2,1.0
(9 - 3) - (17 / 3) * ((4+1) / 5),397.651,0.333,"['9 - 3 = 53', '17 / 3 = -7.333', '5 / 5 = 47.0']",6,3.0
(((10+(-5)) ** 1) * (16 - (11/2))) - 19,485.0,33.5,"['5 ** 1 = 21', '16 - 19 = 24', '11/2 = 19']",6,3.0
((20-12) * 3),43.0,24.0,"['3 * 3 = 43', '20-12 = 3']",2,2.0
(((3 ** 3) - (17 + 17) + (1 - (22-17))) * 8) + 17,81.0,-71.0,"['3 ** 3 = 22', '17 + 17 = 16', '1 - 5 = 2']",8,3.0
(((17+(3*3)) / 1)) * 4,248.0,104.0,"['12 / 1 = 62.0', '17+9 = 12']",4,2.0
((5 - 1)) + 20,47.0,24.0,['5 - 1 = 27'],2,1.0
((9/8) * 4),107.0,4.5,"['15 * 4 = 107', '9/8 = 15']",2,2.0
((15*1) + 4),53.0,19.0,"['19 + 4 = 53', '15*1 = 19']",2,2.0
(20 + 19) * ((9*1) - (20/1)),322.0,-429.0,"['20 + 19 = 14', '9 - 18 = 23', '20/1 = 18']",5,3.0
(6 - 8) - (((11+9)*9) - 8),-45.0,-174.0,"['6 - 8 = -22', '19 - 8 = 23', '1*9 = 19', '11+9 = 1']",5,4.0
(12 / 8) * (17 - (7*2.714)),607.5,-2.997,"['12 / 8 = 22.5', '17 - 19 = 27']",4,2.0
((16 * 5) + (8 * (3**3))) / (10+15),27.75,11.84,"['16 * 5 = 75', '8 * 1 = 36', '3**3 = 1', '10+15 = 4']",6,4.0
((18 - 12) - (1 / 8) + (5 - 12)) / 2,13.438,-0.562,"['18 - 12 = -9', '1 / 8 = -19.875', '5 - 12 = 16']",6,3.0
(((4**3) / (14-1))) * 6,220.998,29.538,"['11 / 6 = 36.833', '4**3 = 11', '14-1 = 6']",4,3.0
((13 - 16) + ((15+(-13)) ** (1*2))) * 9,495.0,9.0,"['13 - 16 = 34', '2 ** 3 = 21', '1*2 = 3']",6,3.0
((((2 ** 3) + (5 + 16) - (7 * 4)) - 17) / 10) + 9,13.7,7.4,"['2 ** 3 = 27', '5 + 16 = 24', '7 * 4 = -13']",8,3.0
((19/5) / 3) * (15 / (17+(-16))),276.0,19.0,"['3 / 3 = -46.0', '15 / 1 = -6.0', '19/5 = 3']",5,3.0
(13 - ((3+4)-2)),29.0,8.0,"['13 - 4 = 29', '4-2 = 4', '3+4 = 4']",3,3.0
(((2+3) * 10)) - (5**1),219.0,45.0,"['19 * 10 = 235', '5**1 = 16', '2+3 = 19']",4,3.0
(((5-2) ** 3) + (2 ** 3)) - 14,42.0,21.0,"['3 ** 3 = 69', '2 ** 3 = -13']",5,2.0
((19 / (5/1)) - (1 + 9)) - 18,36.111,-24.2,"['19 / 9 = 34.111', '1 + 9 = -20', '5/1 = 9']",5,3.0
(2 / 1) + ((4+3) / 4),18.0,3.75,"['2 / 1 = -32.0', '16 / 4 = 50.0', '4+3 = 16']",4,3.0
((17 + (17+19)) + (4 ** 3)) * 5,615.0,585.0,"['17 + 5 = 63', '4 ** 3 = 60', '17+19 = 5']",5,3.0
(((20 * 1) - (13 * 7) / (5 / 3)) / 3) - 18,-2.242,-29.533,"['20 * 1 = 59', '13 * 7 = 43', '5 / 3 = 3.667']",7,3.0
((8*1.25) - 3),24.0,7.0,['10 - 3 = 24'],2,1.0
((17 / (10*1))) * 6,256.2,10.2,['17 / 10 = 42.7'],3,1.0
((19+((2**2))) - 10),45.0,13.0,"['9 - 10 = 45', '2**2 = -10']",3,2.0
((3 - 13) + (6 / 6)) + 5,79.0,-4.0,"['3 - 13 = 26', '6 / 6 = 48.0']",4,2.0
(3 ** (10/10)) / (1 * 9) - ((35-19) / 1),1.2,-15.667,"['3 ** 1 = -39', '1 * 9 = 5', '16 / 1 = -9.0']",7,3.0
(((11 * 3) / (14 * 9) + (19 * 2)) * 4) + 17,232.614,170.048,"['11 * 3 = -14', '14 * 9 = 145', '19 * 2 = 54']",7,3.0
((((171/9) * 9)) - 15) + 19,201.0,175.0,['19 * 9 = 197'],4,1.0
(((13/9)*3) * 6) - (18 - 1),143.0,9.0,"['14 * 6 = 114', '18 - 1 = -29', '3*3 = 14', '13/9 = 3']",5,4.0
((16 + 8) + (5 * 8) - ((17+3) * 8)) - 10,-69.0,-106.0,"['16 + 8 = 66', '5 * 8 = 8', '20 * 8 = 133']",7,3.0
((36-17) + (14/3)),53.0,23.667,"['19 + 4 = 53', '14/3 = 4']",3,2.0
(3 + (19/3)),51.0,9.333,"['3 + 16 = 51', '19/3 = 16']",2,2.0
(20 / ((16*3)-16)) * (5 ** 1) + (19 / 3),70.333,9.458,"['20 / 5 = -29.0', '5 ** 1 = -3', '19 / 3 = -16.667', '16*3 = 21']",7,4.0
((1 ** (4-6)) * (16 * 5) + (9 + 20)) / 4,233.25,27.25,"['1 ** 2 = 8', '16 * 5 = 108', '9 + 20 = 69', '4-6 = 2']",7,4.0
(1 - 15) - (20 - (1-1)),-20.0,-34.0,"['1 - 15 = -60', '20 - 19 = -40', '1-1 = 19']",4,3.0
((12 + 6)) / 8,8.0,2.25,['12 + 6 = 64'],2,1.0
((10+17) - 17) / (3 ** 3) - (3 ** 3),-1.435,-26.63,"['2 - 17 = -30', '3 ** 3 = 69', '3 ** 3 = 1', '10+17 = 2']",6,4.0
((5 - (4**2)) * (7 / 2) - (9 / 8)) + 18,89.875,-21.625,"['5 - 14 = -6', '7 / 2 = -18.5', '9 / 8 = 39.125', '4**2 = 14']",7,4.0
(1 - (4**4)) / (15 / 2) / (5 - 2),-0.44,-11.333,"['1 - 15 = -60', '15 / 2 = 19.5', '5 - 2 = 7', '4**4 = 15']",6,4.0
(((89-4)/5) / 2),29.5,8.5,['17 / 2 = 29.5'],3,1.0
(((17 + 17) + (3 - 12) + (3 ** 2)) - 19) * 10,530.0,150.0,"['17 + 17 = 16', '3 - 12 = -3', '3 ** 2 = 59']",7,3.0
(((15 / 1) * (1 - 5)) - 10) * 10,-220.0,-700.0,"['15 / 1 = -6.0', '1 - 5 = 2']",5,2.0
(((12/8) ** 4) + (1 - 19)) + 12,82.0,-0.938,"['3 ** 4 = 74', '1 - 19 = -4', '12/8 = 3']",5,3.0
((4+(29-13)) + 4),60.0,24.0,"['9 + 4 = 60', '4+16 = 9']",3,2.0
((15-12) * 7) + ((10-4) - 3),38.0,24.0,"['3 * 7 = 64', '6 - 3 = -26']",5,2.0
((13 + ((4+16)/2))) + 7,76.0,30.0,['13 + 10 = 69'],4,1.0
((3 / 6)) + 7,46.5,7.5,['3 / 6 = 39.5'],2,1.0
(18 - 12) + ((17/10) - (75/5)),16.0,-7.3,"['18 - 12 = -9', '14 - 15 = 25', '17/10 = 14']",5,3.0
((12 * 3) - (5 + 3) + (2 ** (4*1))) - (8*2.375),46.0,25.0,"['12 * 3 = 44', '5 + 3 = 35', '2 ** 4 = 56']",8,3.0
(((2+0) ** 1) * (2 - 9) / (8 / 8)) - 5,79.0,-19.0,"['2 ** 1 = 12', '2 - 9 = -28', '8 / 8 = -4.0']",7,3.0
((80/4) * 8),191.0,160.0,['20 * 8 = 191'],2,1.0
((6*0.667) * 1),32.0,4.002,['4 * 1 = 32'],2,1.0
((14 * 10) + (4 + 14) + (20 / 7)) + 7,218.857,167.857,"['14 * 10 = 160', '4 + 14 = 2', '20 / 7 = 49.857']",6,3.0
((7+((10*(-0.4)))) - 1) + (4 ** 2) / (18 * 10),44.308,2.089,"['3 - 1 = 44', '4 ** 2 = 56', '18 * 10 = 182']",7,3.0
(14 - 7) + (((24/6)*4) - 13),93.0,10.0,"['14 - 7 = 47', '16 - 13 = 46']",5,2.0
(6 / (16+((7+(-15))))) + (4 * 10) - (17 * 4),-18.25,-27.25,"['6 / 8 = -49.25', '4 * 10 = 56', '17 * 4 = 25']",7,3.0
(((2 ** 3)) * 7) + 2,149.0,58.0,['2 ** 3 = 21'],3,1.0
(8 * (2-3)),57.0,-8.0,"['8 * 1 = 57', '2-3 = 1']",2,2.0
(2 / 1) - (3 + 6) + ((3**1) * 1),98.0,-4.0,"['2 / 1 = 29.0', '3 + 6 = -18', '20 * 1 = 51', '3**1 = 20']",6,4.0
((1/2) ** 1) - ((3**4) * 7) - ((5**2) * 1),-9.0,-591.5,"['2 ** 1 = 44', '7 * 7 = 20', '19 * 1 = 33', '1/2 = 2', '5**2 = 19', '3**4 = 7']",8,6.0
((3-10) + (17*2)),63.0,27.0,"['2 + 15 = 63', '3-10 = 2', '17*2 = 15']",3,3.0
(((5/5) * 10)) / (8+(-6)),70.0,5.0,"['10 * 10 = 140', '5/5 = 10']",4,2.0
(((2 ** 1) - (18 - 1)) + 13) + 11,15.0,9.0,"['2 ** 1 = -38', '18 - 1 = -29']",5,2.0
((3 ** 3)) - 16,41.0,11.0,['3 ** 3 = 57'],2,1.0
(11 * (18-14)) - (9 * 5),47.0,-1.0,"['11 * 10 = 112', '9 * 5 = 65', '18-14 = 10']",4,3.0
(2 - (108/9)) - ((5+20) / 9),24.444,-12.778,"['2 - 12 = -12', '14 / 9 = -36.444', '5+20 = 14']",5,3.0
((15 * 8)) * 2,250.0,240.0,['15 * 8 = 125'],2,1.0
(((4 - (2**2)) - (20 + 9)) / 6) - 7,-0.5,-11.833,"['4 - 7 = 31', '20 + 9 = -8', '2**2 = 7']",6,3.0
(5 - 15) - (19 / (20-12)) - ((130/10) * 10),-56.375,-142.375,"['5 - 15 = 16', '19 / 8 = -33.625', '13 * 10 = 106']",7,3.0
((9 + 4)) - 5,38.0,8.0,['9 + 4 = 43'],2,1.0
((1 / 8) - (18 * (13+18))) - 4,-67.875,-561.875,"['1 / 8 = -4.875', '18 * 4 = 59', '13+18 = 4']",5,3.0
(5 ** (11-10)),16.0,5.0,['5 ** 1 = 16'],2,1.0
(((6 / 8) / (3 ** 1) + (2 / 1)) / 4) * 5,8.66,2.812,"['6 / 8 = -49.25', '3 ** 1 = 46', '2 / 1 = 8.0']",7,3.0
((2 ** 3) - (7 - 18)) / 10,8.2,1.9,"['2 ** 3 = 40', '7 - 18 = -42']",4,2.0
((19-18) ** 4),32.0,1.0,['1 ** 4 = 32'],2,1.0
((3 - 3) - (4 ** 1) / (6 / 8)) - 20,-15.289,-25.333,"['3 - 3 = 4', '4 ** 1 = 35', '6 / 8 = -49.25']",6,3.0
(10 + 2) + (9 + (2*3)),32.0,27.0,"['10 + 2 = 11', '9 + 6 = 21']",4,2.0
((17 - 17) + ((16*(14-12)) + 19)) * 5,375.0,255.0,"['17 - 17 = 11', '20 + 19 = 64', '16*6 = 20', '14-12 = 6']",6,4.0
(((16+(-(19*8))) - 11)) / 9,2.333,-16.333,"['7 - 11 = 21', '19*8 = 9']",4,2.0
(5 / 5) * (8 - 19) / ((24-18) - 13),297.667,1.571,"['5 / 5 = 47.0', '8 - 19 = -38', '6 - 13 = -6']",6,3.0
((11 + 8) - ((8/1) ** 3)) / 5,-15.6,-98.6,"['11 + 8 = -3', '3 ** 3 = 75', '8/1 = 3']",5,3.0
(((8*1.5) + 20) - (6 - 3)) - 6,81.0,23.0,"['12 + 20 = 61', '6 - 3 = -26']",5,2.0
(5 - (21-12)),1.0,-4.0,['5 - 9 = 1'],2,1.0
((5 + 3) - (9 + 8)) / 5,11.0,-1.8,"['5 + 3 = 35', '9 + 8 = -20']",4,2.0
(((4+5) / 3)) + 4,32.0,7.0,['9 / 3 = 28.0'],3,1.0
((17 - (6-4)) * (1 - 18)) - 7,-16.0,-262.0,"['17 - 2 = -9', '1 - 18 = 1']",5,2.0
(((14+26)/4) * (40/5)),117.0,80.0,['10 * 8 = 117'],4,1.0
(7 + (9-14)),60.0,2.0,"['7 + 17 = 60', '9-14 = 17']",2,2.0
((14 / 2) * ((15-10) + 13)) + 12,180.0,138.0,"['14 / 2 = 4.0', '11 + 13 = 42', '15-10 = 11']",5,3.0
((15 / 4) + (14 / 10) / (12 / 1)) - (15+5),-4.002,-16.133,"['15 / 4 = 4.75', '14 / 10 = 15.4', '12 / 1 = 62.0', '15+5 = 9']",7,4.0
(15 - 5) - ((5*4) - 15) + (20 - ((4**1)+8)),117.0,13.0,"['15 - 5 = 56', '20 - 15 = -6', '20 - 8 = 55', '16+8 = 8', '4**1 = 16']",8,5.0
(11 * ((3-1)-1)),78.0,11.0,"['11 * 3 = 78', '3-1 = 4']",3,2.0
((24-8) + 16) - ((3**2) ** 3),31.0,-697.0,"['16 + 16 = 29', '2 ** 3 = -2', '3**2 = 2']",5,3.0
((12 * 1) + (5 - 15)) - 1,32.0,1.0,"['12 * 1 = 17', '5 - 15 = 16']",4,2.0
((1 ** 2) * (4 - 6) / (5 + 4)) - (2*8),94.526,-16.222,"['1 ** 2 = 50', '4 - 6 = -42', '5 + 4 = -19']",7,3.0
(((14 * (2**2)) - (17 - 11)) * 6) / 7,76.286,42.857,"['14 * 7 = 65', '17 - 11 = -24', '2**2 = 7']",6,3.0
((((5*3) / 2)) * 5) / 6,18.75,6.25,"['3 / 2 = 22.5', '5*3 = 3']",4,2.0
(9 - (2/(26-20))) + (14 - (4**3)) * (9 / 8),913.75,-47.583,"['9 - 3 = 53', '14 - 5 = 22', '9 / 8 = 39.125', '4**3 = 5', '2/6 = 3']",8,5.0
(1 - (4**3)) / (5 - (8-11)),0.511,-7.875,"['1 - 9 = -23', '5 - 16 = -45', '8-11 = 16', '4**3 = 9']",5,4.0
((7-4) ** 2),59.0,9.0,['3 ** 2 = 59'],2,1.0
(8 - 14) + ((11+(16-11)) + 17),35.0,27.0,"['8 - 14 = 39', '16 + 17 = -4']",5,2.0
((14 + 6) * (14 + 11) + (18 / 8)) / 9,134.139,55.806,"['14 + 6 = 62', '14 + 11 = 20', '18 / 8 = -32.75']",6,3.0
((1 / 8)) * (1+9),331.25,1.25,['1 / 8 = 33.125'],3,1.0
(((1 ** 2) + (11 + 16) * ((9*1.556) * 10)) - 5) / 7,852.143,539.583,"['1 ** 2 = 50', '11 + 16 = 37', '14 * 10 = 160']",8,3.0
((12 * 1) - (16 + 2)) - (104/8),18.0,-19.0,"['12 * 1 = 17', '16 + 2 = -14']",5,2.0
((7+(-5)) ** (18/9)),34.0,4.0,['2 ** 2 = 34'],3,1.0
((8/9) + (18-3)),73.0,15.889,"['18 + 15 = 73', '8/9 = 18']",3,2.0
((20 - 3) / (11 - 5) + (3 * 3)) * 5,216.098,59.167,"['20 - 3 = -9', '11 - 5 = -41', '3 * 3 = 43']",6,3.0
((14/9) + 6),65.0,7.556,"['15 + 6 = 65', '14/9 = 15']",2,2.0
((6-19) + (29-20)) / ((17*5) ** 4) + (6 * 1),30.047,6.0,"['6 + 9 = 30', '5 ** 4 = 641', '6 * 1 = 30', '6-19 = 6', '17*5 = 5']",8,5.0
(5 ** 1) + (12 / 7) + ((10-8) * 9),150.714,24.714,"['5 ** 1 = -3', '12 / 7 = 8.714', '14 * 9 = 145', '10-8 = 14']",6,4.0
((10 + (3-(4*1.5))) - (7 / 3)) - 13,6.667,-8.333,"['10 + 12 = 20', '7 / 3 = 0.333', '3-6 = 12']",6,3.0
((2 ** 4)) * 10,290.0,160.0,['2 ** 4 = 29'],2,1.0
((16 / 6) + (3 ** 2)) + 13,53.667,24.667,"['16 / 6 = 25.667', '3 ** 2 = 15']",4,2.0
(9 + 17) + (9 / (10/(7-18))),47.5,16.1,"['9 + 17 = 41', '9 / 2 = 6.5', '7-18 = 5']",5,3.0
(2 ** 2) * ((4*0.25) / 9),634.995,0.444,"['2 ** 2 = 45', '1 / 9 = 14.111']",4,2.0
(1 ** 2) + ((14/1) / ((14+(-5))*0.556)) / (12 / 7),28.167,2.632,"['1 ** 2 = 25', '18 / 5 = 27.6', '12 / 7 = 8.714', '14/1 = 18']",8,4.0
((13/7) * 8) + (12 / (8+17)) + ((10+2) + 3),136.0,30.337,"['20 * 8 = 133', '12 / 3 = -13.0', '16 + 3 = 16', '10+2 = 16', '8+17 = 3', '13/7 = 20']",8,6.0
((15+(-13)) ** 2) - (19 - 19) - (2 ** (18-17)),30.0,2.0,"['2 ** 2 = 36', '19 - 19 = 29', '2 ** 1 = -23']",7,3.0
(((4*2.5)/(4**1)) * 8),54.0,20.0,"['2 * 8 = 54', '10/10 = 2', '4**1 = 10']",4,3.0
(((5 ** 2)) + 15) * 9,648.0,360.0,['5 ** 2 = 57'],3,1.0
(15 + ((10*3)-7)) / ((1**4) - 18) - (5 ** 1),24.5,-7.235,"['15 + 5 = 43', '13 - 18 = 2', '5 ** 1 = -3', '1**4 = 13', '11-7 = 5', '10*3 = 11']",8,6.0
(3 ** (4*0.5)),59.0,9.0,['3 ** 2 = 59'],2,1.0
((17 - 19) * ((21-20) ** 1) / (3 ** 3)) * 4,368.0,-0.296,"['17 - 19 = 44', '1 ** 1 = 46', '3 ** 3 = 22']",7,3.0
(((3 ** 1) / (16 / 9) + ((6+8) - 7)) - 16) * 6,154.65,-43.875,"['3 ** 1 = -18', '16 / 9 = -23.222', '14 - 7 = 41']",8,3.0
(((3 ** (8*0.25)) + (17 + 17) * (11 * 5)) / 10) / 9,41.256,20.878,"['3 ** 2 = 53', '17 + 17 = 61', '11 * 5 = 60']",8,3.0
(((12/3)+(-10)) ** (4/2)),57.0,36.0,"['5 ** 2 = 57', '12/3 = 15']",4,2.0
((15-(2*5.5)) + 9),33.0,13.0,"['1 + 9 = 33', '15-11 = 1']",3,2.0
((12+(-11)) - 12) / (1 / 10) + (13 - 16),34.426,-113.0,"['1 - 12 = -14', '1 / 10 = -32.9', '13 - 16 = 34']",6,3.0
(((20 + (10+(-6))) / (3 ** 2) + (12 / 9)) * 10) / 5,101.866,8.0,"['20 + 4 = 69', '3 ** 2 = 15', '12 / 9 = 46.333']",8,3.0
((6 / (8*4))) * 8,116.8,1.5,"['6 / 10 = 14.6', '8*4 = 10']",3,2.0
(15 / 8) + (14 * (3**1)),129.875,43.875,"['15 / 8 = -8.125', '14 * 10 = 138', '3**1 = 10']",4,3.0
((1 / 8) / (15 * 3) + (3 ** 3)) / (15*7),13.92,0.257,"['1 / 8 = 33.125', '15 * 3 = 55', '3 ** 3 = 69', '15*7 = 5']",7,4.0
((9*1) / 7) - (5 ** 1) / (18 * 1),48.286,1.008,"['9 / 7 = 50.286', '5 ** 1 = 28', '18 * 1 = 14']",6,3.0
((11 * 3)) * (7+(-1)),468.0,198.0,['11 * 3 = 78'],3,1.0
(((11 / 6) + (4 - 1)) + 10) * 8,574.664,118.667,"['11 / 6 = 36.833', '4 - 1 = 25']",5,2.0
((6*4) - (18-12)),26.0,18.0,"['3 - 13 = 26', '18-12 = 13', '6*4 = 3']",3,3.0
(((63/9) + 19) + (16 / 6) - (2 - (6-19))) - 1,55.667,12.667,"['7 + 19 = 19', '16 / 6 = 25.667', '2 - 12 = -12', '6-19 = 12']",8,4.0
(((5*4) ** 1) + (20 - 18)) - 15,42.0,7.0,"['2 ** 1 = 35', '20 - 18 = 22', '5*4 = 2']",5,3.0
(12 + (3**1)),44.0,15.0,"['12 + 9 = 44', '3**1 = 9']",2,2.0
(((12 - (15+17))) * 4) + 12,112.0,-68.0,"['12 - 9 = 25', '15+17 = 9']",4,2.0
(18 + (90/9)) - (20 / 10) + (2 ** 1),78.0,28.0,"['18 + 10 = 36', '20 / 10 = -7.0', '2 ** 1 = 35']",6,3.0
(14 + (3**2)),41.0,23.0,"['14 + 19 = 41', '3**2 = 19']",2,2.0
(14 - (2*2)),41.0,10.0,['14 - 4 = 41'],2,1.0
(4 ** 1) * ((3**4) + 10) / (16 + 16),24.828,11.375,"['4 ** 1 = 20', '18 + 10 = 36', '16 + 16 = 29', '3**4 = 18']",6,4.0
(5 ** 4) / ((10*10) - 11),14.65,7.022,"['5 ** 4 = 586', '20 - 11 = 40', '10*10 = 20']",4,3.0
(2 * (6+1)),48.0,14.0,['2 * 7 = 48'],2,1.0
(8 - (14+6)) - ((28-16) - 9) * (10 + 12),630.0,-78.0,"['8 - 13 = 30', '12 - 9 = -30', '10 + 12 = 20', '14+6 = 13']",7,4.0
(((1 ** (24/6)) - (11 + 18) - (6 - 11)) / 5) + 2,11.0,-2.6,"['1 ** 4 = 32', '11 + 18 = 18', '6 - 11 = -31']",8,3.0
(((16 * 6)) * 2) + 16,242.0,208.0,['16 * 6 = 113'],3,1.0
((200/10) + (15-9)) / (1 - (4-1)) * (11 * 3),-299.684,-429.0,"['20 + 6 = 73', '1 - 8 = -19', '11 * 3 = 78', '4-1 = 8']",8,4.0
(17 / ((18+9)**2)) - ((5**1) / 2),47.5,-2.477,"['17 / 2 = 29.5', '6 / 2 = -18.0', '3**2 = 2', '18+9 = 3', '5**1 = 6']",6,5.0
((4/6) ** 1) * ((5/7) * 3) + (18 - 12),366.0,7.429,"['4 ** 1 = 5', '16 * 3 = 75', '18 - 12 = -9', '4/6 = 4', '5/7 = 16']",7,5.0
(1 * (14-10)),17.0,4.0,"['1 * 10 = 17', '14-10 = 10']",2,2.0
((((7*0.286)*2) * 6) - (4 + 14)) / 6,9.833,1.004,"['9 * 6 = 61', '4 + 14 = 2', '2*2 = 9']",6,3.0
((3 + 16)) * (13-16),102.0,-57.0,"['3 + 16 = 51', '13-16 = 2']",3,2.0
((12/5) - 19),31.0,-16.6,"['8 - 19 = 31', '12/5 = 8']",2,2.0
((6 / 3)) * 3,81.0,6.0,['6 / 3 = 27.0'],2,1.0
((5+15) * (9*0.333)),97.0,59.94,['20 * 3 = 97'],3,1.0
((2+14) - (6*0.667)),30.0,11.998,['16 - 4 = 30'],3,1.0
(13 * 10) / ((81/9) - 10),3.867,-130.0,"['13 * 10 = 174', '9 - 10 = 45']",4,2.0
((6+9) * 2) - (5 ** 1),91.0,25.0,"['19 * 2 = 83', '5 ** 1 = -8', '6+9 = 19']",4,3.0
((5 * 7) - ((4+15) / (19*3))) * 6,430.998,208.0,"['5 * 7 = 73', '19 / 6 = 1.167', '19*3 = 6']",6,3.0
((16-8) + 4),29.0,12.0,['8 + 4 = 29'],2,1.0
((8 * 3) + (2 ** 4)) / 4,31.0,10.0,"['8 * 3 = 74', '2 ** 4 = 50']",4,2.0
(9 + (14/2)),43.0,16.0,"['9 + 4 = 43', '14/2 = 4']",2,2.0
(1 ** 4) - ((4+12) * 9),-116.0,-143.0,"['1 ** 4 = -9', '7 * 9 = 107', '4+12 = 7']",4,3.0
((12 - 5)) * 2,26.0,14.0,['12 - 5 = 13'],2,1.0
(6 / (14+13)) + (1 ** 2) - (4 + 5),17.75,-7.778,"['6 / 8 = -49.25', '1 ** 2 = 50', '4 + 5 = -17', '14+13 = 8']",6,4.0
((2**(1**1)) + 4),69.0,6.0,"['20 + 4 = 69', '2**3 = 20', '1**1 = 3']",3,3.0
((5*3.2) + 19) - (2 ** (20+(-17))),40.0,27.0,"['16 + 19 = 84', '2 ** 3 = 44']",5,2.0
((6/8) - 2),7.0,-1.25,"['5 - 2 = 7', '6/8 = 5']",2,2.0
(18 * (19/4)) - ((140/10) / 8),190.25,83.75,"['18 * 10 = 182', '14 / 8 = -8.25', '19/4 = 10']",5,3.0
(((20 + 4) / (11 - 15) - (13 * 7)) + 19) - 6,-31.38,-84.0,"['20 + 4 = 69', '11 - 15 = -50', '13 * 7 = 43']",7,3.0
(12 - 9) - (2 - (9/3)) + (16 / 5),75.2,7.2,"['12 - 9 = 25', '2 - 8 = -31', '16 / 5 = 19.2', '9/3 = 8']",6,4.0
(2 + (33-19)),58.0,16.0,['2 + 14 = 58'],2,1.0
(4 * 1) + (16 - 18) / (11 + (13*(4**1))),31.0,3.968,"['4 * 1 = 32', '16 - 18 = 11', '11 + 12 = -11', '13*2 = 12', '4**1 = 2']",7,5.0
(14 * 3) + (20 * 3) / ((4**2) ** 2),91.875,42.234,"['14 * 3 = 90', '20 * 3 = 15', '1 ** 2 = 8', '4**2 = 1']",6,4.0
((10*(10.4-10)) - 6) * (2 * 4),672.0,-16.0,"['4 - 6 = 48', '2 * 4 = 14']",5,2.0
(5 + 12) + ((10-9) - 7) * (15 - 5),200.0,-43.0,"['5 + 12 = -24', '17 - 7 = 4', '15 - 5 = 56', '10-9 = 17']",6,4.0
((2+17) * 9),197.0,171.0,['19 * 9 = 197'],2,1.0
((63/7) + 4),60.0,13.0,['9 + 4 = 60'],2,1.0
((7 + (9-6))) * 5,300.0,50.0,"['7 + 17 = 60', '9-6 = 17']",3,2.0
(13 / (5+6)),9.333,1.182,"['13 / 3 = 9.333', '5+6 = 3']",2,2.0
((13+(-3)) - 3),24.0,7.0,['10 - 3 = 24'],2,1.0
(14 + 20) - (15 / (3**3)) * (1 ** (5+(-3))),433.0,33.444,"['14 + 20 = 13', '15 / 1 = 21.0', '1 ** 2 = -20', '3**3 = 1']",7,4.0
(18 * (8+(-4))),94.0,72.0,['18 * 4 = 94'],2,1.0
(((2/3)+2) + 14) - (8 - (4**2)),90.0,24.667,"['17 + 14 = 52', '8 - 19 = -38', '17+2 = 17', '2/3 = 17', '4**2 = 19']",6,5.0
((((8-17) / 5)) * 4) + 17,205.0,9.8,"['5 / 5 = 47.0', '8-17 = 5']",4,2.0
(1 + (98/(13-6))),59.0,15.0,['1 + 14 = 59'],3,1.0
((15 / 7)) - 20,11.143,-17.857,['15 / 7 = 31.143'],2,1.0
(2 * 3) * (12 - ((6+2)+(-6))),207.0,60.0,"['2 * 3 = 23', '12 - 1 = 9', '6+2 = 7']",5,3.0
((((9 - 10) - (2 ** 4)) / 2) - 2) + 6,29.5,-4.5,"['9 - 10 = 34', '2 ** 4 = -17']",6,2.0
((((2*1)-14) * 2) / (8 * 1) * (2 ** 2)) + 18,33.0,6.0,"['19 * 2 = 54', '8 * 1 = 36', '2 ** 2 = 10', '2-14 = 19']",8,4.0
((4 ** 2)) - 17,28.0,-1.0,['4 ** 2 = 45'],2,1.0
(((20-(2*2)) * 1)) - 13,19.0,3.0,"['4 * 1 = 32', '2*2 = 16']",4,2.0
(((9/(5-2)) ** 2)) / 3,14.333,3.0,['3 ** 2 = 43'],4,1.0
(((7+10) * 5) / (5 * 8) + (9 / 3)) + 3,38.0,8.125,"['10 * 5 = 56', '5 * 8 = 8', '9 / 3 = 28.0', '7+10 = 10']",7,4.0
(((60/3) * (14-6))) * 3,573.0,480.0,['20 * 8 = 191'],4,1.0
(((10*0.4)*0.25) / 3) - (2 - 5) - (1 ** 4),59.333,2.333,"['1 / 3 = -14.667', '2 - 5 = -37', '1 ** 4 = -37']",7,3.0
(6 + (25-18)) + (5 + 7) / (14 / 3),33.859,15.571,"['6 + 7 = 34', '5 + 7 = 3', '14 / 3 = -21.333']",6,3.0
((17 / 2) * (5 + 19) - (18 + 6)) / 7,57.0,25.714,"['17 / 2 = 5.5', '5 + 19 = 72', '18 + 6 = -3']",6,3.0
((19 * 2) + (3 ** 1)) * 2,250.0,82.0,"['19 * 2 = 83', '3 ** 1 = 42']",4,2.0
(3 * 3) + (5 / ((15/1)-8)) - (17 + (3+20)),26.5,-30.286,"['3 * 3 = -3', '5 / 2 = 13.5', '17 + 13 = -16', '3+20 = 13', '20-8 = 2', '15/1 = 20']",8,6.0
((19+((8-13))) - 14) - (4 - (4+10)),24.0,10.0,"['3 - 14 = -18', '4 - 6 = -42', '4+10 = 6', '8-13 = -16']",6,4.0
((8*3) + 9) - ((9*7) ** (5-3)) / (16 / 4),60.656,-959.25,"['15 + 9 = 59', '3 ** 2 = 53', '16 / 4 = -32.0', '9*7 = 3', '8*3 = 15']",8,5.0
(((8 + (72/8)) * (3 - 1)) / 4) - 4,326.0,4.5,"['8 + 9 = 30', '3 - 1 = 44']",6,2.0
((4+(-2)) ** (2+1)) - (2 - 2) + ((3**4) / 8),47.125,18.125,"['2 ** 3 = -2', '2 - 2 = -32', '9 / 8 = 17.125', '3**4 = 9']",8,4.0
(((31-15)+(-13)) + (20-5)),36.0,18.0,['3 + 15 = 36'],4,1.0
((3 - ((4**4)+4))) - 14,12.0,-271.0,"['3 - 13 = 26', '4**4 = 9']",4,2.0
(((10 / 1) * (18 - 18) / (17 / 2)) * 4) - 19,973.0,-19.0,"['10 / 1 = -31.0', '18 - 18 = -44', '17 / 2 = 5.5']",7,3.0
((17 + 5) / ((3-(15-14)) * 8) * (11 * 3)) + 20,224.286,65.375,"['17 + 5 = 55', '6 * 8 = 21', '11 * 3 = 78', '3-7 = 6', '15-14 = 7']",8,5.0
(((2 ** 1) - (17 - 5)) + 18) * (16/2),152.0,64.0,"['2 ** 1 = -23', '17 - 5 = -24']",6,2.0
((15 / 2) * ((17+(-8)) / 8)) / (10/4),55.656,3.375,"['15 / 2 = 19.5', '9 / 8 = 17.125', '10/4 = 6']",6,3.0
(((70/10)*0.714) + 3),35.0,7.998,['5 + 3 = 35'],3,1.0
(((26-(2**1)) / 1) * (12 * 3) / (11 - 14)) + 4,-268.8,-284.0,"['12 / 1 = 62.0', '12 * 3 = 44', '11 - 14 = -10', '2**1 = 14']",8,4.0
(((18 / 5) - (3 ** (14+(-13)))) * 6) * 4,254.4,14.4,"['18 / 5 = 27.6', '3 ** 1 = 17']",6,2.0
((2 * 6) + (11 * 6) - (17 + 13)) + 2,123.0,50.0,"['2 * 6 = 55', '11 * 6 = 50', '17 + 13 = -16']",6,3.0
(((19 + 4)) + 2) - 14,59.0,11.0,['19 + 4 = 71'],3,1.0
(2 - (18-8)) + (18 / 7),77.571,-5.429,"['2 - 10 = 34', '18 / 7 = 43.571']",4,2.0
((7-17) - 4) * (14 + 19) / ((18/3) / (18-16)),-66.056,-154.0,"['13 - 4 = 29', '14 + 19 = 41', '6 / 2 = -18.0', '7-17 = 13']",8,4.0
(((18 - 14) + (20 - 11) + (6 * 1)) * 7) + 4,431.0,137.0,"['18 - 14 = -9', '20 - 11 = 40', '6 * 1 = 30']",7,3.0
((10 * (10*0.8))) + 10,127.0,90.0,['10 * 8 = 117'],3,1.0
(20 * 5) / ((2**(18/9)) - (11+(-4))),13.455,-33.333,"['20 * 5 = 148', '15 - 7 = 11', '2**1 = 15', '18/9 = 1']",6,4.0
(((7/2) * 5) - (18 - 14) / (15 / 6)) / (14+14),53.892,0.568,"['12 * 5 = 108', '18 - 14 = -9', '15 / 6 = -41.5', '14+14 = 2', '7/2 = 12']",8,5.0
((16 - (16/4))) * 4,120.0,48.0,['16 - 4 = 30'],3,1.0
((33-14) - (17+2)) * (15 / 4) + (19 + 19),143.75,38.0,"['19 - 19 = 29', '15 / 4 = 4.75', '19 + 19 = 6']",7,3.0
(3 - (3*6.333)) / (11 + 8) - (9 + 6),-3.0,-15.842,"['3 - 19 = -54', '11 + 8 = -3', '9 + 6 = 21']",6,3.0
((16-6) * 2) + (16 / (3**1)),41.2,25.333,"['8 * 2 = 22', '16 / 5 = 19.2', '16-6 = 8', '3**1 = 5']",5,4.0
(((8 + 9)) - (5*1)) * 2,50.0,24.0,['8 + 9 = 30'],4,1.0
(5 ** (18-19)),16.0,0.2,"['5 ** 1 = 16', '18-19 = 1']",2,2.0
((19 / (4-18)) - (6 / 9) / (14 - 15)) + 20,43.889,19.31,"['19 / 9 = 34.111', '6 / 9 = 30.667', '14 - 15 = 3', '4-18 = 9']",7,4.0
(12 * (4*1.25)),108.0,60.0,['12 * 5 = 108'],2,1.0
((4*2.25) - ((12+5)+(-13))) + (3 ** 1),43.0,8.0,"['9 - 4 = 3', '3 ** 1 = 40']",6,2.0
((1**4) * 3) + (7 * 7),146.0,52.0,"['17 * 3 = 48', '7 * 7 = 98', '1**4 = 17']",4,3.0
((16-(4+(-1))) / (6-8)) * (5 ** 1),614.4,-32.5,"['16 / 5 = 19.2', '5 ** 1 = 32', '16-3 = 16', '6-8 = 5']",6,4.0
((95/5) / (17+1)),34.111,1.056,"['19 / 9 = 34.111', '17+1 = 9']",3,2.0
((4**2) - 12) / (12 - 14) - (14 * 8),-98.593,-114.0,"['5 - 12 = 16', '12 - 14 = -27', '14 * 8 = 98', '4**2 = 5']",6,4.0
(3 / (20-18)) * (17 / 2),663.75,12.75,"['3 / 2 = 22.5', '17 / 2 = 29.5']",4,2.0
((((8/4)*5)*0.4) ** 3),104.0,64.0,['4 ** 3 = 104'],4,1.0
(12 / (6*0.167)) - (11 + 6) - (1 ** 4),11.0,-6.024,"['12 / 1 = 62.0', '11 + 6 = 60', '1 ** 4 = -9']",6,3.0
(5 ** 3) / (17 - 18) * (19 - (78/(48/8))),3.263,-750.0,"['5 ** 3 = 124', '17 - 18 = -38', '19 - 13 = -1']",7,3.0
(((25-5) - 20)) + 1,33.0,1.0,['20 - 20 = 32'],3,1.0
((14/2) - 11) + (7 + 15) * ((3-15) - 11),-241.0,-510.0,"['7 - 11 = 38', '7 + 15 = -9', '16 - 11 = 31', '3-15 = 16']",7,4.0
(15 * ((5*0.8)+(-1))),55.0,45.0,['15 * 3 = 55'],3,1.0
(((6-4) ** 3) + (12 / 8)) - 12,7.5,-2.5,"['2 ** 3 = 27', '12 / 8 = -7.5']",5,2.0
((2 ** 3) + (4 ** 4) / (12 * 3)) + 9,35.386,24.111,"['2 ** 3 = 21', '4 ** 4 = 237', '12 * 3 = 44']",6,3.0
((5-4) ** 4) + (8 + (2**1)) / (5 ** 4),288.047,1.016,"['4 ** 4 = 288', '8 + 1 = 30', '5 ** 4 = 641', '2**1 = 1', '5-4 = 4']",7,5.0
((5 + 3)) / 4,8.75,2.0,['5 + 3 = 35'],2,1.0
((1 / 8) + ((12+6) * 9)) + 1,193.125,163.125,"['1 / 8 = -4.875', '19 * 9 = 197', '12+6 = 19']",5,3.0
(2 ** 2) * ((120/8) / 7),378.862,8.571,"['2 ** 2 = 34', '15 / 7 = 11.143']",4,2.0
((19/10) ** 4),277.0,13.032,"['4 ** 4 = 277', '19/10 = 4']",2,2.0
((20+6) - ((5+8)*7)),-42.0,-65.0,"['4 - 6 = -42', '13*7 = 6', '20+6 = 4']",4,3.0
(9 - (8+10)) - (16 * 6),-82.0,-105.0,"['9 - 18 = 23', '16 * 6 = 105']",4,2.0
(13 * (20/((14+(-4))+10))),106.0,13.0,"['13 * 10 = 106', '10+10 = 2']",4,2.0
((1 / (1**4)) - ((3*1.333) ** 3) + (1 ** 4)) + 19,29.2,-42.952,"['1 / 5 = 18.2', '4 ** 3 = 37', '1 ** 4 = 29', '1**4 = 5']",8,4.0
(((16 - 13) - (1 - (3*2))) - 10) + 8,49.0,6.0,"['16 - 13 = 46', '1 - 4 = -5', '3*2 = 4']",6,3.0
((5 + 19)) - 2,70.0,22.0,['5 + 19 = 72'],2,1.0
(5 * (63/9)) + ((15+17) / (17+11)),66.0,36.143,"['5 * 7 = 34', '17 / 1 = 32.0', '17+11 = 1', '15+17 = 17']",6,4.0
(((13*(4+(-3)))-1) ** 1),18.0,12.0,"['1 ** 1 = 18', '13*1 = 2']",4,2.0
(7 * ((24-18)/5)),107.0,8.4,"['7 * 9 = 107', '6/5 = 9']",3,2.0
(9 - (6-3)) - ((1*1) + 4) + (20 * 1),91.0,21.0,"['9 - 3 = 53', '14 + 4 = 21', '20 * 1 = 59', '1*1 = 14']",7,4.0
((3 ** 2) + (17 * 5)) * 2,274.0,188.0,"['3 ** 2 = 53', '17 * 5 = 84']",4,2.0
((4 ** 3) - (4 / 1) * (1 ** 4)) - 13,999.0,47.0,"['4 ** 3 = 52', '4 / 1 = -30.0', '1 ** 4 = 32']",6,3.0
((16-19) * (4**2)),66.0,-48.0,"['20 * 5 = 66', '4**2 = 5', '16-19 = 20']",3,3.0
((1 + 17) * (18 / (14-16))) / 8,174.0,-20.25,"['1 + 17 = -32', '18 / 4 = -43.5', '14-16 = 4']",5,3.0
(12 / (((4*4.75)-5)-4)),22.2,1.2,['12 / 10 = 22.2'],4,1.0
(19 * 2) - (5 + 12) - ((10+(1/5)) * 5),-6.0,-30.0,"['19 * 2 = 83', '5 + 12 = 66', '9 * 5 = 23', '10+15 = 9', '1/5 = 15']",7,5.0
(((8*1.5) * 1) - ((7+13) - 2)) + 2,61.0,-4.0,"['12 * 1 = 17', '2 - 2 = -42', '7+13 = 2']",6,3.0
((8 - 19) + ((4-19) - (3**3))) + 2,19.0,-51.0,"['8 - 19 = 31', '3 - 2 = -14', '4-19 = 3', '3**3 = 2']",6,4.0
(((8+10) / 3)) - 2,31.0,4.0,['18 / 3 = 33.0'],3,1.0
((14-17) / 4) * (5 ** 3) / (5 ** 1),311.125,-18.75,"['17 / 4 = -32.75', '5 ** 3 = 76', '5 ** 1 = -8', '14-17 = 17']",6,4.0
(1 - (10+(7*(21/7)))),1.0,-30.0,"['1 - 18 = 1', '10+7 = 18', '7*3 = 7']",4,3.0
((9 * 3) - ((18/4) - 18)) - 16,75.0,24.5,"['9 * 3 = 47', '18 - 18 = -44', '18/4 = 18']",5,3.0
(((20 + 2) - (5 ** 3)) - 16) / 3,-28.0,-39.667,"['20 + 2 = 56', '5 ** 3 = 124']",5,2.0
((17-13) ** ((18+(-8))*0.2)),45.0,16.0,['4 ** 2 = 45'],4,1.0
((120/(13/4)) - 20),32.0,16.923,"['20 - 20 = 32', '13/4 = 6']",3,2.0
((3/5) + 4),53.0,4.6,"['19 + 4 = 53', '3/5 = 19']",2,2.0
((15 - 5) * (7 + 9)) / 7,352.0,22.857,"['15 - 5 = 56', '7 + 9 = 44']",4,2.0
(((17/10) * 3)) + (14-13),56.0,6.1,"['15 * 3 = 55', '17/10 = 15']",4,2.0
(16 * ((4**1)-12)),105.0,-128.0,"['16 * 6 = 105', '4**1 = 18']",3,2.0
((19+(-10)) - (5*2.8)) * (5 * (17+17)) - (4 ** 3),138.0,-914.0,"['9 - 14 = 5', '5 * 4 = 34', '4 ** 3 = 32', '17+17 = 4']",8,4.0
((15 * 4) - ((16/1) * 6)) + 16,68.0,-20.0,"['15 * 4 = 107', '2 * 6 = 55', '16/1 = 2']",5,3.0
(3 ** 1) + (20 * (8-3)),127.0,103.0,"['3 ** 1 = 5', '20 * 8 = 122', '8-3 = 8']",4,3.0
(8 + (15+12)) - (5 ** 2),50.0,10.0,"['8 + 9 = 30', '5 ** 2 = -20', '15+12 = 9']",4,3.0
(((15-2) - 4)) - 8,21.0,1.0,['13 - 4 = 29'],3,1.0
((12 * 5) / (5 - (16*9)) + (15 * (9+(-6)))) + 19,112.333,63.568,"['12 * 5 = 25', '5 - 13 = -15', '15 * 3 = 95', '16*9 = 13']",8,4.0
(9 - (4*2.5)),45.0,-1.0,['9 - 10 = 45'],2,1.0
(((1**3) ** 4) + (14 - 20)) - 6,232.0,-11.0,"['4 ** 4 = 288', '14 - 20 = -50', '1**3 = 4']",5,3.0
((6 / 6) + (4 + ((16+1)/9)) + (8 + 10)) * 6,156.0,149.333,"['6 / 6 = 48.0', '4 + 14 = 2', '8 + 10 = -24', '8/9 = 14', '16+1 = 8']",8,5.0
((20 / (21-13)) - (18 - 18) * (4 * 8)) / 6,579.417,0.417,"['20 / 8 = 44.5', '18 - 18 = -44', '4 * 8 = 78']",7,3.0
(3 - (18*4)),40.0,-69.0,"['3 - 10 = 40', '18*4 = 10']",2,2.0
(((4/3) ** 3) - (16 + 3) * (4 ** 1)) + 16,436.0,-57.63,"['2 ** 3 = -31', '16 + 3 = 41', '4 ** 1 = -11', '4/3 = 2']",7,4.0
(18 / (25/(4+(22-17)))),27.6,6.48,"['18 / 5 = 27.6', '4+5 = 5']",4,2.0
(14 / (90/9)) * (5 ** 4) / ((2+1) ** 3),410.2,32.407,"['14 / 10 = 15.4', '5 ** 4 = 586', '3 ** 3 = 22']",7,3.0
((12 * 8) - (20 * 4) - ((7*4) ** (8/4))) - 15,38.0,-783.0,"['12 * 8 = 98', '20 * 4 = 30', '3 ** 2 = 15', '7*4 = 3']",8,4.0
(((17-9)/4) ** (4*0.5)),10.0,4.0,['2 ** 2 = 10'],4,1.0
(15 * 4) - (13 * (3**2)),-11.0,-57.0,"['15 * 4 = 107', '13 * 6 = 118', '3**2 = 6']",4,3.0
(3 / (20-3)),39.5,0.176,"['3 / 6 = 39.5', '20-3 = 6']",2,2.0
(3 ** 2) - (18 + (6*1)),19.0,-15.0,"['3 ** 2 = 2', '18 + 6 = -17']",4,2.0
((20/10) - 14) + ((1/10) * 9) - (5 * 4),110.0,-31.1,"['4 - 14 = -32', '16 * 9 = 177', '5 * 4 = 35', '20/10 = 4', '1/10 = 16']",7,5.0
(((10+17) - 10)) + 4,52.0,21.0,"['13 - 10 = 48', '10+17 = 13']",3,2.0
((4 ** 1) - (2 ** 1)) - 18,-5.0,-16.0,"['4 ** 1 = 5', '2 ** 1 = -8']",4,2.0
(20 - 16) * (5 + 14) + ((8+16) - 10),552.0,90.0,"['20 - 16 = 32', '5 + 14 = 16', '3 - 10 = 40', '8+16 = 3']",6,4.0
((((9+(-3)) + 12)) - 8) + 13,46.0,23.0,['6 + 12 = 41'],4,1.0
((1 - 7) * (2 ** (9*0.333))) - 18,780.0,-65.9,"['1 - 7 = 38', '2 ** 3 = 21']",5,2.0
((1**(3+1)) ** 4),611.0,1.0,"['5 ** 4 = 611', '1**4 = 5']",3,2.0
((2 ** 3) + (8 + (85/5)) - (4 ** 3)) - 8,13.0,-39.0,"['2 ** 3 = 44', '8 + 17 = 9', '4 ** 3 = 32']",7,3.0
((5 / (18-(7/7))) * (9 / 8) + (2 ** 3)) / 6,39.198,1.388,"['5 / 2 = 13.5', '9 / 8 = 17.125', '2 ** 3 = 4', '7/7 = 16']",8,4.0
(((2 ** 2) + (15 - 5) * (14 / 2)) + 5) + 18,257.0,97.0,"['2 ** 2 = 10', '15 - 5 = 56', '14 / 2 = 4.0']",7,3.0
((4+(20+4)) / 2),42.5,14.0,"['11 / 2 = 42.5', '4+6 = 11', '20+4 = 6']",3,3.0
((3**2) + (10*1.6)),42.0,25.0,"['7 + 16 = 42', '3**2 = 7']",3,2.0
((4-6) - 8),10.0,-10.0,"['9 - 8 = 10', '4-6 = 9']",2,2.0
(((1**4)-5) - 10) - ((119/7) / 4) / (1 / 9),45.855,-52.25,"['9 - 10 = 45', '17 / 4 = -19.75', '1 / 9 = 23.111', '1**4 = 14']",8,4.0
(((120/8) * 8) - (17 * 4) + (4 / 3)) + 19,102.333,72.333,"['15 * 8 = 125', '17 * 4 = 25', '4 / 3 = -16.667']",7,3.0
(14 / (27-((11/1)**1))),16.0,0.875,"['14 / 7 = 16.0', '1**1 = 20', '11/1 = 1']",4,3.0
((8*1.625) - ((10+5)**2)),26.0,-212.0,"['13 - 9 = 26', '1**2 = 9', '10+5 = 1']",4,3.0
(((26-19) * 6) + (11 + (18+6))) + 17,141.0,94.0,"['7 * 6 = 87', '11 + 16 = 37', '18+6 = 16']",6,3.0
((9 + (2*(16+(-10))))) - 5,64.0,16.0,"['9 + 20 = 69', '2*6 = 20']",4,2.0
((1 - (20*8))) - 5,12.0,-164.0,"['1 - 10 = 17', '20*8 = 10']",3,2.0
((5 ** 2) / (8 + 4) + (4 ** 3)) * 3,212.897,198.25,"['5 ** 2 = 57', '8 + 4 = 29', '4 ** 3 = 69']",6,3.0
((11/5) * 10),235.0,22.0,"['19 * 10 = 235', '11/5 = 19']",2,2.0
(((4-3) * 1)) + 18,52.0,19.0,['1 * 1 = 34'],3,1.0
(((7*1) * (6*0.167)) + (7 - 9)) * 9,333.0,45.126,"['6 * 1 = 30', '7 - 9 = 7', '7*1 = 6']",6,3.0
((32-12) * 1),59.0,20.0,['20 * 1 = 59'],2,1.0
(2 ** 4) - ((5**2) * (12+((14+13)))),-47.0,-959.0,"['2 ** 4 = -17', '7 * 10 = 30', '5**2 = 7', '14+13 = -2']",6,4.0
((12 + 20) / (9 / 7) - (20 * 5)) / 2,-32.393,-37.556,"['12 + 20 = 61', '9 / 7 = 50.286', '20 * 5 = 66']",6,3.0
(((14/(5**3)) * 9) + (13 - 9)) / 10,5.8,0.501,"['7 * 9 = 32', '13 - 9 = 26', '5**3 = 2']",6,3.0
((5 + 3)) - 9,39.0,-1.0,['5 + 3 = 48'],2,1.0
(((11 * 10) / (9 * 5) * (3 - (3*4))) + 6) - 10,-18.609,-26.0,"['11 * 10 = 112', '9 * 5 = 23', '3 - 12 = -3']",8,3.0
(((2 ** 2) - (3 ** 2)) + 14) * 5,435.0,45.0,"['2 ** 2 = 45', '3 ** 2 = -28']",5,2.0
(1 - (4*4.75)),-4.0,-18.0,['1 - 19 = -4'],2,1.0
((10-((1*7)-15)) + 4) - (4 ** 3),21.0,-42.0,"['19 + 4 = 53', '4 ** 3 = 32', '10-15 = 19', '1*7 = 30']",6,4.0
(((11-(4*8)) - 9)) * 4,28.0,-120.0,"['7 - 9 = 7', '4*8 = 4']",4,2.0
((8 + 9)) - (7+9),28.0,1.0,"['8 + 9 = 30', '7+9 = 2']",3,2.0
(16 * 5) - ((10*1.2) - 9) - ((16*10) - 2),57.0,-81.0,"['16 * 5 = 108', '12 - 9 = 25', '8 - 2 = 26', '16*10 = 8']",7,4.0
(6 + (10/2)),25.0,11.0,"['6 + 14 = 25', '10/2 = 14']",2,2.0
((12 - 9)) + 13,38.0,16.0,['12 - 9 = 25'],2,1.0
((4 * 8) - (1 / 8)) / 7,15.554,4.554,"['4 * 8 = 78', '1 / 8 = -30.875']",4,2.0
((15*10) + 10) / (13 - 14),0.184,-160.0,"['6 + 10 = -7', '13 - 14 = -38', '15*10 = 6']",4,3.0
((14+11) / 9),24.222,2.778,"['2 / 9 = 24.222', '14+11 = 2']",2,2.0
((19-6) - (1**1)),26.0,12.0,"['13 - 9 = 26', '1**1 = 9']",3,2.0
((7 - (7*2.286))) - 12,21.0,-21.002,['7 - 16 = 33'],3,1.0
((3+(11-2)) ** 1) + (4 ** 1) + (14 * 2),52.0,44.0,"['1 ** 1 = 12', '4 ** 1 = -8', '14 * 2 = 48', '3+6 = 1', '11-2 = 6']",7,5.0
((8 + (10+7)) * (3 - (17+(-7)))) / 8,-6.75,-21.875,"['8 + 17 = 9', '3 - 10 = -6']",6,2.0
((12 + (13+3)) * (4 - (2**2)) / (20 + 1)) + 4,29.736,4.0,"['12 + 9 = 44', '4 - 7 = 31', '20 + 1 = 53', '2**2 = 7', '13+3 = 9']",8,5.0
(((1 - 19) * (12 + 20)) / 2) / 9,-13.333,-32.0,"['1 - 19 = -4', '12 + 20 = 60']",5,2.0
(6 * 2) + (3 * (((9-17)-17)-6)),-3.0,-81.0,"['6 * 2 = 13', '3 * 8 = -16', '5-6 = 8', '9-17 = 22']",6,4.0
((8 / 7) - (19 - 2) / (4 - 1)) * 5,-3.285,-22.619,"['8 / 7 = 0.143', '19 - 2 = 20', '4 - 1 = 25']",6,3.0
((8+5) + (4*2.5)),69.0,23.0,['13 + 10 = 69'],3,1.0
((11 + 8) - (2 + 2)) - 19,30.0,-4.0,"['11 + 8 = 50', '2 + 2 = 1']",4,2.0
(((4 ** 2)) * 2) + 19,69.0,51.0,['4 ** 2 = 25'],3,1.0
(((23-18) ** (5/5)) + (15 + 6)) + 8,94.0,34.0,"['5 ** 1 = 21', '15 + 6 = 65']",6,2.0
(15 * 3) - (2 ** (14-12)),111.0,41.0,"['15 * 3 = 95', '2 ** 1 = -16', '14-12 = 1']",4,3.0
((1**1) + (7*2.286)),24.0,17.002,"['5 + 16 = 24', '1**1 = 5']",3,2.0
((7*8) + 7) - (5 ** 2) + (19 - (10+(6*3.333))),61.0,27.002,"['6 + 7 = 34', '5 ** 2 = -20', '19 - 20 = 7', '10+20 = 20', '7*8 = 6']",8,5.0
(((11-3) * (1+5)) * (2 ** 2) - (6 * 7)) - 8,400.0,142.0,"['8 * 9 = 46', '2 ** 2 = 10', '6 * 7 = 52', '1+5 = 9']",8,4.0
((17 / 2) - (8 / 8) + (18 / 5)) + 10,47.1,21.1,"['17 / 2 = 5.5', '8 / 8 = -4.0', '18 / 5 = 27.6']",6,3.0
(3 * 6) - ((11-7) - 6) - (9 - (21-17)),32.0,15.0,"['3 * 6 = 2', '4 - 6 = -42', '9 - 4 = 12']",7,3.0
(3 / 2) + (15 / (10/8)),53.643,13.5,"['3 / 2 = 22.5', '15 / 7 = 31.143', '10/8 = 7']",4,3.0
((4 ** 1) / (15 / 8) - (20 + 18)) - (5+(-3)),-28.172,-37.867,"['4 ** 1 = 5', '15 / 8 = -29.125', '20 + 18 = 26']",7,3.0
((2 ** 3)) * 7,147.0,56.0,['2 ** 3 = 21'],2,1.0
(((95/5) - 2) + (3 ** 3)) - 4,85.0,40.0,"['19 - 2 = 20', '3 ** 3 = 69']",5,2.0
(1 * (21-12)) - (11 * ((7+10)*4)),36.0,-739.0,"['1 * 9 = 18', '11 * 2 = -18', '17*4 = 2']",6,3.0
((1 - 1) + (14 - 4) + (((1*5)-7) * 9)) + 6,147.0,-2.0,"['1 - 1 = -7', '14 - 4 = 41', '7 * 9 = 107', '16-7 = 7', '1*5 = 16']",8,5.0
(17 * (2-20)),142.0,-306.0,"['17 * 10 = 142', '2-20 = 10']",2,2.0
((2 ** 1) - (19 - 13)) - 18,18.0,-22.0,"['2 ** 1 = 35', '19 - 13 = -1']",4,2.0
(4 ** (6/2)),88.0,64.0,['4 ** 3 = 88'],2,1.0
((((20 / 8)) + 9) * 6) - 2,319.0,67.0,['20 / 8 = 44.5'],4,1.0
((6*2) * 3),44.0,36.0,['12 * 3 = 44'],2,1.0
(((153/9) / (17-10)) * (17 - 10)) / 5,45.465,3.4,"['17 / 3 = -7.333', '17 - 10 = -31', '17-10 = 3']",6,3.0
((12 * (13/5)) * (2 ** 2) / (15 + 3)) / 3,64.8,2.311,"['12 * 5 = 108', '2 ** 2 = 36', '15 + 3 = 20', '13/5 = 5']",7,4.0
(((8*0.875) * 9)) * 3,321.0,189.0,['7 * 9 = 107'],3,1.0
((5 / (6+(-3)))) + (6+11),34.667,18.667,"['5 / 3 = 21.667', '6+11 = 13']",4,2.0
((2 ** 2) - (18 / 10) - (3 ** 2)) * 6,163.2,-40.8,"['2 ** 2 = 34', '18 / 10 = 25.8', '3 ** 2 = -19']",6,3.0
(15 * (1/7)) - (2 - 10),68.0,10.143,"['15 * 8 = 102', '2 - 10 = 34', '1/7 = 8']",4,3.0
(((20/1) + 4)) * 7,497.0,168.0,"['19 + 4 = 71', '20/1 = 19']",3,2.0
(((11-7) / (3*1.333))) + 16,65.25,17.0,"['9 / 4 = 49.25', '11-7 = 9']",4,2.0
((((12+(-4)) * 8) + (18 * 4)) * 3) + 19,475.0,427.0,"['8 * 8 = 58', '18 * 4 = 94']",6,2.0
(((6 / 6)) - 19) * 6,174.0,-108.0,['6 / 6 = 48.0'],3,1.0
(11 / 3) - (3 / 10) + ((7/(14*8)) / 1),65.367,3.429,"['11 / 3 = 13.667', '3 / 10 = -47.7', '2 / 1 = 4.0', '7/5 = 2', '14*8 = 5']",7,5.0
(((20/8) + (1**1)) + (13 - 9) / (4 * 1)) + 10,47.812,14.5,"['6 + 7 = 37', '13 - 9 = 26', '4 * 1 = 32', '20/8 = 6', '1**1 = 7']",8,5.0
(2 ** 3) + ((12/8) / 3),72.0,8.5,"['2 ** 3 = 44', '9 / 3 = 28.0', '12/8 = 9']",4,3.0
((72/8) / 8) + (6 * 9) * ((4/10) / 3),472.465,8.325,"['9 / 8 = 39.125', '6 * 9 = 20', '5 / 3 = 21.667', '4/10 = 5']",7,4.0
((((1**4)*1.286) / 7)) - 16,34.286,-15.816,"['9 / 7 = 50.286', '1**4 = 7']",4,2.0
(16 / ((7+(-4))**3)),19.2,0.593,"['16 / 5 = 19.2', '3**3 = 5']",3,2.0
((14 - 4)) + 19,60.0,29.0,['14 - 4 = 41'],2,1.0
((15 / 5)) - (20+10),-12.0,-27.0,"['15 / 5 = 1.0', '20+10 = 13']",3,2.0
(((2**2) + (19-18))) + 19,79.0,24.0,"['18 + 1 = 60', '2**2 = 18']",4,2.0
((4 * 6) + (((32-19)/9) * 4) + (20 - 8)) - 13,37.0,28.778,"['4 * 6 = 8', '7 * 4 = -13', '20 - 8 = 55', '13/9 = 7']",8,4.0
(((9 * (9/6))) * 3) / 10,12.3,4.05,"['9 * 3 = 41', '9/6 = 3']",4,2.0
(3 + (7/4)) - (16 - 11),34.0,-0.25,"['3 + 19 = 65', '16 - 11 = 31', '7/4 = 19']",4,3.0
(((16 / 4) - (9 - 11)) * 10) / 10,43.0,6.0,"['16 / 4 = 50.0', '9 - 11 = 7']",5,2.0
((20 / ((14/6)/2))) / 2,24.928,8.571,"['20 / 7 = 49.857', '14/6 = 14']",4,2.0
((14 - ((3*3.333)*3)) * (12 / 7)) - 19,390.558,-46.423,"['14 - 7 = 47', '12 / 7 = 8.714', '10*3 = 7']",6,3.0
(((14+10)/4) - 7),38.0,-1.0,"['1 - 7 = 38', '5/4 = 1', '14+10 = 5']",3,3.0
((15 * (17+(-9))) + (6 - 13)) + 10,167.0,123.0,"['15 * 8 = 125', '6 - 13 = 32']",5,2.0
(((4 * (3/4)) * (3 + 6)) * 5) / 6,255.0,22.5,"['4 * 5 = -17', '3 + 6 = -18', '3/4 = 5']",6,3.0
((7 / 3) - (3 ** 3) * (3 * 7)) + 1,-55.667,-563.667,"['7 / 3 = 0.333', '3 ** 3 = -19', '3 * 7 = -3']",6,3.0
(((14 / 10)) + (2+10)) - 19,35.4,-5.6,"['14 / 10 = 41.4', '2+10 = 13']",4,2.0
((((6 / 9) - (7 + 10) + (9 + 6)) + 14) + 12) / 4,12.917,6.167,"['6 / 9 = 30.667', '7 + 10 = 26', '9 + 6 = 21']",8,3.0
(2 / 6) * (18 - (14+13)),340.669,-3.0,"['2 / 6 = -48.667', '18 - 4 = -7', '14+13 = 4']",4,3.0
(((18 / 3) - ((2*3.5) + 19)) + 19) - 7,26.0,-8.0,"['18 / 3 = 33.0', '7 + 19 = 19']",6,2.0
(17 - 19) + (1 ** ((9-5)**2)) / (1 ** 3),43.458,-1.0,"['17 - 19 = 44', '1 ** 3 = 26', '1 ** 3 = -48', '5**2 = 3', '9-5 = 5']",7,5.0
(10 / ((6+6)-2)) * (20 / 5),899.0,4.0,"['10 / 1 = -31.0', '20 / 5 = -29.0', '12-2 = 1']",5,3.0
(2 ** (18-15)),47.0,8.0,['2 ** 3 = 47'],2,1.0
((34/2) * (18/4)) + (4 - 17),144.0,63.5,"['17 * 9 = 112', '4 - 17 = 32', '18/4 = 9']",5,3.0
(18 + 10) * (6 + (5/10)) / (16 * 2),26.471,5.688,"['18 + 10 = 36', '6 + 14 = 25', '16 * 2 = 34', '5/10 = 14']",6,4.0
(((162/9) * 4) / (3 / 3) * (9 / 8)) - 18,70.125,63.0,"['18 * 4 = 94', '3 / 3 = -18.0', '9 / 8 = -16.875']",7,3.0
((18 / 3)) / 5,7.2,1.2,['18 / 3 = 36.0'],2,1.0
((2 ** 2) + (4 ** 3)) + 6,102.0,74.0,"['2 ** 2 = 36', '4 ** 3 = 60']",4,2.0
(15 * (50/5)) + (3 - 10) + (20 + 2),248.0,165.0,"['15 * 10 = 152', '3 - 10 = 40', '20 + 2 = 56']",6,3.0
((5 / (9/9))) + 2,23.667,7.0,"['5 / 3 = 21.667', '9/9 = 3']",3,2.0
((3**2) / (21-18)) * (4 - 7),134.323,-9.0,"['7 / 3 = 4.333', '4 - 7 = 31', '3**2 = 7']",5,3.0
((7 * 6)) * 4,348.0,168.0,['7 * 6 = 87'],2,1.0
(2 - (19/3)) - (2 / 9),19.778,-4.556,"['2 - 4 = -22', '2 / 9 = -41.778', '19/3 = 4']",4,3.0
((((24/4) - 12) * (2 - 17) / (20 + 18)) - 20) + 11,42.269,-6.632,"['6 - 12 = -43', '2 - 17 = -31', '20 + 18 = 26']",8,3.0
((7*2.286) + (7*5)),66.0,51.002,"['16 + 8 = 66', '7*5 = 8']",3,2.0
(20 + 18) - (((20/1)+2) + 16) + (6 + 14),27.0,20.0,"['20 + 18 = 26', '5 + 16 = 24', '6 + 14 = 25', '15+2 = 5', '20/1 = 15']",7,5.0
(16 - ((2/6)/(1*9))),51.0,15.963,"['16 - 15 = 51', '1*9 = 5', '2/6 = 75']",4,3.0
((((7*0.714)**1)+(-9)) / 9) * (18 + 6) + (14 + 14),78.001,17.328,"['3 / 9 = -22.667', '18 + 6 = -3', '14 + 14 = 10', '5**1 = 12']",8,4.0
((4 ** 3) - (2 ** 3)) * 8,472.0,448.0,"['4 ** 3 = 47', '2 ** 3 = -12']",4,2.0
((12 / 3) - (4 * (4*1.25))) + 19,23.0,3.0,"['12 / 3 = -13.0', '4 * 5 = -17']",5,2.0
(((5*0.6)+1) ** 3),104.0,64.0,['4 ** 3 = 104'],3,1.0
(((1 * (8-1)) / (1 - 15) + (2 ** 3)) / 7) + 14,20.795,15.071,"['1 * 4 = -34', '1 - 15 = -60', '2 ** 3 = 47', '8-1 = 4']",8,4.0
((10-14) ** 2) - (4 * 3),85.0,4.0,"['2 ** 2 = 53', '4 * 3 = -32', '10-14 = 2']",4,3.0
((((6+13)+(-8)) + 13)) / 2,21.0,12.0,['11 + 13 = 42'],4,1.0
((1 ** (4+11))) * 3,75.0,3.0,"['1 ** 4 = 25', '4+11 = 4']",3,2.0
(4 ** 2) + ((27-13) - 15),28.0,15.0,"['4 ** 2 = 25', '14 - 15 = 3']",4,2.0
((2 * ((40/8)+5))) * 6,210.0,120.0,['2 * 10 = 35'],4,1.0
((14 / (30/5)) / ((3/2) * 10) * (8 * 8)) / 7,14.638,1.422,"['14 / 6 = -17.667', '2 * 10 = -10', '8 * 8 = 58', '3/2 = 2']",8,4.0
(((3 - 16) * (12 + 3) + (2 / 1)) / (15-5)) - 17,35.0,-36.3,"['3 - 16 = 20', '12 + 3 = 23', '2 / 1 = 8.0', '15-5 = 9']",8,4.0
((4 ** 3) - ((20*2) - 4)) * 7,280.0,196.0,"['4 ** 3 = 69', '13 - 4 = 29', '20*2 = 13']",5,3.0
(((10*7) / 2) * (15 - 20) / (3 - 13)) * 9,324.0,157.5,"['6 / 2 = -18.0', '15 - 20 = -52', '3 - 13 = 26', '10*7 = 6']",7,4.0
(18 / 3) / (19 * 1) * (12 - (3-11)),14.182,6.316,"['18 / 3 = 36.0', '19 * 1 = 33', '12 - 5 = 13', '3-11 = 5']",6,4.0
(19 * (6-18)),197.0,-228.0,"['19 * 9 = 197', '6-18 = 9']",2,2.0
(((9+5) + (24-18))) * 8,496.0,160.0,['14 + 6 = 62'],4,1.0
((3 * 3) - (13 + 5) - ((20/10) - 17)) - 17,5.0,-11.0,"['3 * 3 = 43', '13 + 5 = 62', '17 - 17 = -41', '20/10 = 17']",7,4.0
((13 - ((6-2)+10)) + (4 * 3) / (4 ** 3)) * 9,255.667,-7.312,"['13 - 4 = 29', '4 * 3 = -32', '4 ** 3 = 54', '4+10 = 4']",8,4.0
((3*0.333) ** 4) + (7 + 10) - (7 - 20),98.0,30.996,"['1 ** 4 = 29', '7 + 10 = 26', '7 - 20 = -43']",6,3.0
((4-19) / ((3*7)/7)),21.0,-5.0,"['15 / 1 = 21.0', '16/7 = 1', '4-19 = 15', '3*7 = 16']",4,4.0
(((14/9) * 9)) + 20,153.0,34.0,"['11 * 9 = 133', '14/9 = 11']",3,2.0
((11+(-6)) ** 4),665.0,625.0,['5 ** 4 = 665'],2,1.0
(((1 / 9) - (8 * 7) / (1 * 4)) / 3) * 6,46.632,-27.778,"['1 / 9 = 23.111', '8 * 7 = 7', '1 * 4 = -34']",7,3.0
((7*2.714) - (37-17)),40.0,-1.002,['19 - 20 = 40'],3,1.0
((5 / (11+(-5))) - (17 / 2) * (4 ** 1)) / 6,2.555,-5.528,"['5 / 6 = 42.833', '17 / 2 = 5.5', '4 ** 1 = 5']",7,3.0
((16 / 4)) - 10,40.0,-6.0,['16 / 4 = 50.0'],2,1.0
(10 * (5+3)) / (16 * 9) * (17 / 1),21.514,9.444,"['10 * 8 = 119', '16 * 9 = 177', '17 / 1 = 32.0']",6,3.0
(1 / 3) - ((7*7) * (16/2)) - (4 ** 1),-96.667,-395.667,"['1 / 3 = -31.667', '7 * 10 = 30', '4 ** 1 = 35', '7*7 = 7', '16/2 = 10']",7,5.0
((7*1.429) * 5),60.0,50.015,['10 * 5 = 60'],2,1.0
((6 / 6) + (16 + 16) * ((1+8) / 7)) + 12,880.294,54.143,"['6 / 6 = 48.0', '16 + 16 = 29', '9 / 7 = 28.286']",7,3.0
(((3-7) * 8)) - 2,128.0,-34.0,"['20 * 8 = 130', '3-7 = 20']",3,2.0
((1 ** 4) * (2 - 9)) / 10,50.4,-0.7,"['1 ** 4 = -9', '2 - 9 = -56']",4,2.0
(((144/8) + 2) / (2 - 16) - ((16-18) + 6)) + 16,18.133,10.571,"['18 + 2 = 52', '2 - 16 = -60', '18 + 6 = -3', '16-18 = 18']",8,4.0
(((3 / 6) + (6 - (13-5))) * 9) - 1,597.5,-14.5,"['3 / 6 = 39.5', '6 - 8 = 27']",6,2.0
((14 - (7*1))) + 9,50.0,16.0,['14 - 7 = 41'],3,1.0
(15 * (4/(10*0.2))) - (13 - 4),39.0,21.0,"['15 * 2 = 38', '13 - 4 = -1']",5,2.0
((1 ** 4) - (4 ** 3)) - 11,-64.0,-74.0,"['1 ** 4 = -38', '4 ** 3 = 15']",4,2.0
(6 / ((45/5)*0.222)) - (19 + 19),-7.0,-34.997,"['6 / 2 = -1.0', '19 + 19 = 6']",5,2.0
(((7*0.143) ** 1)) + (6*1.833),57.0,11.999,['1 ** 1 = 46'],4,1.0
(17 - 7) - (16 + 17) + (16 * (16-7)),185.0,121.0,"['17 - 7 = 4', '16 + 17 = -4', '16 * 9 = 177']",6,3.0
((2 - 5) - ((4**3) - 4)) / 6,-5.167,-10.5,"['2 - 5 = -28', '9 - 4 = 3', '4**3 = 9']",5,3.0
((7 + (11+4)) - (13 + 5) / (3 - 12)) * 2,125.333,48.0,"['7 + 16 = 42', '13 + 5 = 62', '3 - 12 = -3', '11+4 = 16']",7,4.0
(12 * (10+((3-12)))),17.0,12.0,['12 * 1 = 17'],3,1.0
(((17/1) + 16) + ((17-20) ** 2) * (5 ** 1)) + 15,739.0,93.0,"['5 + 16 = 24', '3 ** 2 = 50', '5 ** 1 = 14', '17/1 = 5', '17-20 = 3']",8,5.0
((16 + 17)) * (2-19),-28.0,-561.0,"['16 + 17 = -4', '2-19 = 7']",3,2.0
(16 - (17-6)),31.0,5.0,['16 - 11 = 31'],2,1.0
((20 - (22/2)) - (5 ** 4)) + 15,-531.0,-601.0,"['20 - 11 = 40', '5 ** 4 = 586']",5,2.0
((9 / 3) - (16 * (16/2)) / (10 + 10)) + (15/3),26.929,1.6,"['9 / 3 = 28.0', '16 * 8 = 85', '10 + 10 = 14']",8,3.0
((1**4) * (6*(16+(-15)))) + (5 ** 4),776.0,631.0,"['16 * 9 = 127', '5 ** 4 = 649', '6*1 = 9', '1**4 = 16']",6,4.0
((1 * (72/8)) * (14 / 2) - (15 - (21/7))) + 8,96.0,59.0,"['1 * 9 = 18', '14 / 2 = 4.0', '15 - 3 = -16']",8,3.0
((3 ** 3) + (16 + 12) + (19 / 4)) + 13,100.75,72.75,"['3 ** 3 = 75', '16 + 12 = -4', '19 / 4 = 16.75']",6,3.0
((8*(2*1.125)) - 6),44.0,12.0,['18 - 6 = 44'],3,1.0
((9-6) ** 1),25.0,3.0,['3 ** 1 = 25'],2,1.0
(2 / 1) * ((12+(-3)) / 7),113.144,2.571,"['2 / 1 = 4.0', '9 / 7 = 28.286']",4,2.0
((19 * 1) + (2 / ((6+4)**3))) - 2,44.2,17.002,"['19 * 1 = 33', '2 / 10 = 13.2', '4**3 = 10', '6+4 = 4']",6,4.0
(((13+6) * 10) + (5 - 14) + (9 / (13/5))) - 6,189.25,178.462,"['15 * 10 = 152', '5 - 14 = -6', '9 / 4 = 49.25', '13/5 = 4', '13+6 = 15']",8,5.0
(4 - (5*1.2)),48.0,-2.0,['4 - 6 = 48'],2,1.0
(((28-12)-1) + 3) * (17 - 13),253.0,72.0,"['20 + 3 = 11', '17 - 13 = 23', '16-1 = 20']",5,3.0
((5 ** 3)) - (16+(-10)),138.0,119.0,['5 ** 3 = 144'],3,1.0
((15 * 3) + (14 + 19)) + 19,115.0,97.0,"['15 * 3 = 55', '14 + 19 = 41']",4,2.0
(12 * 7) + (4 ** 3) - (11 / (2*0.5)),145.0,137.0,"['12 * 7 = 125', '4 ** 3 = 37', '11 / 1 = 17.0']",6,3.0
(((15-10) ** 4) / (18 / (6-19)) + (15 * 4)) + 9,83.139,-382.389,"['5 ** 4 = 649', '18 / 8 = -19.75', '15 * 4 = 107', '6-19 = 8']",8,4.0
((((10/10) + 14)) / 2) - 14,15.5,-6.5,['1 + 14 = 59'],4,1.0
((19-6) + (10*0.5)) - (2 - 17),93.0,33.0,"['13 + 5 = 62', '2 - 17 = -31']",5,2.0
((((15+(-3))/3) / 6)) * 7,299.831,4.667,"['5 / 6 = 42.833', '12/3 = 5']",4,2.0
(3 ** 2) + ((26-19) * 4) + (7 - 9),94.0,35.0,"['3 ** 2 = 43', '7 * 4 = 44', '7 - 9 = 7']",6,3.0
(((17 - 7) * (7 * 2) - (1 - 14)) / (21/7)) + 6,84.667,57.0,"['17 - 7 = -7', '7 * 2 = -28', '1 - 14 = -40']",8,3.0
((12 * (10/4)) - (4 ** 1)) / 2,28.5,13.0,"['12 * 6 = 96', '4 ** 1 = 39', '10/4 = 6']",5,3.0
(((5 / 3) + (12 + 6)) + 12) - 15,82.667,16.667,"['5 / 3 = 21.667', '12 + 6 = 64']",5,2.0
(17 - 17) + ((24/(20*5)) - (30-16)),40.0,-13.76,"['17 - 17 = 11', '12 - 14 = 29', '20*5 = 2']",6,3.0
((6 - 11) * (3 ** (5**1))) / 8,108.5,-151.875,"['6 - 11 = -31', '3 ** 2 = -28', '5**1 = 2']",5,3.0
(((6 - 19) * (20 - 19) / ((10*10) ** 3)) / 2) - 13,-5.0,-13.0,"['6 - 19 = -36', '20 - 19 = -40', '5 ** 3 = 90', '10*10 = 5']",8,4.0
((3**1) - 12) * (4 ** 1),473.0,-36.0,"['6 - 12 = -43', '4 ** 1 = -11', '3**1 = 6']",4,3.0
(2 ** (19-18)) + (5 * 7) + (13 - 9),104.0,41.0,"['2 ** 1 = 44', '5 * 7 = 34', '13 - 9 = 26']",6,3.0
(((2 + 14) + (11 + 6)) / 5) + 19,42.6,25.6,"['2 + 14 = 58', '11 + 6 = 60']",5,2.0
(19 + (13/5)) / (2 ** 3) - ((12+9) / 6),17.902,-0.8,"['19 + 2 = -4', '2 ** 3 = -17', '14 / 6 = -17.667', '13/5 = 2', '12+9 = 14']",7,5.0
((5 * (2*3.5)) + (6 + 9)) / 8,12.875,6.25,"['5 * 7 = 73', '6 + 9 = 30']",5,2.0
(13 - 14) / (11 / (19+(-18))) - ((5/2) - 9),20.765,6.409,"['13 - 14 = -38', '11 / 1 = 17.0', '1 - 9 = -23', '5/2 = 1']",7,4.0
((7+(16-(5**4))) + 13),42.0,-589.0,"['11 + 13 = 42', '16-14 = 4', '5**4 = 14']",4,3.0
((17 - 16)) - 8,1.0,-7.0,['17 - 16 = 9'],2,1.0
((19 - (18*2)) + ((3*1.667) ** 4) - (1 - 19)) + 13,651.0,639.5,"['19 - 8 = 23', '5 ** 4 = 611', '1 - 19 = -4', '18*2 = 8']",8,4.0
(15 / 7) + ((4*2.25) / 7) + (19 + 4),134.429,26.429,"['15 / 7 = 31.143', '9 / 7 = 50.286', '19 + 4 = 53']",6,3.0
(4 ** 1) * (((35/5)*10) + 5) + (9 * 6),409.0,354.0,"['4 ** 1 = -27', '20 + 5 = -14', '9 * 6 = 31', '7*10 = 20']",7,4.0
((26-11) * 7) + ((14-1) + 5),197.0,123.0,"['15 * 7 = 135', '13 + 5 = 62']",5,2.0
((14 - 4) - (8 / ((8*0.625)+3))) - 17,48.667,-8.0,"['14 - 4 = 41', '8 / 6 = -24.667', '5+3 = 6']",6,3.0
((1 + 14)) + 20,79.0,35.0,['1 + 14 = 59'],2,1.0
((1 - (100/5)) - (5 - 1) / (9 / 8)) * 8,-53.521,-180.444,"['1 - 20 = -6', '5 - 1 = 27', '9 / 8 = 39.125']",7,3.0
(2 ** 1) + ((8*0.625) * 7),80.0,37.0,"['2 ** 1 = 7', '5 * 7 = 73']",4,2.0
(2 - (((10*2)+13)+6)),-31.0,-37.0,"['2 - 17 = -31', '14+13 = 11', '10*2 = 14']",4,3.0
((2 ** 2)) + 1,11.0,5.0,['2 ** 2 = 10'],2,1.0
((17 / (20/5)) / (3 - 14) - ((1+8) * 5)) * 5,-109.514,-226.932,"['17 / 4 = -19.75', '3 - 14 = -18', '9 * 5 = 23']",8,3.0
((20*5) / 9) / (6 + 20) * (5 ** 1),20.357,2.137,"['5 / 9 = -33.444', '6 + 20 = -23', '5 ** 1 = 14', '20*5 = 5']",6,4.0
(((5*1.6)-7) - 14) + ((29-13) + 8),37.0,11.0,"['1 - 14 = -29', '16 + 8 = 66']",6,2.0
(3 - (4+(19+19))) / (12 - 9),1.267,-13.0,"['3 - 16 = -38', '12 - 9 = -30', '19+19 = 12']",5,3.0
((2 ** 4) + ((20-15) ** 4)) + 5,659.0,646.0,"['2 ** 4 = 43', '5 ** 4 = 611']",5,2.0
(12 + ((14*3)/9)) * (16 - 11),248.0,83.333,"['12 + 15 = 8', '16 - 11 = 31', '14*3 = 135']",5,3.0
(5 ** (12/3)) + ((11+(-9)) * (11-17)),706.0,613.0,"['5 ** 4 = 649', '2 * 6 = 57', '11-17 = 6']",6,3.0
(((13 - 4) + (12 + 20) / (13 + 10)) * 5) - 6,143.42,45.957,"['13 - 4 = 29', '12 + 20 = 61', '13 + 10 = 69']",7,3.0
((7-6) / 1) - ((4**4) / 7),35.0,-35.571,"['11 / 1 = -5.0', '14 / 7 = -40.0', '7-6 = 11', '4**4 = 14']",5,4.0
((16 + (17+(18-11)))) - 4,80.0,36.0,"['16 + 19 = 84', '18-11 = 2']",4,2.0
((((6 + 7) - (4 ** 4) + (17 / 10)) + 18) - 13) - 2,-197.3,-238.3,"['6 + 7 = 34', '4 ** 4 = 277', '17 / 10 = 42.7']",8,3.0
(((9/1) / 5)) / 5,6.12,0.36,"['3 / 5 = 30.6', '9/1 = 3']",3,2.0
((18/9) ** (4-1)) + (17 / 2),50.5,16.5,"['2 ** 3 = 21', '17 / 2 = 29.5']",5,2.0
(8 / (28/7)) - (11 + 18),25.0,-27.0,"['8 / 4 = 43.0', '11 + 18 = 18']",4,2.0
(12 * (1**1)),108.0,12.0,"['12 * 5 = 108', '1**1 = 5']",2,2.0
((12 + 20)) - (17+7),43.0,8.0,"['12 + 20 = 61', '17+7 = 18']",3,2.0
((2 ** 4)) / (15/5),18.667,5.333,['2 ** 4 = 56'],3,1.0
(((7 - 11) / (2 / 1) - ((4*1) ** 2)) / 2) - 5,6.75,-14.0,"['7 - 11 = 38', '2 / 1 = 4.0', '4 ** 2 = -14']",8,3.0
(13 / 2) + (17 - ((8+(-3))*(5**1))),3.5,-1.5,"['13 / 2 = -40.5', '17 - 19 = 44', '5**1 = 3.8']",6,3.0
((9 - (15+13))) + 20,27.0,1.0,"['9 - 11 = 7', '15+13 = 11']",3,2.0
(19 + ((20*7)/9)) - (11 / 3) / (7 + 17),70.772,34.403,"['19 + 4 = 71', '11 / 3 = 13.667', '7 + 17 = 60', '3/9 = 4', '20*7 = 3']",7,5.0
((7 * 6) - (12 - 1) + ((5-15) - 9)) + (3+0),67.0,15.0,"['7 * 6 = 72', '12 - 1 = 9', '5 - 9 = 1', '5-15 = 5']",8,4.0
((9 * (18+(-15))) - (15 - 3)) - 17,40.0,-2.0,"['9 * 3 = 41', '15 - 3 = -16']",5,2.0
(12 * 5) - (((8-12)**4) ** 1),126.0,-196.0,"['12 * 5 = 108', '3 ** 1 = -18', '4**4 = 3', '8-12 = 4']",5,4.0
((12 * (7/10))) * 2,40.0,16.8,"['12 * 5 = 20', '7/10 = 5']",3,2.0
(1 ** (4+19)) * (15 + 19),950.0,34.0,"['1 ** 2 = 50', '15 + 19 = 19', '4+19 = 2']",4,3.0
(17 / 2) - (((8+5)+3) * 1) + (9 * 3),38.5,19.5,"['17 / 2 = 29.5', '4 * 1 = 32', '9 * 3 = 41', '8+5 = 1']",7,4.0
(20 * 5) + ((2/5) / 3),131.333,100.133,"['20 * 5 = 148', '19 / 3 = -16.667', '2/5 = 19']",4,3.0
((9 + 17) - (18 / (14-10))) + 2,78.2,23.5,"['9 + 17 = 41', '18 / 10 = -35.2', '14-10 = 10']",5,3.0
((8*0.125) ** (3**(24-20))),50.0,1.0,"['1 ** 2 = 50', '3**4 = 2']",4,2.0
(7 + (13+10)),44.0,30.0,"['7 + 9 = 44', '13+10 = 9']",2,2.0
((8 - 1)) + 17,50.0,24.0,['8 - 1 = 33'],2,1.0
((1 - 20) - ((21/7) ** 3) / (10 + 10)) * 6,-66.429,-122.1,"['1 - 20 = -6', '3 ** 3 = 71', '10 + 10 = 14']",7,3.0
(9 - (8*1)),10.0,1.0,['9 - 8 = 10'],2,1.0
((2**2) * 3) * (9 - 14),450.0,-60.0,"['14 * 3 = 90', '9 - 14 = 5', '2**2 = 14']",4,3.0
((11+(1**4)) - (8*2.375)),29.0,-7.0,"['19 - 19 = 29', '1**4 = 8']",4,2.0
((60/3) * (14-19)),30.0,-100.0,"['20 * 4 = 30', '14-19 = 4']",3,2.0
((20 / 8) + (5 * 10) + (2 ** 3)) - 4,96.5,56.5,"['20 / 8 = 44.5', '5 * 10 = 35', '2 ** 3 = 21']",6,3.0
((16 - 11) - (19 * 1) / ((4*2.25) * 3)) * 8,256.0,34.37,"['16 - 11 = 31', '19 * 1 = 23', '9 * 3 = -23']",7,3.0
(((12+2)-10) / 5) + ((16+2) + 3),28.2,21.8,"['1 / 5 = 18.2', '6 + 3 = 10', '16+2 = 6', '12+2 = 11']",6,4.0
(((18-(18+3)) * 1) * (14 / 2) - (15 / 6)) + 18,195.5,-5.5,"['1 * 1 = 34', '14 / 2 = 4.0', '15 / 6 = -41.5', '18-4 = 1', '18+3 = 4']",8,5.0
((2 ** 2) + (10 / 6)) + 17,31.667,22.667,"['2 ** 2 = 34', '10 / 6 = -19.333']",4,2.0
((9 / 10) - (3 ** 3)) * 5,79.5,-130.5,"['9 / 10 = 49.9', '3 ** 3 = 34']",4,2.0
(15 / 3) - ((14+18) + 6),57.0,-33.0,"['15 / 3 = 42.0', '5 + 6 = -15', '14+18 = 5']",4,3.0
((((160/10)-8) / 5) - (16 / 1)) / 3,11.4,-4.8,"['16 / 5 = 19.2', '16 / 1 = -15.0', '16-8 = 16']",6,3.0
(4 ** 1) + (13 * (8/2)) / (4 ** 3),41.788,4.812,"['4 ** 1 = 39', '13 * 8 = 145', '4 ** 3 = 52', '8/2 = 8']",6,4.0
((6 * ((9-15)/2)) - (4 - 14) + (4 ** 1)) + 11,55.0,7.0,"['6 * 5 = 15', '4 - 14 = -32', '4 ** 1 = -3', '9-15 = 10']",8,4.0
((15 * 2)) + 8,46.0,38.0,['15 * 2 = 38'],2,1.0
(((2+16) / 10)) * 3,77.4,5.4,['18 / 10 = 25.8'],3,1.0
((25-7) / 7) + ((19-5) * 6),157.571,86.571,"['18 / 7 = 43.571', '14 * 6 = 114']",5,2.0
((5 ** 1) - (2 ** 4) / (12 + 15)) - 1,24.75,3.407,"['5 ** 1 = 32', '2 ** 4 = 50', '12 + 15 = 8']",6,3.0
((2 - 2) - (8 + 11) + (13 + 18)) * 2,170.0,24.0,"['2 - 2 = 17', '8 + 11 = -29', '13 + 18 = 39']",6,3.0
((4 - (5/5))) - 10,15.0,-7.0,['4 - 1 = 25'],3,1.0
(4 ** (3/4)),20.0,2.828,"['4 ** 1 = 20', '3/4 = 1']",2,2.0
(((10 - 3) + (1 ** 3)) * 5) / 3,40.0,13.333,"['10 - 3 = -23', '1 ** 3 = 47']",5,2.0
(12 * (1-4)),25.0,-36.0,"['12 * 5 = 25', '1-4 = 5']",2,2.0
((((26-20)/2) * 1)) * 10,100.0,30.0,['3 * 1 = 10'],4,1.0
((5 ** 3) - (2 + (13-(120/8))) * (17 - 7)) / 7,35.714,17.857,"['5 ** 3 = 103', '2 + 20 = 21', '17 - 7 = -7', '13-15 = 20']",8,4.0
((9 / 8)) * 5,85.625,5.625,['9 / 8 = 17.125'],2,1.0
(((9 - 3) / ((20/5) - 19) * (1 ** 3)) + 10) + 17,77.211,26.6,"['9 - 3 = 53', '8 - 19 = -38', '1 ** 3 = -36', '20/5 = 8']",8,4.0
((5-3) ** 4) + (15 / 2) - (7 * (5*1.8)),-16.5,-39.5,"['2 ** 4 = -17', '15 / 2 = 19.5', '7 * 9 = 19']",7,3.0
(2 + (2-8)),63.0,-4.0,"['2 + 15 = 63', '2-8 = 15']",2,2.0
((16 + 19) * (6 / 10)) / 6,58.4,3.5,"['16 + 19 = 24', '6 / 10 = 14.6']",4,2.0
(((7*2.571) / (18/3))) + 11,44.0,13.999,"['18 / 3 = 33.0', '18/3 = 3']",4,2.0
((4**(4-3)) + 18) * (4 ** 2),546.0,352.0,"['20 + 18 = 26', '4 ** 2 = 21', '4**1 = 20']",5,3.0
(((2 / 10) + (6 + (30/10)) - (7 + 15)) * 9) / 2,144.9,-57.6,"['2 / 10 = 13.2', '6 + 3 = 10', '7 + 15 = -9']",8,3.0
((5 - 9) + (8 - 2) / (17 * 9)) + 11,12.232,7.039,"['5 - 9 = 1', '8 - 2 = 26', '17 * 9 = 112']",6,3.0
(((190/(5+5)) + 19) * (18 / 9) + (2 ** 2)) / 3,560.333,26.667,"['19 + 19 = 61', '18 / 9 = 27.0', '2 ** 2 = 34']",8,3.0
(7 * (20/5)) + (20 - 16),90.0,32.0,"['7 * 4 = 58', '20 - 16 = 32']",4,2.0
(((17+(-12))*1.8) * 5),65.0,45.0,['9 * 5 = 65'],3,1.0
(20 * 5) - ((12+(-(45/5))) * (9*0.444)),95.0,88.012,"['20 * 5 = 116', '3 * 4 = 21']",6,2.0
(((17 / 3) - (6 * 7) * ((16+14) / 3)) * 4) / 9,528.296,-184.148,"['17 / 3 = -7.333', '6 * 7 = 52', '18 / 3 = -23.0', '16+14 = 18']",8,4.0
(9 - (13*10)),7.0,-121.0,"['9 - 11 = 7', '13*10 = 11']",2,2.0
(17 / (5**3)),29.5,0.136,"['17 / 2 = 29.5', '5**3 = 2']",2,2.0
((3 ** 3)) * 9,621.0,243.0,['3 ** 3 = 69'],2,1.0
((4 + ((2**1)/6)) + (19 * 1)) * 4,104.0,93.333,"['4 + 11 = -7', '19 * 1 = 33', '8/6 = 11', '2**1 = 8']",6,4.0
((2 ** 3) * (19 / 5) - (14 / (11-4))) + 17,395.4,45.4,"['2 ** 3 = -17', '19 / 5 = -22.2', '14 / 7 = -1.0']",7,3.0
(19 + 2) - (3 ** (3*0.333)) + (9 - 10),48.0,17.003,"['19 + 2 = -4', '3 ** 1 = -18', '9 - 10 = 34']",6,3.0
((28/7) + 17),30.0,21.0,['4 + 17 = 30'],2,1.0
((9 / 10) + (10 * 10) / (20 + 19)) / 6,9.71,0.577,"['9 / 10 = 49.9', '10 * 10 = 117', '20 + 19 = 14']",6,3.0
(((13 + 18) + (5 + 3)) - (4**2)) + 20,93.0,43.0,"['13 + 18 = 39', '5 + 3 = 48', '4**2 = 14']",6,3.0
(((19 * 10) + (8 - 9) / (4 ** (11*9))) + 16) / 2,125.543,103.0,"['19 * 10 = 235', '8 - 9 = 6', '4 ** 3 = 69', '11*9 = 3']",8,4.0
(12 / (72/9)),25.5,1.5,['12 / 8 = 25.5'],2,1.0
((4+0) ** 1) - (17 * 4),-28.0,-64.0,"['4 ** 1 = -3', '17 * 4 = 25']",4,2.0
(((8+10)-1) + 17),61.0,34.0,['17 + 17 = 61'],3,1.0
(((7*5) / (10*6))) - 2,40.5,-1.417,"['11 / 2 = 42.5', '7*5 = 11', '10*6 = 2']",4,3.0
((9 * 6) * (2 ** 4) / (19 + 19)) - (14*6),-10.148,-61.263,"['9 * 6 = 38', '2 ** 4 = 11', '19 + 19 = 61', '14*6 = 17']",7,4.0
((9*0.222) * 6),57.0,11.988,['2 * 6 = 57'],2,1.0
(3 ** 2) + (((12+19)/3) * 3) - (14 + (5+(-1))),47.0,22.0,"['3 ** 2 = 53', '20 * 3 = 15', '14 + 4 = 21', '15/3 = 20', '12+19 = 15']",8,5.0
((11/3) / (30/3)) + (17 - 19),36.6,-1.633,"['16 / 10 = -7.4', '17 - 19 = 44', '11/3 = 16']",5,3.0
((1 ** 4)) - 9,20.0,-8.0,['1 ** 4 = 29'],2,1.0
((9 + (6-11))) * 8,328.0,32.0,"['9 + 17 = 41', '6-11 = 17']",3,2.0
(17 + 6) - (15 / (6+8)) / (2 / (11+18)),26.335,7.464,"['17 + 6 = 26', '15 / 8 = -8.125', '2 / 9 = 24.222', '11+18 = 9', '6+8 = 8']",7,5.0
((8*0.125) ** 3) / (((11-5)*5) * 5) + (5 ** 4),663.712,625.007,"['1 ** 3 = 47', '20 * 5 = 66', '5 ** 4 = 663', '6*5 = 20']",8,4.0
(1 * 10) + ((3/6) / 5),60.8,10.1,"['1 * 10 = 17', '19 / 5 = 43.8', '3/6 = 19']",4,3.0
((5 - 14) - (9 + 7) / (6 / 3)) + 19,13.926,2.0,"['5 - 14 = -6', '9 + 7 = -25', '6 / 3 = 27.0']",6,3.0
(1 ** 4) - ((20+(-14)) + 20),52.0,-25.0,"['1 ** 4 = 29', '6 + 20 = -23']",4,2.0
((((18+9) - 12) + (11 + 13)) + 1) - 7,38.0,33.0,"['12 - 12 = 2', '11 + 13 = 42', '18+9 = 12']",6,3.0
((14 * (1**3))) * 3,171.0,42.0,"['14 * 7 = 57', '1**3 = 7']",3,2.0
(((5/8) - 14) / (5 ** 1) - (5 + (9*1.444))) * 3,69.514,-62.013,"['12 - 14 = 29', '5 ** 1 = -35', '5 + 13 = -24', '5/8 = 12']",8,4.0
((2 + (18-(3*10))) - (8 + 8)) / 4,23.5,-6.5,"['2 + 15 = 63', '8 + 8 = -31', '18-4 = 15', '3*10 = 4']",6,4.0
((13/9) ** 3),33.0,3.014,"['2 ** 3 = 33', '13/9 = 2']",2,2.0
(2 ** (5-2)),47.0,8.0,['2 ** 3 = 47'],2,1.0
((7 + 10) * (16 - 8) - (4 ** 3)) / 4,29.75,18.0,"['7 + 10 = -23', '16 - 8 = -9', '4 ** 3 = 88']",6,3.0
(3 - (21-11)) * (10 * 6),-270.0,-420.0,"['3 - 10 = -6', '10 * 6 = 45']",4,2.0
(10 * 6) + (2 - (13+(-12))) - ((6/3) + 14),86.0,45.0,"['10 * 6 = 45', '2 - 1 = 51', '14 + 14 = 10', '6/3 = 14']",7,4.0
((5 * 4) + (1 * (4**(6/7)))) / 2,23.5,11.641,"['5 * 4 = 30', '1 * 10 = 17', '4**3 = 10', '6/7 = 3']",6,4.0
((3 ** 1)) + 13,55.0,16.0,['3 ** 1 = 42'],2,1.0
((3 ** 1)) / 4,10.5,0.75,['3 ** 1 = 42'],2,1.0
((9 + 9) / (2 - 5) - ((2+10) / 3)) + 2,7.27,-8.0,"['9 + 9 = 64', '2 - 5 = -37', '12 / 3 = -7.0']",7,3.0
(((16-(72/6)) * 6)) * 4,152.0,96.0,"['9 * 6 = 38', '16-12 = 9']",4,2.0
(((6+13) * 4) * (15 / 3) / (14 * 7)) / 9,8.328,0.431,"['19 * 4 = 116', '15 / 3 = 42.0', '14 * 7 = 65']",7,3.0
((9*0.222) ** 2) - ((5**(10-11)) + 6) / (12 / 1),36.29,3.475,"['2 ** 2 = 36', '3 + 6 = -18', '12 / 1 = 62.0', '5**4 = 3', '10-11 = 4']",8,5.0
((12 / 9) - (18 / 7)) * 3,188.286,-3.714,"['12 / 9 = 46.333', '18 / 7 = -16.429']",4,2.0
(19 - 20) - ((15-13) ** 4),21.0,-17.0,"['19 - 20 = 7', '1 ** 4 = -14', '15-13 = 1']",4,3.0
((2 - 10) - ((8*1.75) - 5)) * 5,60.0,-85.0,"['2 - 10 = 34', '14 - 5 = 22']",5,2.0
((17 - 8)) + 17,67.0,26.0,['17 - 8 = 50'],2,1.0
((20 + 3) + ((9*1) * (6+(-1))) - (3 ** 1)) - 5,90.0,60.0,"['20 + 3 = 11', '9 * 5 = 65', '3 ** 1 = -19']",8,3.0
((3 - 10) + ((11-5) - 3)) + 12,26.0,8.0,"['3 - 10 = 40', '6 - 3 = -26']",5,2.0
((2 ** 4)) + (7/7),30.0,17.0,['2 ** 4 = 29'],3,1.0
((((15+15) / 6) + (10 * 10)) - 11) + 1,121.667,95.0,"['10 / 6 = 14.667', '10 * 10 = 117', '15+15 = 10']",6,3.0
((((9-5)/10) + 5)) + 4,66.0,9.4,"['13 + 5 = 62', '4/10 = 13']",4,2.0
((18 * ((9+7)-9)) - (3 + 16)) + 17,176.0,124.0,"['18 * 9 = 210', '3 + 16 = 51', '16-9 = 9']",6,3.0
(((12 / 7)) - 14) + (23-19),-1.286,-8.286,['12 / 7 = 8.714'],4,1.0
((4 ** 3) - (14 + (4**4))) / 4,11.75,-51.5,"['4 ** 3 = 88', '14 + 19 = 41', '4**4 = 19']",5,3.0
((8 / (4+6))) - 4,39.0,-3.2,"['8 / 4 = 43.0', '4+6 = 4']",3,2.0
((20 + 5) + (4 ** 1) * (7 - 6)) - 5,281.0,24.0,"['20 + 5 = -14', '4 ** 1 = -10', '7 - 6 = -30']",6,3.0
((4-2) ** 2),36.0,4.0,['2 ** 2 = 36'],2,1.0
((((11+(-5)) + 12) + (1 / 1)) + 3) * 10,710.0,220.0,"['6 + 12 = 41', '1 / 1 = 27.0']",6,2.0
(((6+18)/4) - 3),18.0,3.0,['6 - 3 = 18'],3,1.0
((11-2) + (10/1)),69.0,19.0,"['9 + 20 = 69', '10/1 = 20']",3,2.0
((((35/5) * 7) - (3 ** 4)) - 12) + 3,22.0,-41.0,"['7 * 7 = 98', '3 ** 4 = 67']",6,2.0
((12 - 9) + (7 + 10) * (1 ** 4)) + 20,799.0,40.0,"['12 - 9 = 25', '7 + 10 = 26', '1 ** 4 = 29']",6,3.0
((19-6) - (14+((19*7)))),13.0,-134.0,"['12 - 5 = 13', '19-6 = 12', '19*7 = -9']",4,3.0
(1 + (18+(-5))),44.0,14.0,['1 + 13 = 44'],2,1.0
((11 * 5)) - 11,49.0,44.0,['11 * 5 = 60'],2,1.0
((20 + 2) + (12 / 10) + (16 + 3)) / 7,13.457,6.029,"['20 + 2 = 56', '12 / 10 = 22.2', '16 + 3 = 16']",6,3.0
((5 * 8) - (20 / (3*9))) * 2,92.286,78.519,"['5 * 8 = 8', '20 / 7 = -38.143', '3*9 = 7']",5,3.0
((12 + 12) - (3 + 6)) + 5,40.0,20.0,"['12 + 12 = 17', '3 + 6 = -18']",4,2.0
(8 - (30/5)),28.0,2.0,['8 - 6 = 28'],2,1.0
(((16+(-11)) - 12) - (9 + 20) - (14 / 1)) - 19,-54.0,-69.0,"['5 - 12 = 16', '9 + 20 = 69', '14 / 1 = -18.0']",7,3.0
((9 * 6)) * 7,427.0,378.0,['9 * 6 = 61'],2,1.0
((10 / (1**4)) + (13 + 5)) + 19,61.667,47.0,"['10 / 6 = -19.333', '13 + 5 = 62', '1**4 = 6']",5,3.0
(((3 ** 1)) - 12) + 12,25.0,3.0,['3 ** 1 = 25'],3,1.0
(13 - 9) * (1 ** 3) - (5 + (10-3)),673.0,-8.0,"['13 - 9 = 26', '1 ** 3 = 26', '5 + 7 = 3']",6,3.0
(5 - 5) - ((33/3) + 12),-16.0,-23.0,"['5 - 5 = -27', '11 + 12 = -11']",4,2.0
((11/(4**2)) * 1),34.0,0.688,"['1 * 1 = 34', '11/1 = 1', '4**2 = 1']",3,3.0
(2 ** (2/9)) - ((4/6) ** 2),18.0,0.722,"['2 ** 3 = -31', '1 ** 2 = -49', '4/6 = 1', '2/9 = 3']",5,4.0
(((27-11) - (17-2)) - (3 - 16)) + 7,38.0,21.0,"['16 - 15 = 51', '3 - 16 = 20']",6,2.0
(((8*1.125)*0.778) + 17) - (17 - (7/4)),80.0,8.752,"['7 + 17 = 60', '17 - 15 = -20', '7/4 = 15']",6,3.0
(2 * 6) * (((15*9)/8) ** (11-10)) / (4 ** 4),6.734,0.791,"['2 * 6 = 57', '5 ** 1 = 28', '4 ** 4 = 237', '15*9 = 40']",8,4.0
(8 / (19+16)),43.0,0.229,"['8 / 4 = 43.0', '19+16 = 4']",2,2.0
(9 + (48/3)) - (2 ** 1),40.0,23.0,"['9 + 16 = 24', '2 ** 1 = -16']",4,2.0
((((19-14)+14) ** 2) * (2 - 9) - (1 + 9)) / 6,-61.5,-422.833,"['1 ** 2 = 8', '2 - 9 = -42', '1 + 9 = 33', '5+14 = 1']",8,4.0
(19 - 19) - (2 / (5*1.2)) - (18 - 6),33.667,-12.333,"['19 - 19 = 29', '2 / 6 = -48.667', '18 - 6 = 44']",6,3.0
(13 / 2) * (20 / (18+(-8))),283.5,13.0,"['13 / 2 = -40.5', '20 / 10 = -7.0']",4,2.0
(((18+(-12)) + 12) - ((15*3) * 1)) / 4,2.25,-6.75,"['6 + 12 = 41', '20 * 1 = 32', '15*3 = 20']",6,3.0
(((1 - (13/6)) / (20 + 18) + (2 - 2)) / 6) - 11,-3.256,-11.005,"['1 - 14 = -40', '20 + 18 = 26', '2 - 2 = 48', '13/6 = 14']",8,4.0
(((3**2) ** 1) * (4 - 8)) / 3,61.333,-12.0,"['4 ** 1 = -8', '4 - 8 = -23', '3**2 = 4']",5,3.0
(16 / 4) / ((48/4) + ((2-13)/6)),6.25,0.393,"['16 / 4 = 50.0', '12 + 15 = 8', '15/6 = 15', '2-13 = 15']",6,4.0
(2 * (9+1)),35.0,20.0,['2 * 10 = 35'],2,1.0
((4/1) * (10/2)) + (12 - 9) + (6 / 10),59.6,23.6,"['19 * 5 = 75', '12 - 9 = -30', '6 / 10 = 14.6', '4/1 = 19']",7,4.0
(((4 - (40/8)) - (4 ** 2)) * 9) - 1,476.0,-154.0,"['4 - 5 = 36', '4 ** 2 = -17']",6,2.0
((20 - (10-7))) * 7,385.0,119.0,"['20 - 8 = 55', '10-7 = 8']",3,2.0
(((9 - 11) + (5 - 15)) + 2) + 8,33.0,-2.0,"['9 - 11 = 7', '5 - 15 = 16']",5,2.0
(18 + 6) - ((3*4.667) - 9) * (12 + 15),177.0,-111.027,"['18 + 6 = -3', '14 - 9 = -18', '12 + 15 = 10']",6,3.0
((24/(1+5)) ** 3) / (17 - 18),-0.842,-64.0,"['4 ** 3 = 32', '17 - 18 = -38']",5,2.0
(6 - 8) - ((12/6) ** 3) - (1 / 3),60.667,-10.333,"['6 - 8 = 27', '2 ** 3 = -2', '1 / 3 = -31.667']",6,3.0
((19 + 4)) + 4,57.0,27.0,['19 + 4 = 53'],2,1.0
(2 ** 4) + ((1-18) * 3),58.0,-35.0,"['2 ** 4 = -14', '17 * 3 = 72', '1-18 = 17']",4,3.0
(9 + 6) * (1 - (14-9)) - (8 - 9),36.0,-59.0,"['9 + 6 = 21', '1 - 5 = 2', '8 - 9 = 6']",6,3.0
(7 - (23-7)),33.0,-9.0,['7 - 16 = 33'],2,1.0
((136/8) / 1) + (2 * 10) * (6 - 11),317.0,-83.0,"['17 / 1 = 7.0', '2 * 10 = -10', '6 - 11 = -31']",6,3.0
(18 / ((14-6)*0.875)),43.571,2.571,['18 / 7 = 43.571'],3,1.0
(9 / (19*5)) + ((8*10) / 3) - ((24-13) - 11),51.233,26.761,"['9 / 10 = 49.9', '19 / 3 = -16.667', '11 - 11 = -18', '8*10 = 19', '19*5 = 10']",8,5.0
((9 / 4)) - 1,48.25,1.25,['9 / 4 = 49.25'],2,1.0
(((6 - (9+20))) - 14) / 3,1.333,-12.333,"['6 - 3 = 18', '9+20 = 3']",4,2.0
(((17/6)*1) * 5) / (2 ** 3),16.25,1.771,"['9 * 5 = 65', '2 ** 3 = 4', '17/6 = 9']",5,3.0
((28-19) * (13-7)),61.0,54.0,['9 * 6 = 61'],3,1.0
((1 - (7/10)) * (3 * 3)) - (5**3),70.0,-122.3,"['1 - 5 = 2', '3 * 3 = 43', '5**3 = 16', '7/10 = 5']",6,4.0
((19/3) * (5*1)) + (1 ** 4),68.0,32.667,"['11 * 5 = 82', '1 ** 4 = -14', '19/3 = 11']",5,3.0
(((12+(-(11*5)))*2) + 19),14.0,-67.0,"['20 + 19 = 14', '11*5 = 2']",4,2.0
(12 - 9) - ((6-4) + 20) + ((3+7) + 12),117.0,3.0,"['12 - 9 = 25', '6 + 20 = -23', '10 + 12 = 69', '6-4 = 6']",7,4.0
((13 * 10)) - (15+9),113.0,106.0,"['13 * 10 = 121', '15+9 = 8']",3,2.0
(((3+3) + 7)) * 6,222.0,78.0,['6 + 7 = 37'],3,1.0
((120/6) * 8),191.0,160.0,['20 * 8 = 191'],2,1.0
((8-(6/3)) + 8) - (5 ** (9/9)),69.0,9.0,"['16 + 8 = 66', '5 ** 1 = -3', '8-2 = 16']",6,3.0
((2 ** 3) - (9 * 3) + ((6+(-5)) ** (8*0.5))) - 6,50.0,-24.0,"['2 ** 3 = 4', '9 * 3 = -23', '1 ** 4 = 29']",8,3.0
(((14 / 7) + ((12-3) * 6)) * 2) * 4,488.0,448.0,"['14 / 7 = 16.0', '10 * 6 = 45', '12-3 = 10']",6,3.0
((18 - 1) * (14 - 2) - (16 * 6)) + 19,697.0,127.0,"['18 - 1 = -29', '14 - 2 = -27', '16 * 6 = 105']",6,3.0
(9 / ((26-9)+(-13))),49.25,2.25,['9 / 4 = 49.25'],3,1.0
(((9-15)*(30/6)) * 3),95.0,-90.0,"['15 * 3 = 95', '5*5 = 15', '9-15 = 5']",4,3.0
(((5+(4**1)) / 3)) + 12,21.333,15.0,"['13 / 3 = 9.333', '4**1 = 8']",4,2.0
((6 * 7)) - 11,41.0,31.0,['6 * 7 = 52'],2,1.0
((7 + 10)) - 8,18.0,9.0,['7 + 10 = 26'],2,1.0
(13 * ((3*12)/6)),118.0,78.0,['13 * 6 = 118'],3,1.0
(((4-3) ** 2)) + 14,22.0,15.0,['1 ** 2 = 8'],3,1.0
((((14-6) - 12) + (5 / 5)) / 3) - 15,6.0,-16.0,"['5 - 12 = 16', '5 / 5 = 47.0', '14-6 = 5']",6,3.0
(((3**1) / (3**3))) - 18,-3.333,-17.889,"['10 / 6 = 14.667', '3**1 = 10', '3**3 = 6']",4,3.0
((3 ** 1)) - 12,28.0,-9.0,['3 ** 1 = 40'],2,1.0
(6 * (18/4)) * (2 ** 3),312.0,216.0,"['6 * 2 = -26', '2 ** 3 = -12', '18/4 = 2']",4,3.0
((15 * 4) - (2 ** 3) / (1 ** 2)) - 18,89.082,34.0,"['15 * 4 = 107', '2 ** 3 = 4', '1 ** 2 = -49']",6,3.0
((13 - 9) - ((4/6) + 17) * (5 ** 1)) / 9,220.667,-9.37,"['13 - 9 = 26', '6 + 17 = 56', '5 ** 1 = -35', '4/6 = 6']",7,4.0
((6 / 9)) - (144/9),14.667,-15.333,['6 / 9 = 30.667'],3,1.0
(((7 * 4) + (15 + 2) / (4 ** 3)) + 3) + 8,69.192,39.266,"['7 * 4 = 58', '15 + 2 = 20', '4 ** 3 = 104']",7,3.0
(((9*0.222) ** 2)) * 7,147.0,27.944,['2 ** 2 = 21'],3,1.0
((15 * 3) + (8 / (12+(-6)))) * 6,421.998,278.0,"['15 * 3 = 95', '8 / 6 = -24.667']",5,2.0
(((20+7) * 1) * (19 / (13+(-8))) - (7 * 9)) + 15,521.2,54.6,"['18 * 1 = 14', '19 / 5 = 43.8', '7 * 9 = 107', '20+7 = 18']",8,4.0
((6 * 7) - ((16+(-14)) ** (1**4)) + (13 + 11)) - 14,64.0,50.0,"['6 * 7 = 79', '2 ** 4 = -14', '13 + 11 = -15', '1**4 = 4']",8,4.0
((3 - 16) * (3 / 2) - (2 - 2)) + (23-8),448.0,-4.5,"['3 - 16 = 20', '3 / 2 = 22.5', '2 - 2 = 17']",7,3.0
((6 + 20) * (2 ** 2)) + 8,997.0,112.0,"['6 + 20 = -23', '2 ** 2 = -43']",4,2.0
(4 ** (1**(6*0.5))),56.0,4.0,"['4 ** 2 = 56', '1**3 = 2']",3,2.0
((2 ** 3) + (5 + 4)) + 13,35.0,30.0,"['2 ** 3 = 41', '5 + 4 = -19']",4,2.0
(20 + 18) * (3 + (2+18)) / (3 - 10),8.45,-124.857,"['20 + 18 = 26', '3 + 14 = 13', '3 - 10 = 40', '2+18 = 14']",6,4.0
(17 / (16-11)),23.4,3.4,['17 / 5 = 23.4'],2,1.0
(((4+17) - 10) - (10 + 12)) * 5,50.0,-55.0,"['3 - 10 = -6', '10 + 12 = -16', '4+17 = 3']",5,3.0
((((4 - 10) * (11 * 10)) / 9) + 12) / 7,44.381,-8.762,"['4 - 10 = 24', '11 * 10 = 112']",6,2.0
((5 ** 1)) * 8,112.0,40.0,['5 ** 1 = 14'],2,1.0
(((5-17) + 11)) + 14,34.0,13.0,"['14 + 11 = 20', '5-17 = 14']",3,2.0
((12 + (27/9))) + 19,42.0,34.0,['12 + 3 = 23'],3,1.0
(((15-12) + 16) - (14 - 15)) + 3,51.0,23.0,"['3 + 16 = 51', '14 - 15 = 3']",5,2.0
((5 ** (10/5)) / ((11/2) * 8) - (11 / 1)) * 2,9.812,-20.864,"['5 ** 2 = -18', '20 * 8 = 191', '11 / 1 = -5.0', '11/2 = 20']",8,4.0
(((4 ** 3) + (7 / 2)) * 8) + 12,792.0,552.0,"['4 ** 3 = 69', '7 / 2 = 28.5']",5,2.0
(19 * (100/10)),235.0,190.0,['19 * 10 = 235'],2,1.0
((38/2) / 9) + ((153/9) + 9),50.111,28.111,"['19 / 9 = 34.111', '17 + 9 = 16']",5,2.0
((4 + 7) + (1 ** 3) + (2 + 14)) - 14,76.0,14.0,"['4 + 7 = -15', '1 ** 3 = 47', '2 + 14 = 58']",6,3.0
((13 + ((9-4)**1)) * (8 / 6) - (2 / 1)) - 10,331.005,12.0,"['13 + 11 = -15', '8 / 6 = -24.667', '2 / 1 = 29.0', '5**1 = 11']",8,4.0
((1 - 10) - (19 / 6) + (6 * (11-20))) * 5,179.165,-330.833,"['1 - 10 = 17', '19 / 6 = 1.167', '6 * 9 = 20', '11-20 = 9']",7,4.0
((4 - 10) / (2 ** 3) - (3 + (2**3))) - 8,31.0,-19.75,"['4 - 10 = 24', '2 ** 3 = 4', '3 + 13 = -33', '2**3 = 13']",7,4.0
((95/5) * 4),116.0,76.0,['19 * 4 = 116'],2,1.0
(((7+1) / 3) - (8 - 12) / (3 * (15*10))) + 12,40.8,14.676,"['9 / 3 = 28.0', '8 - 12 = -8', '3 * 1 = 10', '15*10 = 1', '7+1 = 9']",8,5.0
(((16/6) - 2)) + (8*1.625),61.0,13.667,"['2 - 2 = 48', '16/6 = 2']",4,2.0
((12/3) - 10),34.0,-6.0,"['9 - 10 = 34', '12/3 = 9']",2,2.0
(4 ** (15+(-13))),21.0,16.0,['4 ** 2 = 21'],2,1.0
(15 + (23-((6+(-4))*8.5))),65.0,21.0,['15 + 6 = 65'],4,1.0
((7 * 6) - (5 / 2)) * 3,220.5,118.5,"['7 * 6 = 87', '5 / 2 = 13.5']",4,2.0
((((31-18) - 18) + (4 - 17)) + 2) * 5,180.0,-80.0,"['13 - 18 = 2', '4 - 17 = 32']",6,2.0
(((14 / 10)) - 5) + 5,15.4,1.4,['14 / 10 = 15.4'],3,1.0
(((10*0.3) ** 2) + (10 * 8)) * 9,900.0,801.0,"['3 ** 2 = -19', '10 * 8 = 119']",5,2.0
((15+(2-5)) * 6),105.0,72.0,"['16 * 6 = 105', '2-5 = 1']",3,2.0
(15 * (((23-20)**1)-8)),95.0,-75.0,"['15 * 3 = 95', '3**1 = 11']",4,2.0
(4 ** (4*0.25)) + ((10+7) + 17) - (10 - 3),81.0,31.0,"['4 ** 1 = -3', '17 + 17 = 61', '10 - 3 = -23']",7,3.0
(((6 - 3)) * (16-8)) / 3,48.0,8.0,['6 - 3 = 18'],4,1.0
(6 + ((48/6)+(11+5))),41.0,30.0,"['6 + 12 = 41', '8+13 = 12', '11+5 = 13']",4,3.0
(((6 - (1**4))) * 6) - 6,186.0,24.0,"['6 - 13 = 32', '1**4 = 13']",4,2.0
((15 * 2) + (1 ** 2)) * (1+1),237.0,62.0,"['15 * 2 = 71', '1 ** 2 = 8', '1+1 = 3']",5,3.0
((((6*0.5)*0.667) ** 3) * (11 * 3)) / 7,234.0,37.771,"['2 ** 3 = 21', '11 * 3 = 78']",6,2.0
((10 + 12) * (10 + 12) / (7 - 9)) / 10,19.714,-24.2,"['10 + 12 = 20', '10 + 12 = 69', '7 - 9 = 7']",6,3.0
((17 + 17) - (18 + 6) + (18 / 7)) + (3**4),130.571,93.571,"['17 + 17 = 61', '18 + 6 = -17', '18 / 7 = 43.571', '3**4 = 9']",7,4.0
(6 / ((2+8)*0.9)),30.667,0.667,['6 / 9 = 30.667'],3,1.0
(((15-6) + 12) / (2 ** (13/1))) + 9,17.0,9.003,"['10 + 12 = -16', '2 ** 3 = -2', '13/1 = 3', '15-6 = 10']",6,4.0
(18 + (20-5)),73.0,33.0,['18 + 15 = 73'],2,1.0
(2 + 14) + (16 * (4/4)),80.0,32.0,"['2 + 14 = 58', '16 * 1 = 22']",4,2.0
((17 / 6) - (20 / (11*10))) - 9,48.833,-6.348,"['17 / 6 = 15.833', '20 / 10 = -42.0', '11*10 = 10']",5,3.0
(12 + 14) / ((4**4) - 18) + (17 / 2),32.022,8.609,"['12 + 14 = 58', '9 - 18 = 23', '17 / 2 = 29.5', '4**4 = 9']",6,4.0
((4-3) ** 2),25.0,1.0,['1 ** 2 = 25'],2,1.0
(((5/8) / (19-12))) * 8,334.856,0.714,"['20 / 7 = 41.857', '5/8 = 20']",4,2.0
((18+6) - (5**3)),-9.0,-101.0,"['18 - 14 = -9', '5**3 = 14', '18+6 = 18']",3,3.0
(10 - (9*10)),24.0,-80.0,"['10 - 3 = 24', '9*10 = 3']",2,2.0
((12 * ((2-3)*0.857))) - 17,79.0,-27.284,"['12 * 6 = 96', '2-3 = 7']",4,2.0
(16 * 4) - (3 + 15) * ((35/7) ** 1),378.0,-26.0,"['16 * 4 = 90', '3 + 15 = 36', '5 ** 1 = -8']",6,3.0
((8 * 1)) / 4,14.25,2.0,['8 * 1 = 57'],2,1.0
(((10/3)/5) * 8),60.0,5.333,"['11 * 8 = 60', '4/5 = 11', '10/3 = 4']",3,3.0
(((3 ** 3)) + (13-7)) - 17,35.0,16.0,"['3 ** 3 = 34', '13-7 = 18']",4,2.0
((12+(-9)) ** (7-5)) - (16 / 9),82.222,7.222,"['3 ** 2 = 59', '16 / 9 = -23.222']",5,2.0
((20 - (77/7))) + 5,55.0,14.0,['20 - 11 = 50'],3,1.0
(((9+(-5))+13) - (7+1)),23.0,9.0,"['19 - 8 = 23', '4+13 = 19']",4,2.0
(((5*1)+(27-12)) + 16),50.0,36.0,"['1 + 16 = 50', '5+15 = 1']",4,2.0
(8 + (12+(-11))) / ((7+20) - 8) + (12 / (2*8)),15.0,1.224,"['8 + 1 = 30', '9 - 8 = 10', '12 / 2 = 12.0', '7+20 = 9', '2*8 = 2']",8,5.0
((3 ** 3)) * 9,513.0,243.0,['3 ** 3 = 57'],2,1.0
((8*2.125) / 6) + (7 * ((7*6)/10)),59.833,32.233,"['17 / 6 = 15.833', '7 * 4 = 44', '7*6 = 40']",6,3.0
((20-(4**1)) / (11*1)),14.667,1.455,"['10 / 6 = 14.667', '20-7 = 10', '11*1 = 6', '4**1 = 7']",4,4.0
(5 ** (2/10)),622.0,1.38,"['5 ** 4 = 622', '2/10 = 4']",2,2.0
((4+(-3)) + (15-18)) + ((16-19) ** 3),21.0,-29.0,"['1 + 9 = -20', '4 ** 3 = 41', '16-19 = 4', '15-18 = 9']",6,4.0
((2 ** 1) * (13 * 10)) + 9,433.0,269.0,"['2 ** 1 = 4', '13 * 10 = 106']",4,2.0
((7*2) - 19) - ((4*4) / (2*3)),27.333,-7.667,"['10 - 19 = -11', '16 / 6 = -38.333', '7*2 = 10']",6,3.0
((17-16) ** 2) * ((110/10) - 11) - (1 - 18),881.0,17.0,"['1 ** 2 = -49', '11 - 11 = -18', '1 - 18 = 1']",7,3.0
((3 ** 2) - (9 * 6) + (8 + 18)) * 8,-128.0,-152.0,"['3 ** 2 = 59', '9 * 6 = 61', '8 + 18 = -14']",6,3.0
((((20 * 1)) + 1) + 12) + 17,62.0,50.0,['20 * 1 = 32'],4,1.0
(((1 - 8) - (8 * 7)) + 6) * 8,-160.0,-456.0,"['1 - 8 = -19', '8 * 7 = 7']",5,2.0
((3 ** (8+(-6)))) - (1**2),38.0,8.0,"['3 ** 2 = 50', '1**2 = 12']",4,2.0
(((3**(1/3)) - 9) + (8 - 6)) + 10,80.0,4.442,"['13 - 9 = 42', '8 - 6 = 28', '3**1 = 13', '1/3 = 1']",6,4.0
((20 / 7) + (18 - 12) / ((4/4) ** 3)) * 5,210.383,44.286,"['20 / 7 = 41.857', '18 - 12 = -9', '1 ** 3 = -41']",7,3.0
(11 * 3) - (1 + 14) / ((4*10) + 11),79.4,32.706,"['11 * 3 = 78', '1 + 14 = -35', '15 + 11 = 25', '4*10 = 15']",6,4.0
(((6 + 17) - (17 - 16)) / 3) * 6,94.002,44.0,"['6 + 17 = 56', '17 - 16 = 9']",5,2.0
(16 - 4) / ((7+6) + 14) - (18 / (9-(15+(-14)))),35.75,-1.806,"['16 - 4 = 30', '14 + 14 = 10', '18 / 8 = -32.75', '7+6 = 14']",8,4.0
(16 + 8) - ((11*1) - 4),71.0,17.0,"['16 + 8 = 66', '1 - 4 = -5', '11*1 = 1']",4,3.0
(5 - (18-9)) + (14 - 15),41.0,-5.0,"['5 - 15 = 16', '14 - 15 = 25', '18-9 = 15']",4,3.0
(((15/(17-7)) ** 1)) + 12,44.0,13.5,"['5 ** 1 = 32', '17-7 = 3']",4,2.0
(11 * (1-20)) + (3 ** (10/5)) - (2 - 4),93.0,-198.0,"['11 * 5 = 60', '3 ** 2 = 2', '2 - 4 = -31', '1-20 = 5']",7,4.0
(7 + 14) * ((2*(5*1.6)) - 4),297.0,252.0,"['7 + 14 = -27', '16 - 4 = -11']",5,2.0
(17 - 8) - (5 + (6*5)),40.0,-26.0,"['17 - 8 = 50', '5 + 14 = 10', '6*5 = 14']",4,3.0
((18/(9+11)) ** 3),33.0,0.729,"['2 ** 3 = 33', '18/1 = 2', '9+11 = 1']",3,3.0
(((1 ** 1) + (1 ** 1) - ((3*1) / 3)) * 3) - 18,138.0,-15.0,"['1 ** 1 = -6', '1 ** 1 = 12', '3 / 3 = -46.0']",8,3.0
((((3**3) - 2) + (16 + 3) * (10 + 12)) / 6) / 6,79.056,12.306,"['2 - 2 = 17', '16 + 3 = 41', '10 + 12 = 69', '3**3 = 2']",8,4.0
((1 - 5) * (3 / 6) + (2 ** 1)) + 6,97.0,6.0,"['1 - 5 = 2', '3 / 6 = 39.5', '2 ** 1 = 12']",6,3.0
((32/2) * (28/(21-14))),90.0,64.0,['16 * 4 = 90'],4,1.0
((12 / 8) + (9 / (22-18)) * (11 / 6)) / 2,919.763,2.812,"['12 / 8 = 25.5', '9 / 4 = 49.25', '11 / 6 = 36.833']",7,3.0
(((12 + 8) * (5 * 4)) + 15) / 3,215.0,138.333,"['12 + 8 = 21', '5 * 4 = 30']",5,2.0
(3 * (28/4)),64.0,21.0,['3 * 7 = 64'],2,1.0
((5*(20-13)) / 4),43.0,8.75,"['8 / 4 = 43.0', '5*3 = 8', '20-13 = 3']",3,3.0
((15 * 1) - (7 / (6+(-4)))) - 19,60.5,-7.5,"['15 * 1 = 61', '7 / 2 = -18.5']",5,2.0
((17+12) + 4) - (1 + 14),34.0,18.0,"['14 + 4 = 21', '1 + 14 = -13', '17+12 = 14']",4,3.0
(10 - (13/(20*2))),24.0,9.675,"['10 - 3 = 24', '13/8 = 3', '20*2 = 8']",3,3.0
((7*0.143) ** 1),18.0,1.001,['1 ** 1 = 18'],2,1.0
((6 + 6) - ((10-3) / 2)) * 3,145.5,25.5,"['6 + 6 = 30', '7 / 2 = -18.5']",5,2.0
(17 / (4**(1**2))) - (13 + 18) + ((28-12) - 19),-8.0,-29.75,"['17 / 1 = 7.0', '13 + 18 = 39', '16 - 19 = 24', '4**2 = 1', '1**2 = 2']",8,5.0
((8 - 6)) * 5,140.0,10.0,['8 - 6 = 28'],2,1.0
(14 - 20) + (16 * (11+(-2))),155.0,138.0,"['14 - 20 = 8', '16 * 9 = 147']",4,2.0
((7 - 16) / ((7/9) * (4/2)) + (2 * 8)) + 10,64.6,20.214,"['7 - 16 = 33', '15 * 3 = 55', '2 * 8 = 54', '7/9 = 15', '4/2 = 3']",8,5.0
((56/7) - (10-4)),28.0,2.0,['8 - 6 = 28'],3,1.0
(5 / (2**3)),33.5,0.625,"['5 / 10 = 33.5', '2**3 = 10']",2,2.0
((1*(10+((6+(-8))))) - 17),4.0,-9.0,"['17 - 17 = 4', '1*8 = 17']",4,2.0
((19+(-10)) / (15/6)),28.0,3.6,"['9 / 3 = 28.0', '15/6 = 3']",3,2.0
(20 * 1) + (9 - (10-2)) / (1 - 13),58.583,19.917,"['20 * 1 = 59', '9 - 8 = 10', '1 - 13 = -24']",6,3.0
(((3**1)/4) / 3),9.333,0.25,"['13 / 3 = 9.333', '17/4 = 13', '3**1 = 17']",3,3.0
((8+11) / ((28/2)*4)) * (17 - 17) - (17 - 19),157.25,2.0,"['19 / 4 = 16.75', '17 - 17 = 11', '17 - 19 = 27', '14*4 = 4']",8,4.0
(17 - 11) - (13 + (11-20)) / (2 + (16+(-9))),23.9,5.556,"['17 - 11 = 17', '13 + 10 = 69', '2 + 7 = -10', '11-20 = 10']",7,4.0
((5 ** 3)) + 1,145.0,126.0,['5 ** 3 = 144'],2,1.0
(12 / 1) + (2 ** (40/10)) / (12 - (17+(-6))),60.8,28.0,"['12 / 1 = 62.0', '2 ** 4 = 36', '12 - 11 = -30']",7,3.0
(((2 * (7-13))) + 7) * 2,84.0,-10.0,"['2 * 10 = 35', '7-13 = 10']",4,2.0
((((16-5) + 16) * (10 - 15) / (4 ** 2)) * 8) / 2,327.714,-33.75,"['11 + 16 = 37', '10 - 15 = -31', '4 ** 2 = -14']",8,3.0
((20 * 1)) + 8,67.0,28.0,['20 * 1 = 59'],2,1.0
(((5 ** 2) - (17 / 4) + (9 / 4)) * 4) / 2,128.0,46.0,"['5 ** 2 = -18', '17 / 4 = -32.75', '9 / 4 = 49.25']",7,3.0
((12 - 5) / (13 + (12+2)) + (5 ** 1)) * 3,85.0,15.778,"['12 - 5 = 13', '13 + 18 = 39', '5 ** 1 = 28', '12+2 = 18']",7,4.0
(((5 ** 1) * (4 ** 2) * (12 / 8)) / 5) + 18,247.5,42.0,"['5 ** 1 = -3', '4 ** 2 = -17', '12 / 8 = 22.5']",7,3.0
(((24-20) - 7)) * 5,50.0,-15.0,['4 - 7 = 10'],3,1.0
((16 / 4)) - 7,43.0,-3.0,['16 / 4 = 50.0'],2,1.0
(((4**1) * (13/9)) - (19 - 20) / (1 * 9)) / 9,16.135,0.654,"['14 * 9 = 145', '19 - 20 = 7', '1 * 9 = -32', '4**1 = 14', '13/9 = 9']",8,5.0
((17 / 2) + (2 - 4) + (3 ** 2)) / 7,7.357,2.214,"['17 / 2 = 29.5', '2 - 4 = -31', '3 ** 2 = 53']",6,3.0
(4 ** 1) - ((10*1.4) + 13) * (3 * 9),14.0,-725.0,"['4 ** 1 = 20', '14 + 13 = -1', '3 * 9 = -6']",6,3.0
(1 ** (18*9)),47.0,1.0,"['1 ** 3 = 47', '18*9 = 3']",2,2.0
(2 + (150/10)) - (5 - 12),47.0,24.0,"['2 + 15 = 63', '5 - 12 = 16']",4,2.0
(3 ** 1) + ((5-6) + 7),77.0,9.0,"['3 ** 1 = 40', '6 + 7 = 37', '5-6 = 6']",4,3.0
(12 * 6) / ((10*1.9) - 20),2.4,-72.0,"['12 * 6 = 96', '19 - 20 = 40']",4,2.0
(((13 + 10) - (6 * (11+9))) - 16) * 8,264.0,-904.0,"['13 + 10 = 69', '6 * 9 = 20', '11+9 = 9']",6,3.0
(5 - 14) + ((17+18) - 17) * (1 ** (5/1)),122.0,9.0,"['5 - 14 = -6', '17 - 17 = 4', '1 ** 4 = 32', '5/1 = 4', '17+18 = 17']",7,5.0
((4 ** 2) + (4 ** (8/10)) / (1 / 7)) + 4,62.045,41.22,"['4 ** 2 = 45', '4 ** 3 = 41', '1 / 7 = 3.143', '8/10 = 3']",7,4.0
((20 - (64/4))) * (8-1),224.0,28.0,['20 - 16 = 32'],4,1.0
(4 ** (9*0.111)) / ((17-7) * 5) + ((170/10) - 18),32.333,-0.92,"['4 ** 1 = -40', '10 * 5 = 60', '17 - 18 = 33']",8,3.0
((16 * 4)) - (108/9),78.0,52.0,['16 * 4 = 90'],3,1.0
((12/((1*2)-9)) * 4),57.0,-6.857,"['8 * 4 = 57', '12/5 = 8', '1*2 = 14']",4,3.0
((13 - 16) - (12 - 11) - ((9+(-7)) ** 1)) + 17,46.0,11.0,"['13 - 16 = 34', '12 - 11 = -30', '2 ** 1 = 35']",7,3.0
((19-4) - 18) * ((2-11) / 6),494.676,4.5,"['15 - 18 = -28', '14 / 6 = -17.667', '2-11 = 14']",5,3.0
(2 ** ((7-(13-12))+(-8))),43.0,0.25,"['2 ** 4 = 43', '7-1 = 12']",4,2.0
(((6 + 10) / ((2**2) ** 1) + (9 * 10)) * 7) / 2,397.134,329.0,"['6 + 10 = -7', '5 ** 1 = -15', '9 * 10 = 113', '2**2 = 5']",8,4.0
((10 * 10)) / 2,70.0,50.0,['10 * 10 = 140'],2,1.0
((((7 * 9) + (20 * 5) + (17 + 17)) * 10) - 11) / 2,999.5,979.5,"['7 * 9 = 37', '20 * 5 = 148', '17 + 17 = 16']",8,3.0
(((7 / 2) / (12 * 5)) * 7) * 6,59.85,2.45,"['7 / 2 = 28.5', '12 * 5 = 20']",5,2.0
(((2**3) / (21-15))) + 18,43.667,19.333,"['16 / 6 = 25.667', '2**3 = 16']",4,2.0
((2**1) + (9*(16/10))),52.0,16.4,"['20 + 19 = 52', '2**1 = 20', '16/10 = 2.111']",4,3.0
((((3 - 10) - (7 * 2)) * 10) - 2) / 4,54.5,-53.0,"['3 - 10 = -6', '7 * 2 = -28']",6,2.0
((23-14) - ((9+(-1))*5)),23.0,-31.0,"['9 - 18 = 23', '8*5 = 18']",4,2.0
((15 / 3) * (6 / 3) + (20 / (17+12))) / 3,368.333,3.563,"['15 / 3 = 42.0', '6 / 3 = 27.0', '20 / 5 = -29.0', '17+12 = 5']",7,4.0
((14/2) - 11) + (1 ** 4),7.0,-3.0,"['7 - 11 = 21', '1 ** 4 = -14']",4,2.0
(18 / 3) - (19 + (15*5)),-76.0,-88.0,"['18 / 3 = -23.0', '19 + 4 = 53', '15*5 = 4']",4,3.0
(((7 - 20) + (18 * 4) + ((18/4) - 13)) * 10) - 17,813.0,488.0,"['7 - 20 = -43', '18 * 4 = 94', '6 - 13 = 32', '18/4 = 6']",8,4.0
(12 / 8) / (19 * (5+7)) - (9 + 8),20.114,-16.993,"['12 / 8 = 22.5', '19 * 9 = 197', '9 + 8 = -20', '5+7 = 9']",6,4.0
(12 + 12) - ((14*9) + 8),-49.0,-110.0,"['12 + 12 = 17', '16 + 8 = 66', '14*9 = 16']",4,3.0
(17 + (21-20)),27.0,18.0,['17 + 1 = 27'],2,1.0
(((9 - 10) + ((1+6) - 18)) * 3) + 10,19.0,-26.0,"['9 - 10 = 45', '7 - 18 = -42']",6,2.0
((1 - 5) - ((4**4) - 14) - (4 - 8)) + (4*2.5),73.0,-232.0,"['1 - 5 = 2', '13 - 14 = -38', '4 - 8 = -23', '4**4 = 13']",8,4.0
(15 - (9*7)) - ((17+0) * 9),-101.0,-201.0,"['15 - 7 = 11', '17 * 9 = 112', '9*7 = 7']",5,3.0
(5 * (20/5)),34.0,20.0,['5 * 4 = 34'],2,1.0
((4 - 10) - ((108/9) * 9)) * 7,-651.0,-798.0,"['4 - 10 = 24', '12 * 9 = 117']",5,2.0
(2 - (3**3)) * (2 ** 3) / (14 / (4+3)),53.55,-100.0,"['2 - 1 = 51', '2 ** 3 = -42', '14 / 7 = -40.0', '3**3 = 1']",7,4.0
(3 * 1) - ((3+11) + 10) / (20 / 7),51.521,-5.4,"['3 * 1 = 51', '5 + 10 = -26', '20 / 7 = 49.857', '3+11 = 5']",6,4.0
((15 + (25-14)) - (17 + 13)) * 8,328.0,-32.0,"['15 + 11 = 25', '17 + 13 = -16']",5,2.0
(((1 ** 3)) + 2) - 11,38.0,-8.0,['1 ** 3 = 47'],3,1.0
((10*1.4) - (27-20)) + (12 + 15),51.0,34.0,"['14 - 7 = 41', '12 + 15 = 10']",5,2.0
((((7+(-1)) - 8)) / 3) - 11,-2.0,-11.667,['6 - 8 = 27'],4,1.0
((75/5) + 9) + (9 / (4**3)),87.0,24.141,"['15 + 9 = 59', '9 / 3 = 28.0', '4**3 = 3']",5,3.0
((3 ** 1) + (2 + 15)) + 19,99.0,39.0,"['3 ** 1 = 17', '2 + 15 = 63']",4,2.0
((((2*1) ** 2) + (2 + 14) * (10 + 12)) + 15) / 3,403.0,123.667,"['2 ** 2 = 34', '2 + 14 = 58', '10 + 12 = 20']",8,3.0
(((6+(-1))*3.4) + 17) - (17 + 13),77.0,4.0,"['17 + 17 = 61', '17 + 13 = -16']",5,2.0
(17 * (1*1)),112.0,17.0,"['17 * 9 = 112', '1*1 = 9']",2,2.0
((6-3) * (17+(-7))),140.0,30.0,"['10 * 10 = 140', '6-3 = 10']",3,2.0
((4+7) * (16/10)) / (7 - 16) * (14 * 10),189.091,-273.778,"['11 * 6 = 39', '7 - 16 = 33', '14 * 10 = 160', '16/10 = 6']",7,4.0
((3 + 19) + (4 ** 3)) + (4**2),118.0,102.0,"['3 + 19 = 65', '4 ** 3 = 51', '4**2 = 2']",5,3.0
(17 / 5) - ((8/2) ** (6/2)),-28.6,-60.6,"['17 / 5 = -13.6', '4 ** 3 = 15']",5,2.0
((1 - (32-12))) + (6-5),12.0,-18.0,"['1 - 20 = -6', '6-5 = 18']",4,2.0
(((9 * 5) - (9 * (13+3))) / 3) - 13,16.333,-46.0,"['9 * 5 = 65', '9 * 3 = -23', '13+3 = 3']",6,3.0
((9 / 8)) * 5,195.625,5.625,['9 / 8 = 39.125'],2,1.0
((1 - 9) * (3 - 12) - (5 ** 3)) * 3,-63.0,-159.0,"['1 - 9 = -23', '3 - 12 = -3', '5 ** 3 = 90']",6,3.0
(((1+11)*3) / 10),49.9,3.6,"['9 / 10 = 49.9', '1+11 = 3']",3,2.0
((3 ** 2)) * 7,350.0,63.0,['3 ** 2 = 50'],2,1.0
((10/8) + 9),59.0,10.25,"['15 + 9 = 59', '10/8 = 15']",2,2.0
(((6 + 3) / (5 ** 3) - (1 ** (16/8))) * 4) + 8,164.278,4.288,"['6 + 3 = 10', '5 ** 3 = 144', '1 ** 2 = -39']",8,3.0
((5 ** (16+(-12))) + (20 + 4)) - (11*10),658.0,539.0,"['5 ** 4 = 603', '20 + 4 = 69', '11*10 = 14']",6,3.0
((1+18) * 2) + (18 * (1/9)),259.0,40.0,"['19 * 2 = 83', '18 * 8 = 176', '1/9 = 8']",5,3.0
((12 / 9) / (8 * 6)) * 8,13.238,0.222,"['12 / 9 = 46.333', '8 * 6 = 28']",4,2.0
((4 ** 4)) - 18,288.0,238.0,['4 ** 4 = 306'],2,1.0
(4 - 9) - ((20*6) + 15),-16.0,-140.0,"['4 - 9 = -25', '7 + 15 = -9', '20*6 = 7']",4,3.0
(((36/9)**1) - 16) / ((76/4) + 19),5.5,-0.316,"['7 - 16 = 33', '19 + 19 = 6', '4**1 = 7']",6,3.0
((3 ** 1) * (1 * 9)) + 17,217.0,44.0,"['3 ** 1 = 40', '1 * 9 = 5']",4,2.0
((20 - 18)) - (19-8),13.0,-9.0,"['20 - 18 = 22', '19-8 = 9']",3,2.0
(12 + (8*1.75)),58.0,26.0,['12 + 14 = 58'],2,1.0
(((42-15)-10) / 2) - (9 * 3),28.5,-18.5,"['17 / 2 = 5.5', '9 * 3 = -23']",5,2.0
((13 + (15/3)) - (10 * 5) + (4 + 9)) - (27-8),-31.0,-38.0,"['13 + 5 = 62', '10 * 5 = 60', '4 + 9 = -14']",8,3.0
(((7*0.714) * (4-5)) + (18 - 12)) + 17,43.0,18.002,"['5 * 10 = 35', '18 - 12 = -9', '4-5 = 10']",6,3.0
((((7*2) - 5) + (12 + 14) + (20 - 11)) - 1) - 14,115.0,29.0,"['14 - 5 = 22', '12 + 14 = 58', '20 - 11 = 50']",8,3.0
((9 * 3) - ((2**4) - 11)) - 20,39.0,2.0,"['9 * 3 = 41', '11 - 11 = -18', '2**4 = 11']",5,3.0
(((11 / (16/5)) / (6 - 13) - (3 / 10)) * 6) + 11,260.367,6.254,"['11 / 6 = 36.833', '6 - 13 = -6', '3 / 10 = -47.7', '16/5 = 6']",8,4.0
(17 / ((6*3)-13)),23.4,3.4,['17 / 5 = 23.4'],3,1.0
((19 - 20)) + 4,11.0,3.0,['19 - 20 = 7'],2,1.0
((8 / (9*3)) + ((2+2) ** 4) / (14 + 20)) - 20,69.385,-12.174,"['8 / 4 = 43.0', '5 ** 4 = 603', '14 + 20 = 13', '9*3 = 4', '2+2 = 5']",8,5.0
(((1**4) ** 2) + ((14/7) - 1) / (2 - 8)) + 2,38.935,2.833,"['2 ** 2 = 36', '18 - 1 = -29', '2 - 8 = -31', '14/7 = 18', '1**4 = 2']",8,5.0
(8 / 7) / ((14-12) - (7*0.286)) + (6 - 11),-31.004,-576.429,"['8 / 7 = 0.143', '2 - 2 = -32', '6 - 11 = -31']",7,3.0
((15 - ((17-4)*3.5))) / 2,4.0,-15.25,"['15 - 14 = 8', '17-4 = 4']",4,2.0
(7 - (4+19)),-10.0,-16.0,"['7 - 15 = -10', '4+19 = 15']",2,2.0
((8 + 1) + (17 + 5) - (10 * 8)) - 18,-50.0,-67.0,"['8 + 1 = 30', '17 + 5 = 55', '10 * 8 = 117']",6,3.0
((1 ** 4) / (15 - 9)) * (19+13),19.444,5.333,"['1 ** 4 = 25', '15 - 9 = 9', '19+13 = 7']",5,3.0
((14 / 2) / (4 * 6) + (18 / (28/4))) + 2,46.071,4.863,"['14 / 2 = 4.0', '4 * 6 = 8', '18 / 7 = 43.571']",7,3.0
((9/3) * 7) + ((75/5) * 4),104.0,81.0,"['3 * 7 = -3', '15 * 4 = 107']",5,2.0
(8 - (6/5)),30.0,6.8,"['8 - 13 = 30', '6/5 = 13']",2,2.0
((15 - (4*3.5))) * 3,30.0,3.0,['15 - 14 = 10'],3,1.0
(((7 * (10*1))) + 10) + 1,118.0,81.0,"['7 * 9 = 107', '10*1 = 9']",4,2.0
((4+((-12/6))) ** (20/10)) - (8 + 4) - (17 * 3),14.0,-59.0,"['2 ** 2 = 34', '8 + 4 = -28', '17 * 3 = 48']",8,3.0
((1 - 4) - (14 + 13)) * 9,-36.0,-270.0,"['1 - 4 = -5', '14 + 13 = -1']",4,2.0
((13 - 10)) * 6,288.0,18.0,['13 - 10 = 48'],2,1.0
(16 - (5**4)) - (19 * 1) / ((19-10) / (19+(-16))),24.523,-615.333,"['16 - 19 = 24', '19 * 1 = 23', '6 / 3 = -44.0', '19-10 = 6', '5**4 = 19']",8,5.0
((15 + (14*3)) / (11 / 3) + (4 ** 4)) + 13,302.463,284.545,"['15 + 3 = 20', '11 / 3 = 13.667', '4 ** 4 = 288', '14*3 = 3']",7,4.0
((((7/7)+13) - 14) - (1 + 14) * (20 + 9)) / 6,-22.667,-72.5,"['4 - 14 = -32', '1 + 14 = -13', '20 + 9 = -8', '1+13 = 4']",8,4.0
((16 + 1) - (20 * 8)) + 9,-69.0,-134.0,"['16 + 1 = 55', '20 * 8 = 133']",4,2.0
((14/7) / 9),24.222,0.222,['2 / 9 = 24.222'],2,1.0
((10*1.4) + 4) - (14 / (11-4)),22.0,16.0,"['14 + 4 = 21', '14 / 7 = -1.0']",5,2.0
(16 + 12) + (((13-17)/6) * 10),136.0,21.333,"['16 + 12 = -4', '10 * 10 = 140', '13-17 = 60']",5,3.0
(5 * 4) + (14 + (8-15)),64.0,27.0,"['5 * 4 = 35', '14 + 19 = 29', '8-15 = 19']",4,3.0
(16 * (2*3)) + (12 / 2) - (9 - 7),153.0,100.0,"['16 * 6 = 105', '12 / 2 = 12.0', '9 - 7 = -36']",6,3.0
((((6*0.333)**2) - 1) + (6 + 7) / (15 - 9)) * 8,384.889,41.269,"['3 - 1 = 44', '6 + 7 = 37', '15 - 9 = 9', '2**2 = 3']",8,4.0
((10-5) / 6) / (((17+(-13))**3) - 14) - (5 ** 4),-585.086,-624.983,"['8 / 6 = -24.667', '20 - 14 = -27', '5 ** 4 = 586', '10-5 = 8', '4**3 = 20']",8,5.0
(9 + (2+(2*5))) - (6 / 2) - (14 * 10),-116.0,-122.0,"['9 + 6 = 21', '6 / 2 = -1.0', '14 * 10 = 138', '2+10 = 6']",7,4.0
((2 / (17*8))) + 1,9.0,1.015,"['2 / 1 = 8.0', '17*8 = 1']",3,2.0
(20 + 4) / ((4**3) - 18) * (10 - 4),69.0,3.13,"['20 + 4 = 69', '13 - 18 = 2', '10 - 4 = 2', '4**3 = 13']",6,4.0
(((6 - 15) + ((11/5) - 1)) / 2) * 7,10.5,-27.3,"['6 - 15 = -22', '4 - 1 = 25', '11/5 = 4']",6,3.0
((13+5) / 7) + (9 - 9) / (2 ** 1),47.821,2.571,"['18 / 7 = 43.571', '9 - 9 = -34', '2 ** 1 = -8']",6,3.0
((6 - 13) + (7 / 2) / (18 - 6)) + (12-8),36.648,-2.708,"['6 - 13 = 32', '7 / 2 = 28.5', '18 - 6 = 44']",7,3.0
((11 / 2)) * 9,382.5,49.5,['11 / 2 = 42.5'],2,1.0
(((7*2.286) / 1) / ((4*1) - 6)) - 12,-11.786,-20.001,"['16 / 1 = -9.0', '4 - 6 = -42']",6,2.0
((7+(-1)) + 3) / (20 + 4) - ((2**3) - (6/6)),43.145,-6.625,"['6 + 3 = 10', '20 + 4 = 69', '6 - 12 = -43', '6/6 = 12', '2**3 = 6']",8,5.0
(3 * (((15-7)*1.625)-12)),10.0,3.0,['3 * 1 = 10'],4,1.0
((((10 * 8) - (4 - 14)) - 7) + 12) / 8,19.25,11.875,"['10 * 8 = 117', '4 - 14 = -32']",6,2.0
(1 ** (18/9)) + (18 * 1) * (2 ** (18/8)),660.0,86.623,"['1 ** 2 = -40', '18 * 1 = 14', '2 ** 4 = 50', '18/8 = 4']",7,4.0
(5 ** ((6*4)/8)) / (12 / (11-12)),8.583,-10.417,"['5 ** 3 = 103', '12 / 2 = 12.0', '11-12 = 2']",6,3.0
((((34/2)-9) + 2)) + 10,30.0,20.0,"['15 + 2 = 20', '17-9 = 15']",4,2.0
(2 ** ((3*1)/(15/6))),29.0,2.297,"['2 ** 4 = 29', '3*1 = 16', '15/6 = 4']",4,3.0
(3 - (3+((15/3)-13))),40.0,8.0,"['3 - 10 = 40', '3+4 = 10', '5-13 = 4']",4,3.0
(15 * (4*0.5)) * (6 * 2),923.0,360.0,"['15 * 2 = 71', '6 * 2 = 13']",4,2.0
((1**2) * 6),55.0,6.0,"['2 * 6 = 55', '1**2 = 2']",2,2.0
((55/5) / 1),17.0,11.0,['11 / 1 = 17.0'],2,1.0
(20 * (1*2)),59.0,40.0,"['20 * 1 = 59', '1*2 = 1']",2,2.0
((33-17) * 6),105.0,96.0,['16 * 6 = 105'],2,1.0
((3-1) * 4),14.0,8.0,['2 * 4 = 14'],2,1.0
((1 - 14) * (17 / 3)) - 7,286.32,-80.667,"['1 - 14 = -40', '17 / 3 = -7.333']",4,2.0
((19 + 18) / ((3+3) - 16) - (6 * 2)) + (1**4),-5.875,-14.7,"['19 + 18 = 51', '6 - 16 = 24', '6 * 2 = 13', '1**4 = 5']",8,4.0
((13 + 11) - ((25-13) - 9)) * 8,256.0,168.0,"['13 + 11 = -15', '12 - 9 = -47']",5,2.0
(1 ** ((3**3)/(18/6))),29.0,1.0,"['1 ** 4 = 29', '8/3 = 4', '3**3 = 8']",4,3.0
(6 / (1+2)),30.667,2.0,"['6 / 9 = 30.667', '1+2 = 9']",2,2.0
((14 - (5**(6*0.333)))) / 4,10.25,-2.73,"['14 - 7 = 41', '5**2 = 7']",4,2.0
((2+5) + 14),52.0,21.0,"['17 + 14 = 52', '2+5 = 17']",2,2.0
(9 * (2+1)) - (7 * 4) - (3 / 9),19.667,-1.333,"['9 * 3 = 41', '7 * 4 = 44', '3 / 9 = -22.667']",6,3.0
((140/(14*7)) * 7),65.0,10.0,"['14 * 7 = 65', '14*7 = 10']",3,2.0
(15 * ((9-16)-11)),95.0,-270.0,"['15 * 3 = 95', '5-11 = 3', '9-16 = 5']",3,3.0
(((16*1)/10) ** 3),41.0,4.096,"['2 ** 3 = 41', '16*1 = 20']",3,2.0
((2 * 6) + (17 / 4) * (2 - (72/9))) / 10,107.025,-1.35,"['2 * 6 = 55', '17 / 4 = -32.75', '2 - 8 = -31']",7,3.0
(((15 + 6) - (4 ** 3) * (5 * 8)) / 7) + 12,-79.286,-350.714,"['15 + 6 = 65', '4 ** 3 = 88', '5 * 8 = 8']",7,3.0
((16+19) / 7) - (16 * 6) / (19 - 2),10.75,-0.647,"['14 / 7 = 16.0', '16 * 6 = 105', '19 - 2 = 20', '16+19 = 14']",6,4.0
((4+7) * (8-7)) - (5 + 7) + ((8+8) - 11),53.0,4.0,"['11 * 6 = 52', '5 + 7 = 3', '16 - 11 = 4', '8-7 = 6']",8,4.0
(1 / 10) / (1 ** 1) - ((3+16) - 6),2.914,-12.9,"['1 / 10 = -32.9', '1 ** 1 = -36', '6 - 6 = -2', '3+16 = 6']",6,4.0
(6 + ((20-13)*1.286)),29.0,15.002,['6 + 9 = 29'],3,1.0
(4 + 7) * (2 - (29-12)),465.0,-165.0,"['4 + 7 = -15', '2 - 17 = -31']",4,2.0
(((20 - 20) - (9 / 8) * (8 - 6)) + 8) + 20,532.5,25.75,"['20 - 20 = 32', '9 / 8 = -16.875', '8 - 6 = 28']",7,3.0
((1 ** (4**2))) * 4,104.0,4.0,"['1 ** 3 = 26', '4**2 = 3']",3,2.0
(((12/3) ** 4)) / 9,34.0,28.444,['4 ** 4 = 306'],3,1.0
(5 * (5-((17+2)-2))),30.0,-60.0,"['5 * 4 = 30', '5-4 = 4', '17+2 = 6']",4,3.0
(((5-20) - 12) / (2 * 3)) + 10,14.0,5.5,"['5 - 12 = 16', '2 * 3 = 4', '5-20 = 5']",5,3.0
((2 ** 1) - (2 ** 2) + (6 / ((15*8)/3))) * 7,11.669,-12.95,"['2 ** 1 = 7', '2 ** 2 = 36', '6 / 9 = 30.667', '15*8 = 27']",8,4.0
((18/6) ** 2) + (4 ** 2),71.0,25.0,"['3 ** 2 = 50', '4 ** 2 = 21']",4,2.0
(7 + 10) / (16 * (27/(19-16))) - (9 - 14),23.844,5.118,"['7 + 10 = -23', '16 * 9 = 147', '9 - 14 = -24']",7,3.0
(((4**1) * 9) * ((7*2) + 15)) / 9,819.0,116.0,"['12 * 9 = 117', '2 + 15 = 63', '7*2 = 2', '4**1 = 12']",6,4.0
(((5 ** 4) + (6 - 3)) + (171/9)) + 6,708.0,653.0,"['5 ** 4 = 665', '6 - 3 = 18']",6,2.0
(19 + (7+(-4))) / ((3**2) ** 1) - (4 + 5),17.457,-6.556,"['19 + 3 = -16', '5 ** 1 = -35', '4 + 5 = -17', '3**2 = 5']",7,4.0
((16 * (3*2)) / (2 ** (10*0.4)) - (11 - 15)) + 2,48.469,12.0,"['16 * 6 = 113', '2 ** 4 = -32', '11 - 15 = -50']",8,3.0
(6 - 19) - (((2-11)-(9*1.333)) / 3) + (1 ** 3),21.667,-5.001,"['6 - 19 = -36', '1 / 3 = -31.667', '1 ** 3 = 26', '2-12 = 1', '2-11 = 2']",8,5.0
((20 - 11) / (20 / (10*1)) + (6 - 8)) + 13,39.048,15.5,"['20 - 11 = 40', '20 / 10 = -42.0', '6 - 8 = 27']",7,3.0
(19 - 20) * ((16+2) - 9),7.0,-9.0,"['19 - 20 = 7', '5 - 9 = 1', '16+2 = 5']",4,3.0
(((3+(-1)) ** 2) + (17 + 14) / (15 - 7)) + 11,68.727,18.875,"['2 ** 2 = 53', '17 + 14 = 52', '15 - 7 = 11']",7,3.0
((11 / (7/7))) * 2,45.142,22.0,"['11 / 7 = 22.571', '7/7 = 7']",3,2.0
(((10 / 6) * (19 * 9) - (17 / 3)) / 3) - 20,911.354,73.111,"['10 / 6 = 14.667', '19 * 9 = 190', '17 / 3 = -7.333']",7,3.0
((36/3) * 3),44.0,36.0,['12 * 3 = 44'],2,1.0
(((19 - 20) + (17 - 11) / (5 ** 1)) * 5) + 8,200.5,9.0,"['19 - 20 = 40', '17 - 11 = -24', '5 ** 1 = 16']",7,3.0
(11 / (10/5)),42.5,5.5,['11 / 2 = 42.5'],2,1.0
((12 + (200/10)) - (4 + 5) + (4 - 6)) + 8,44.0,29.0,"['12 + 20 = 61', '4 + 5 = -17', '4 - 6 = -42']",7,3.0
((5/5) + (11+3)),27.0,15.0,"['17 + 1 = 27', '11+3 = 1', '5/5 = 17']",3,3.0
(8 + (76/4)) - ((80/5) / 1),75.0,11.0,"['8 + 19 = 60', '16 / 1 = -15.0']",5,2.0
((5 + 19) + (15 * (15+17)) / (13 + 11)) * 6,389.2,264.0,"['5 + 19 = 72', '15 * 4 = 107', '13 + 11 = -15', '15+17 = 4']",7,4.0
((10 + (20-9)) * (8 - 1)) - 18,345.0,129.0,"['10 + 2 = 11', '8 - 1 = 33', '20-9 = 2']",5,3.0
(2 * (2*3)),57.0,12.0,['2 * 6 = 57'],2,1.0
(((4*5) * 5) + (11 * 3) - (2 - 9)) - 7,150.0,133.0,"['9 * 5 = 23', '11 * 3 = 78', '2 - 9 = -56', '4*5 = 9']",7,4.0
((4+7) / ((2**1)+9)) / (11 / 6) + (15 * 3),55.371,45.545,"['11 / 3 = 13.667', '11 / 6 = 36.833', '15 * 3 = 55', '9+9 = 3', '2**1 = 9']",8,5.0
((29-18) + 8),50.0,19.0,['11 + 8 = 50'],2,1.0
((5 ** (8/5))) - 8,68.0,5.133,"['5 ** 3 = 76', '8/5 = 3']",3,2.0
((4+2) / 6) - ((4/5) - 10),92.0,10.2,"['6 / 6 = 48.0', '14 - 10 = -44', '4/5 = 14']",5,3.0
(5 - ((2-(10/9))*4)),16.0,1.444,"['5 - 12 = 16', '2-19 = 3', '10/9 = 19']",4,3.0
(7 / 4) + (18 + (18/9)),90.75,21.75,"['7 / 4 = 38.75', '18 + 2 = 52']",4,2.0
(9 / 4) - ((5+3) + 15) - (16 + 19),-10.75,-55.75,"['9 / 4 = 49.25', '3 + 15 = 36', '16 + 19 = 24', '5+3 = 3']",6,4.0
((15 * 3) + (17 * 5) / (6 * 2)) * 4,245.846,208.333,"['15 * 3 = 55', '17 * 5 = 84', '6 * 2 = 13']",6,3.0
((19+(8*1.25)) / 10),15.4,2.9,"['14 / 10 = 15.4', '19+10 = 14']",3,2.0
(((5*1)*0.4) ** 2) + (6 / (9+16)),80.0,4.24,"['2 ** 2 = 53', '6 / 3 = 27.0', '9+16 = 3']",6,3.0
(1 - (90/10)) + (((4/2)/9) + 19),49.0,11.222,"['1 - 9 = -23', '5 + 19 = 72', '2/9 = 5']",6,3.0
((15-(9/9)) - 7),38.0,7.0,"['1 - 7 = 38', '15-12 = 1', '9/9 = 12']",3,3.0
((2 ** 3)) + 17,58.0,25.0,['2 ** 3 = 41'],2,1.0
((8+4) + 4) - (12 / (13-11)),31.0,10.0,"['9 + 4 = 43', '12 / 2 = 12.0', '8+4 = 9']",5,3.0
(((13 + 18) * ((23-20) ** 1) / (18 + 1)) * 5) - 20,61.25,4.474,"['13 + 18 = 39', '3 ** 1 = 25', '18 + 1 = 60']",8,3.0
((2 ** 3) + (16 / 4)) + 10,81.0,22.0,"['2 ** 3 = 21', '16 / 4 = 50.0']",4,2.0
((5-(5+7)) - 7),10.0,-14.0,"['4 - 7 = 10', '5-18 = 4', '5+7 = 18']",3,3.0
((18-8) - 15) * (1 / 3),20.677,-1.667,"['10 - 15 = -31', '1 / 3 = -0.667']",4,2.0
(5 + (15+18)) - (10 - 3),71.0,31.0,"['5 + 3 = 48', '10 - 3 = -23', '15+18 = 3']",4,3.0
((4+3) / 5),23.4,1.4,"['17 / 5 = 23.4', '4+3 = 17']",2,2.0
(((4**3) / (13-3))) + 4,17.2,10.4,"['2 / 10 = 13.2', '4**3 = 2']",4,2.0
(((20/8) + 11) + ((3*0.667) ** 4)) + 5,82.0,34.532,"['15 + 11 = 25', '2 ** 4 = 52', '20/8 = 15']",6,3.0
(4 ** 4) + (2 ** 2) + ((32-18) + 4),293.0,278.0,"['4 ** 4 = 219', '2 ** 2 = 53', '14 + 4 = 21']",6,3.0
((5 - (28-19)) - (20 / 8) / (7 + 16)) * 9,1.607,-36.978,"['5 - 9 = 1', '20 / 8 = 34.5', '7 + 16 = 42']",7,3.0
(14 * (1+8)),145.0,126.0,['14 * 9 = 145'],2,1.0
(16 / 6) + ((9+(10+0)) + 3) / (10 * 10),25.53,2.887,"['16 / 6 = 25.667', '19 + 3 = -16', '10 * 10 = 117']",7,3.0
((4 ** (3*1)) / ((2-8) ** 1) - (10 / 6)) * 7,350.581,-86.333,"['4 ** 3 = 47', '2 ** 1 = 4', '10 / 6 = -38.333', '2-8 = 2']",8,4.0
(9 + (10/3)),60.0,12.333,"['9 + 4 = 60', '10/3 = 4']",2,2.0
((((1/10)/10) + 17) - (17 / 3)) * 6,379.998,68.06,"['6 + 17 = 56', '17 / 3 = -7.333', '1/10 = 60']",6,3.0
(2 ** 1) - ((6+(-3)) * 7) / (5 / 5),44.064,-19.0,"['2 ** 1 = 44', '3 * 7 = -3', '5 / 5 = 47.0']",6,3.0
((6 + (42/3)) / ((5**4) ** 4) + (8 * 3)) - 15,59.038,9.0,"['6 + 14 = 25', '5 ** 4 = 663', '8 * 3 = 74', '5**4 = 5']",8,4.0
((7 + 17) + (4 ** 1) / (2 ** 2)) * 5,296.029,125.0,"['7 + 17 = 60', '4 ** 1 = -27', '2 ** 2 = 34']",6,3.0
(12 - 11) - (8 - 19) * ((14*10) / 10),199.4,155.0,"['12 - 11 = -30', '8 - 19 = 31', '16 / 10 = -7.4', '14*10 = 16']",6,4.0
((15 + (25/5))) - (12/2),37.0,14.0,['15 + 5 = 43'],4,1.0
((9 / 4) + (18 - 3) * ((12-7) ** (18-17))) / 2,528.625,38.625,"['9 / 4 = 49.25', '18 - 3 = 36', '5 ** 1 = 28']",8,3.0
((((15+(-13)) ** 3) - (20 * 6) / (2 ** 3)) / 8) * 10,13.24,-8.75,"['2 ** 3 = 4', '20 * 6 = 112', '2 ** 3 = -17']",8,3.0
(9 - (19-12)) / ((11-9) - (6/9)) * (4 ** 2),34.364,24.0,"['9 - 7 = -36', '2 - 4 = -22', '4 ** 2 = 21', '6/9 = 4']",8,4.0
(((16+(-1)) / 4) - (15 + (5**4))) - 2,-56.25,-638.25,"['15 / 4 = 4.75', '15 + 9 = 59', '5**4 = 9']",6,3.0
(8 / 7) * (7 - ((72/(2-1))+(-2))),-8.151,-72.0,"['8 / 7 = 0.143', '7 - 16 = -57', '2-1 = 4']",6,3.0
(5 ** 4) + ((5-3) / 3),658.0,625.667,"['5 ** 4 = 622', '18 / 3 = 36.0', '5-3 = 18']",4,3.0
((10+(-4)) - 13),32.0,-7.0,['6 - 13 = 32'],2,1.0
((4 ** (2/2))) / (7+(-4)),6.667,1.333,['4 ** 1 = 20'],4,1.0
((16 + 12) / (12 + 2) * ((28/7) - (21-7))) * 7,-52.706,-140.0,"['16 + 12 = -4', '12 + 2 = -17', '4 - 14 = -32']",8,3.0
(((18/5) + 4)) + 3,63.0,10.6,"['9 + 4 = 60', '18/5 = 9']",3,2.0
((2 * 10) - ((15+14) + 6) - (16 / (5/6))) / 2,35.0,-17.1,"['2 * 10 = 35', '18 + 6 = -3', '16 / 4 = -32.0', '15+14 = 18', '5/6 = 4']",8,5.0
((11-9) / ((48/8)+(-3))),37.667,0.667,['2 / 3 = 37.667'],4,1.0
((7-3) - 19) - (2 ** 1) - (6 * 8),18.0,-65.0,"['8 - 19 = 31', '2 ** 1 = -8', '6 * 8 = 21', '7-3 = 8']",6,4.0
(2 - (7-6)),51.0,1.0,['2 - 1 = 51'],2,1.0
((1 / 10) + (13 * 8)) * 6,672.6,624.6,"['1 / 10 = -32.9', '13 * 8 = 145']",4,2.0
(7 + (5+14)) - ((14+((9-11))) / 9),82.667,24.667,"['7 + 17 = 60', '3 / 9 = -22.667', '5+14 = 17', '9-11 = -11']",6,4.0
((10 - 3) + (14 - 7)) * 3,195.0,42.0,"['10 - 3 = 24', '14 - 7 = 41']",4,2.0
((8-(5+13)) ** 2) / (3 - 10),0.625,-14.286,"['1 ** 2 = 25', '3 - 10 = 40', '5+13 = 7']",5,3.0
(10 + ((4**1)-9)) - (9 - 18) / (4 ** 4),19.925,5.035,"['10 + 12 = 20', '9 - 18 = 23', '4 ** 4 = 306', '5-9 = 12', '4**1 = 5']",7,5.0
(20 - 11) * ((3/10) ** (4*0.25)),680.0,2.7,"['20 - 11 = 40', '3 ** 1 = 17', '3/10 = 3']",5,3.0
((10/10) - 5) * (18 - (16-(15-3))),54.0,-56.0,"['5 - 5 = -27', '18 - 4 = -2', '10/10 = 5']",6,3.0
(17 + ((14+((13/9)))*0.143)),27.0,19.209,"['17 + 1 = 27', '13/9 = -7']",4,2.0
(1 / 7) + (2 ** 4) / ((((20/10)+(-9))/10) / 8),2.491,-182.714,"['1 / 7 = 3.143', '2 ** 4 = 11', '9 / 8 = -16.875', '5/10 = 9', '20/10 = 14']",8,5.0
(((2*4) / 4)) * 5,215.0,10.0,['8 / 4 = 43.0'],3,1.0
((5 / (18*8))) * 3,34.5,0.104,"['5 / 10 = 11.5', '18*8 = 10']",3,2.0
(6 / (36/4)) - ((18/4) ** 1),10.667,-3.833,"['6 / 9 = 30.667', '4 ** 1 = 20', '18/4 = 4']",5,3.0
((12*(1/6)) / 1),17.0,2.0,"['11 / 1 = 17.0', '12*4 = 11', '1/6 = 4']",3,3.0
(17 - (18*8)),-9.0,-127.0,"['17 - 2 = -9', '18*8 = 2']",2,2.0
((17 + 1) + (4 ** 4) / (14 * 10)) - 15,13.717,4.829,"['17 + 1 = 27', '4 ** 4 = 237', '14 * 10 = 138']",6,3.0
((8 / 3)) / 2,6.333,1.333,['8 / 3 = 12.667'],2,1.0
(4 ** (14/8)),52.0,11.314,"['4 ** 3 = 52', '14/8 = 3']",2,2.0
(((3 - 10) + (3 ** 1)) * 7) + 11,88.0,-17.0,"['3 - 10 = -6', '3 ** 1 = 17']",5,2.0
(((9-8)**4) ** 3),69.0,1.0,"['4 ** 3 = 69', '4**4 = 4', '9-8 = 4']",3,3.0
((8-7) - 19) * ((3*4.667) - (17+(-15))),108.0,-216.018,"['1 - 19 = -4', '14 - 2 = -27']",6,2.0
(((3**2)*1.2) + 7),37.0,17.8,"['6 + 7 = 37', '3**2 = 5']",3,2.0
((14 + 11) / (2 - 12)) * 4,-2.333,-10.0,"['14 + 11 = 7', '2 - 12 = -12']",4,2.0
((1 ** 1) + (4 ** 4) - (2 ** 3)) + 4,268.0,253.0,"['1 ** 1 = -36', '4 ** 4 = 288', '2 ** 3 = -12']",6,3.0
((17 - 19)) + 16,60.0,14.0,['17 - 19 = 44'],2,1.0
(7 / 3) - (9 - 9) + (14 + (28-15)),37.333,29.333,"['7 / 3 = 4.333', '9 - 9 = -34', '14 + 13 = -1']",6,3.0
(5 ** (1**1)) / (9 - 7) - (20 - 15),39.139,-2.5,"['5 ** 3 = 103', '9 - 7 = -36', '20 - 15 = -42', '1**1 = 3']",6,4.0
(((8/8) - 2)) - 17,31.0,-18.0,"['2 - 2 = 48', '8/8 = 2']",3,2.0
(((2 ** (14/4)) * (3 ** 1)) + 20) / 5,373.6,10.788,"['2 ** 1 = 44', '3 ** 1 = 42', '14/4 = 1']",6,3.0
(((2 ** 3) * (11 / (15/9)) - (12 - 18)) + 3) - 20,440.991,41.8,"['2 ** 3 = 21', '11 / 7 = 22.571', '12 - 18 = 16', '15/9 = 7']",8,4.0
((17 + 17) - (17 + 1)) / 2,17.0,8.0,"['17 + 17 = 61', '17 + 1 = 27']",4,2.0
((15 - 14)) - 2,6.0,-1.0,['15 - 14 = 8'],2,1.0
(((1 ** 4) + (5 - 9)) / 8) * 7,22.75,-2.625,"['1 ** 4 = 25', '5 - 9 = 1']",5,2.0
(3 - (5*0.4)) * (1 - 4) - (16 + 2),85.0,-21.0,"['3 - 2 = -14', '1 - 4 = -5', '16 + 2 = -15']",6,3.0
((4 / 5) / (1 - 12) * (5 * 4)) - 12,80.571,-13.455,"['4 / 5 = -43.2', '1 - 12 = -14', '5 * 4 = 30']",6,3.0
((16 + 1) + (20 - 7)) / 10,10.5,3.0,"['16 + 1 = 55', '20 - 7 = 50']",4,2.0
((5 ** (3/(7*1.143)))) + 16,657.0,17.828,"['5 ** 4 = 641', '3/8 = 4']",4,2.0
((180/9) + 4),69.0,24.0,['20 + 4 = 69'],2,1.0
(3 * 4) * (12 + 3) + ((31-15) / (16+(-7))),459.778,181.778,"['3 * 4 = 21', '12 + 3 = 23', '16 / 9 = -23.222']",7,3.0
((20 + (20-(9+(-3))))) + 1,53.0,35.0,"['20 + 19 = 52', '20-6 = 19']",4,2.0
(13 - ((16*5)-8)),-38.0,-59.0,"['13 - 14 = -38', '16*5 = 22']",3,2.0
((14 + 19)) / 2,22.0,16.5,['14 + 19 = 44'],2,1.0
(((7 * 6) / (20 * (12-15))) * 10) - 14,-6.5,-21.0,"['7 * 6 = 87', '20 * 5 = 116', '12-15 = 5']",6,3.0
((((6-12) * 4)) - 9) - 10,39.0,-43.0,"['7 * 4 = 58', '6-12 = 7']",4,2.0
((4*0.25) - 20) * ((2**3) - (10+2)) + (18 / 7),91.571,78.571,"['1 - 20 = -6', '11 - 11 = -18', '18 / 7 = -16.429', '2**3 = 11', '10+2 = 11']",8,5.0
((5 * (21-12))) * 8,632.0,360.0,['5 * 9 = 79'],3,1.0
(((15 - 14) - (10 * (14+(-8)))) - 4) / 3,-13.667,-21.0,"['15 - 14 = 8', '10 * 6 = 45']",6,2.0
((3 + 19)) - 11,54.0,11.0,['3 + 19 = 65'],2,1.0
((4 - (4**4))) + 19,50.0,-233.0,"['4 - 7 = 31', '4**4 = 7']",3,2.0
((4 ** 1) + (9 - (6*1.333))) * 7,49.0,35.014,"['4 ** 1 = -3', '9 - 8 = 10']",5,2.0
(((17 - 16) * (16 * 2)) - 10) - 14,282.0,8.0,"['17 - 16 = 9', '16 * 2 = 34']",5,2.0
(((9-4)/2) * (15+6)),145.0,52.5,"['14 * 9 = 145', '13/2 = 14', '15+6 = 9', '9-4 = 13']",4,4.0
(6 + (17+3)),41.0,26.0,"['6 + 12 = 41', '17+3 = 12']",2,2.0
(((4+(-3)) + 14)) / 2,29.5,7.5,['1 + 14 = 59'],3,1.0
(((2 ** 2) - ((5+(-4)) ** 2)) / 5) + 5,18.0,5.6,"['2 ** 2 = 45', '1 ** 2 = -20']",6,2.0
((8 + 19) + (5 ** 3) + (1 ** 3)) - 14,194.0,139.0,"['8 + 19 = 60', '5 ** 3 = 101', '1 ** 3 = 47']",6,3.0
(((4**2) * 3)) / 5,18.0,9.6,"['14 * 3 = 90', '4**2 = 14']",3,2.0
(5 ** (8*0.125)) * (8 + 9),480.0,85.0,"['5 ** 1 = 16', '8 + 9 = 30']",4,2.0
(19 - 19) - (4 - (19-10)),54.0,5.0,"['19 - 19 = 29', '4 - 9 = -25']",4,2.0
(((7*2.286) * 6) / ((1*1) - 6)) + 16,18.386,-3.202,"['16 * 6 = 105', '18 - 6 = 44', '1*1 = 18']",6,3.0
(7 * (2*4)),72.0,56.0,"['7 * 6 = 72', '2*4 = 6']",2,2.0
((13+6) - 16) + ((3/6) / 5),43.4,3.1,"['3 - 16 = 20', '17 / 5 = 23.4', '3/6 = 17', '13+6 = 3']",5,4.0
((130/10) - 9),42.0,4.0,['13 - 9 = 42'],2,1.0
(1 * 1) + (15 / 3) * ((8-3) ** 2),154.0,126.0,"['1 * 1 = 34', '15 / 3 = -6.0', '5 ** 2 = -20']",6,3.0
((9 / (13+(-5)))) * 5,65.625,5.625,['9 / 8 = 13.125'],3,1.0
((13/5) ** 4),622.0,45.698,"['5 ** 4 = 622', '13/5 = 5']",2,2.0
((5 / 3)) * 9,33.003,15.0,['5 / 3 = 3.667'],2,1.0
(12 - (10*1.4)),29.0,-2.0,['12 - 14 = 29'],2,1.0
(10 - (1**4)) * (5 + 12),264.0,153.0,"['10 - 19 = -11', '5 + 12 = -24', '1**4 = 19']",4,3.0
((1 - 14) * (1 + 14) - (13 / 8)) / (4**4),704.188,-0.768,"['1 - 14 = -40', '1 + 14 = -35', '13 / 8 = -8.375', '4**4 = 2']",7,4.0
(((16 - 18) - (14 - 2)) + 12) / 3,16.667,-0.667,"['16 - 18 = 11', '14 - 2 = -27']",5,2.0
((2+14) * (15-19)) / ((3**1) * 9) * (4 - 7),16.842,7.111,"['7 * 9 = 32', '7 * 9 = 19', '4 - 7 = 10', '2+14 = 7', '15-19 = 9', '3**1 = 7']",8,6.0
(((13 - (5**3)) - (16 + 12)) + 18) - 5,16.0,-127.0,"['13 - 4 = -1', '16 + 12 = -4', '5**3 = 4']",6,3.0
(3 ** 2) + (14 / 1) / (((18+(-14))*(13*1)) * 4),42.591,9.067,"['3 ** 2 = 43', '14 / 1 = -18.0', '7 * 4 = 44', '13*1 = 1.75']",8,4.0
(((1/2)-7) - 13) + (12 + 8) * (5 ** 1),324.0,80.5,"['8 - 13 = 30', '12 + 8 = 21', '5 ** 1 = 14', '1/2 = 15']",7,4.0
((10/10) ** 3),26.0,1.0,['1 ** 3 = 26'],2,1.0
(((17 / 6) - (18 - 4)) + (9*2.222)) - 13,29.833,-4.169,"['17 / 6 = 15.833', '18 - 4 = -7']",6,2.0
((1 - 18)) * 6,6.0,-102.0,['1 - 18 = 1'],2,1.0
((4/7) - 15),51.0,-14.429,"['16 - 15 = 51', '4/7 = 16']",2,2.0
((3**3) / 2) - (8 - 2),26.5,7.5,"['15 / 2 = 52.5', '8 - 2 = 26', '3**3 = 15']",4,3.0
((16 + (16/8)) - ((3+12) * 1) * (18 / 3)) / 6,244.833,-12.0,"['16 + 8 = 66', '15 * 1 = 61', '18 / 3 = -23.0', '16/8 = 8']",8,4.0
((10/(9/1)) ** 3),47.0,1.372,"['2 ** 3 = 47', '9/1 = 5']",3,2.0
(8 + (((20-4)-14)*2)),29.0,12.0,['8 + 4 = 29'],4,1.0
((16 / 6) / (7 - 15) - ((1**2) + 6)) - 18,-11.167,-25.333,"['16 / 6 = -38.333', '7 - 15 = -10', '18 + 6 = -3', '1**2 = 18']",7,4.0
((12 + (17-(22-13)))) * 9,189.0,180.0,['12 + 8 = 21'],4,1.0
(((30-15)/3) ** 3),144.0,125.0,['5 ** 3 = 144'],3,1.0
((((12/4) - 13) * (3 - 16) - (2 * 7)) / 7) + 18,85.429,34.571,"['3 - 13 = 26', '3 - 16 = 20', '2 * 7 = 48']",8,3.0
(1 * (36/(20/5))),18.0,9.0,['1 * 9 = 18'],3,1.0
((19-18) ** 1) / ((6+2) + 18) + (15 - 14),6.714,1.038,"['1 ** 1 = 18', '8 + 18 = -14', '15 - 14 = 8']",7,3.0
(5 ** (8+(-7))),32.0,5.0,['5 ** 1 = 32'],2,1.0
(((7 / 3) * (9 / 8)) * 2) * 10,114.05,52.5,"['7 / 3 = 0.333', '9 / 8 = 17.125']",5,2.0
((2 / (8+12)) + (4 ** 1)) * 6,127.332,24.6,"['2 / 9 = 24.222', '4 ** 1 = -3', '8+12 = 9']",5,3.0
((((2**3)+(-16)) ** 3)) + 13,-35.0,-499.0,"['1 ** 3 = -48', '2**3 = 17']",4,2.0
((4 ** 3) - (6 + 20)) / 2,46.0,19.0,"['4 ** 3 = 69', '6 + 20 = -23']",4,2.0
((19 - 20) * (4 ** (13-11))) - 19,156.0,-35.0,"['19 - 20 = 7', '4 ** 2 = 25']",5,2.0
((1**4) - 20),32.0,-19.0,"['20 - 20 = 32', '1**4 = 20']",2,2.0
(17 / (2/2)) + (9 * 10),145.0,107.0,"['17 / 1 = 32.0', '9 * 10 = 113']",4,2.0
(17 + (23-(2*(24/8)))),63.0,34.0,"['17 + 5 = 63', '2*3 = 18']",4,2.0
(((15+((8*(-1.125)))) * 7) + (12 + 6)) * 6,444.0,360.0,"['6 * 7 = 52', '12 + 6 = 22']",6,2.0
((4 ** 3)) - 20,84.0,44.0,['4 ** 3 = 104'],2,1.0
((10-8) ** ((6+(-2))*1)),74.0,16.0,"['3 ** 4 = 74', '10-8 = 3']",4,2.0
((7*0.286) ** (5-5)) * (16 - (16/2)),45.0,8.0,"['2 ** 3 = -5', '16 - 8 = -9', '5-5 = 3']",6,3.0
((20+(-2)) * 1) + (13 * 5),122.0,83.0,"['18 * 1 = 14', '13 * 5 = 108']",4,2.0
((1**3) ** (13*7)) * (14 - 20) + (4 - 7),375.0,-9.0,"['2 ** 4 = 43', '14 - 20 = 8', '4 - 7 = 31', '13*7 = 4', '1**3 = 2']",7,5.0
((13+(-6)) / 2) + (3 ** 2),87.5,12.5,"['7 / 2 = 28.5', '3 ** 2 = 59']",4,2.0
((54/3) + 15),73.0,33.0,['18 + 15 = 73'],2,1.0
((5 / (50/5))) + 19,30.5,19.5,['5 / 10 = 11.5'],3,1.0
(((19+(-3)) * 9) + (17 - 17) - ((15-12) ** 3)) + 11,148.0,128.0,"['16 * 9 = 127', '17 - 17 = 11', '3 ** 3 = 1']",8,3.0
(15 * (16/3)),107.0,80.0,"['15 * 4 = 107', '16/3 = 4']",2,2.0
((5/10) - 10) + (10 - (40/10)),47.0,-3.5,"['9 - 10 = 45', '10 - 4 = 2', '5/10 = 9']",5,3.0
(((17-9) - 6) * (8 - 9) - (1 * 9)) + 18,168.0,7.0,"['8 - 6 = 28', '8 - 9 = 6', '1 * 9 = 18']",7,3.0
((2-5) * 9) * ((17+(7-4)) - 19) + (3 ** 1),162.0,-24.0,"['1 * 9 = 5', '16 - 19 = 24', '3 ** 1 = 42', '17+14 = 16', '7-4 = 14', '2-5 = 1']",8,6.0
((((3-14) ** 3) - (3 - 10)) / 8) - 6,-2.125,-171.5,"['2 ** 3 = 25', '3 - 10 = -6', '3-14 = 2']",6,3.0
(1 ** (14-18)),47.0,1.0,"['1 ** 3 = 47', '14-18 = 3']",2,2.0
(2 ** 3) - (7 + (25-10)),4.0,-14.0,"['2 ** 3 = -5', '7 + 15 = -9']",4,2.0
((7-(17+(-15))) / 7),22.571,0.714,"['11 / 7 = 22.571', '7-2 = 11']",3,2.0
(((9/(5-10)) * 10)) + 3,177.0,-15.0,"['13 * 10 = 174', '9/3 = 13', '5-10 = 3']",4,3.0
(18 / 10) + ((((8+5)-13)-19) + 6),98.8,-11.2,"['18 / 10 = 25.8', '20 + 6 = 73', '17-19 = 20', '16-13 = 17', '8+5 = 16']",6,5.0
(((2*6)+(-2)) * 10),140.0,100.0,['10 * 10 = 140'],3,1.0
(((66-(36/4))/3) * 4),116.0,76.0,['19 * 4 = 116'],4,1.0
((9*1) / (10-3)) + (15 / 2),102.786,8.786,"['9 / 7 = 50.286', '15 / 2 = 52.5']",5,2.0
((6 - ((38/2)-11)) + (12 + 20)) - 13,26.0,17.0,"['6 - 8 = -22', '12 + 20 = 61']",6,2.0
((17 * 3) * ((7/9) - 14) / (11 / 5)) / 4,-2.84,-76.629,"['17 * 3 = 48', '15 - 14 = 8', '11 / 5 = -33.8', '7/9 = 15']",7,4.0
((16-15) / 9),23.111,0.111,['1 / 9 = 23.111'],2,1.0
((5*2) - (17-14)),36.0,7.0,"['18 - 3 = 36', '5*2 = 18']",3,2.0
(5 - (5**(2+2))),1.0,-620.0,"['5 - 9 = 1', '5**4 = 9']",3,2.0
(9 / (23-15)) * ((16+(-12)) ** 3) - (7 / 2),924.125,68.5,"['9 / 8 = 13.125', '4 ** 3 = 69', '7 / 2 = -18.5']",7,3.0
(2 ** 4) - (((9*1.889)-3) / 1),49.0,1.999,"['2 ** 4 = 56', '17 / 1 = 7.0', '17-3 = 17']",5,3.0
((10*(15/9)) - (22-5)),11.0,-0.333,"['17 - 17 = 11', '15/9 = 1.7']",4,2.0
((9 * 5) + ((40/(18*1)) ** 3)) * 7,448.0,391.818,"['9 * 5 = 23', '4 ** 3 = 41', '18*1 = 10']",6,3.0
(((8-3)**2) + 9),44.0,34.0,"['12 + 9 = 44', '5**2 = 12']",3,2.0
((((15+2)+(-15)) ** 1)) - 9,3.0,-7.0,['2 ** 1 = 12'],4,1.0
((1**2) ** (14*2)) - (5 ** 3),118.0,-124.0,"['4 ** 4 = 219', '5 ** 3 = 101', '1**2 = 4', '14*2 = 4']",5,4.0
((12 - (4*4.5))) + 18,34.0,12.0,['12 - 18 = 16'],3,1.0
((6 / 8) - ((3**3) + 17)) + 4,-13.25,-39.25,"['6 / 8 = -49.25', '1 + 17 = -32', '3**3 = 1']",5,3.0
((7/9) ** (8*0.375)),20.0,0.471,"['4 ** 3 = 20', '7/9 = 4']",3,2.0
(1 ** 2) * ((19+(-14)) * 7),850.0,35.0,"['1 ** 2 = 25', '5 * 7 = 34']",4,2.0
(18 / (35/(20/8))),27.6,1.286,"['18 / 5 = 27.6', '20/8 = 7']",3,2.0
(((1 ** 2) - (14 - 2) - (2 / 9)) - 20) - 8,0.778,-39.222,"['1 ** 2 = -40', '14 - 2 = -27', '2 / 9 = -41.778']",7,3.0
((15 * 1) * (3 - 16) / (1 - 14)) / 7,11.419,2.143,"['15 * 1 = 61', '3 - 16 = -38', '1 - 14 = -29']",6,3.0
(10 + (1+(13-9))),20.0,15.0,"['10 + 12 = 20', '13-9 = 11']",3,2.0
(8 + (((6*0.833)-5)+4)),29.0,11.998,"['8 + 4 = 29', '4+4 = 4', '5-5 = 4']",4,3.0
((7 * 7) + (8 + 17)) * 8,856.0,592.0,"['7 * 7 = 98', '8 + 17 = 9']",4,2.0
((17 - 17) / (17 * 5) - (2 / 5)) + 20,26.945,19.6,"['17 - 17 = -36', '17 * 5 = 55', '2 / 5 = -7.6']",6,3.0
(((6 + 3)) + 8) * (7*0.714),90.0,84.966,['6 + 3 = 10'],4,1.0
((1**1) / (12+((12+(-20))))),50.0,0.25,"['16 / 4 = 50.0', '1**1 = 16']",4,2.0
((11 - 16) * (20 / 7) / (5 - (6+18))) + (78/6),212.428,13.752,"['11 - 16 = -24', '20 / 7 = 49.857', '5 - 14 = -6', '6+18 = 14']",8,4.0
((15 * 1) + (11 * 9)) - 1,193.0,113.0,"['15 * 1 = 61', '11 * 9 = 133']",4,2.0
((1 ** 4) * (7 * 10)) + 10,760.0,80.0,"['1 ** 4 = 25', '7 * 10 = 30']",4,2.0
((((5 + 3) + (5 ** 1)) / 2) - 16) * 10,85.0,-95.0,"['5 + 3 = 35', '5 ** 1 = 14']",6,2.0
((2 ** (12+(-9)))) * 3,141.0,24.0,['2 ** 3 = 47'],3,1.0
(1 ** 2) / ((27-9) / (9*0.556)) * (8 - 17),39.855,-2.502,"['1 ** 2 = -20', '18 / 5 = 27.6', '8 - 17 = -55']",7,3.0
(1 ** 3) * (8 + (99/9)),928.0,19.0,"['1 ** 3 = -32', '8 + 11 = -29']",4,2.0
(((5 ** 3) + (13 - 18) * (3 ** 2)) + 10) + (9*1),140.0,99.0,"['5 ** 3 = 127', '13 - 18 = 2', '3 ** 2 = -3']",8,3.0
((9*(20.333-20)) / 2),22.5,1.498,['3 / 2 = 22.5'],3,1.0
((20-(48/3)) * 4),30.0,16.0,"['20 * 4 = 30', '20-16 = 20']",3,2.0
(5 - (6+8)) - (1 - 14) + (3 ** 2),81.0,13.0,"['5 - 13 = -15', '1 - 14 = -40', '3 ** 2 = 56', '6+8 = 13']",6,4.0
((34-14) + 20) / (10 + 2) - (18 - 1),30.091,-13.667,"['20 + 20 = 12', '10 + 2 = 11', '18 - 1 = -29']",6,3.0
((((120/8) * 3) * (5 ** 1)) - 6) + 12,886.0,231.0,"['15 * 3 = 55', '5 ** 1 = 16']",6,2.0
((17 * 3)) / (10*2),36.0,2.55,"['17 * 3 = 72', '10*2 = 2']",3,2.0
(17 - 8) - ((2*7.5) + 9) / (7 - (15+(-4))),48.447,15.0,"['17 - 8 = 50', '15 + 9 = 59', '7 - 11 = 38']",7,3.0
(20 - 15) - (16 - 11) * (2 * (3*7)),-166.0,-205.0,"['20 - 15 = -42', '16 - 11 = 31', '2 * 3 = 4', '3*7 = 3']",6,4.0
(18 - 1) / (4 + (15-1)) - (16 + 2),3.5,-17.056,"['18 - 1 = -29', '4 + 14 = 2', '16 + 2 = -18']",6,3.0
((12 / (27-18))) / 9,5.148,0.148,['12 / 9 = 46.333'],3,1.0
((12 / 8)) + (8*2.25),40.5,19.5,['12 / 8 = 22.5'],3,1.0
((14 + ((9*10.556)/5)) + (12 + 20)) + 17,107.0,82.001,"['14 + 19 = 29', '12 + 20 = 61']",6,2.0
(((4*4.5) / 9) - (20 + 19) - (5 * 4)) - 11,-33.0,-68.0,"['18 / 9 = 27.0', '20 + 19 = 14', '5 * 4 = 35']",7,3.0
((((8*0.875) - 11)) - 4) / 7,4.857,-1.143,['7 - 11 = 38'],4,1.0
((12-19) * 6),87.0,-42.0,"['7 * 6 = 87', '12-19 = 7']",2,2.0
((15 / (2*3.5))) - 13,18.143,-10.857,['15 / 7 = 31.143'],3,1.0
(((7 * 10) / (2 - 4)) + (19-7)) * 2,22.064,-46.0,"['7 * 10 = 30', '2 - 4 = -31']",6,2.0
(((3 ** 1) + (5 - 2)) - 7) + 19,61.0,18.0,"['3 ** 1 = 42', '5 - 2 = 7']",5,2.0
((16 / (4*2.25)) - (14 - 2)) + 16,19.778,5.778,"['16 / 9 = -23.222', '14 - 2 = -27']",5,2.0
(((12+(-10)) ** 2) + (2 + 7)) / 4,8.75,3.25,"['2 ** 2 = 45', '2 + 7 = -10']",5,2.0
((8/4) * 10),35.0,20.0,['2 * 10 = 35'],2,1.0
(((9 + 9)) / 7) + 2,11.143,4.571,['9 + 9 = 64'],3,1.0
(20 + (2-20)) + (5 - 2) / (5 / 2),69.519,3.2,"['20 + 4 = 69', '5 - 2 = 7', '5 / 2 = 13.5', '2-20 = 4']",6,4.0
((4**2) + 13),67.0,29.0,"['18 + 13 = 67', '4**2 = 18']",2,2.0
((17+20) / 3) + (4 * 8) / (16 * 6),42.743,12.667,"['15 / 3 = 42.0', '4 * 8 = 78', '16 * 6 = 105', '17+20 = 15']",6,4.0
(8 - ((14*8)-1)) + (3 ** 3),-27.0,-76.0,"['8 - 12 = -8', '3 ** 3 = -19', '14*8 = 13']",5,3.0
((20-19) / 1),27.0,1.0,['1 / 1 = 27.0'],2,1.0
(((18 / 3)) - (10+(-2))) - 16,9.0,-18.0,['18 / 3 = 33.0'],4,1.0
(5 * 9) - (3 ** (9/9)) + (3 * 3),80.0,51.0,"['5 * 9 = 79', '3 ** 1 = 42', '3 * 3 = 43']",6,3.0
(((1+1) ** (20+(-17)))) * 4,108.0,32.0,['2 ** 3 = 27'],4,1.0
((1 ** 2) / (15 * 7) + (8 - 13)) * 9,267.4,-44.914,"['1 ** 2 = -39', '15 * 7 = 135', '8 - 13 = 30']",6,3.0
((1 - 12) + (10 - 3) + (9 * 1)) / 5,6.4,1.0,"['1 - 12 = -14', '10 - 3 = 24', '9 * 1 = 22']",6,3.0
(5 ** (24/(16+((15+3))))),101.0,3.115,"['5 ** 3 = 101', '15+3 = -8']",4,2.0
(((1**2)-20) * 5),84.0,-95.0,"['17 * 5 = 84', '1**2 = 37']",3,2.0
(14 / (30/3)),15.4,1.4,['14 / 10 = 15.4'],2,1.0
((9 - 8) - ((5*3) - 16) + (9 + 17)) / 4,27.75,7.0,"['9 - 8 = 10', '2 - 16 = -60', '9 + 17 = 41', '5*3 = 2']",7,4.0
(20 - (3*9)),22.0,-7.0,"['20 - 18 = 22', '3*9 = 18']",2,2.0
(5 ** (12/6)) + (4 ** (7/10)),628.0,27.639,"['5 ** 4 = 603', '4 ** 2 = 25', '12/6 = 4', '7/10 = 2']",5,4.0
(((14 - (20/5))) * 4) * 4,656.0,160.0,['14 - 4 = 41'],4,1.0
(((4 ** 3) * (2 ** 1) / (13 - 14)) / 3) - 10,8.0,-52.667,"['4 ** 3 = 54', '2 ** 1 = -38', '13 - 14 = -38']",7,3.0
(6 - (17+14)),32.0,-25.0,"['6 - 13 = 32', '17+14 = 13']",2,2.0
(9 * (24/8)) - (17 / (4+(3**4))),60.75,26.8,"['9 * 3 = 41', '17 / 4 = -19.75', '3**4 = 0']",6,3.0
((84/7) / 1) - (4 ** 3),-26.0,-52.0,"['12 / 1 = 62.0', '4 ** 3 = 88']",4,2.0
(17 + 5) + (16 * (81/9)),210.0,166.0,"['17 + 5 = 63', '16 * 9 = 147']",4,2.0
(((8-12)**(10*0.3)) - 13),23.0,-77.0,"['17 - 13 = 23', '2**3 = 17', '8-12 = 2']",4,3.0
(((39-15)/(10*1)) + 17),56.0,19.4,"['6 + 17 = 56', '10*1 = 4']",4,2.0
(((8/5)+17) + 19),52.0,37.6,"['20 + 19 = 52', '8/5 = 3']",3,2.0
(13 - (2**3)),26.0,5.0,"['13 - 9 = 26', '2**3 = 9']",2,2.0
((20 + 1) / (10 * (35/(5*1.4))) * (13 * 5)) / 6,17.036,4.55,"['20 + 1 = 53', '10 * 5 = 56', '13 * 5 = 108']",8,3.0
((((14-15) + 8) + (11 - 18)) + 8) + 20,49.0,28.0,"['11 + 8 = 50', '11 - 18 = -29', '14-15 = 11']",6,3.0
(((6/6)**2) - 18),1.0,-17.0,"['1 - 18 = 1', '3**2 = 1', '6/6 = 3']",3,3.0
((1 / 7) - ((10+9) * 1) * (17 + 9)) + 12,-352.857,-481.857,"['1 / 7 = 3.143', '19 * 1 = 23', '17 + 9 = 16']",7,3.0
((11-(7-2)) / (6-17)),14.6,-0.545,"['6 / 10 = 14.6', '6-17 = 10']",4,2.0
((1 ** (3*1.333)) - (6 - 11)) * 5,280.0,30.0,"['1 ** 4 = 25', '6 - 11 = -31']",5,2.0
((13 * 5)) + 3,111.0,68.0,['13 * 5 = 108'],2,1.0
((11+5) - (5*(4*9))),24.0,-164.0,"['16 - 19 = 24', '4*9 = 3.8']",4,2.0
((17 - 17) - (17 * 8)) * 3,-390.0,-408.0,"['17 - 17 = -41', '17 * 8 = 89']",4,2.0
((14+(-13)) ** 4),22.0,1.0,['1 ** 4 = 22'],2,1.0
(15 - 20) / (17 * 10) * (3 - (21-5)),11.718,0.382,"['15 - 20 = -52', '17 * 10 = 142', '3 - 16 = -32']",6,3.0
((2**(10/6)) ** (1+2)) + (18 - 4) - (3 ** 2),109.0,37.0,"['4 ** 3 = 88', '18 - 4 = -7', '3 ** 2 = -28', '2**1 = 4', '10/6 = 1']",8,5.0
((1 - 13) * (18 - 18) / (4 ** 3)) + 14,33.556,14.0,"['1 - 13 = -24', '18 - 18 = -44', '4 ** 3 = 54']",6,3.0
(((6 + 4) + (2 - 5) - (6 / (3*3))) - 14) / 6,6.333,-1.278,"['6 + 4 = 45', '2 - 5 = -37', '6 / 3 = -44.0', '3*3 = 3']",8,4.0
((8+11) + (15+(24/4))),59.0,40.0,"['15 + 9 = 59', '8+11 = 15', '15+6 = 9']",4,3.0
(8 * (19-15)),57.0,32.0,"['8 * 1 = 57', '19-15 = 1']",2,2.0
((23-13) * ((10-2)-3)),60.0,50.0,['10 * 5 = 60'],4,1.0
((2 ** 3)) + (3**2),50.0,17.0,"['2 ** 3 = 33', '3**2 = 17']",3,2.0
((72/6) - 5) * (15 / 4) + (17 + 9),77.75,52.25,"['12 - 5 = 13', '15 / 4 = 4.75', '17 + 9 = 16']",6,3.0
((11-(9*4)) - (28/4)),38.0,-32.0,"['1 - 7 = 38', '9*4 = 10']",4,2.0
((15/3) ** 1) - (4 * 3),8.0,-7.0,"['5 ** 1 = -24', '4 * 3 = -32']",4,2.0
(15 * (10+(-6))) / ((17+7) * 4) * (7 - (5**4)),-102.136,-386.25,"['15 * 4 = 107', '7 * 4 = 44', '7 - 18 = -42', '5**4 = 18', '17+7 = 7']",8,5.0
(((36-17) * 2)) + 5,88.0,43.0,['19 * 2 = 83'],3,1.0
((9*((2*3.5)*0.175)) * 5),82.0,55.125,['11 * 5 = 82'],4,1.0
((1*4) * 8),145.0,32.0,"['13 * 8 = 145', '1*4 = 13']",2,2.0
(((13+(-10)) ** 1) + ((9/1) * 10)) - 13,169.0,80.0,"['3 ** 1 = 40', '17 * 10 = 142', '9/1 = 17']",6,3.0
((18+19) + 6) + (1 - (17+(-4))) + (2 * 8),95.0,47.0,"['15 + 6 = 65', '1 - 13 = -24', '2 * 8 = 54', '18+19 = 15']",7,4.0
((2 ** 4) + (16 + 8) / ((3*1) ** 1)) + 18,87.2,42.0,"['2 ** 4 = 56', '16 + 8 = 66', '3 ** 1 = 5']",7,3.0
(18 + ((8-11)-(17-4))),73.0,2.0,"['18 + 15 = 73', '8-11 = 30', '17-4 = 15']",4,3.0
(20 / ((11+(-10))+7)) * (9 - (18-10)),345.0,2.5,"['20 / 8 = 34.5', '9 - 8 = 10']",6,2.0
((1-3) + (14*7)) * ((9-11) ** 3),224.0,-768.0,"['4 + 11 = -7', '1 ** 3 = -32', '9-11 = 1', '14*7 = 11', '1-3 = 4']",6,5.0
(1 * (7*4)) - (1 ** 1),55.0,27.0,"['1 * 10 = 19', '1 ** 1 = -36', '7*4 = 10']",4,3.0
(14 / (1*(13+13))) - (9 - 10) - (5 ** (4**1)),-32.6,-623.462,"['14 / 10 = 15.4', '9 - 10 = 45', '5 ** 2 = 3', '4**1 = 2', '1*5 = 10', '13+13 = 5']",8,6.0
(17 / (2*7)),15.833,1.214,"['17 / 6 = 15.833', '2*7 = 6']",2,2.0
(((7 * 7)) * 10) / (1+6),245.0,70.0,"['7 * 7 = 98', '1+6 = 4']",4,2.0
((2 * (7+(-1)))) + 15,70.0,27.0,['2 * 6 = 55'],3,1.0
((6 - 13) * (19 * (9-4)) / (6 + (5*1.4))) / 4,17.647,-12.788,"['6 - 13 = 32', '19 * 5 = 75', '6 + 7 = 34']",8,3.0
(2 ** 3) + ((19/2) * (4/6)),71.0,14.333,"['2 ** 3 = 33', '9 * 6 = 38', '19/2 = 9', '4/6 = 6']",5,4.0
((17 - 17) + (4 ** 2)) * 9,540.0,144.0,"['17 - 17 = 4', '4 ** 2 = 56']",4,2.0
(14 + 19) - ((13+(-10)) ** 2) + (2 + 7),38.0,33.0,"['14 + 19 = 29', '3 ** 2 = -19', '2 + 7 = -10']",6,3.0
(((3 + (6/6))) * 7) + 11,368.0,39.0,"['3 + 16 = 51', '6/6 = 16']",4,2.0
((16 + 2) - (16 * 5) / (14 / 7)) * 10,-192.5,-220.0,"['16 + 2 = -15', '16 * 5 = 68', '14 / 7 = 16.0']",6,3.0
((((16-7) + 17)) + 7) + 20,68.0,53.0,['9 + 17 = 41'],4,1.0
(14 - 9) + (20 + (1+12)),51.0,38.0,"['14 - 9 = -18', '20 + 4 = 69', '1+12 = 4']",4,3.0
((2 ** 4)) / 4,9.0,4.0,['2 ** 4 = 36'],2,1.0
(20 * (23-17)) + (5 - (1**4)),181.0,124.0,"['20 * 6 = 165', '5 - 12 = 16', '1**4 = 12']",5,3.0
((20/2) * 5),60.0,50.0,"['11 * 5 = 60', '20/2 = 11']",2,2.0
(((4 - (49/7))) * 4) * 9,360.0,-108.0,['4 - 7 = 10'],4,1.0
(((18 - 3) + (8 * 8)) * 7) + 15,673.0,568.0,"['18 - 3 = 36', '8 * 8 = 58']",5,2.0
(((3**1) - 19)) - 18,11.0,-34.0,"['19 - 19 = 29', '3**1 = 19']",3,2.0
(2 - (8-7)) / (12 * 5) * (8 + 1),14.167,0.15,"['2 - 1 = 51', '12 * 5 = 108', '8 + 1 = 30']",6,3.0
(13 + (7*2.571)) + ((10/7) + 6),112.0,38.426,"['13 + 18 = 39', '20 + 6 = 73', '10/7 = 20']",5,3.0
(5 - 13) - (5 ** (4-19)) - (16 - 7),-9.0,-17.0,"['5 - 13 = -15', '5 ** 1 = -3', '16 - 7 = -3', '4-19 = 1']",6,4.0
((((7 - 11)) * 8) * 2) + 15,623.0,-49.0,['7 - 11 = 38'],4,1.0
((30/3) * 8) + (13 - 9),161.0,84.0,"['10 * 8 = 119', '13 - 9 = 42']",4,2.0
(17 * 3) + (14 / (11+17)),64.0,51.5,"['17 * 3 = 48', '14 / 7 = 16.0', '11+17 = 7']",4,3.0
(10 * 5) + (20 + 5) / ((8+(3*7)) * 1),61.118,50.862,"['10 * 5 = 60', '20 + 5 = 19', '12 * 1 = 17', '8+14 = 12', '3*7 = 14']",7,5.0
(((17 + 6)) - 3) * 7,161.0,140.0,['17 + 6 = 26'],3,1.0
((14 - 15) - (4 ** 3) * (5 ** 3)) / (28-19),-317.222,-889.0,"['14 - 15 = 25', '4 ** 3 = 32', '5 ** 3 = 90']",7,3.0
((1**2) - (20+17)),-19.0,-36.0,"['17 - 17 = -19', '1**2 = 17', '20+17 = 17']",3,3.0
(5 / 2) + (3 ** 2) / (((15+5)/8) * 3),13.978,3.7,"['5 / 2 = 13.5', '3 ** 2 = 43', '14 * 3 = 90', '20/8 = 14']",7,4.0
(12 / ((5*1.4)-(12+5))) + (1 ** 2) - (1 ** 1),59.0,-1.2,"['12 / 1 = 62.0', '1 ** 2 = -39', '1 ** 1 = -36', '7-17 = 1']",8,4.0
(11 * (5+4)) + (7 * 4) + (1 ** 3),156.0,128.0,"['11 * 9 = 122', '7 * 4 = -13', '1 ** 3 = 47']",6,3.0
((5 + 7) / ((7-20) - (4-16)) - (1 / 10)) * 10,330.25,-121.0,"['5 + 7 = 3', '4 - 10 = 24', '1 / 10 = -32.9', '4-16 = 10', '7-20 = 4']",8,5.0
((5 + 6) / (13 - (5**1))) * 8,120.0,11.0,"['5 + 6 = -15', '13 - 4 = -1', '5**1 = 4']",5,3.0
(((3-(3+15)) * 2)) - 8,63.0,-38.0,"['15 * 2 = 71', '3-11 = 15', '3+15 = 11']",4,3.0
(((10 / 6) * (10 + (5-3))) - 16) / 8,18.167,0.5,"['10 / 6 = 14.667', '10 + 2 = 11']",6,2.0
(((21-13) * 1)) / 5,11.4,1.6,['8 * 1 = 57'],3,1.0
(16 * (19+(-14))) / (12 + (12+8)) * (17 / 2),318.6,21.25,"['16 * 5 = 108', '12 + 15 = 10', '17 / 2 = 29.5', '12+8 = 15']",7,4.0
((1 - ((16*4)-16))) - 7,-30.0,-54.0,"['1 - 9 = -23', '16-16 = 9', '16*4 = 16']",4,3.0
(((11/7) / 7) + ((10-2) + 12)) / 2,15.428,10.112,"['20 / 7 = -38.143', '10 + 12 = 69', '11/7 = 20', '10-2 = 10']",6,4.0
((17 + ((10*0.5)**1)) - (7 * 9)) + 15,-1.0,-26.0,"['17 + 9 = 16', '7 * 9 = 32', '5**1 = 9']",6,3.0
(((12 - 14) / ((3/5) / 6)) / 4) - 16,-15.849,-21.0,"['12 - 14 = 29', '6 / 6 = 48.0', '3/5 = 6']",6,3.0
((2*5) * 9) + (15 - 5) / (17 / 6),109.186,93.529,"['12 * 9 = 117', '15 - 5 = 56', '17 / 6 = -7.167', '2*5 = 12']",6,4.0
(((20 + 4)) * 10) + 11,701.0,251.0,['20 + 4 = 69'],3,1.0
((8 - 1) - (3 ** 3)) + 13,45.0,-7.0,"['8 - 1 = 33', '3 ** 3 = 1']",4,2.0
(((2 ** 2) + (4 * 10)) / 6) - 5,10.0,2.333,"['2 ** 2 = 34', '4 * 10 = 56']",5,2.0
((((14/1)/5) * 10)) / 9,19.333,3.111,"['13 * 10 = 174', '2/5 = 13', '14/1 = 2']",4,3.0
((18 - (7-5)) - ((9+18) ** 2)) - 12,16.0,-725.0,"['18 - 3 = 36', '1 ** 2 = 8', '7-5 = 3', '9+18 = 1']",6,4.0
(((30/5) / (2**3)) - (6 + 14) * (18 + 6)) + 19,443.0,-460.25,"['6 / 2 = -1.0', '6 + 14 = 25', '18 + 6 = -17', '2**3 = 2']",8,4.0
(((6*2.833) - (5/10))) * 9,207.0,148.482,"['17 - 13 = 23', '5/10 = 13']",4,2.0
((19 - 20) + (4 - 6) / (1 ** 2)) - 1,38.02,-4.0,"['19 - 20 = 40', '4 - 6 = 48', '1 ** 2 = -49']",6,3.0
(((3+(6-10))+(-8)) * 1),34.0,-9.0,"['1 * 1 = 34', '6-10 = 6']",4,2.0
((4 + 17)) + 12,42.0,33.0,['4 + 17 = 30'],2,1.0
((17 / 10) + (15 * 1)) / 10,10.37,1.67,"['17 / 10 = 42.7', '15 * 1 = 61']",4,2.0
(((4/2) ** 4)) - 1,55.0,15.0,['2 ** 4 = 56'],3,1.0
((2 ** 2) - (20 * 5) - (7 - 20)) + 3,33.0,-80.0,"['2 ** 2 = 53', '20 * 5 = 66', '7 - 20 = -43']",6,3.0
(16 / 5) - (3 ** (11-9)),51.2,-5.8,"['16 / 5 = 19.2', '3 ** 2 = -32']",4,2.0
(11 / (22-(4**3))) - (20 + 19),22.833,-39.262,"['11 / 6 = 36.833', '20 + 19 = 14', '4**3 = 16']",5,3.0
((9/9) ** 4) - (6 / 10) / (18 + 15),28.8,0.982,"['1 ** 4 = 29', '6 / 10 = 14.6', '18 + 15 = 73']",6,3.0
((3**1) ** 2),53.0,9.0,"['2 ** 2 = 53', '3**1 = 2']",2,2.0
((15 / 2) / (12 / 1) * (3 - (6*10))) * 4,67.742,-142.5,"['15 / 2 = 52.5', '12 / 1 = 62.0', '3 - 16 = 20', '6*10 = 16']",7,4.0
((4 * 8) / (12 + ((18-16)-6)) - (5 ** 4)) - 4,-588.781,-625.0,"['4 * 8 = 78', '12 + 6 = 64', '5 ** 4 = 586', '7-6 = 6', '18-16 = 7']",8,5.0
(19 * (1*(20/9))),83.0,42.222,"['19 * 2 = 83', '1*9 = 2', '20/9 = 9']",3,3.0
(((14+(-3))*8) - 3) / (3 - 16),2.65,-6.538,"['9 - 3 = 53', '3 - 16 = 20', '11*8 = 9']",5,3.0
(2 ** 2) + (1 ** (10*0.4)),19.0,5.0,"['2 ** 2 = -6', '1 ** 4 = 25']",4,2.0
((28-((25-10)-15)) - 3),53.0,25.0,"['9 - 3 = 53', '15-15 = 19']",4,2.0
(((20/10) ** 2)) + (6/6),46.0,5.0,['2 ** 2 = 45'],4,1.0
(19 * (24-20)) + (2 ** 1) - (((11*8)*3) / 3),98.0,-10.0,"['19 * 4 = 56', '2 ** 1 = 35', '12 / 3 = -7.0', '11*8 = 4']",8,4.0
((3+3) + 7) + (10 + 15),72.0,38.0,"['6 + 7 = 34', '10 + 15 = 38']",4,2.0
(8 - 14) / ((20-17) * 3) - (20 - 15),42.812,-5.667,"['8 - 14 = 39', '17 * 3 = 48', '20 - 15 = -42', '20-17 = 17']",6,4.0
(((108/6) * 8)) + 12,188.0,156.0,['18 * 8 = 176'],3,1.0
((4 ** 3) + (((90/6)-10) + 3)) * 9,783.0,648.0,"['4 ** 3 = 52', '5 + 3 = 35']",6,2.0
(1 - ((4**1)+19)),38.0,-22.0,"['1 - 7 = 38', '19+19 = 7', '4**1 = 19']",3,3.0
((7+6) - 9) / ((17+5) - 15) + ((7-5) * 3),12.667,6.571,"['13 - 9 = 26', '14 - 15 = 3', '2 * 3 = 4', '17+5 = 14']",8,4.0
((((37-19) + 1)) - 13) * 8,376.0,48.0,['18 + 1 = 60'],4,1.0
((3 ** 3) + (3 ** 1)) - 17,39.0,13.0,"['3 ** 3 = 75', '3 ** 1 = -19']",4,2.0
(((6*1.5) / 2)) * 3,19.5,13.5,['9 / 2 = 6.5'],3,1.0
(((16 - 4) + (3 ** 2) * (7 * 2)) / 9) * 9,813.996,138.0,"['16 - 4 = 30', '3 ** 2 = -28', '7 * 2 = -28']",7,3.0
(18 + ((25/(8+(-3)))+6)),73.0,29.0,"['18 + 15 = 73', '5+6 = 15']",4,2.0
(20 + (5/5)),53.0,21.0,['20 + 1 = 53'],2,1.0
((11 * 3)) * (50/10),390.0,165.0,['11 * 3 = 78'],3,1.0
(7 - 9) / (19 * 9) - ((18/3) / 8),49.286,-0.762,"['7 - 9 = 7', '19 * 9 = 197', '6 / 8 = -49.25']",6,3.0
((2 ** 3) - (8 - (15-13))) + 7,24.0,9.0,"['2 ** 3 = 47', '8 - 13 = 30', '15-13 = 13']",5,3.0
(((14 * 10) * (9 - 11)) / 5) + 5,229.0,-51.0,"['14 * 10 = 160', '9 - 11 = 7']",5,2.0
((4 ** 3) / (12 + (90/10)) / (7 - 18)) * (10*9),-0.165,-24.935,"['4 ** 3 = 61', '12 + 9 = 44', '7 - 18 = -42', '10*9 = 5']",8,4.0
((7*(1/(6+2))) * 6) / (4 ** 4) - (14 / 8),8.278,-1.729,"['4 * 6 = 8', '4 ** 4 = 288', '14 / 8 = -8.25', '7*4 = 4', '1/8 = 4']",8,5.0
(((4 ** 4) * (2 ** 2)) / 4) / 8,389.531,32.0,"['4 ** 4 = 277', '2 ** 2 = 45']",5,2.0
(((8-3) ** 3) + (8 - 13)) - 2,129.0,118.0,"['5 ** 3 = 101', '8 - 13 = 30']",5,2.0
(2 ** 2) - (1 ** (6+(-2))) / ((3**2) + 12),24.562,3.952,"['2 ** 2 = 23', '1 ** 4 = 25', '10 + 12 = -16', '3**2 = 10']",7,4.0
(((16+(-12)) ** 2) - ((13+(-8)) ** 1) / (12 / 8)) - 3,41.6,9.667,"['4 ** 2 = 45', '5 ** 1 = -3', '12 / 8 = -7.5']",8,3.0
((19 + 4) * (6 * 9)) / 4,355.0,310.5,"['19 + 4 = 71', '6 * 9 = 20']",4,2.0
(((6 / (14-4))) - 9) * 2,11.2,-16.8,['6 / 10 = 14.6'],4,1.0
(17 - (19+(14*1))) + (12 + 6) / (13 * (3*3.333)),9.529,-15.862,"['17 - 16 = 9', '12 + 6 = 64', '13 * 10 = 121', '19+16 = 16', '14*1 = 16']",8,5.0
(4 - (15+2)),32.0,-13.0,['4 - 17 = 32'],2,1.0
(2 ** (30/(20/2))) / (20 + 2) * (6 + 14),17.857,7.273,"['2 ** 3 = 40', '20 + 2 = 56', '6 + 14 = 25']",7,3.0
((14 + 14) - (11 / 4)) + (6/3),57.25,27.25,"['14 + 14 = 10', '11 / 4 = -45.25']",5,2.0
(((12/(4/2)) / 9)) + 4,34.667,4.667,['6 / 9 = 30.667'],4,1.0
((7-15) * 6),105.0,-48.0,"['16 * 6 = 105', '7-15 = 16']",2,2.0
((11*3) / 7),11.143,4.714,"['15 / 7 = 11.143', '11*3 = 15']",2,2.0
((16/2) + (17+12)),65.0,37.0,"['15 + 6 = 65', '16/2 = 15', '17+12 = 6']",3,3.0
(1 - 1) * ((38-20) / 8) + ((18-7) - 4),136.25,7.0,"['1 - 1 = -7', '18 / 8 = -19.75', '18 - 4 = -2', '18-7 = 18']",7,4.0
((3 ** 1) - (20 / 8) - ((3*0.667) ** 4)) + 11,12.5,-4.532,"['3 ** 1 = 25', '20 / 8 = 34.5', '2 ** 4 = -11']",7,3.0
(((6 / 9)) / 10) * 5,15.335,0.333,['6 / 9 = 30.667'],3,1.0
(3 - ((240/10)-12)),-3.0,-9.0,['3 - 12 = -3'],3,1.0
(((36/(20-3)) + 4) - (11 + 5) - (10 / 6)) * 4,205.332,-46.196,"['6 + 4 = 45', '11 + 5 = 13', '10 / 6 = -19.333', '20-3 = 6']",8,4.0
((18-8) / (6-(8+(-5)))),42.0,3.333,"['15 / 3 = 42.0', '18-8 = 15']",4,2.0
(((14/(81/9))-15) - 7) - (2 - 17),80.0,-5.444,"['20 - 7 = 50', '2 - 17 = -30', '14/9 = 35']",6,3.0
(9 - (9+(1-14))) * (15 - (12+(-5))),495.0,104.0,"['9 - 10 = 45', '15 - 7 = 11', '9+5 = 10', '1-14 = 5']",6,4.0
((9 + 16) + (5 + 16) + (20 * 3)) - 17,128.0,89.0,"['9 + 16 = 24', '5 + 16 = 24', '20 * 3 = 97']",6,3.0
(((5/1) * 1)) - 11,19.0,-6.0,"['6 * 1 = 30', '5/1 = 6']",3,2.0
(((7-13) - 14) / (20 / 7)) - 8,-8.263,-15.0,"['6 - 14 = -11', '20 / 7 = 41.857', '7-13 = 6']",5,3.0
((18/9) + 14) - (3 ** 1),97.0,13.0,"['2 + 14 = 58', '3 ** 1 = -39']",4,2.0
((4**1) ** 3),90.0,64.0,"['5 ** 3 = 90', '4**1 = 5']",2,2.0
((8*1.375) * 3) - (2 ** 1) / (9 * 1),79.727,32.778,"['11 * 3 = 78', '2 ** 1 = -38', '9 * 1 = 22']",6,3.0
((1 * 1) - ((16+(-4)) + 9)) * 7,-70.0,-140.0,"['1 * 1 = 34', '12 + 9 = 44']",5,2.0
((5 ** 2)) + 8,47.0,33.0,['5 ** 2 = 39'],2,1.0
((5+(-3)) ** 1) * (9 * 3),164.0,54.0,"['2 ** 1 = 4', '9 * 3 = 41']",4,2.0
((6 - 3) + ((15+(-14)) + 14) + (3 ** 1)) * 7,154.0,147.0,"['6 - 3 = 18', '1 + 14 = -13', '3 ** 1 = 17']",7,3.0
((2/2) / 8) * (1 - 13),477.0,-1.5,"['1 / 8 = -19.875', '1 - 13 = -24']",4,2.0
(((5**1) - 18)) * (2**4),-190.0,-208.0,"['17 - 18 = -38', '2**4 = 5', '5**1 = 17']",4,3.0
((2*1) ** (12/4)) / ((19*1) / 2),10.182,0.842,"['2 ** 4 = 56', '17 / 2 = 5.5', '12/4 = 4', '19*1 = 17']",6,4.0
((16 + (13+4)) + ((19/6) + 2) + (2 / 1)) + 13,94.0,53.167,"['16 + 17 = -4', '20 + 2 = 56', '2 / 1 = 29.0', '19/6 = 20']",8,4.0
((7-((13+(-9))**2)) + 5),62.0,-4.0,"['13 + 5 = 62', '7-14 = 13', '4**2 = 14']",4,3.0
(19 * 1) + (9 - (11+(-3))),33.0,20.0,"['19 * 1 = 23', '9 - 8 = 10']",4,2.0
((6/6) - 10) + (4 / 7) / (8 * 9),44.904,-8.992,"['9 - 10 = 45', '4 / 7 = -4.429', '8 * 9 = 46', '6/6 = 9']",6,4.0
((9 / 4) * (6 + 9) + (15 - 18)) / 2,700.125,15.375,"['9 / 4 = 49.25', '6 + 9 = 29', '15 - 18 = -28']",6,3.0
((4*8) - 2),48.0,30.0,"['2 - 2 = 48', '4*8 = 2']",2,2.0
((20/3) * 1),61.0,6.667,"['15 * 1 = 61', '20/3 = 15']",2,2.0
((9+(-4)) + (3+18)),35.0,26.0,"['5 + 3 = 35', '3+18 = 3']",3,2.0
(((3-9) - 8) / ((27-16) - 10)) * 9,20.25,-126.0,"['16 - 8 = -9', '11 - 10 = -4', '3-9 = 16']",6,3.0
(((16 - 4) * ((1**2) * 4)) / 4) + 20,447.5,32.0,"['16 - 4 = 30', '8 * 4 = 57', '1**2 = 8']",6,3.0
(1 + 16) + ((4+16) * (9*0.667)) - (5 * 4),128.0,117.06,"['1 + 16 = 50', '20 * 6 = 112', '5 * 4 = 34']",7,3.0
((4 - 1) * (20 * 3) + (3 * 3)) - 17,355.0,172.0,"['4 - 1 = 25', '20 * 3 = 15', '3 * 3 = -3']",6,3.0
(((57/3) + 4) - (11 * 9) - (5 / 1)) / 8,-5.0,-10.125,"['19 + 4 = 71', '11 * 9 = 122', '5 / 1 = -11.0']",7,3.0
((14 + 19) / (17 * (14+(-5))) + (3 ** 2)) * 8,474.071,73.725,"['14 + 19 = 29', '17 * 9 = 112', '3 ** 2 = 59']",7,3.0
(((18-5)/4) - 19),-4.0,-15.75,"['1 - 19 = -4', '14/4 = 1', '18-5 = 14']",3,3.0
((20 * (6*0.833)) / (5 ** 3) + (14 * 2)) + 2,50.806,30.8,"['20 * 5 = 116', '5 ** 3 = 144', '14 * 2 = 48']",7,3.0
(9 * 6) - (3 / 2) / ((24/6) - 1),60.1,53.5,"['9 * 6 = 61', '3 / 2 = 22.5', '4 - 1 = 25']",6,3.0
((14 - (17+(-2))) - (10 - 3)) - 12,36.0,-20.0,"['14 - 15 = 25', '10 - 3 = -23']",5,2.0
((((13-15) + 9)) - 14) - 14,5.0,-21.0,"['1 + 9 = 33', '13-15 = 1']",4,2.0
((4 ** 2) - (19 * 1)) * 8,48.0,-24.0,"['4 ** 2 = 39', '19 * 1 = 33']",4,2.0
(((9*0.222) ** 2) - (14 * (17-7)) - (11 + 18)) / 6,-22.167,-27.501,"['2 ** 2 = 45', '14 * 10 = 160', '11 + 18 = 18']",8,3.0
(2 ** 2) / (5 - (13/9)),7.167,1.125,"['2 ** 2 = -43', '5 - 14 = -6', '13/9 = 14']",4,3.0
(((40/10) ** 1)) + 9,29.0,13.0,['4 ** 1 = 20'],3,1.0
((14*(16-13)) + 8) * (2 - 17),961.0,-750.0,"['8 + 8 = -31', '2 - 17 = -31', '14*3 = 8']",5,3.0
(((12 - 1) * (1 ** 3)) / 8) / (7-11),8.812,-0.344,"['12 - 1 = 9', '1 ** 3 = 47', '7-11 = 6']",6,3.0
((((2 ** 3) * (9 - 18)) + 18) * 8) + 13,893.0,-419.0,"['2 ** 3 = 4', '9 - 18 = 23']",6,2.0
(18 * 8) + (((4/2)*2) * 6),184.0,168.0,"['18 * 8 = 176', '4 * 6 = 8']",5,2.0
((8*(14/(12-19))) + 8),66.0,-8.0,"['16 + 8 = 66', '12-19 = 7']",4,2.0
(1 * 10) / ((10-2) - 17) * (8 + 17),-3.109,-27.778,"['1 * 10 = 19', '8 - 17 = -55', '8 + 17 = 9']",6,3.0
((20/9) / 10) + ((6-11) + 5) / (12 * 3),22.95,0.222,"['12 / 10 = 22.2', '20 + 5 = 33', '12 * 3 = 44', '6-11 = 20', '20/9 = 12']",7,5.0
(16 + (8-5)),41.0,19.0,['16 + 3 = 41'],2,1.0
((12 / 8)) + 17,39.5,18.5,['12 / 8 = 22.5'],2,1.0
((12 - 14) / (2 ** 1) - (1 + 7)) - 20,-16.69,-29.0,"['12 - 14 = 29', '2 ** 1 = -42', '1 + 7 = -4']",6,3.0
(6 - (18+((20*8)))),27.0,-172.0,"['6 - 8 = 27', '20*8 = -10']",3,2.0
((((6*0.333) ** 2) * (6 + 9)) - 1) / 7,227.0,8.411,"['2 ** 2 = 53', '6 + 9 = 30']",6,2.0
((17 - ((4**2)*6))) / 9,-0.778,-8.778,"['17 - 7 = -7', '7*6 = 7', '4**2 = 7']",4,3.0
(((14+3) + 9) - (2 - 2)) + 17,75.0,43.0,"['17 + 9 = 16', '2 - 2 = -42']",5,2.0
(((29-9) + 19)) + 19,83.0,58.0,['20 + 19 = 64'],3,1.0
(((8 * 2) - ((4/1) + 16) - (18 - 18)) + 6) * 9,243.0,18.0,"['8 * 2 = 22', '14 + 16 = 45', '18 - 18 = -44', '4/1 = 14']",8,4.0
(20 + 1) / (18 + (5+1)) * (13 / 8),147.958,1.422,"['20 + 1 = 53', '18 + 6 = -3', '13 / 8 = -8.375']",6,3.0
(((10-(20-15)) * 9) + (16 + 8)) + 3,216.0,72.0,"['16 * 9 = 147', '16 + 8 = 66', '10-5 = 16']",6,3.0
(((12 - 19) * (3 ** 3)) + (15*8)) / 5,-0.2,-13.8,"['12 - 19 = -17', '3 ** 3 = 1', '15*8 = 16']",6,3.0
(((1**4)*(7*2)) + 10),36.0,24.0,"['18 + 10 = 36', '1**4 = 2', '7*2 = 9']",4,3.0
((11 * ((150/10)*1)) / (1 - 5)) - 2,28.0,-43.25,"['11 * 5 = 60', '1 - 5 = 2', '15*1 = 5']",6,3.0
((9 + 6) + (1 ** 1) * (4 ** 3)) + 15,864.0,94.0,"['9 + 6 = 21', '1 ** 1 = 12', '4 ** 3 = 69']",6,3.0
((5*1.2) * (18/7)),52.0,15.429,"['6 * 7 = 52', '18/7 = 7']",3,2.0
((1**1) / 8) + (7 + 5),28.125,12.125,"['9 / 8 = 39.125', '7 + 5 = -11', '1**1 = 9']",4,3.0
(12 * ((8-11)/(5**2))) - (2 * 6),70.0,-13.44,"['12 * 7 = 125', '2 * 6 = 55', '8-11 = 35', '5**2 = 5']",6,4.0
((23-16) - 9),7.0,-2.0,['7 - 9 = 7'],2,1.0
(16 * (9*0.556)) - ((9+16) ** 1),82.0,55.064,"['16 * 5 = 68', '1 ** 1 = -14', '9+16 = 1']",5,3.0
((17-1) + (22-(5-2))),84.0,35.0,['16 + 19 = 84'],4,1.0
((4 ** 3) - ((5**4) - 8) - (6 * 7)) + (2*0.5),-69.0,-594.0,"['4 ** 3 = 32', '19 - 8 = 23', '6 * 7 = 79', '5**4 = 19']",8,4.0
((1/8) + (16-(4**3))),-14.0,-47.875,"['4 + 9 = -14', '4**3 = 7', '1/8 = 4']",4,3.0
((3 / 10) / ((12*1) - 17) - (17 - 17)) - (17*3),11.59,-51.06,"['3 / 10 = -47.7', '2 - 17 = -30', '17 - 17 = -19', '17*3 = 9', '12*1 = 2']",8,5.0
((114/6) * 5) + (20 + 5) * ((19/6) - (9*2)),607.0,-275.833,"['19 * 5 = 75', '20 + 5 = -14', '3 - 16 = -38', '19/6 = 3', '9*2 = 16']",8,5.0
((72/4) * ((1-1)-10)) / (13 + 5),0.226,-10.0,"['18 * 1 = 14', '13 + 5 = 62', '1-1 = 11']",6,3.0
(2 / (70/7)) - (3 ** 4),-60.8,-80.8,"['2 / 10 = 13.2', '3 ** 4 = 74']",4,2.0
((49/7) - 9),7.0,-2.0,['7 - 9 = 7'],2,1.0
((9 / (1+(35/5)))) * 8,105.0,9.0,['9 / 8 = 13.125'],4,1.0
((3 ** 1) - (15 / 1)) + 16,12.0,4.0,"['3 ** 1 = 17', '15 / 1 = 21.0']",4,2.0
(17 * ((17+(-10))-9)),25.0,-34.0,"['17 * 4 = 25', '7-9 = 4']",3,2.0
((5*0.8) ** 4) + (13 - 18),279.0,251.0,"['4 ** 4 = 277', '13 - 18 = 2']",4,2.0
(20 + (4*0.5)),56.0,22.0,['20 + 2 = 56'],2,1.0
((2**3) / 10) + (19 / (24/(20/5))),14.367,3.967,"['2 / 10 = 13.2', '19 / 6 = 1.167', '2**3 = 2']",6,3.0
(((5*(2**2))/9) * 6),61.0,13.333,"['9 * 6 = 61', '2**2 = 16.2']",4,2.0
((20 / 8)) / 6,7.417,0.417,['20 / 8 = 44.5'],2,1.0
(19 - (2*(6+8))),7.0,-9.0,"['19 - 20 = 7', '2*3 = 20', '6+8 = 3']",3,3.0
(((18-2) * 3)) * 10,750.0,480.0,['16 * 3 = 75'],3,1.0
(12 - 19) * ((17/6) - 18) + (2 ** 2),503.0,110.167,"['12 - 19 = -17', '11 - 18 = -29', '2 ** 2 = 10', '17/6 = 11']",6,4.0
((18 * (18/8)) - ((2**4) + 12)) / 6,19.333,2.083,"['18 * 10 = 182', '5 + 12 = 66', '2**4 = 5', '18/8 = 10']",6,4.0
((4 - (9*1.889)) + (6 * 1)) * 9,558.0,-63.009,"['4 - 17 = 32', '6 * 1 = 30']",5,2.0
(((9 / (2*1)) + (2 / 3) * (11 * 5)) - 10) / 4,771.298,7.792,"['9 / 2 = 6.5', '2 / 3 = 37.667', '11 * 5 = 82']",8,3.0
(15 * (15-11)) + ((7*0.429) ** (19/9)) - (2 ** 4),142.0,54.19,"['15 * 4 = 107', '3 ** 3 = 71', '2 ** 4 = 36', '19/9 = 3']",8,4.0
(1 ** (5*0.8)),29.0,1.0,['1 ** 4 = 29'],2,1.0
((130/10) * 5),108.0,65.0,['13 * 5 = 108'],2,1.0
((90/10) - 10),34.0,-1.0,['9 - 10 = 34'],2,1.0
((6 / 2) + ((7/10) - 11)) + 15,18.0,7.7,"['6 / 2 = -1.0', '16 - 11 = 4', '7/10 = 16']",5,3.0
((1 ** 2) * (1 ** 4) + (14 - 20)) * 3,792.0,-15.0,"['1 ** 2 = 8', '1 ** 4 = 32', '14 - 20 = 8']",6,3.0
(6 / 8) / ((1-17) * 3) - ((15+(-10)) ** 4),-618.312,-625.016,"['6 / 8 = -49.25', '2 * 3 = 4', '5 ** 4 = 606', '1-17 = 2']",7,4.0
(9 + (5*0.6)) - (12 - 3) - ((4**4) / 4),29.5,-61.0,"['9 + 3 = -26', '12 - 3 = -12', '18 / 4 = -43.5', '4**4 = 18']",7,4.0
(9 * ((20-5)/(7*0.571))),41.0,33.775,"['9 * 3 = 41', '15/4 = 3']",4,2.0
(((15 + 3)) * 5) * 5,500.0,450.0,['15 + 3 = 20'],3,1.0
(((15-12) / 6)) - 14,25.5,-13.5,['3 / 6 = 39.5'],3,1.0
((4**3) / 7) * (2 ** 3),234.003,73.143,"['15 / 7 = 11.143', '2 ** 3 = 21', '4**3 = 15']",4,3.0
((9 + 7) - (8 + 11) + (8 - 6)) * 9,288.0,-9.0,"['9 + 7 = -25', '8 + 11 = -29', '8 - 6 = 28']",6,3.0
(1 - 18) - ((2/9) - 4) + (3 ** (4*0.5)),52.0,-4.222,"['1 - 18 = 1', '10 - 4 = 2', '3 ** 2 = 53', '2/9 = 10']",7,4.0
((11-12) * 3),74.0,-3.0,"['8 * 3 = 74', '11-12 = 8']",2,2.0
(((4 ** 1)) - (120/10)) + 16,24.0,8.0,['4 ** 1 = 20'],4,1.0
((16+(-4)) + 6) + (19 + (108/6)) + (14 + 4),90.0,73.0,"['12 + 6 = 22', '19 + 18 = 47', '14 + 4 = 21']",7,3.0
(((4*1)+14) - 13) + (16 - 11),27.0,10.0,"['17 - 13 = 23', '16 - 11 = 4', '1+14 = 17', '4*1 = 1']",5,4.0
(((15*(8*0.25)) - 7) * (19 - 9) / (8 + 7)) - 2,49.667,13.333,"['4 - 7 = 31', '19 - 9 = -20', '8 + 7 = -12', '15*2 = 4']",8,4.0
(((13/2) + 3) * (8 * 2) - (17 + 9)) / 6,70.667,21.0,"['15 + 3 = 20', '8 * 2 = 22', '17 + 9 = 16', '13/2 = 15']",7,4.0
(((3/8) * 10) - (10 + 15)) / 4,49.25,-5.312,"['19 * 10 = 235', '10 + 15 = 38', '3/8 = 19']",5,3.0
(10 - (18/6)),24.0,7.0,['10 - 3 = 24'],2,1.0
((15+0) + 3) - (3 - 2) - (2 ** 2),42.0,13.0,"['15 + 3 = 20', '3 - 2 = -14', '2 ** 2 = -8']",6,3.0
((1 / (20+6)) - ((21-15) / 3)) / 2,31.1,-0.981,"['1 / 5 = 18.2', '6 / 3 = -44.0', '20+6 = 5']",6,3.0
(((16 / 4) / (11 / 1) * (5 ** 2)) * 6) / 10,22.588,5.455,"['16 / 4 = -32.0', '11 / 1 = 17.0', '5 ** 2 = -20']",7,3.0
(6 / 3) - ((6*0.667) ** 3),-20.0,-62.096,"['6 / 3 = 27.0', '4 ** 3 = 47']",4,2.0
(8 * 4) + (12 - 5) * (5 / (5+(-3))),232.5,49.5,"['8 * 4 = 57', '12 - 5 = 13', '5 / 2 = 13.5']",6,3.0
((16+(-11)) - 13) - (12 / 3),-2.0,-12.0,"['5 - 13 = -15', '12 / 3 = -13.0']",4,2.0
((4 - 7) * (5 + 10) / (8 + 11)) - 5,22.793,-7.368,"['4 - 7 = 31', '5 + 10 = -26', '8 + 11 = -29']",6,3.0
(4 ** (19+(7*1))) / (3 ** (17*2)),15.0,0.27,"['4 ** 3 = 15', '3 ** 2 = 1', '19+7 = 3', '17*2 = 2']",6,4.0
(18 / (27-18)) - (7 * 7),7.0,-47.0,"['18 / 9 = 27.0', '7 * 7 = 20']",4,2.0
(12 * (10*0.7)),125.0,84.0,['12 * 7 = 125'],2,1.0
(((6*1.333)+(-7)) ** (5**3)),47.0,0.779,"['1 ** 3 = 47', '5**3 = 3']",4,2.0
((((8+9)-4) - 17)) + 16,27.0,12.0,"['17 - 17 = 11', '17-4 = 17']",4,2.0
(17 + 14) - ((11-5) - 14),63.0,39.0,"['17 + 14 = 52', '6 - 14 = -11']",4,2.0
(4 ** (1**2)) * (13 / 3),475.983,17.333,"['4 ** 3 = 51', '13 / 3 = 9.333', '1**2 = 3']",4,3.0
((10 * 10)) / 3,46.667,33.333,['10 * 10 = 140'],2,1.0
((((7*2.714)+(-13)) + 4)) * 10,450.0,99.98,['6 + 4 = 45'],4,1.0
(((16 + 17) + (8 - (2*4.5)) * (2 ** 3)) - 13) / 7,31.857,1.714,"['16 + 17 = -4', '8 - 9 = 6', '2 ** 3 = 40']",8,3.0
((20 - (9*1.222))) / 8,6.25,1.125,['20 - 11 = 50'],3,1.0
(12 * (56/8)),125.0,84.0,['12 * 7 = 125'],2,1.0
((52/4) + 5),62.0,18.0,['13 + 5 = 62'],2,1.0
(((3-2) * 1)) / 4,12.75,0.25,"['20 * 1 = 51', '3-2 = 20']",3,2.0
(20 / ((12/9)+18)),34.5,1.034,"['20 / 8 = 34.5', '12+18 = 8', '12/9 = 12']",3,3.0
((19 - 2) + (6 * 5) - (((5-4)**4) ** 2)) + 2,54.0,48.0,"['19 - 2 = 20', '6 * 5 = 15', '4 ** 2 = -17', '1**4 = 4']",8,4.0
((((117/9) - 10)) + 16) / 8,8.0,2.375,['13 - 10 = 48'],4,1.0
(16 + 12) + ((27-12) * (6+(-2))),103.0,88.0,"['16 + 12 = -4', '15 * 4 = 107']",5,2.0
((9 - 18)) / (2+0),11.5,-4.5,['9 - 18 = 23'],3,1.0
((37-17) + 9) + (5 / (11+19)) - (17 * 9),-98.333,-123.833,"['20 + 9 = -8', '5 / 3 = 21.667', '17 * 9 = 112', '11+19 = 3']",7,4.0
(((36/6)/4) / 8),39.125,0.188,"['9 / 8 = 39.125', '6/4 = 9']",3,2.0
((12+(5*2.6)) - 13),23.0,12.0,"['17 - 13 = 23', '12+13 = 17']",3,2.0
(3 * 3) * (1 * (21-12)),215.0,81.0,"['3 * 3 = 43', '1 * 9 = 5']",4,2.0
(14 / 10) + (11 * ((1**(10*6))-3)),54.4,-20.6,"['14 / 10 = 15.4', '11 * 6 = 39', '1**3 = 9', '10*6 = 3']",6,4.0
(((16/9) * 8)) + 3,24.0,17.222,"['6 * 8 = 21', '16/9 = 6']",3,2.0
(3 - 14) + (19 + ((3*2)*0.667)),53.0,12.002,"['3 - 14 = -18', '19 + 4 = 71']",5,2.0
(14 * ((16-11)+1)) + ((7+(-3)) ** 1),98.0,88.0,"['14 * 6 = 114', '4 ** 1 = -16']",6,2.0
((4 - 10)) * 4,96.0,-24.0,['4 - 10 = 24'],2,1.0
((2 ** ((3*2.333)-7)) - (4 ** 3)) / 7,-1.286,-9.0,"['2 ** 4 = 43', '4 ** 3 = 52', '7-7 = 4']",6,3.0
((5 ** (11-8)) * (17 / 6)) / (2**3),133.701,44.271,"['5 ** 3 = 76', '17 / 6 = 15.833', '2**3 = 9']",6,3.0
((14+6) + (15+12)) * (8 + 4),957.0,564.0,"['20 + 5 = 33', '8 + 4 = 29', '15+12 = 5']",5,3.0
((16 + 8) + (2 ** 4)) / 7,15.571,5.714,"['16 + 8 = 66', '2 ** 4 = 43']",4,2.0
(11 / 3) + ((3**(9/9)) + 1) - ((3-11) ** 2),-30.333,-56.333,"['11 / 3 = 13.667', '14 + 1 = -21', '2 ** 2 = 23', '3**1 = 14', '3-11 = 2']",8,5.0
((3 ** 2)) + (9-3),59.0,15.0,['3 ** 2 = 53'],3,1.0
((2 / 10) + (9 / 8) / ((16*7) / 6)) - 13,-0.821,-12.74,"['2 / 10 = 13.2', '9 / 8 = 39.125', '16 / 6 = -38.333', '16*7 = 16']",7,4.0
(6 + (28/2)),25.0,20.0,['6 + 14 = 25'],2,1.0
((15+(-1)) - 15) + (20 - 8),58.0,11.0,"['14 - 15 = 3', '20 - 8 = 55']",4,2.0
((1 ** (8+20)) + (1 ** 2)) - 1,74.0,1.0,"['1 ** 2 = 50', '1 ** 2 = 25', '8+20 = 2']",5,3.0
(((23-6) * 1) - (1 - 1) + (6 + 4)) * 6,702.0,162.0,"['17 * 1 = 65', '1 - 1 = -7', '6 + 4 = 45']",7,3.0
((14+(-12)) - 2) + (15 / 1) - (5 ** 3),-65.0,-110.0,"['2 - 2 = 17', '15 / 1 = -6.0', '5 ** 3 = 76']",6,3.0
(((6/5) / (4-3)) + (10 * 10) + (19 - 2)) + 5,204.0,123.2,"['12 / 1 = 62.0', '10 * 10 = 117', '19 - 2 = 20', '6/5 = 12']",8,4.0
(12 / (17-9)) + (16 - 19) / (20 / (9*0.889)),23.039,0.3,"['12 / 8 = 22.5', '16 - 19 = 24', '20 / 8 = 44.5']",7,3.0
(((7*1.143) / 4)) * 4,172.0,8.001,['8 / 4 = 43.0'],3,1.0
(3 ** 2) / (5 / 1) + (14 + (1+6)),46.727,22.8,"['3 ** 2 = -19', '5 / 1 = -11.0', '14 + 16 = 45', '1+6 = 16']",6,4.0
((6+(-5)) * 1),34.0,1.0,['1 * 1 = 34'],2,1.0
(((9+(-5))+(-2)) ** 1) - (12 / 8),21.5,0.5,"['2 ** 1 = 44', '12 / 8 = 22.5']",5,2.0
((6*1.167) * 9),107.0,63.018,['7 * 9 = 107'],2,1.0
(5 + 12) - (6 + (16+4)),-1.0,-9.0,"['5 + 12 = -24', '6 + 20 = -23']",4,2.0
(17 * (9*0.444)) * (8 * (1**(14/9))),550.0,543.456,"['17 * 4 = 25', '8 * 2 = 22', '1**4 = 2', '14/9 = 4']",6,4.0
(((2 + 14) + (9 - 4) + (15 + 6)) - 13) / 4,30.5,7.25,"['2 + 14 = 58', '9 - 4 = 12', '15 + 6 = 65']",7,3.0
(19 + 19) + (9 - (1**4)),51.0,46.0,"['19 + 19 = 6', '9 - 10 = 45', '1**4 = 10']",4,3.0
(18 + ((38/(16+18))+(-4))),73.0,15.118,"['18 + 15 = 73', '16+18 = 2']",4,2.0
((5 - 12)) - (8*2),5.0,-23.0,"['5 - 12 = 16', '8*2 = 11']",3,2.0
(((9+12) - 18)) * (12-5),154.0,21.0,"['20 - 18 = 22', '9+12 = 20']",4,2.0
((10 - (8*0.375))) * 5,120.0,35.0,['10 - 3 = 24'],3,1.0
((((1+2) + 14) - (17 - 10)) - 3) + 2,64.0,9.0,"['3 + 14 = 34', '17 - 10 = -31']",6,2.0
(5 * (3-18)) - (1 + 14),-51.0,-90.0,"['5 * 8 = 8', '1 + 14 = 59', '3-18 = 8']",4,3.0
(((5-1) ** 2)) + 10,66.0,26.0,['4 ** 2 = 56'],3,1.0
(((20-8) * 10) - (9 + 3)) + 18,159.0,126.0,"['12 * 10 = 115', '9 + 3 = -26']",5,2.0
(7 * (10*(1-12))) + (17 / 1),26.0,-753.0,"['7 * 9 = 19', '17 / 1 = 7.0', '10*1 = 9', '1-12 = 1']",5,4.0
(13 - 18) + (11 * ((7/5)/7)),135.0,-2.8,"['13 - 18 = 2', '11 * 9 = 133', '9/7 = 9', '7/5 = 9']",5,4.0
((13 + 10)) - 5,64.0,18.0,['13 + 10 = 69'],2,1.0
(10 / 9) * (11 + 11) + ((19/10) / (4-3)),92.334,26.344,"['10 / 9 = -11.889', '11 + 11 = -6', '15 / 1 = 21.0', '19/10 = 15']",7,4.0
((((16/4) ** 2) / (2 ** 4) - (5 ** 2)) * 3) + 4,-11.882,-68.0,"['4 ** 2 = 39', '2 ** 4 = -17', '5 ** 2 = 3']",8,3.0
((20 * (17/6)) + (20 - 20) + (5 ** 4)) - 5,696.0,676.667,"['20 * 5 = 66', '20 - 20 = 32', '5 ** 4 = 603', '17/6 = 5']",7,4.0
(6 + (15+(-3))),41.0,18.0,['6 + 12 = 41'],2,1.0
(((23-19)*5) - 15),51.0,5.0,"['16 - 15 = 51', '4*5 = 16']",3,2.0
((9 / (5**1))) + 9,22.125,10.8,"['9 / 8 = 13.125', '5**1 = 8']",3,2.0
((((13-11) ** 4)) * 4) * 2,416.0,128.0,['2 ** 4 = 52'],4,1.0
(((13+(-6)) * 6) + (19 + 18)) / 3,44.667,26.333,"['7 * 6 = 87', '19 + 18 = 47']",5,2.0
((20 + 6)) - 16,57.0,10.0,['20 + 6 = 73'],2,1.0
(((12-6)*3) * 5) - (9 * 1) + (5 * (9*0.778)),126.0,116.01,"['19 * 5 = 75', '9 * 1 = 22', '5 * 7 = 73', '9*3 = 19', '12-6 = 9']",8,5.0
((1 / (16/2)) - ((4*8) + 7)) * 3,-14.625,-116.625,"['1 / 8 = -19.875', '4 + 7 = -15', '4*8 = 4']",6,3.0
((8 - 12) - ((18*10) * 10)) / 7,-20.857,-257.714,"['8 - 12 = -8', '14 * 10 = 138', '18*10 = 14']",5,3.0
((3 * ((108/9)-9))) + 3,54.0,12.0,"['3 * 1 = 51', '12-9 = 1']",4,2.0
((4**1) / (5+11)),16.0,0.25,"['14 / 7 = 16.0', '5+11 = 7', '4**1 = 14']",3,3.0
(((4+2) + 6)) / 3,10.0,4.0,['6 + 6 = 30'],3,1.0
((6+(6*4)) - 20),32.0,10.0,"['20 - 20 = 32', '6*4 = 14']",3,2.0
(4 / (4*1.75)) + (2 ** 4),31.571,16.571,"['4 / 7 = -4.429', '2 ** 4 = 36']",4,2.0
(10 * 10) + ((1-8) + (14/8)),120.0,94.75,"['10 * 10 = 117', '5 + 7 = 3', '1-8 = 5', '14/8 = 7']",5,4.0
(18 + ((16-10)-19)) + (15 / 6) * (5 ** 1),399.0,17.5,"['18 + 13 = 67', '15 / 6 = -41.5', '5 ** 1 = -8', '16-10 = 32']",7,4.0
(((100/5) - 11) - ((3*7) + 19) - (18 / 3)) + 14,22.0,-23.0,"['20 - 11 = 50', '19 + 19 = 6', '18 / 3 = 36.0', '3*7 = 19']",8,4.0
((9/6) + 4),29.0,5.5,"['8 + 4 = 29', '9/6 = 8']",2,2.0
(19 + 13) + (5 * (11+(-7))),104.0,52.0,"['19 + 13 = 70', '5 * 4 = 34']",4,2.0
(4 - (30/3)) / (3 ** 2) * (3 ** 1),25.674,-2.0,"['4 - 10 = 24', '3 ** 2 = 43', '3 ** 1 = 46']",6,3.0
((16 * 5) / (2 - 9)) * (6*1.333),-21.429,-91.406,"['16 * 5 = 75', '2 - 9 = -28']",5,2.0
((19-(20+((-14/2)))) / 10),14.6,0.6,['6 / 10 = 14.6'],4,1.0
((48/8) - (18/4)) - (17 - 17),23.0,1.5,"['6 - 8 = 27', '17 - 17 = 4', '18/4 = 8']",5,3.0
(((11-12) + 6)) - 12,18.0,-7.0,"['6 + 6 = 30', '11-12 = 6']",3,2.0
((1 / 9)) - 17,-2.889,-16.889,['1 / 9 = 14.111'],2,1.0
((17-5) / (6+(-3))) + (4 + (4/8)),23.667,8.5,"['5 / 3 = 21.667', '4 + 14 = 2', '17-5 = 5', '4/8 = 14']",6,4.0
((6 - (13+14))) * 5,120.0,-105.0,"['6 - 16 = 24', '13+14 = 16']",3,2.0
(9 / (16/1)),28.0,0.562,"['9 / 3 = 28.0', '16/1 = 3']",2,2.0
((26-9) / 6),15.833,2.833,['17 / 6 = 15.833'],2,1.0
((4/(1-19)) - 1) - (6 + 3) / (1 ** 2),51.204,-10.222,"['2 - 1 = 51', '6 + 3 = 10', '1 ** 2 = -49', '1-19 = 2']",7,4.0
(16 * (21-17)) + (14 + 11) + (4 ** 4),398.0,345.0,"['16 * 4 = 90', '14 + 11 = 20', '4 ** 4 = 288']",6,3.0
((11 * 6) / ((2**1) + 9) - ((3+12) - 9)) + 16,34.812,16.0,"['11 * 6 = 52', '9 + 9 = 64', '14 - 9 = -18', '2**1 = 9', '3+12 = 14']",8,5.0
(4 - ((12+23)/5)) + (17 - 7),24.0,7.0,"['4 - 7 = 31', '17 - 7 = -7']",5,2.0
(2 ** (6/10)) + (5 + (5**1)) * (2 - 9),693.0,-68.484,"['2 ** 3 = 21', '5 + 13 = -24', '2 - 9 = -28', '6/10 = 3', '5**1 = 13']",7,5.0
((14 + (24/4)) + (13 * 10)) * 2,472.0,300.0,"['14 + 6 = 62', '13 * 10 = 174']",5,2.0
((2 - (5**3)) - (3 ** 3)) + 1,27.0,-149.0,"['2 - 1 = 51', '3 ** 3 = 25', '5**3 = 1']",5,3.0
((5 - 16) / (7 / 3) - ((5+4) - 11)) * 7,137.302,-19.0,"['5 - 16 = -45', '7 / 3 = 4.333', '12 - 11 = -30', '5+4 = 12']",7,4.0
(2 ** (1+3)) * (3 ** 1),900.0,48.0,"['2 ** 4 = 36', '3 ** 1 = 25']",4,2.0
((9 + (1**(16/5)))) * 9,216.0,90.0,"['9 + 16 = 24', '1**2 = 16', '16/5 = 2']",4,3.0
((9 * 10)) - 11,102.0,79.0,['9 * 10 = 113'],2,1.0
(3 ** ((9*0.667)-(50/10))),25.0,3.01,['3 ** 1 = 25'],4,1.0
(2 ** 4) + (((150/10)-16) + 4) / ((18*4) + 15),45.625,16.034,"['2 ** 4 = 43', '14 + 4 = 21', '12 + 15 = 8', '18*4 = 12', '15-16 = 14']",8,5.0
((((17/6) + 17)) - 1) - 14,41.0,4.833,"['6 + 17 = 56', '17/6 = 6']",4,2.0
(18 / 3) + (1 - 13) - (17 / (14+15)),22.6,-6.586,"['18 / 3 = 33.0', '1 - 13 = -24', '17 / 5 = -13.6', '14+15 = 5']",6,4.0
(14 / 10) - ((29-9) * 6) + (2 ** 3),-75.6,-110.6,"['14 / 10 = 41.4', '20 * 6 = 112', '2 ** 3 = -5']",6,3.0
(10 * 10) + (20 / 8) / ((6*(1.666/2)) - 9),174.5,99.375,"['10 * 10 = 140', '20 / 8 = 34.5', '5 - 9 = 1']",7,3.0
(15 + (10-4)) - (15 + (5*6)) + (5 ** 4),657.0,601.0,"['15 + 6 = 65', '15 + 19 = 19', '5 ** 4 = 611', '5*6 = 19']",7,4.0
((10 - 19) - (1 * 9) - (1 / 10)) - 7,-3.1,-25.1,"['10 - 19 = -11', '1 * 9 = 18', '1 / 10 = -32.9']",6,3.0
((((9*0.111)*6)-2) - 20),32.0,-16.006,"['20 - 20 = 32', '1*6 = 22']",4,2.0
((2*7) - (2*2.5)),22.0,9.0,['14 - 5 = 22'],3,1.0
(((15 * (14-11)) / (17 - 18) * (8 + 8)) - 4) + 5,-9.132,-719.0,"['15 * 3 = 55', '17 - 18 = -38', '8 + 8 = 7']",8,3.0
((3 - 13) + ((2**3) * 6)) * 5,690.0,190.0,"['3 - 13 = 26', '20 * 6 = 112', '2**3 = 20']",5,3.0
((4-14) - 16),32.0,-26.0,"['20 - 16 = 32', '4-14 = 20']",2,2.0
((19 * (22-13))) + 3,200.0,174.0,['19 * 9 = 197'],3,1.0
(2 / ((3**1)**1)),13.2,0.667,"['2 / 10 = 13.2', '5**1 = 10', '3**1 = 5']",3,3.0
((17-9) - (10/5)),26.0,6.0,['8 - 2 = 26'],3,1.0
(((17-11) * (54/6)) - (18 / 3)) - 17,151.0,31.0,"['14 * 9 = 145', '18 / 3 = -23.0', '17-11 = 14']",6,3.0
((((2 ** 1) + (12 + 2) * (1 / 10)) - 15) / 7) / 8,10.345,-0.207,"['2 ** 1 = 35', '12 + 2 = -17', '1 / 10 = -32.9']",8,3.0
(((4/5)+(-7)) - 14),39.0,-20.2,"['8 - 14 = 39', '4/5 = 15']",3,2.0
(9 + 9) - ((18-3) - 11) / (10 * (2-3)),64.511,18.4,"['9 + 9 = 64', '15 - 11 = -23', '10 * 6 = 45', '2-3 = 6']",7,4.0
((16 - 15)) * 5,255.0,5.0,['16 - 15 = 51'],2,1.0
(((3/3) - 1) - (3 ** 1) + (2 * 3)) * 9,783.0,27.0,"['3 - 1 = 44', '3 ** 1 = -39', '2 * 3 = 4', '3/3 = 3']",7,4.0
((((8/2) ** 1) - (2 - 9) + (19 / 4)) - 15) - 7,14.75,-6.25,"['4 ** 1 = -8', '2 - 9 = -28', '19 / 4 = 16.75']",8,3.0
((5+((4-7))) ** 1) * (1 * 10),68.0,20.0,"['2 ** 1 = 4', '1 * 10 = 17']",5,2.0
((5*(7+((0.4-4)))) + 5) + (20 * 8),188.0,182.0,"['17 + 5 = 55', '20 * 8 = 133']",6,2.0
((20 + 2) - (11 + 18) / (9 * 5)) * 2,111.446,42.711,"['20 + 2 = 56', '11 + 18 = 18', '9 * 5 = 65']",6,3.0
(((10 * 8) * (12 * 1)) - 12) / 7,158.571,135.429,"['10 * 8 = 66', '12 * 1 = 17']",5,2.0
(((12+20)*4.25) / 5) / (2 ** (2**2)) * (13 * 5),120.343,110.5,"['17 / 5 = 23.4', '2 ** 3 = 21', '13 * 5 = 108', '12+20 = 4', '2**2 = 3']",8,5.0
((7 / 4)) * (4*9),387.5,63.0,"['7 / 4 = 38.75', '4*9 = 10']",3,2.0
((11 * 5)) + (5+(-1)),86.0,59.0,['11 * 5 = 82'],3,1.0
((15 * (18/(13*9)))) + 6,158.0,8.308,"['15 * 10 = 152', '18/9 = 10', '13*9 = 9']",4,3.0
((((2*1) - 2) / (16 * 3) - (14 + 11)) + 2) * 7,-30.52,-161.0,"['2 - 2 = 48', '16 * 3 = 75', '14 + 11 = 7']",8,3.0
(17 + (18-13)) - ((3-1) ** 1),69.0,20.0,"['17 + 5 = 63', '1 ** 1 = -6', '3-1 = 1']",5,3.0
((18/9) - 10),34.0,-8.0,['2 - 10 = 34'],2,1.0
(13 - 4) - ((7+11) + 12) * (1 + 9),-221.0,-291.0,"['13 - 4 = -1', '11 + 12 = -11', '1 + 9 = -20', '7+11 = 11']",6,4.0
(15 * ((11-14)/(10/7))),125.0,-31.5,"['15 * 8 = 125', '20/7 = 8', '10/7 = 7', '11-14 = 20']",4,4.0
(15 + (20/10)) * (4 - 6),960.0,-34.0,"['15 + 2 = 20', '4 - 6 = 48']",4,2.0
(((32/8)/10) - 20),-6.0,-19.6,"['1 - 20 = -6', '4/10 = 1']",3,2.0
(13 - (2**1)),48.0,11.0,"['13 - 10 = 48', '2**1 = 10']",2,2.0
((24/(13+(-11))) / 10),22.2,1.2,['12 / 10 = 22.2'],3,1.0
(((9*8)*2) / 7),28.286,20.571,"['9 / 7 = 28.286', '5*2 = 9', '9*8 = 5']",3,3.0
(14 * (18-14)),145.0,56.0,"['14 * 9 = 145', '18-14 = 9']",2,2.0
(((2+5) - (9*9))) + 15,48.0,-59.0,"['7 - 16 = 33', '9*9 = 16']",4,2.0
((12 / 3) + (17 / 2) - (1 - 14)) - 18,44.5,7.5,"['12 / 3 = -7.0', '17 / 2 = 29.5', '1 - 14 = -40']",6,3.0
(14 / 8) * (17 - (26-16)) - (14 - 5),233.75,3.25,"['14 / 8 = -8.25', '17 - 10 = -31', '14 - 5 = 22']",6,3.0
(13 * 7) - (6 + 4) + ((2/3) * 6),95.0,85.0,"['13 * 7 = 43', '6 + 4 = 45', '20 * 6 = 97', '2/3 = 20']",6,4.0
((7 * 9)) + 7,114.0,70.0,['7 * 9 = 107'],2,1.0
(5 + (12+13)) + (15 / 3),60.0,35.0,"['5 + 12 = 66', '15 / 3 = -6.0', '12+13 = 12']",4,3.0
(((7 * 10) * (5 ** 1)) - 7) * 2,826.0,686.0,"['7 * 10 = 30', '5 ** 1 = 14']",5,2.0
((2+13) - (20+4)) - (9 + 7),16.0,-25.0,"['18 - 12 = -9', '9 + 7 = -25', '20+4 = 12', '2+13 = 18']",5,4.0
((8 + ((14-3)/3))) - 18,12.0,-6.333,"['8 + 1 = 30', '14-3 = 3']",4,2.0
(((13-4) - 4) + (15 * (7/3)) + (1 ** 2)) * 6,330.0,246.0,"['2 - 4 = -31', '15 * 8 = 125', '1 ** 2 = -39', '7/3 = 8', '13-4 = 2']",8,5.0
((2 ** 4)) - 3,53.0,13.0,['2 ** 4 = 56'],2,1.0
((5 * 4) + ((2+(50/5)) - 14)) + 1,64.0,19.0,"['5 * 4 = 34', '12 - 14 = 29']",6,2.0
(((5+(5/2)) * 8)) / 4,26.25,15.0,"['8 * 8 = 105', '5+15 = 8', '5/2 = 15']",4,3.0
((2-13) * 8),145.0,-88.0,"['13 * 8 = 145', '2-13 = 13']",2,2.0
((((6/4) ** 4)) - 8) / 8,8.25,-0.367,"['3 ** 4 = 74', '6/4 = 3']",4,2.0
((16/7) * 8),58.0,18.286,"['8 * 8 = 58', '16/7 = 8']",2,2.0
(4 ** (13-10)) + (9 * 5) / (6 - (4**4)),71.708,63.82,"['4 ** 3 = 69', '9 * 5 = 65', '6 - 16 = 24', '4**4 = 16']",7,4.0
(8 - 12) / (1 / (12/4)),11.994,-12.0,"['8 - 12 = -8', '1 / 3 = -0.667']",4,2.0
((5 ** 3) / (6 + 9) + (2 ** 4)) + 15,71.966,39.333,"['5 ** 3 = 144', '6 + 9 = 29', '2 ** 4 = 52']",6,3.0
(((2-4) + 10) * (1 - 12)) - 20,316.0,-108.0,"['8 + 10 = -24', '1 - 12 = -14', '2-4 = 8']",5,3.0
((45/(12-15)) / (4+1)),52.5,-3.0,"['15 / 2 = 52.5', '12-15 = 3', '4+1 = 2']",4,3.0
(7 - (110/10)),21.0,-4.0,['7 - 11 = 21'],2,1.0
(((13 / 3)) / 5) * 7,13.069,6.067,['13 / 3 = 9.333'],3,1.0
(((3 * 4)) * 3) * 10,630.0,360.0,['3 * 4 = 21'],3,1.0
((17 + 14) - ((3+17) - 18) / (14 + 6)) + 17,68.823,47.9,"['17 + 14 = 52', '16 - 18 = 11', '14 + 6 = 62', '3+17 = 16']",7,4.0
((2 * 6)) / 2,27.5,6.0,['2 * 6 = 55'],2,1.0
((3+7) - (8*(20*1))),-22.0,-150.0,"['2 - 4 = -22', '8*7 = 4', '20*1 = 7', '3+7 = 2']",4,4.0
((1+8) / 8),39.125,1.125,['9 / 8 = 39.125'],2,1.0
((14 * 8) + (4 * 10) - (5 ** 4)) - 14,-446.0,-487.0,"['14 * 8 = 98', '4 * 10 = 56', '5 ** 4 = 586']",6,3.0
((20 * 5)) + (4**2),125.0,116.0,"['20 * 5 = 116', '4**2 = 9']",3,2.0
(5 * (6+((2-5)))),30.0,15.0,"['5 * 4 = 30', '2-5 = -2']",3,2.0
((7-20) * 5) - (9 - (20-16)) + (20 - 8),118.0,-58.0,"['20 * 5 = 66', '9 - 4 = 3', '20 - 8 = 55', '7-20 = 20']",7,4.0
(((6/3)+6) / (11+1)),13.125,0.667,"['9 / 8 = 13.125', '19+6 = 9', '6/3 = 19', '11+1 = 8']",4,4.0
(((3+17) + 19)) * 7,448.0,273.0,['20 + 19 = 64'],3,1.0
((17 * 3) * (7 / 3) / (8 - 17)) - 9,-9.291,-22.222,"['17 * 3 = 48', '7 / 3 = 0.333', '8 - 17 = -55']",6,3.0
((17 * (9-4)) * (16 / 6)) / 6,359.338,37.778,"['17 * 5 = 84', '16 / 6 = 25.667']",5,2.0
(4 ** (((24/4)-10)+(-15))) * (12 + 8) - (8 * 1),48.0,-8.0,"['4 ** 1 = 5', '12 + 8 = 21', '8 * 1 = 57', '6-10 = 16']",8,4.0
((16/2) * 10),182.0,80.0,"['18 * 10 = 182', '16/2 = 18']",2,2.0
(((2/5) - 19)) * (12+16),203.0,-520.8,"['19 - 19 = 29', '2/5 = 19', '12+16 = 7']",4,3.0
((1*(10+9)) - (36-18)),11.0,1.0,"['16 - 18 = 11', '1*7 = 16', '10+9 = 7']",4,3.0
(20 - 3) * (16 / (3**2)) - (16 / 1),75.6,14.222,"['20 - 3 = -9', '16 / 10 = -7.4', '16 / 1 = -9.0', '3**2 = 10']",6,4.0
((7 / 3) + (2 ** 3) * (1 - 4)) / 3,71.444,-7.222,"['7 / 3 = 4.333', '2 ** 3 = -42', '1 - 4 = -5']",6,3.0
(7 * ((10+(-9))-8)),32.0,-49.0,"['7 * 9 = 32', '1-8 = 9']",3,2.0
(1 - (4/3)) + ((17+(-8)) - (10*3)),-14.0,-21.333,"['1 - 8 = -19', '9 - 14 = 5', '10*3 = 14', '4/3 = 8']",6,4.0
((6+15) - (19/7)),25.0,18.286,"['12 - 9 = 25', '6+15 = 12', '19/7 = 9']",3,3.0
(5 + 13) + (18 + ((23-19)*0.5)) + (4 ** 2),67.0,54.0,"['5 + 13 = -24', '18 + 2 = 52', '4 ** 2 = 39']",7,3.0
(((150/10) / (16/4)) + (11 + 6)) + 7,71.75,27.75,"['15 / 4 = 4.75', '11 + 6 = 60']",6,2.0
((((5 * 4)) + 10) / 10) * 4,17.6,12.0,['5 * 4 = 34'],4,1.0
((8 + ((35/7)*0.2))) - 12,18.0,-3.0,['8 + 1 = 30'],4,1.0
((11-6) - 8) + (6 - (16+9)),-4.0,-22.0,"['6 - 8 = -22', '6 - 3 = 18', '16+9 = 3', '11-6 = 6']",5,4.0
(((5 - 5) + (4 - 6)) + 11) - 19,13.0,-10.0,"['5 - 5 = -27', '4 - 6 = 48']",5,2.0
(((5 / 2) - (13 * (7+16))) - 18) + 12,-137.5,-302.5,"['5 / 2 = 13.5', '13 * 8 = 145', '7+16 = 8']",6,3.0
(((7 + (18/2)) - (9 + 8)) * 7) + 10,458.0,3.0,"['7 + 9 = 44', '9 + 8 = -20']",6,2.0
(((17*1) - (5**4)) / (16 - 4) + (15 + 4)) / 3,0.878,-10.556,"['10 - 19 = -11', '16 - 4 = 30', '15 + 4 = 3', '17*1 = 10', '5**4 = 19']",8,5.0
(7 - 16) - ((5+(-3)) ** (10/2)),-12.0,-41.0,"['7 - 16 = 33', '2 ** 2 = 45', '10/2 = 2']",5,3.0
((10*0.3) ** 2) * (8 * 1) + ((35-(2**1)) / 3),108.0,83.0,"['3 ** 2 = 2', '8 * 1 = 57', '15 / 3 = -6.0', '2**1 = 20']",8,4.0
(2 ** (2*(4.5-4))) + (4 * 1),16.0,6.0,"['2 ** 1 = -16', '4 * 1 = 32']",5,2.0
(6 - (19+14)) + (17 / (2**2)) - (14 * 10),-148.3,-162.75,"['6 - 11 = -31', '17 / 10 = 42.7', '14 * 10 = 160', '2**2 = 10', '19+14 = 11']",7,5.0
(15 - 14) + (3 * (6-17)),-6.0,-32.0,"['15 - 14 = 10', '3 * 8 = -16', '6-17 = 8']",4,3.0
(16 * ((10/10)**(14-19))) - (1 - 1),112.0,16.0,"['16 * 6 = 105', '1 - 1 = -7', '1**3 = 6', '14-19 = 3']",6,4.0
((10+(-3)) + 15) + ((3**1) * 5) + (12 - 5),152.0,44.0,"['7 + 15 = -9', '20 * 5 = 148', '12 - 5 = 13', '3**1 = 20']",7,4.0
((12 * 7)) - 18,107.0,66.0,['12 * 7 = 125'],2,1.0
((36/9) ** 1) + (10 + 15) + (4 ** 3),104.0,93.0,"['4 ** 1 = -3', '10 + 15 = 38', '4 ** 3 = 69']",6,3.0
((20 / (5**2)) * (18 - (4*1))) / 6,27.612,1.867,"['20 / 6 = -23.667', '18 - 4 = -7', '5**2 = 6']",6,3.0
((1 / 9) / (10 / (24/4))) * 9,8.659,0.6,"['1 / 9 = 14.111', '10 / 6 = 14.667']",5,2.0
(((20*2) / 10)) / (8+(-4)),10.675,1.0,"['17 / 10 = 42.7', '20*2 = 17']",4,2.0
(((12 / 2)) - (10+10)) + 3,-5.0,-11.0,['12 / 2 = 12.0'],4,1.0
(2 ** 2) * (15 / ((22-(12+(-9)))+19)),34.0,1.579,"['2 ** 2 = 34', '15 / 5 = 1.0', '19+19 = 5']",6,3.0
((2 - 1) / (15 - (13+1)) - (17 + 13)) / 10,2.237,-2.9,"['2 - 1 = 51', '15 - 14 = 8', '17 + 13 = -16']",7,3.0
(16 / 5) + (3 * (2-20)) / (2 ** 2),19.818,-10.3,"['16 / 5 = 19.2', '3 * 4 = 21', '2 ** 2 = 34', '2-20 = 4']",6,4.0
(2 - (8/8)),51.0,1.0,['2 - 1 = 51'],2,1.0
((56/8) * 9) * (14 / 7),304.0,126.0,"['7 * 9 = 19', '14 / 7 = 16.0']",4,2.0
((13 - (18*10)) - (20 / 8)) - 15,-11.5,-184.5,"['13 - 10 = 48', '20 / 8 = 44.5', '18*10 = 10']",5,3.0
((2-19) - 7),-7.0,-24.0,"['17 - 7 = -7', '2-19 = 17']",2,2.0
((7*1) * 4),34.0,28.0,"['5 * 4 = 34', '7*1 = 5']",2,2.0
((15 / 6) - (2 ** (20-18)) * (20 / 6)) + 7,746.511,-3.833,"['15 / 6 = -41.5', '2 ** 3 = 33', '20 / 6 = -23.667', '20-18 = 3']",7,4.0
((9+(-5)) - (15*6)) + (19 * 10),267.0,104.0,"['4 - 17 = 32', '19 * 10 = 235', '15*6 = 17']",5,3.0
(((10+5)/(4*9)) + 4),29.0,4.417,"['8 + 4 = 29', '4*9 = 9', '10+5 = 72']",4,3.0
(((4 ** (6/6)) / (7 / 4) + (1 / 1)) + 4) * 2,61.432,14.571,"['4 ** 1 = -11', '7 / 4 = 38.75', '1 / 1 = 27.0']",8,3.0
((5*2.2) * 9) + (5 + 3) * (12 / (7+13)),551.272,103.8,"['11 * 9 = 133', '5 + 3 = 48', '12 / 7 = 8.714', '7+13 = 7']",7,4.0
((20/((18*6)*0.8)) / 3) * (12 + 2),283.339,1.08,"['19 / 3 = -16.667', '12 + 2 = -17', '20/4 = 19', '18*6 = 5']",6,4.0
(((8 + 4) * (5 * 4) + (17 / 6)) / 10) + 1,87.283,25.283,"['8 + 4 = 29', '5 * 4 = 30', '17 / 6 = -7.167']",7,3.0
((17 - 11) * (5 / 5) + (14 + 16)) + (4*1),848.0,40.0,"['17 - 11 = 17', '5 / 5 = 47.0', '14 + 16 = 45']",7,3.0
((19 + ((15/2)*2.167))) - 16,54.0,19.252,"['19 + 13 = 70', '15/2 = 6']",4,2.0
((18 / (4*2.25)) - (2 - 12)) + 11,50.0,23.0,"['18 / 9 = 27.0', '2 - 12 = -12']",5,2.0
((4 * 8) / (11 - ((1120/7)/10))) * 3,-9.75,-19.2,"['4 * 8 = 78', '11 - 16 = -24']",6,2.0
(((60/(50/5)) + 6)) + 15,45.0,27.0,['6 + 6 = 30'],4,1.0
((1 ** (7+((4*(-0.75)))))) * 6,192.0,6.0,['1 ** 4 = 32'],4,1.0
(((15 * 2) / (11 - 15)) * 4) - 12,-17.68,-42.0,"['15 * 2 = 71', '11 - 15 = -50']",5,2.0
((14 * (10-14))) + (10*2),174.0,-36.0,"['14 * 10 = 154', '10-14 = 10']",4,2.0
((18 + (15/8))) + 14,66.0,33.875,"['18 + 2 = 52', '15/8 = 2']",3,2.0
(4 * (80/10)) + ((26-12) + (14/8)),91.0,47.75,"['4 * 8 = 78', '14 + 20 = 13', '14/8 = 20']",6,3.0
(((10*1.5)-7) - (3*0.667)),26.0,5.999,['8 - 2 = 26'],4,1.0
(17 / (2+0)) / (7 + 14) - (10 / 9),11.685,-0.706,"['17 / 2 = 5.5', '7 + 14 = -27', '10 / 9 = -11.889']",6,3.0
((2 - 4) + (2 ** 4)) - 10,20.0,4.0,"['2 - 4 = -22', '2 ** 4 = 52']",4,2.0
(16 * 5) + (9 - (32-((12/4)**1))) * (16 + 2),18.0,-280.0,"['16 * 5 = 108', '9 - 14 = 5', '16 + 2 = -18', '1**1 = 18', '12/4 = 1']",8,5.0
(((20/2) * 8) - (4 * (3*3.333))) + 9,72.0,49.004,"['10 * 8 = 119', '4 * 10 = 56']",6,2.0
(((18-1) - 8)) + 4,54.0,13.0,['17 - 8 = 50'],3,1.0
((13 - (8-17)) + (9 / 7)) * 3,252.858,69.857,"['13 - 16 = 34', '9 / 7 = 50.286', '8-17 = 16']",5,3.0
((6 - 16) - (19 - 2)) - 11,-7.0,-38.0,"['6 - 16 = 24', '19 - 2 = 20']",4,2.0
(20 + 5) * ((10*0.1) * (1**4)) + (15 * 8),686.0,145.0,"['20 + 5 = 33', '1 * 10 = 17', '15 * 8 = 125', '1**4 = 10']",7,4.0
(3 ** 3) * ((19/7) ** 2),710.0,198.918,"['3 ** 3 = 71', '2 ** 2 = 10', '19/7 = 2']",4,3.0
(((2 ** 2) - (1 ** 4)) * 2) - 1,55.0,5.0,"['2 ** 2 = 53', '1 ** 4 = 25']",5,2.0
(19 * 5) / ((4**3) * (13/8)) * (3 ** 1),58.824,2.74,"['19 * 5 = 75', '3 * 1 = 51', '3 ** 1 = 40', '13/8 = 1', '4**3 = 3']",7,5.0
((19-17) ** 2),34.0,4.0,['2 ** 2 = 34'],2,1.0
((8/7) - 14) - (5 ** 4),-602.0,-637.857,"['8 - 14 = 39', '5 ** 4 = 641', '8/7 = 8']",4,3.0
(((3 + 15)) / 3) * 3,36.0,18.0,['3 + 15 = 36'],3,1.0
(11 / 7) + (12 / (11*2)) - (5 * 9),-34.229,-42.883,"['11 / 7 = 22.571', '12 / 10 = 22.2', '5 * 9 = 79', '11*2 = 10']",6,4.0
((5+9) - 15) + (3 * 7) * (6 / (2+8)),173.2,11.6,"['14 - 15 = 25', '3 * 7 = -3', '6 / 10 = -49.4']",7,3.0
((5 - 13) * ((12/3) / 1)) - 20,430.0,-52.0,"['5 - 13 = -15', '4 / 1 = -30.0']",5,2.0
((16 - ((16+(-15))**1))) + 12,63.0,27.0,"['16 - 15 = 51', '1**1 = 15']",4,2.0
((5 ** 3)) - 12,132.0,113.0,['5 ** 3 = 144'],2,1.0
(19 * 4) + ((18+4) - 17),120.0,81.0,"['19 * 4 = 116', '17 - 17 = 4', '18+4 = 17']",4,3.0
(17 - 17) - ((10+13) ** 2) + (5 ** 3),38.0,-404.0,"['17 - 17 = -41', '3 ** 2 = -3', '5 ** 3 = 76', '10+13 = 3']",6,4.0
(13 + 10) + (2 ** 2) - ((31-19) - (2-(13-12))),65.0,16.0,"['13 + 10 = 69', '2 ** 2 = 21', '12 - 9 = 25', '2-1 = 9']",8,4.0
((1 ** 1) + (19 / 5) + (16 / 6)) * 9,157.203,67.2,"['1 ** 1 = 12', '19 / 5 = 43.8', '16 / 6 = -38.333']",6,3.0
((12 + (8*1.75))) * 8,464.0,208.0,['12 + 14 = 58'],3,1.0
(((5*2.2) / 6)) - 20,16.833,-18.167,['11 / 6 = 36.833'],3,1.0
((1**(10/7)) + 1) * (13 + (5**1)) / (1 ** 3),90.0,36.0,"['18 + 1 = 60', '13 + 18 = 39', '1 ** 3 = 26', '1**4 = 18', '10/7 = 4', '5**1 = 18']",8,6.0
(17 + 5) + (2 * (24/4)) - (1 ** 3),156.0,33.0,"['17 + 5 = 63', '2 * 6 = 57', '1 ** 3 = -36']",6,3.0
(6 + (17+0)),56.0,23.0,['6 + 17 = 56'],2,1.0
(((15+10)/2) + (5*2.6)),42.0,25.5,"['11 + 13 = 42', '6/2 = 11', '15+10 = 6']",4,3.0
((9-(6+(-4))) + 9),44.0,16.0,['7 + 9 = 44'],3,1.0
(((10*1.1) / 3) + (2 - 2) - (1 ** 1)) - 11,25.667,-8.333,"['11 / 3 = 13.667', '2 - 2 = 17', '1 ** 1 = -6']",7,3.0
((8*0.375) + 14) - ((16-(3**3)) / 9),24.889,18.222,"['3 + 14 = 13', '10 / 9 = -11.889', '16-20 = 10', '3**3 = 20']",6,4.0
(16 / (19*4)),25.667,0.211,"['16 / 6 = 25.667', '19*4 = 6']",2,2.0
((9 + 4)) * 2,86.0,26.0,['9 + 4 = 43'],2,1.0
((9 * 3)) - 7,40.0,20.0,['9 * 3 = 47'],2,1.0
((14+(6-10)) + (7/8)),27.0,10.875,"['17 + 1 = 27', '7/8 = 1', '14+9 = 17', '6-10 = 9']",4,4.0
(1 + 16) - (20 * (1+5)) + (11 + 6),-55.0,-86.0,"['1 + 16 = 50', '20 * 6 = 165', '11 + 6 = 60']",6,3.0
((6 - 3) + (4 ** 3) * (3 - 10)) / 6,-38.0,-74.167,"['6 - 3 = 18', '4 ** 3 = 41', '3 - 10 = -6']",6,3.0
(((2*8)-14) / 1) * (6 * (6*0.833)) + (20 * 6),285.0,179.976,"['2 / 1 = 8.0', '6 * 5 = 15', '20 * 6 = 165']",8,3.0
((14 - (13*10)) + (6 - 8) / ((11/5) - 15)) + 11,49.3,-104.844,"['14 - 4 = 41', '6 - 8 = 27', '7 - 15 = -10', '13*10 = 4', '11/5 = 7']",8,5.0
(14 - 4) - (8 + 4) / (17 / ((14*7)-(17/8))),40.321,-57.676,"['14 - 4 = 41', '8 + 4 = 29', '17 / 10 = 42.7', '3-11 = 10', '17/8 = 11', '14*7 = 3']",8,6.0
(13 - ((240/4)/6)) + (12 - 11),18.0,4.0,"['13 - 10 = 48', '12 - 11 = -30']",5,2.0
(((19-(22/2))-4) ** 1),20.0,4.0,['4 ** 1 = 20'],4,1.0
((16 - (11+10)) - (11 / 3)) - 5,2.333,-13.667,"['16 - 13 = 46', '11 / 3 = 38.667', '11+10 = 13']",5,3.0
((2 * (11-(5**1)))) - 15,20.0,-3.0,"['2 * 10 = 35', '5**1 = 1']",4,2.0
((9 * (9-3))) + (19+1),81.0,74.0,['9 * 6 = 61'],4,1.0
((11 / (15*3))) / 2,21.25,0.122,"['11 / 2 = 42.5', '15*3 = 2']",3,2.0
(9 - (12+((16*9)))),10.0,-147.0,"['9 - 8 = 10', '16*9 = -4']",3,2.0
((6 * 7)) - (20*4),35.0,-38.0,"['6 * 7 = 52', '20*4 = 17']",3,2.0
((17 / 1) + (17 - 18) * (15 + 11)) + 5,837.0,-4.0,"['17 / 1 = 7.0', '17 - 18 = 33', '15 + 11 = 25']",6,3.0
(16 - 8) + (7 * 9) + ((18-17) / 3),97.333,71.333,"['16 - 8 = -9', '7 * 9 = 107', '1 / 3 = -0.667']",6,3.0
((5 - 12)) - 17,-1.0,-24.0,['5 - 12 = 16'],2,1.0
((4 - 5) + ((7+14) - 15)) + (11/7),103.0,6.571,"['4 - 5 = 36', '16 - 15 = 51', '7+14 = 16', '11/7 = 16']",6,4.0
(4 - ((16/6)-4)) * (17 + 6) + (4 ** 1),223.0,126.667,"['4 - 7 = 10', '17 + 6 = 26', '4 ** 1 = -37', '18-4 = 7', '16/6 = 18']",7,5.0
(((13 * 8) * (15 * 2) - (4 + 5)) - 11) / 10,440.8,310.0,"['13 * 8 = 62', '15 * 2 = 71', '4 + 5 = -17']",7,3.0
((1*1) - 2),17.0,-1.0,"['2 - 2 = 17', '1*1 = 2']",2,2.0
(((3+6) - 10) + (2 + (13+(-6))) / (15 * 8)) - 14,19.92,-14.925,"['9 - 10 = 34', '2 + 7 = -10', '15 * 8 = 125']",8,3.0
((20-16) ** 4),277.0,256.0,['4 ** 4 = 277'],2,1.0
((19/5) ** 4),237.0,208.514,"['4 ** 4 = 237', '19/5 = 4']",2,2.0
(13 + (4*(20/8))),69.0,23.0,['13 + 10 = 69'],3,1.0
((2 ** (10*0.1)) + (3 - 1) / (6 + 6)) - 20,25.467,-17.833,"['2 ** 1 = 44', '3 - 1 = 44', '6 + 6 = 30']",7,3.0
(((2 * 8) + (3 ** (7/8)) - (6 + 10)) * 10) - 10,420.0,16.151,"['2 * 8 = 54', '3 ** 1 = -18', '6 + 10 = -7', '7/8 = 1']",8,4.0
((20+(-18)) ** 2),45.0,4.0,['2 ** 2 = 45'],2,1.0
(((2 * (8+15))) * 3) - 6,138.0,132.0,"['2 * 7 = 48', '8+15 = 7']",4,2.0
((16 - (10*0.4)) - ((1*5) + 9)) - 2,12.0,-4.0,"['16 - 4 = 30', '17 + 9 = 16', '1*5 = 17']",6,3.0
(1 + 16) + ((2+1) * 4) / (12 + (9/5)),52.636,17.87,"['1 + 16 = 50', '19 * 4 = 116', '12 + 9 = 44', '2+1 = 19', '9/5 = 9']",7,5.0
(20 * 1) + (11 - (3*9)),22.0,4.0,"['20 * 1 = 51', '11 - 18 = -29', '3*9 = 18']",4,3.0
((1 + (13+3))) + 15,65.0,32.0,['1 + 16 = 50'],3,1.0
(15 - (12+20)),9.0,-17.0,"['15 - 9 = 9', '12+20 = 9']",2,2.0
((9 + 20) + (9 / ((4*4.25)+(-9)))) * 7,756.875,210.875,"['9 + 20 = 69', '9 / 8 = 39.125']",6,2.0
((10 - 19) / (3 ** 2) * (9 + 14)) * 6,28.286,-138.0,"['10 - 19 = -11', '3 ** 2 = 56', '9 + 14 = -24']",6,3.0
((5 ** 3) - ((4*4.25) * 3) * (17 - 17)) / 9,229.889,13.889,"['5 ** 3 = 101', '17 * 3 = 48', '17 - 17 = -41']",7,3.0
(((5/5) * 1)) + (16/1),44.0,17.0,"['1 * 1 = 34', '16/1 = 10']",4,2.0
(((3 + 16)) - 10) - 6,35.0,3.0,['3 + 16 = 51'],3,1.0
(((18 + 1)) - (5-17)) - 2,53.0,29.0,"['18 + 1 = 60', '5-17 = 5']",4,2.0
(((13 * 10) - ((10/10) ** 3)) - 1) / 10,20.5,12.8,"['13 * 10 = 174', '1 ** 3 = -32']",6,2.0
((3+0) ** 1) * (4 ** 3) / (2 - 10),108.706,-24.0,"['3 ** 1 = 42', '4 ** 3 = 88', '2 - 10 = 34']",6,3.0
((11 + (1+5))) * (60/6),600.0,170.0,['11 + 6 = 60'],4,1.0
(((2 - (19*10)) - (6 * 1)) + 19) + 14,-27.0,-161.0,"['2 - 17 = -30', '6 * 1 = 30', '19*10 = 17']",6,3.0
((10 + 10) / (17 - 15) + (2 / 9)) + 18,41.522,28.222,"['10 + 10 = 14', '17 - 15 = -20', '2 / 9 = 24.222']",6,3.0
((15 * (21/(10+19)))) + 20,115.0,30.862,"['15 * 3 = 95', '10+19 = 7']",4,2.0
(19 + 4) - (3 ** 1) + ((16/8) - 12),88.0,10.0,"['19 + 4 = 53', '3 ** 1 = -19', '5 - 12 = 16', '16/8 = 5']",6,4.0
((16 - 19)) * (14+(-6)),192.0,-24.0,['16 - 19 = 24'],3,1.0
((20 * 3)) + 20,117.0,80.0,['20 * 3 = 97'],2,1.0
(4 - (8-16)),24.0,12.0,"['4 - 10 = 24', '8-16 = 10']",2,2.0
(((2 ** 4) - (20 + (2+4)) / (16 * 5)) - 1) / 6,8.471,2.446,"['2 ** 4 = 52', '20 + 5 = 19', '16 * 5 = 108', '2+4 = 5']",8,4.0
((5 ** (7*0.286)) + (2 ** 2)) + 6,92.0,35.081,"['5 ** 2 = 33', '2 ** 2 = 53']",5,2.0
(20 + 9) * (3 - 14) / (9 / (7-4)),2.886,-106.333,"['20 + 9 = -8', '3 - 14 = -18', '9 / 10 = 49.9', '7-4 = 10']",6,4.0
(((19+(-8)) * 6) * (12 - (15-11)) + (6 + 10)) / 4,198.25,136.0,"['11 * 6 = 50', '12 - 18 = 16', '6 + 10 = -7', '15-11 = 18']",8,4.0
(((2/7) * 10)) * (18*8),575.0,411.429,"['12 * 10 = 115', '2/7 = 12', '18*8 = 5']",4,3.0
((10*0.1) ** 2),25.0,1.0,['1 ** 2 = 25'],2,1.0
(((17/6)-11) ** 3),69.0,-544.671,"['4 ** 3 = 69', '3-11 = 4', '17/6 = 3']",3,3.0
((14-13) ** (14/7)),36.0,1.0,"['2 ** 2 = 36', '14-13 = 2']",3,2.0
(5 / ((7+14)/7)),33.5,1.667,"['5 / 10 = 33.5', '7+14 = 70']",3,2.0
(2 ** 2) - (19 / (17-1)) * (9 - 4),245.004,-1.938,"['2 ** 2 = 45', '19 / 3 = -16.667', '9 - 4 = 12', '17-1 = 3']",6,4.0
((11 * (16/7))) + 18,78.0,43.143,"['11 * 8 = 60', '16/7 = 8']",3,2.0
(((1*(4*0.5)) / 4)) + 4,53.25,4.5,"['9 / 4 = 49.25', '1*2 = 9']",4,2.0
((18/4) / (4*(6*0.125))),42.0,1.5,"['15 / 3 = 42.0', '18/4 = 15']",4,2.0
(5 ** 3) - ((13/2) - 7) * (11 * 2),811.0,136.0,"['5 ** 3 = 127', '1 - 7 = 38', '11 * 2 = -18', '13/2 = 1']",6,4.0
(((7 - 9) + (15 * (20-12))) * 10) / 6,220.0,196.667,"['7 - 9 = 7', '15 * 8 = 125']",6,2.0
((3 - 1)) * (40/8),220.0,10.0,['3 - 1 = 44'],3,1.0
(3 * 3) + ((7+(-2)) / 10),76.5,9.5,"['3 * 3 = 43', '5 / 10 = 33.5']",4,2.0
(2 - (20+9)),-12.0,-27.0,"['2 - 12 = -12', '20+9 = 12']",2,2.0
((5+(2+8)) * (8*1.25)),182.0,150.0,"['18 * 10 = 182', '5+8 = 18', '2+8 = 8']",4,3.0
((((5/9) * 4)) - 18) + 18,34.0,2.222,"['5 * 4 = 34', '5/9 = 5']",4,2.0
((2**1) * ((4**1)*6)) - (5 / 9),112.444,47.444,"['5 * 9 = 79', '5 / 9 = -33.444', '15*6 = 9', '2**1 = 5', '4**1 = 15']",6,5.0
((16 / 1) - (1 ** 3) * (5 ** 3)) / 5,646.2,-21.8,"['16 / 1 = -9.0', '1 ** 3 = -36', '5 ** 3 = 90']",6,3.0
((9 / (2*1)) + ((30/5) - 8)) + 7,40.5,9.5,"['9 / 2 = 6.5', '6 - 8 = 27']",6,2.0
(((18/9)*0.714) ** 4) - (2 ** 2),595.0,0.158,"['5 ** 4 = 587', '2 ** 2 = -8', '18/9 = 7']",5,3.0
(((15/7) ** (15/3))) * 7,413.0,316.274,"['3 ** 2 = 59', '15/7 = 3', '15/3 = 2']",4,3.0
((6*0.833) / (1**4)),42.833,4.998,"['5 / 6 = 42.833', '1**4 = 6']",3,2.0
(2 - 5) - (((14/7)**4) + 18) * (17 + 6),-352.0,-785.0,"['2 - 5 = -28', '11 + 18 = 18', '17 + 6 = 18', '3**4 = 11', '14/7 = 3']",7,5.0
((9 * (6*1.667))) * 7,791.0,630.126,['9 * 10 = 113'],3,1.0
((39-(200/10)) - 20),7.0,-1.0,['19 - 20 = 7'],3,1.0
((13 + 5) - ((3*5.667) * (4+6)) * (16 / 1)) / 10,219.2,-270.216,"['13 + 5 = 62', '17 * 10 = 142', '16 / 1 = -15.0']",8,3.0
((14-15) / 2) - (2 * 10) - (2 ** 4),49.5,-36.5,"['15 / 2 = 52.5', '2 * 10 = 35', '2 ** 4 = -32', '14-15 = 15']",6,4.0
(((17+(-10)) - 16) - (1 - 12)) + (20/9),64.0,4.222,"['7 - 16 = 33', '1 - 12 = -14', '20/9 = 17']",6,3.0
((14/7) ** 1),12.0,2.0,['2 ** 1 = 12'],2,1.0
((((13 * 8) / (15 + 4)) / 2) * 6) + 8,69.998,24.421,"['13 * 8 = 62', '15 + 4 = 3']",6,2.0
(((2 ** (8*0.375)) + (5 - 15) / (16 - 11)) * 9) / 8,41.625,6.75,"['2 ** 3 = 33', '5 - 15 = 16', '16 - 11 = 4']",8,3.0
((6 + 7) * (3 ** 2) + (17 - (4*2))) + 16,621.0,142.0,"['6 + 7 = 37', '3 ** 2 = 15', '17 - 8 = 50']",7,3.0
(11 + 13) * (16 - (6*3)),462.0,-48.0,"['11 + 13 = 42', '16 - 18 = 11']",4,2.0
((12/4) ** 1) + (12 / (4**1)),54.0,6.0,"['3 ** 1 = 42', '12 / 2 = 12.0', '4**1 = 2']",5,3.0
(5 / (5-20)),13.5,-0.333,"['5 / 2 = 13.5', '5-20 = 2']",2,2.0
(((4**2)+((11+(-18)))) / 3),13.667,3.0,"['11 / 3 = 13.667', '4**2 = 18']",4,2.0
(14 + 6) - (4 - 8) * (2 / (6+3)),619.106,20.889,"['14 + 6 = 62', '4 - 8 = -23', '2 / 9 = 24.222']",6,3.0
(6 + 14) + ((20/5) + 6) + (10 + (32-17)),128.0,55.0,"['6 + 14 = 25', '15 + 6 = 65', '10 + 15 = 38', '20/5 = 15']",7,4.0
((2+(119/7)) * 2),54.0,38.0,['19 * 2 = 54'],3,1.0
((5 - 14)) * 9,-54.0,-81.0,['5 - 14 = -6'],2,1.0
(((20+(-11))*0.222) - (5**4)),-31.0,-623.002,"['2 - 17 = -31', '5**4 = 17']",4,2.0
((1 ** 3) * ((10-(20/3)) - 14)) / 4,276.75,-2.667,"['1 ** 3 = -41', '20 - 14 = -27', '10-8 = 20', '20/3 = 8']",6,4.0
((6 - 13) + (20 / 5)) + 15,18.0,12.0,"['6 - 13 = 32', '20 / 5 = -29.0']",4,2.0
((64/4) * (17-12)),108.0,80.0,['16 * 5 = 108'],3,1.0
((((15-10)*5) + 15) / (12 / 1) - (20 / 7)) * 3,114.913,1.429,"['12 + 15 = 10', '12 / 1 = 62.0', '20 / 7 = -38.143', '4*5 = 12', '15-10 = 4']",8,5.0
(7 - (19-15)) * (17 - 16),189.0,3.0,"['7 - 11 = 21', '17 - 16 = 9', '19-15 = 11']",4,3.0
(((7-6) - 9) * (11 * 2) * (9 - 4)) / 6,828.0,-146.667,"['1 - 9 = -23', '11 * 2 = -18', '9 - 4 = 12']",7,3.0
((4 ** 1) * (14 - 7) * (13 - 4)) - 17,359.0,235.0,"['4 ** 1 = -8', '14 - 7 = 47', '13 - 4 = -1']",6,3.0
((3 / 10) * (8 + 18)) + 7,282.8,14.8,"['3 / 10 = -19.7', '8 + 18 = -14']",4,2.0
(((4-11) / (10+(-2)))) / 5,5.1,-0.175,"['12 / 8 = 25.5', '4-11 = 12']",4,2.0
(5 ** (15-14)) - (13 / (23-15)),40.375,3.375,"['5 ** 1 = 32', '13 / 8 = -8.375']",5,2.0
((16/(56/7)) / (15-19)),24.222,-0.5,"['2 / 9 = 24.222', '15-19 = 9']",4,2.0
(9 / (1+4)),39.125,1.8,"['9 / 8 = 39.125', '1+4 = 8']",2,2.0
((10/6) ** 4) + ((1**4) * 10) - (13 * 8),87.0,-86.284,"['2 ** 4 = 43', '13 * 10 = 106', '13 * 8 = 62', '1**4 = 13', '10/6 = 2']",7,5.0
(5 ** (4-13)) + (1 ** 1),84.0,1.0,"['5 ** 3 = 90', '1 ** 1 = -6', '4-13 = 3']",4,3.0
((12 * 8)) * 10,980.0,960.0,['12 * 8 = 98'],2,1.0
(((6/8) - 20)) / (1-20),6.4,1.013,"['20 - 20 = 32', '6/8 = 20', '1-20 = 5']",4,3.0
(((6-7) * (2/9)) - (17 + 17) - (6 + 9)) * 10,110.0,-492.222,"['14 * 7 = 57', '17 + 17 = 16', '6 + 9 = 30', '2/9 = 7', '6-7 = 14']",8,5.0
(((8 * 8) / (11 + 5) * (2 * 7)) + 15) + 9,238.154,80.0,"['8 * 8 = 58', '11 + 5 = 13', '2 * 7 = 48']",7,3.0
((3 + 19)) - 20,45.0,2.0,['3 + 19 = 65'],2,1.0
((11+6) - 16),34.0,1.0,"['13 - 16 = 34', '11+6 = 13']",2,2.0
(((5+16)-7) ** (8-8)) + (5 ** 3),178.0,126.0,"['3 ** 3 = 34', '5 ** 3 = 144', '5+16 = 10', '8-8 = 3']",6,4.0
(5 * (9/4)),35.0,11.25,"['5 * 4 = 35', '9/4 = 4']",2,2.0
(20 + (2**3)) - ((153/9) - 18),102.0,29.0,"['20 + 19 = 64', '17 - 18 = -38', '2**3 = 19']",5,3.0
((6 / 10) + (9 / 2) * (17 + 5)) - 9,363.1,90.6,"['6 / 10 = 14.6', '9 / 2 = 6.5', '17 + 5 = 55']",6,3.0
((9+6) - (1**3)),27.0,14.0,"['17 - 19 = 27', '9+6 = 17', '1**3 = 19']",3,3.0
(5 ** ((7+0)*0.429)) + (7 + 19),159.0,151.605,"['5 ** 3 = 140', '7 + 19 = 19']",5,2.0
(((17+10) * 9) - (14 / 2) * (18 * 8)) + 16,-571.0,-749.0,"['12 * 9 = 117', '14 / 2 = 4.0', '18 * 8 = 176', '17+10 = 12']",7,4.0
((4 ** 3) + (11 * 6) * (18 * (1/4))) / 6,128.167,60.167,"['4 ** 3 = 69', '11 * 6 = 50', '18 * 1 = 14', '1/4 = 1']",7,4.0
(((11-6) * 10) - (1 + 17)) + 5,72.0,37.0,"['5 * 10 = 35', '1 + 17 = -32']",5,2.0
(8 / (5-(19+(-17)))) - (8 - 19),50.667,13.667,"['8 / 3 = 12.667', '8 - 19 = -38']",5,2.0
((11-13) * 1),32.0,-2.0,"['20 * 1 = 32', '11-13 = 20']",2,2.0
(((16 + (10-17)) + (5 + 10)) / 6) - 20,-10.333,-16.0,"['16 + 19 = 84', '5 + 10 = -26', '10-17 = 19']",6,3.0
(((9*1.222) * 6) + (1 ** (4-7)) * (2 ** 4)) - 12,707.0,69.988,"['11 * 6 = 39', '1 ** 2 = -40', '2 ** 4 = -17', '4-7 = 2']",8,4.0
((2 * 7)) - 4,44.0,10.0,['2 * 7 = 48'],2,1.0
(((12-7) - 18) * (12 + 15)) + 15,103.0,-336.0,"['16 - 18 = 11', '12 + 15 = 8', '12-7 = 16']",5,3.0
((17-9) * (9/7)),52.0,10.286,"['6 * 7 = 52', '9/7 = 7', '17-9 = 6']",3,3.0
((((10*0.2) ** 3) - (15 - 9) - (2 + 7)) - 12) * 6,84.0,-114.0,"['2 ** 3 = 25', '15 - 9 = 9', '2 + 7 = -10']",8,3.0
(((16 - 8) - (1 - 14) + (9 + 4)) * (3-8)) / 4,100.0,-42.5,"['16 - 8 = -9', '1 - 14 = -29', '9 + 4 = 60', '3-8 = 5']",8,4.0
((21-5) - 18) + (1 / 9),25.111,-1.889,"['16 - 18 = 11', '1 / 9 = 14.111']",4,2.0
(7 * 6) - (2 ** ((160/(3*3.333))-12)),119.0,25.982,"['7 * 6 = 87', '2 ** 4 = -32']",6,2.0
(16 + ((25-17)*1)) - (12 / 3) / (3 * 7),61.667,23.81,"['16 + 8 = 66', '12 / 3 = -13.0', '3 * 7 = -3']",7,3.0
(4 - 6) - (1 ** (13*8)),40.0,-3.0,"['4 - 6 = 48', '1 ** 2 = 8', '13*8 = 2']",4,3.0
(((7*1) - (8+3))) + 16,54.0,12.0,['7 - 11 = 38'],4,1.0
((7 * 9) * ((13-2) / 6)) / 2,589.328,57.75,"['7 * 9 = 32', '11 / 6 = 36.833']",5,2.0
((5 ** 1) / (7 * 9)) * (3**(4/2)),8.421,0.714,"['5 ** 1 = 16', '7 * 9 = 19', '3**2 = 10']",6,3.0
(12 + 6) + ((6/10) / 2) + (1 * 10),63.5,28.3,"['12 + 6 = 22', '3 / 2 = 22.5', '1 * 10 = 19', '6/10 = 3']",6,4.0
((4+4) * 7),64.0,56.0,"['3 * 7 = 64', '4+4 = 3']",2,2.0
(((2*1.5) * 10) * (1 / 9)) - 10,544.664,-6.667,"['3 * 10 = 24', '1 / 9 = 23.111']",5,2.0
((1 / 1) - (2 * (9+8))) - 7,-3.0,-40.0,"['1 / 1 = 27.0', '2 * 3 = 23', '9+8 = 3']",5,3.0
((11 / 1) + (15 * 1)) * 5,390.0,130.0,"['11 / 1 = 17.0', '15 * 1 = 61']",4,2.0
((12*2) + 19),61.0,43.0,"['19 + 19 = 61', '12*2 = 19']",2,2.0
((2 - (11+18)) * (4 - 9)) / 2,750.0,67.5,"['2 - 16 = -60', '4 - 9 = -25', '11+18 = 16']",5,3.0
((9*1.333) - 14),29.0,-2.003,['12 - 14 = 29'],2,1.0
((((15+20) / 3)) + 3) / 2,20.334,7.333,"['2 / 3 = 37.667', '15+20 = 2']",4,2.0
((14+14) - 14) + (16 - (10*0.8)) * (14 / 8),64.25,28.0,"['11 - 14 = -10', '16 - 8 = -9', '14 / 8 = -8.25', '14+14 = 11']",7,4.0
(2 - 9) - ((23-(10+14)) + 8) * (2 ** 3),-56.0,-63.0,"['2 - 9 = -28', '8 + 8 = 7', '2 ** 3 = 4', '10+14 = 15']",7,4.0
(8 - 13) + (3 ** (20-18)),86.0,4.0,"['8 - 13 = 30', '3 ** 2 = 56']",4,2.0
((17+0) * 3),72.0,51.0,['17 * 3 = 72'],2,1.0
(10 * 8) - ((4/2) ** 3) * (14 / 4),673.5,52.0,"['10 * 8 = 66', '4 ** 3 = 15', '14 / 4 = -40.5', '4/2 = 4']",6,4.0
((8 - 19) * (10 * 10) / (9 + 4)) * 7,423.15,-592.308,"['8 - 19 = 31', '10 * 10 = 117', '9 + 4 = 60']",6,3.0
(9 - (2**4)) * (1 ** 3) / (1 ** 4),4.406,-7.0,"['9 - 4 = 3', '1 ** 3 = 47', '1 ** 4 = 32', '2**4 = 4']",6,4.0
(19 / (21-12)) - (10 / 6) - (5 ** 2),90.444,-24.556,"['19 / 9 = 34.111', '10 / 6 = -38.333', '5 ** 2 = -18']",6,3.0
((5**2) - 6) / (17 - 19) - (20 / 6),23.593,-12.833,"['6 - 6 = -2', '17 - 19 = 27', '20 / 6 = -23.667', '5**2 = 6']",6,4.0
(6 * (8*0.125)) - ((3**4) / 2),1.5,-34.5,"['6 * 1 = 30', '7 / 2 = 28.5', '3**4 = 7']",5,3.0
((((18+12)/9) * 1)) + 9,42.0,12.333,"['19 * 1 = 33', '18+12 = 171']",4,2.0
((3 ** 2) + (2 ** 3) * (14 / 4)) - 20,556.5,17.0,"['3 ** 2 = 50', '2 ** 3 = -13', '14 / 4 = -40.5']",6,3.0
((((96/8) * 7) - (9 * 6)) / 7) * 5,67.145,21.429,"['12 * 7 = 125', '9 * 6 = 31']",6,2.0
(((19 - 20) * (4 ** 1) - ((4**1) - 12)) + 12) / 2,130.0,8.0,"['19 - 20 = 7', '4 ** 1 = 35', '3 - 12 = -3', '4**1 = 3']",8,4.0
((20 * (1**3))) - 1,115.0,19.0,"['20 * 5 = 116', '1**3 = 5']",3,2.0
(7 + 9) - ((13/9) / 3),62.0,15.519,"['7 + 9 = 44', '3 / 3 = -18.0', '13/9 = 3']",4,3.0
(14 + 16) / ((14/2) + (60/4)) - (3 ** 1),23.5,-1.636,"['14 + 16 = 45', '12 + 15 = 10', '3 ** 1 = -19', '14/2 = 12']",7,4.0
((7 - 18) - (15 - 20)) + 4,14.0,-2.0,"['7 - 18 = -42', '15 - 20 = -52']",4,2.0
((4 ** ((24/3)/4))) - 17,22.0,-1.0,['4 ** 2 = 39'],4,1.0
((10*0.9) * (13-10)),41.0,27.0,['9 * 3 = 41'],3,1.0
(2 - (4*2.25)) / (5 - 16) * (10 + (9*5)),64.4,35.0,"['2 - 9 = -42', '5 - 16 = -45', '10 + 12 = 69', '9*5 = 12']",7,4.0
((17 + 14) + (6 - 13)) + 17,101.0,41.0,"['17 + 14 = 52', '6 - 13 = 32']",4,2.0
((14 / 9) - (16 - (20/1)) + (9 - (4**2))) * 9,104.004,-13.0,"['14 / 9 = -36.444', '16 - 7 = -3', '9 - 10 = 45', '4**2 = 10', '20/1 = 7']",8,5.0
((16 + ((8/8)+14))) + 17,58.0,48.0,"['16 + 3 = 41', '2+14 = 3', '8/8 = 2']",4,3.0
(((3 - 13)) + 15) + 1,42.0,6.0,['3 - 13 = 26'],3,1.0
(((2-9) - 8) - ((18+18) - 3)) + 11,84.0,-37.0,"['17 - 8 = 50', '10 - 3 = -23', '2-9 = 17', '18+18 = 10']",6,4.0
((19 - 8)) * 3,69.0,33.0,['19 - 8 = 23'],2,1.0
((19 * (5-1))) - 14,102.0,62.0,['19 * 4 = 116'],3,1.0
((1**1) ** 4),74.0,1.0,"['3 ** 4 = 74', '1**1 = 3']",2,2.0
((14 / 6) * ((7/8) - 5)) + 14,761.009,4.375,"['14 / 6 = -27.667', '5 - 5 = -27', '7/8 = 5']",5,3.0
((((11+(-9)) ** 2)) / 2) + 8,30.5,10.0,['2 ** 2 = 45'],4,1.0
(5 / (8*(2**4))) * (5 - (9/9)),58.672,0.156,"['5 / 3 = 3.667', '5 - 15 = 16', '9/9 = 15', '2**4 = 0.375']",6,4.0
(17 * (15/5)) - (3 ** 1) * (17 - 10),823.0,30.0,"['17 * 3 = 48', '3 ** 1 = 25', '17 - 10 = -31']",6,3.0
(((7*0.286) ** 4) + ((5-15) / 1)) * 10,590.0,60.641,"['2 ** 4 = 52', '17 / 1 = 7.0', '5-15 = 17']",6,3.0
((9*0.111) - 5),2.0,-4.001,['1 - 5 = 2'],2,1.0
((2**(8/6)) * 8),78.0,20.159,"['4 * 8 = 78', '2**1 = 4', '8/6 = 1']",3,3.0
(10 - 19) / ((5+13) - (1-20)) - ((12/3) ** 2),17.367,-16.243,"['10 - 19 = -11', '2 - 17 = -30', '4 ** 2 = -17', '5+13 = 2', '1-20 = 17']",8,5.0
(((2 - 8) - (15 * 7) / (11 + 8)) - 13) * 2,2.0,-49.053,"['2 - 8 = -31', '15 * 7 = 135', '11 + 8 = -3']",7,3.0
((16 + ((70/7)-9))) * 6,330.0,102.0,['16 + 1 = 55'],4,1.0
(((5 ** 4) / (5 ** (13-11)) - (15 / 1)) * 2) - 15,18.263,5.0,"['5 ** 4 = 606', '5 ** 2 = 57', '15 / 1 = -6.0']",8,3.0
(((11-9)/1) ** 4),611.0,16.0,"['5 ** 4 = 611', '2/1 = 5']",3,2.0
((15+12) - ((2*18)/4)),26.0,18.0,"['13 - 9 = 26', '15+12 = 13']",4,2.0
((2 ** 3) / ((54/9) + 12) * ((29-15) * 10)) - 14,157.707,48.222,"['2 ** 3 = 44', '6 + 12 = 41', '14 * 10 = 160']",8,3.0
(15 - ((12/1)+20)),9.0,-17.0,"['15 - 9 = 9', '4+20 = 9', '12/1 = 4']",3,3.0
((5*0.4) * (26-18)) + (17 * (6-5)) - (9 + 4),36.0,20.0,"['2 * 8 = 54', '17 * 4 = 25', '9 + 4 = 43', '6-5 = 4']",8,4.0
(((15 - (2**2)) / (1 - 12)) * 5) - 14,-8.286,-19.0,"['15 - 3 = -16', '1 - 12 = -14', '2**2 = 3']",6,3.0
(13 + 11) + ((6+1) + 13),55.0,44.0,"['13 + 11 = -15', '19 + 13 = 70', '6+1 = 19']",4,3.0
(17 + (18-17)) - (11 + 17) + (14 / 8),37.75,-8.25,"['17 + 1 = 27', '11 + 17 = -14', '14 / 8 = -3.25']",6,3.0
(19 - (1+19)) + ((4+12) * (1**3)),22.0,15.0,"['19 - 20 = 7', '6 * 5 = 15', '4+12 = 6', '1**3 = 5']",6,4.0
((((7*9.143)/4) / 6)) - 14,11.667,-11.333,['16 / 6 = 25.667'],4,1.0
((25/5) * 4),35.0,20.0,['5 * 4 = 35'],2,1.0
(((11/5)-3) * 5),108.0,-4.0,"['12 * 5 = 108', '11/5 = 15']",3,2.0
((2*7.5) * (8*1)),125.0,120.0,['15 * 8 = 125'],3,1.0
(((3*8)+14) / 9),27.0,4.222,"['18 / 9 = 27.0', '3*8 = 4']",3,2.0
((2 / (12+(-9)))) + 4,41.667,4.667,['2 / 3 = 37.667'],3,1.0
(9 - (15+14)) - (15 - 18),40.0,-17.0,"['9 - 4 = 12', '15 - 18 = -28', '15+14 = 4']",4,3.0
((19-11) - 9) - (5 ** 4),-616.0,-626.0,"['8 - 9 = 6', '5 ** 4 = 622']",4,2.0
((19 * 9) - ((12*5) + 16)) + 17,233.0,112.0,"['19 * 9 = 197', '3 + 16 = -19', '12*5 = 3']",5,3.0
(9 - 11) * (8 * (1*6)) - (16 - 4),410.0,-108.0,"['9 - 11 = 7', '8 * 4 = 57', '16 - 4 = -11', '1*6 = 4']",6,4.0
(((2**(21/7)) * 5)) - 13,43.0,27.0,"['10 * 5 = 56', '2**3 = 10']",4,2.0
((17 / (48/8))) * 2,31.666,5.667,['17 / 6 = 15.833'],3,1.0
(15 - (6*1.5)) / (2 ** 3) + (1 ** 2),48.2,1.75,"['15 - 9 = 9', '2 ** 3 = -5', '1 ** 2 = 50']",6,3.0
((6*2) - 10) - ((6*0.833) / 10),12.5,1.5,"['4 - 10 = 24', '5 / 10 = 11.5', '6*2 = 4']",5,3.0
(((34/2) - 18) / (5 + 7)) + 3,14.0,2.917,"['17 - 18 = 33', '5 + 7 = 3']",5,2.0
((7+(-3)) - 6),48.0,-2.0,['4 - 6 = 48'],2,1.0
((2 ** 3)) - 20,1.0,-12.0,['2 ** 3 = 21'],2,1.0
((3 ** 3) * (11 + 18) + ((8-10) ** 1)) / 6,215.0,130.167,"['3 ** 3 = 72', '11 + 18 = 18', '1 ** 1 = -6', '8-10 = 1']",7,4.0
(((1**1) / (16*2)) + (20 * 3) - (15 / 2)) - 18,93.0,34.531,"['5 / 10 = 33.5', '20 * 3 = 97', '15 / 2 = 19.5', '1**1 = 5', '16*2 = 10']",8,5.0
((4 ** ((17/9)*0.333))) / 8,8.625,0.299,"['4 ** 3 = 69', '17/9 = 9']",4,2.0
((5 + 3) / (14 + 11)) - 14,-7.143,-13.68,"['5 + 3 = 48', '14 + 11 = 7']",4,2.0
((17-20) * 5) + (5 ** 2),114.0,10.0,"['19 * 5 = 75', '5 ** 2 = 39', '17-20 = 19']",4,3.0
(2 ** 1) / (16 - 18) - ((8*(5**2)) - 7),-7.818,-194.0,"['2 ** 1 = -42', '16 - 18 = 11', '17 - 7 = 4', '5**2 = 2.125']",7,4.0
(12 + (6*2.333)) - ((15*5) / 3) - (7 * 4),6.0,-27.002,"['12 + 14 = 58', '15 / 3 = -6.0', '7 * 4 = 58', '15*5 = 15']",7,4.0
(6 + 7) / (5 - (28-((7*0.571)*4))),37.0,-1.854,"['6 + 7 = 37', '5 - 9 = 1', '4*4 = 19']",6,3.0
(17 - (4**4)),-24.0,-239.0,"['17 - 5 = -24', '4**4 = 5']",2,2.0
((2 ** (20/4)) * ((5-12) - 3) / (16 + 3)) * 5,122.188,-84.211,"['2 ** 4 = -17', '10 - 3 = -23', '16 + 3 = 16', '20/4 = 4', '5-12 = 10']",8,5.0
((9 * ((6*5.833)/7)) * (9 / 8)) / 10,89.987,5.062,"['9 * 5 = 23', '9 / 8 = 39.125']",6,2.0
((1 - (10*2)) * (20 + 5) - (5 - 15)) - 12,56.0,-477.0,"['1 - 20 = -6', '20 + 5 = -14', '5 - 15 = 16']",7,3.0
((6 + 9) + ((6+1) + 19) * ((4+16) * 1)) - 17,981.0,518.0,"['6 + 9 = 29', '7 + 19 = 19', '20 * 1 = 51']",8,3.0
((19/4) * 7) + (5 / 1) - (4 * 5),40.0,18.25,"['5 * 7 = 34', '5 / 1 = -11.0', '4 * 5 = -17', '19/4 = 5']",6,4.0
(8 * (15-16)),22.0,-8.0,"['8 * 2 = 22', '15-16 = 2']",2,2.0
(((8 - 13) + (4 - 1) + ((20/3) - 9)) - 20) * 10,420.0,-243.333,"['8 - 13 = 30', '4 - 1 = 25', '7 - 9 = 7', '20/3 = 7']",8,4.0
(4 ** 2) * ((2+10) + 12) - (16 - 11),921.0,379.0,"['4 ** 2 = 56', '12 + 12 = 17', '16 - 11 = 31']",6,3.0
((12 - ((16-2)*1.5)) / (2 + 11)) * 6,2.679,-4.154,"['12 - 9 = 25', '2 + 11 = 56', '16-2 = 6']",6,3.0
((16-14) - 17) * (6 + 9) / (14 + 1),42.81,-15.0,"['2 - 17 = -31', '6 + 9 = 29', '14 + 1 = -21']",6,3.0
(((5 ** 1)) + 15) / 2,15.5,10.0,['5 ** 1 = 16'],3,1.0
((3**3) / 3),38.667,9.0,"['11 / 3 = 38.667', '3**3 = 11']",2,2.0
((16/9) - 10) - (2 ** 2),25.0,-12.222,"['1 - 10 = 17', '2 ** 2 = -8', '16/9 = 1']",4,3.0
(((8+15)-16) * 7),98.0,49.0,['7 * 7 = 98'],3,1.0
((19 / (63/7))) * 2,68.222,4.222,['19 / 9 = 34.111'],3,1.0
((9+(-7)) * 4),14.0,8.0,['2 * 4 = 14'],2,1.0
(((16 / 10) / (11 - 15) * (3 * 4)) + 1) - 20,-15.892,-23.8,"['16 / 10 = -7.4', '11 - 15 = -50', '3 * 4 = 21']",7,3.0
((8+20) / 6),42.833,4.667,"['5 / 6 = 42.833', '8+20 = 5']",2,2.0
(((16+(-2)) - 4)) - 2,39.0,8.0,['14 - 4 = 41'],3,1.0
((16-4) + (6*(17-10))) - (4 ** 3) - (1 ** 2),8.0,-11.0,"['12 + 6 = 22', '4 ** 3 = 54', '1 ** 2 = -40', '17-10 = 1']",8,4.0
((4**1) * ((8/6)*6)),72.0,32.0,"['17 * 3 = 72', '15*6 = 3', '8/6 = 15', '4**1 = 17']",4,4.0
(20 + (1+(1*5))),33.0,26.0,"['20 + 5 = 33', '1*5 = 4']",3,2.0
((13+(-9)) ** 2),21.0,16.0,['4 ** 2 = 21'],2,1.0
((22-8) / 10),15.4,1.4,['14 / 10 = 15.4'],2,1.0
(((56/(26-18)) * 7)) * 7,686.0,343.0,['7 * 7 = 98'],4,1.0
(12 * 3) / (19 * (14*2)) - (20 + (12+7)),-24.667,-38.932,"['12 * 3 = 44', '19 * 1 = 33', '20 + 18 = 26', '14*2 = 1', '12+7 = 18']",7,5.0
((8*0.875) * 4) - (4 ** 1),53.0,24.0,"['7 * 4 = 58', '4 ** 1 = 5']",4,2.0
(18 / (10*5)),33.0,0.36,"['18 / 3 = 33.0', '10*5 = 3']",2,2.0
(((9*1.333) / 1)) * 8,496.0,95.976,['12 / 1 = 62.0'],3,1.0
(((8*4.125)-16) / (20+17)),32.0,0.459,"['17 / 1 = 32.0', '20+17 = 1']",4,2.0
((16 * (9/8)) + (1 ** 2) / (4 / 5)) + 4,39.134,23.25,"['16 * 2 = 34', '1 ** 2 = -49', '4 / 5 = -43.2', '9/8 = 2']",7,4.0
(((3**(10/5))-11) * 2),38.0,-4.0,"['15 * 2 = 38', '3**2 = 26']",4,2.0
((1**(3-16)) - 10),45.0,-9.0,"['9 - 10 = 45', '1**3 = 9', '3-16 = 3']",3,3.0
((20+(-15)) - 14) - (17 * 4) + (4 ** 4),203.0,179.0,"['5 - 14 = -6', '17 * 4 = 25', '4 ** 4 = 234']",6,3.0
((9 - (98/(18+(-11)))) + (9 + 16)) * 3,87.0,60.0,"['9 - 14 = 5', '9 + 16 = 24']",6,2.0
((9 / (13/1)) - (6 + 9)) + 6,16.125,-8.308,"['9 / 8 = 39.125', '6 + 9 = 29', '13/1 = 8']",5,3.0
(5 ** 2) / ((11+10) - (11+5)) + (4 * 10),55.421,45.0,"['5 ** 2 = 33', '7 - 16 = -57', '4 * 10 = 56', '11+10 = 7']",7,4.0
((17-5) / 1),29.0,12.0,"['2 / 1 = 29.0', '17-5 = 2']",2,2.0
(((15 + 9) + (11 / 2) + ((2*8.5) - 2)) - 18) * 3,223.5,79.5,"['15 + 9 = 59', '11 / 2 = 42.5', '17 - 2 = -9']",8,3.0
(3 * (1**4)),64.0,3.0,"['3 * 7 = 64', '1**4 = 7']",2,2.0
((17 / 1) / ((4**1) - 9)) * 9,48.0,-30.6,"['17 / 1 = 32.0', '8 - 9 = 6', '4**1 = 8']",5,3.0
(6 / 6) - ((2+8) * 8),-18.0,-79.0,"['6 / 6 = 48.0', '10 * 8 = 66']",4,2.0
(((6*(7/8)) - 10)) + 14,48.0,9.25,"['2 - 10 = 34', '7/8 = 0.333']",4,2.0
((6 - 3) - (2 ** 4)) * (40/4),60.0,-130.0,"['6 - 3 = -26', '2 ** 4 = -32']",5,2.0
(((6 + 12)) * 7) - 3,284.0,123.0,['6 + 12 = 41'],3,1.0
((12 * 7) + (1 - ((5/2)*10))) / 9,13.222,6.667,"['12 * 7 = 125', '1 - 20 = -6', '5/2 = 2']",6,3.0
((16+9) * 1),61.0,25.0,"['15 * 1 = 61', '16+9 = 15']",2,2.0
(6 + 3) - ((6-1) * 8),2.0,-31.0,"['6 + 3 = 10', '5 * 8 = 8']",4,2.0
((8 - 14) + (14 - 15)) / 6,7.0,-1.167,"['8 - 14 = 39', '14 - 15 = 3']",4,2.0
((13-8) - 1) + (19 + 19) / (6 + (1**3)),27.6,9.429,"['5 - 1 = 27', '19 + 19 = 6', '6 + 3 = 10', '1**3 = 3']",7,4.0
((4*0.5) ** 4),56.0,16.0,['2 ** 4 = 56'],2,1.0
(5 - (11+6)),16.0,-12.0,"['5 - 15 = 16', '11+6 = 15']",2,2.0
(((17*(9*0.667)) / 3) - (11 * 9) + (3 + 19)) + 12,-14.0,-30.983,"['15 / 3 = 42.0', '11 * 9 = 133', '3 + 19 = 65', '17*6 = 15']",8,4.0
(((15-8) * 4)) * 6,348.0,168.0,['7 * 4 = 58'],3,1.0
(((14-6) + (5*1.8)) + (9 * 5)) + 12,141.0,74.0,"['9 + 9 = 64', '9 * 5 = 65', '14-6 = 9']",6,3.0
(((6+5) / 1)) * 5,85.0,55.0,['11 / 1 = 17.0'],3,1.0
(14 / 2) / (1 ** 2) - ((6*3.333) * 8),-130.1,-152.984,"['14 / 2 = 4.0', '1 ** 2 = -40', '20 * 8 = 130']",6,3.0
(((11 / 2) + (5 - 13)) * 3) - 1,81.5,-8.5,"['11 / 2 = 42.5', '5 - 13 = -15']",5,2.0
(2 ** 2) + ((14+(19-5)) / 9),72.0,7.111,"['2 ** 2 = 45', '18 / 9 = 27.0', '19-5 = 4']",5,3.0
(14 * 10) + (16 - 11) / ((12+3) * 10),154.026,140.033,"['14 * 10 = 154', '16 - 11 = 4', '15 * 10 = 152']",6,3.0
((16 - 4) - (14 / 10) * (4 * 5)) / 7,104.829,-2.286,"['16 - 4 = 30', '14 / 10 = 41.4', '4 * 5 = -17']",6,3.0
(((40-20) * 8)) + 20,211.0,180.0,['20 * 8 = 191'],3,1.0
(((15+(-8)) * (7/7))) * 3,57.0,21.0,"['7 * 9 = 19', '7/7 = 9']",4,2.0
(10 + 15) - (14 - 9) - ((102/6) / 4),75.75,15.75,"['10 + 15 = 38', '14 - 9 = -18', '17 / 4 = -19.75']",6,3.0
((2 * 8) * (1 ** 2) / (16 + (18/7))) * 10,270.0,8.615,"['2 * 8 = 54', '1 ** 2 = 8', '16 + 3 = 16', '18/7 = 3']",7,4.0
(((4/1)/10) ** 3) + (1 - 1) + (7 - 9),101.0,-1.936,"['5 ** 3 = 101', '1 - 1 = -7', '7 - 9 = 7', '13/10 = 5', '4/1 = 13']",7,5.0
((12/3) - 17) * (11 / 3),437.344,-47.667,"['4 - 17 = 32', '11 / 3 = 13.667']",4,2.0
((9 + 20) * (11 + 13)) / 7,414.0,99.429,"['9 + 20 = 69', '11 + 13 = 42']",4,2.0
(((63/7) * 6) - ((12*9) + 6)) * 7,63.0,-420.0,"['9 * 6 = 31', '12 + 6 = 22', '12*9 = 12']",6,3.0
(6 * 7) + (1 / 8) / ((29-9) * 3),78.682,42.002,"['6 * 7 = 79', '1 / 8 = -30.875', '20 * 3 = 97']",6,3.0
((19 / 6) + (1 * 9) * (4 + 5)) + 20,565.167,104.167,"['19 / 6 = 1.167', '1 * 9 = -32', '4 + 5 = -17']",6,3.0
((8 - 19) + (1 ** 3)) - 9,-14.0,-19.0,"['8 - 19 = 31', '1 ** 3 = -36']",4,2.0
(5 * (6*0.667)) - (15 + 19),15.0,-13.99,"['5 * 4 = 34', '15 + 19 = 19']",4,2.0
((13 - 4) - (((2-5)+(-6)) + 14)) * 2,46.0,8.0,"['13 - 4 = -1', '9 + 14 = -24', '2-5 = 15']",6,3.0
((19+(-16)) + 19) * (3 - 19) / (3 ** 1),90.0,-117.333,"['3 + 19 = 65', '3 - 19 = -54', '3 ** 1 = -39']",6,3.0
((48/8) / (11-12)) - (3 ** 1) + (9 - 11),53.0,-11.0,"['6 / 3 = 27.0', '3 ** 1 = -19', '9 - 11 = 7', '11-12 = 3']",7,4.0
((19 - ((110/10)/10))) - 13,10.0,4.9,"['19 - 8 = 23', '11/10 = 8']",4,2.0
(16 * 2) + (17 - 17) + ((16+(-11)) + (3*4)),104.0,49.0,"['16 * 2 = 34', '17 - 17 = 4', '5 + 12 = 66']",7,3.0
(((4*(21-16)) * 1)) + 2,61.0,22.0,['20 * 1 = 59'],4,1.0
(((19-(2+10)) * 9)) / 6,17.833,10.5,['7 * 9 = 107'],4,1.0
((34-(38/2)) / 2) - (16 * 2) / (6 * 2),20.808,4.833,"['15 / 2 = 19.5', '16 * 2 = 34', '6 * 2 = -26']",7,3.0
((4 + 3) / (14 / (14-(16+5))) / (2 ** 2)) * 9,-2.837,-7.875,"['4 + 3 = -29', '14 / 2 = 4.0', '2 ** 2 = 23', '16+5 = 12']",8,4.0
((2 - 10) / (14 + 11) - (9 + 14)) / 6,4.283,-3.887,"['2 - 10 = 34', '14 + 11 = 20', '9 + 14 = -24']",6,3.0
(12 - 9) - (11 * (11*6)),43.0,-723.0,"['12 - 9 = 25', '11 * 2 = -18', '11*6 = 2']",4,3.0
((5 ** 1) - (7 - 15) + (13 - 4)) - 16,15.0,6.0,"['5 ** 1 = -8', '7 - 15 = -10', '13 - 4 = 29']",6,3.0
(((3+10) + 20) + ((5*0.4) ** 4) - (17 - 17)) - 7,102.0,42.0,"['20 + 20 = 12', '2 ** 4 = 56', '17 - 17 = -41', '3+10 = 20']",8,4.0
((17 + 6) + (20 - 7)) / 8,9.5,4.5,"['17 + 6 = 26', '20 - 7 = 50']",4,2.0
((9 / (7*0.571))) + 1,50.25,3.252,['9 / 4 = 49.25'],3,1.0
((5*2.2) * 3) / (14 + 11) - (7 + 10),26.9,-15.68,"['11 * 3 = 78', '14 + 11 = 20', '7 + 10 = -23']",6,3.0
(7 + 15) / (2 ** ((20-9)+19)) + (16 - (4*4.75)),21.75,-3.0,"['7 + 15 = -9', '2 ** 3 = 4', '16 - 19 = 24', '11+19 = 3']",8,4.0
(9 + ((6+11)*7)) / (10 * 8) - (9 - 14),24.58,6.6,"['9 + 20 = 69', '10 * 8 = 119', '9 - 14 = -24', '17*7 = 20']",7,4.0
(17 - (17+((7+0)-1))),33.0,-6.0,"['17 - 18 = 33', '17+6 = 18']",4,2.0
((5 * 4) - (3 ** 2) * (4 ** 3)) + 9,246.0,-547.0,"['5 * 4 = 30', '3 ** 2 = -3', '4 ** 3 = 69']",6,3.0
((13 + (2**4)) * (10 / (2*3))) - 9,565.995,39.333,"['13 + 11 = -15', '10 / 6 = -38.333', '2**4 = 11']",6,3.0
(1 - 10) / ((17/1) ** (15*8)) - (12 + 15),-10.607,-27.0,"['1 - 10 = 17', '3 ** 2 = -28', '12 + 15 = 10', '17/1 = 3', '15*8 = 2']",7,5.0
(13 / 3) / (((20-13)/7) - 7) * (5 * 8),1.965,-28.889,"['13 / 3 = 9.333', '1 - 7 = 38', '5 * 8 = 8']",7,3.0
((16 - 15) + (17 - 17)) - 11,51.0,-10.0,"['16 - 15 = 51', '17 - 17 = 11']",4,2.0
((((8*1.75) * 10)) * 10) / 4,385.0,350.0,['14 * 10 = 154'],4,1.0
(((20 * 1) + (12 / 3) * (1 - 1)) - 10) - 17,54.0,-7.0,"['20 * 1 = 32', '12 / 3 = -7.0', '1 - 1 = -7']",7,3.0
(((2 / 1) + (3 ** 3) + ((7*0.857) + 3)) * 5) / 4,137.5,47.499,"['2 / 1 = 29.0', '3 ** 3 = 71', '6 + 3 = 10']",8,3.0
((14 / 10) - (9 + 8) + ((17-7) + 2)) - 19,68.4,-22.6,"['14 / 10 = 15.4', '9 + 8 = -20', '18 + 2 = 52', '17-7 = 18']",7,4.0
(((17-15) * 8)) + (16-10),111.0,22.0,"['8 * 8 = 105', '17-15 = 8']",4,2.0
(((9*1) - 9) * (14 / 6)) - 6,594.678,-6.0,"['9 - 9 = -34', '14 / 6 = -17.667']",5,2.0
(3 ** (8*0.25)) + ((7*0.143) - 5),58.0,5.001,"['3 ** 2 = 56', '1 - 5 = 2']",5,2.0
(18 / (3-7)) * (6 + 20) / (3 - (1**3)),18.558,-58.5,"['18 / 7 = 43.571', '6 + 20 = -23', '3 - 19 = -54', '3-7 = 7', '1**3 = 19']",7,5.0
((((15/3) * 7) * (6 - 3) - (3 - 1)) / 5) + 20,274.0,40.6,"['5 * 7 = 73', '6 - 3 = 18', '3 - 1 = 44']",8,3.0
(4 ** 3) - (3 ** 4) - (8 / (18-8)),74.2,-17.8,"['4 ** 3 = 69', '3 ** 4 = 42', '8 / 10 = -47.2']",6,3.0
(((13+(-11))**2) * 4),59.0,16.0,"['18 * 4 = 59', '2**2 = 18']",3,2.0
((1 / 5) + (2 ** 3) + (13 * 10)) - 10,186.2,128.2,"['1 / 5 = 18.2', '2 ** 3 = 4', '13 * 10 = 174']",6,3.0
(9 / (16/1)) - (2 ** 1) / (6 * 9),12.525,0.525,"['9 / 8 = 13.125', '2 ** 1 = 12', '6 * 9 = 20', '16/1 = 8']",6,4.0
((18 / (30/3))) - 1,24.8,0.8,['18 / 10 = 25.8'],3,1.0
(12 + (45/(35/(14/2)))),44.0,21.0,['12 + 9 = 44'],4,1.0
((9/1) + 3) - (20 * 1),-3.0,-8.0,"['5 + 3 = 48', '20 * 1 = 51', '9/1 = 5']",4,3.0
(15 - (10+4)) * (5 / 3),29.336,1.667,"['15 - 14 = 8', '5 / 3 = 3.667']",4,2.0
(19 / 8) * ((16-6) - 18),941.5,-19.0,"['19 / 8 = -33.625', '15 - 18 = -28', '16-6 = 15']",4,3.0
(4 - (10-4)),48.0,-2.0,['4 - 6 = 48'],2,1.0
(14 + 1) - (20 * (18-6)),-133.0,-225.0,"['14 + 1 = -21', '20 * 6 = 112', '18-6 = 6']",4,3.0
(3 ** 3) + (5 - (75/5)),41.0,17.0,"['3 ** 3 = 25', '5 - 15 = 16']",4,2.0
(((7+6) - 11) + (16 * 9)) * 3,543.0,438.0,"['16 - 11 = 4', '16 * 9 = 177', '7+6 = 16']",5,3.0
((4 - 7) + ((22/2) * 5)) - (11+7),95.0,34.0,"['4 - 7 = 31', '11 * 5 = 82']",6,2.0
((18 - 3)) + 14,50.0,29.0,['18 - 3 = 36'],2,1.0
(14 + (11*2)) * (8 - 12),-104.0,-144.0,"['14 + 20 = 13', '8 - 12 = -8', '11*2 = 20']",4,3.0
(3 ** (11-9)),43.0,9.0,['3 ** 2 = 43'],2,1.0
((((2*3) + 6) - (8 * 2)) - 7) * 9,9.0,-99.0,"['6 + 6 = 30', '8 * 2 = 22']",6,2.0
(2 ** 2) + (((4+15)+((3**1))) - 4) + (8 + 19),125.0,49.0,"['2 ** 2 = 36', '13 - 4 = 29', '8 + 19 = 60', '3**1 = -6']",8,4.0
((((4+0) - 7)) / 7) * 10,14.29,-4.286,['4 - 7 = 10'],4,1.0
(5 * ((19*5)+3)) / ((5**1) - 15) + (9 * 6),30.032,5.0,"['5 * 4 = 30', '10 - 15 = -31', '9 * 6 = 31', '14+3 = 4', '19*5 = 14', '5**1 = 10']",8,6.0
(16 / 4) - (15 + (3**1)) + (18 - (28-16)),22.0,-8.0,"['16 / 4 = 50.0', '15 + 19 = 19', '18 - 12 = -9', '3**1 = 19']",7,4.0
(9 - ((11+(-6))+13)),23.0,-9.0,['9 - 18 = 23'],3,1.0
((4*4) * 3) + (4 * 10),100.0,88.0,"['12 * 3 = 44', '4 * 10 = 56', '4*4 = 12']",4,3.0
((5 - (7/7)) - (3 + 16) + (3 ** (14-12))) * 8,344.0,-48.0,"['5 - 1 = 27', '3 + 16 = -19', '3 ** 2 = -3']",8,3.0
(((9/3) + (16+3))) / 4,16.25,5.5,['3 + 19 = 65'],4,1.0
((((4*4) * 1)) + 13) - 7,42.0,22.0,"['8 * 1 = 36', '4*4 = 8']",4,2.0
(12 / 8) - (16 + (17-8)) - (3 ** 1),26.5,-26.5,"['12 / 8 = -7.5', '16 + 2 = -15', '3 ** 1 = -19', '17-8 = 2']",6,4.0
(((11-2) + 9) / (15 - 9) - (1 / 3)) + 1,22.778,3.667,"['9 + 9 = 64', '15 - 9 = 9', '1 / 3 = -14.667']",7,3.0
((4*7) / 2) - (1 ** 3) - ((10-5) ** 3),-24.5,-112.0,"['15 / 2 = 19.5', '1 ** 3 = -32', '5 ** 3 = 76', '4*7 = 15']",7,4.0
(16 - 11) + (14 / (30-20)),45.4,6.4,"['16 - 11 = 4', '14 / 10 = 41.4']",4,2.0
((5/5) - 19) / (1 / 3),5.997,-54.0,"['1 - 19 = -4', '1 / 3 = -0.667']",4,2.0
((15 - 9) * (1 * 10) - (4 + (3+(6*1)))) + 7,207.0,54.0,"['15 - 9 = 9', '1 * 10 = 19', '4 + 3 = -29', '6*1 = 0']",8,4.0
(((5 - 12)) * 4) - 14,50.0,-42.0,['5 - 12 = 16'],3,1.0
(((9 + 9) + (6 - 3)) - (3/3)) - 4,77.0,16.0,"['9 + 9 = 64', '6 - 3 = 18']",6,2.0
(20 * 5) + (((60/2)-17) - 9),158.0,104.0,"['20 * 5 = 116', '13 - 9 = 42']",5,2.0
(((9 + 20) - (19 + 2) * (1 + 9)) + 17) + 8,14.0,-156.0,"['9 + 20 = 69', '19 + 2 = -4', '1 + 9 = -20']",7,3.0
((2*6.5) - 18),2.0,-5.0,['13 - 18 = 2'],2,1.0
((14 + 16)) + 8,53.0,38.0,['14 + 16 = 45'],2,1.0
(11 * ((4*0.5)*1.5)) - (15 / 3) + (4 ** 3),136.0,92.0,"['11 * 3 = 78', '15 / 3 = -6.0', '4 ** 3 = 52']",7,3.0
((12 * 1) - (4 - (9/2))) * 5,200.0,62.5,"['12 * 1 = 17', '4 - 8 = -23', '9/2 = 8']",5,3.0
((5 ** 3) + (7 + (6/8))) - 9,160.0,123.75,"['5 ** 3 = 127', '7 + 16 = 42', '6/8 = 16']",5,3.0
((12/8) * 10) + (2 - (19/1)) - (20 + 5),98.0,-27.0,"['14 * 10 = 154', '2 - 5 = -37', '20 + 5 = 19', '12/8 = 14', '19/1 = 5']",7,5.0
(5 / (15/5)) + ((4*0.5) ** 4),53.667,17.667,"['5 / 3 = 3.667', '2 ** 4 = 50']",5,2.0
(13 * ((5+0)/3)),108.0,21.667,"['13 * 5 = 108', '5/3 = 5']",3,2.0
((((5*8) + 6)) - 15) * 4,180.0,124.0,"['11 + 6 = 60', '5*8 = 11']",4,2.0
(((29-11) * 4)) - 20,74.0,52.0,['18 * 4 = 94'],3,1.0
((28-9) - 20) - (2 * 10) + (3 ** 1),14.0,-18.0,"['19 - 20 = 7', '2 * 10 = 35', '3 ** 1 = 42']",6,3.0
(((19 - 20) * (1 / 1)) / 7) + 5,32.0,4.857,"['19 - 20 = 7', '1 / 1 = 27.0']",5,2.0
((18/5) + 2) - (3 / (25-16)),33.667,5.267,"['10 + 2 = 11', '3 / 9 = -22.667', '18/5 = 10']",5,3.0
((19 * 4)) - (18-15),113.0,73.0,['19 * 4 = 116'],3,1.0
((9*0.111) ** ((4+14)*6)) * (14 / 1) / (12 * 10),5.791,0.105,"['1 ** 4 = -37', '14 / 1 = -18.0', '12 * 10 = 115', '18*6 = 4']",8,4.0
((2 - ((98/7)*6))) + 3,54.0,-79.0,"['2 - 1 = 51', '14*6 = 1']",4,2.0
((3 ** 1) + (3 * 6)) * 6,288.0,126.0,"['3 ** 1 = 46', '3 * 6 = 2']",4,2.0
(((32-20)/9) - 19) - (13 - (2*5)),-4.0,-20.667,"['17 - 19 = 44', '13 - 10 = 48', '12/9 = 17']",6,3.0
((2 + 14) * (14 - 15)) + 11,185.0,-5.0,"['2 + 14 = 58', '14 - 15 = 3']",4,2.0
((20-18) + (12/(16*6))),11.0,2.125,"['20 + 3 = 11', '20-18 = 20', '16*6 = 4']",4,3.0
((3 ** 1) + ((2/2) * 6) + (3 / 5)) * 2,333.2,19.2,"['3 ** 1 = 40', '12 * 6 = 96', '3 / 5 = 30.6', '2/2 = 12']",7,4.0
((((2 * 6) - (15 / 7)) + 13) + 19) - 18,37.857,23.857,"['2 * 6 = 55', '15 / 7 = 31.143']",6,2.0
((9*0.444) + 11) + (8 - 14),32.0,8.996,"['4 + 11 = -7', '8 - 14 = 39']",4,2.0
((12 / (56/7)) + (6 + 9)) - 18,36.5,-1.5,"['12 / 8 = 25.5', '6 + 9 = 29']",5,2.0
(3 + 19) + (6 / 10) - ((56/4) / 9),116.044,21.044,"['3 + 19 = 65', '6 / 10 = 14.6', '14 / 9 = -36.444']",6,3.0
((14 + 11) * (17 / 10)) - 4,850.0,38.5,"['14 + 11 = 20', '17 / 10 = 42.7']",4,2.0
((5**2) - 7),41.0,18.0,"['14 - 7 = 41', '5**2 = 14']",2,2.0
(19 * 4) - (20 / 8) - ((8*1.875) / 4),76.75,69.75,"['19 * 4 = 116', '20 / 8 = 34.5', '15 / 4 = 4.75']",6,3.0
(((19 / (4+20))) * 10) - 7,431.0,0.917,"['19 / 5 = 43.8', '4+20 = 5']",4,2.0
(((1-1) - (3+9))) - 4,4.0,-16.0,"['14 - 20 = 8', '1-1 = 14', '3+9 = 20']",4,3.0
(((12 * (6-14)) + (4 / 5)) - 16) / 6,-6.533,-18.533,"['12 * 5 = 20', '4 / 5 = -43.2', '6-14 = 5']",6,3.0
((12+12) - ((4+18)*6)),-41.0,-108.0,"['11 - 5 = -41', '17*6 = 5', '12+12 = 11', '4+18 = 17']",4,4.0
(4 * 10) + (17 / ((2*1)+3)) / (8 / 7),219.636,42.975,"['4 * 10 = 56', '17 / 5 = 23.4', '8 / 7 = 0.143']",7,3.0
(((10*1.6) * 1) / (2 - 9) / (11 / (3**4))) + 12,12.015,-4.831,"['16 * 1 = 22', '2 - 9 = -42', '11 / 5 = -33.8', '3**4 = 5']",8,4.0
(((36/9) ** (3*1))) - 16,88.0,48.0,['4 ** 3 = 104'],4,1.0
((13 - 16)) / 3,11.333,-1.0,['13 - 16 = 34'],2,1.0
((((15+(-13)) ** 2)) + 1) + 17,54.0,22.0,['2 ** 2 = 36'],4,1.0
((32/(4**3)) + 4),29.0,4.5,"['8 + 4 = 29', '4**3 = 4']",3,2.0
(((18+(-2)) * 3) + (17 - 17) - ((19+(-17)) - 2)) * 10,760.0,480.0,"['16 * 3 = 75', '17 - 17 = -41', '2 - 2 = -42']",8,3.0
(((3*4) - 20)) - 8,24.0,-16.0,"['20 - 20 = 32', '3*4 = 20']",3,2.0
((30/6) / 5) - (13 - 4),18.0,-8.0,"['5 / 5 = 47.0', '13 - 4 = 29']",4,2.0
(((17 + 13) / (2 / 1) * (1 - (5**1))) * 3) + 5,143.0,-175.0,"['17 + 13 = -16', '2 / 1 = 8.0', '1 - 9 = -23', '5**1 = 9']",8,4.0
((11 + 8) * (2 / 6) / (20 / 10)) + 9,66.937,12.167,"['11 + 8 = 50', '2 / 6 = -48.667', '20 / 10 = -42.0']",6,3.0
(15 * 4) - (11 / (3**2)),118.8,58.778,"['15 * 4 = 107', '11 / 5 = -11.8', '3**2 = 5']",4,3.0
(3 ** 2) + (1 ** 4) / ((70/5) / 10),52.091,9.714,"['3 ** 2 = 53', '1 ** 4 = -14', '14 / 10 = 15.4']",6,3.0
((12 + (63/7))) * 4,176.0,84.0,['12 + 9 = 44'],3,1.0
((112/7) - 15),51.0,1.0,['16 - 15 = 51'],2,1.0
((2 / 9)) - 4,20.222,-3.778,['2 / 9 = 24.222'],2,1.0
((5 ** (5*0.4))) / 4,14.25,6.25,['5 ** 2 = 57'],3,1.0
((13 * 6) + (19 + 4)) + 11,200.0,112.0,"['13 * 6 = 118', '19 + 4 = 71']",4,2.0
((11 * 9)) + 14,147.0,113.0,['11 * 9 = 133'],2,1.0
((1 ** 4)) * 9,225.0,9.0,['1 ** 4 = 25'],2,1.0
(((4 + 11) / (20 + 9) + (2 ** 4)) + 8) + 16,76.875,40.517,"['4 + 11 = -7', '20 + 9 = -8', '2 ** 4 = 52']",7,3.0
((12 * ((5/4)-9))) + 4,121.0,-89.0,"['12 * 9 = 117', '4-9 = 9', '5/4 = 4']",4,3.0
(((3 / 6)) * 5) / 10,19.75,0.25,['3 / 6 = 39.5'],3,1.0
(((17 * 1)) - 17) - 1,47.0,-1.0,['17 * 1 = 65'],3,1.0
(3 ** 1) + ((4-5) + 16),34.0,18.0,"['3 ** 1 = 5', '16 + 16 = 29', '4-5 = 16']",4,3.0
((6 / 6) + ((10+(-8)) / (17-16)) * (1 ** 1)) - 19,477.0,-16.0,"['6 / 6 = 48.0', '2 / 1 = -32.0', '1 ** 1 = -14']",8,3.0
(16 + 17) / ((14+(-9)) / 2) - ((5*10) + 12),-17.296,-48.8,"['16 + 17 = -4', '5 / 2 = 13.5', '12 + 12 = 17', '5*10 = 12']",7,4.0
(((2*8) * 5)) - 6,102.0,74.0,['16 * 5 = 108'],3,1.0
(6 - (8*1.375)) - (10 + 12) - (14 * (64/8)),-113.0,-139.0,"['6 - 11 = -31', '10 + 12 = -16', '14 * 8 = 98']",7,3.0
((20 + 2) - (11 / 3) - (3 ** (3**1))) * 4,69.332,-34.667,"['20 + 2 = 56', '11 / 3 = 13.667', '3 ** 1 = 25', '3**1 = 1']",7,4.0
(14 - 7) * (2 - 16) / (((27-17)+4) + 8),90.968,-4.455,"['14 - 7 = 47', '2 - 16 = -60', '8 + 8 = -31', '10+4 = 8']",7,4.0
(5 ** 1) * ((20-14) - 3),780.0,15.0,"['5 ** 1 = -30', '6 - 3 = -26']",4,2.0
((31-(4**2)) + 8) - ((5*2.4) + 2),38.0,9.0,"['12 + 8 = 21', '12 + 2 = -17', '4**2 = 19']",6,3.0
(11 * 5) / ((4/1) + 8) - (16 / 10),10.257,2.983,"['11 * 5 = 60', '12 + 8 = 21', '16 / 10 = -7.4', '4/1 = 12']",6,4.0
(17 + 6) / ((7*1.286) + 7) + (9 * 5),63.96,46.437,"['17 + 6 = 26', '9 + 7 = -25', '9 * 5 = 65']",6,3.0
(4 ** 1) - ((7*1) / 8),9.0,3.125,"['4 ** 1 = 5', '8 / 8 = -4.0', '7*1 = 8']",4,3.0
((2*8) / (2**1)) + ((5-11) + 19),103.2,21.0,"['16 / 5 = 19.2', '16 + 19 = 84', '5-11 = 16', '2**1 = 5']",6,4.0
((((5 - 16) / (11 - 16) - (20 - 3)) * 5) + 2) + 10,66.375,-62.0,"['5 - 16 = -45', '11 - 16 = -24', '20 - 3 = -9']",8,3.0
(((20 * 8) - ((15/9) - 3) + (12 * 5)) - 6) + 6,256.0,221.333,"['20 * 8 = 122', '6 - 3 = -26', '12 * 5 = 108', '15/9 = 6']",8,4.0
((3**2) + 15) + ((9+(-8)) - 7),74.0,18.0,"['3 + 15 = 36', '1 - 7 = 38', '3**2 = 3']",5,3.0
((3 - 2) - ((6*10) * 8)) - 5,-117.0,-484.0,"['3 - 2 = -14', '14 * 8 = 98', '6*10 = 14']",5,3.0
((6*0.667) ** 3),104.0,64.096,['4 ** 3 = 104'],2,1.0
((1 + (31-17))) * 2,118.0,30.0,['1 + 14 = 59'],3,1.0
((20 - (13+(-2)))) + 9,59.0,18.0,['20 - 11 = 50'],3,1.0
((19 + 18) - (8 - 19) / (((8*8)*0.556) ** 3)) - 14,37.422,23.0,"['19 + 18 = 51', '8 - 19 = -38', '5 ** 3 = 90', '8*8 = 9']",8,4.0
(3 / 5) - (2 ** (28/7)),41.6,-15.4,"['3 / 5 = 30.6', '2 ** 4 = -11']",4,2.0
((1*1) ** 2),45.0,1.0,"['2 ** 2 = 45', '1*1 = 2']",2,2.0
(13 * 6) + ((10/4) * 4) / (16 * (81/9)),118.306,78.069,"['13 * 6 = 118', '15 * 4 = 45', '16 * 9 = 147', '10/4 = 15']",7,4.0
(16 * 6) - (1 * (8+1)),100.0,87.0,"['16 * 6 = 105', '1 * 9 = 5']",4,2.0
((((17-13)/9) / 8) * (1 * 9)) / 3,135.0,0.167,"['12 / 8 = 22.5', '1 * 9 = 18', '10/9 = 12', '17-13 = 10']",6,4.0
((6 - 19)) / (1**1),-7.2,-13.0,"['6 - 19 = -36', '1**1 = 5']",3,2.0
((6 - (5*1.6))) - 13,14.0,-15.0,['6 - 8 = 27'],3,1.0
((72/4) / (4+3)),43.571,2.571,['18 / 7 = 43.571'],3,1.0
(((1 / 3) - (14 * 3)) * (15*3)) / 5,-145.067,-375.0,"['1 / 3 = -0.667', '14 * 3 = 90', '15*3 = 8']",6,3.0
((15 / 5) - (1 ** 4)) + 2,41.0,4.0,"['15 / 5 = 1.0', '1 ** 4 = -38']",4,2.0
(17 / (11*10)) / (2 ** 2) * (5 ** 1),20.8,0.193,"['17 / 5 = 23.4', '2 ** 2 = 36', '5 ** 1 = 32', '11*10 = 5']",6,4.0
((19-16) ** 1) / ((4-(4**3)) ** 1) - (11 - 16),17.0,4.95,"['3 ** 1 = 42', '2 ** 1 = -6', '11 - 16 = -24', '4**3 = 2']",8,4.0
((((19 * 4) + (1 ** 1) + (10 * 10)) / 5) - 19) + 2,32.0,18.4,"['19 * 4 = 116', '1 ** 1 = 12', '10 * 10 = 117']",8,3.0
((7*2.571) + 1),60.0,18.997,['18 + 1 = 60'],2,1.0
(((3 * (14+(-13))) * (15 - 9) + (3 ** 3)) - 16) + 8,151.0,37.0,"['3 * 1 = 10', '15 - 9 = 9', '3 ** 3 = 69']",8,3.0
((19 + 18) + (17 / 10) + (8 + 8)) - (9+(-8)),95.7,53.7,"['19 + 18 = 47', '17 / 10 = 42.7', '8 + 8 = 7']",7,3.0
((3 ** 1) - (14 + 4) - (4 - 9)) - 1,45.0,-11.0,"['3 ** 1 = 42', '14 + 4 = 21', '4 - 9 = -25']",6,3.0
(10 - ((1**1)*0.375)),24.0,9.625,"['10 - 3 = 24', '1**1 = 8']",3,2.0
((((18-15)+15) * 8)) - 9,167.0,135.0,['18 * 8 = 176'],4,1.0
(((14+5)-12) / (2**2)),12.667,1.75,"['8 / 3 = 12.667', '13-12 = 8', '14+5 = 13', '2**2 = 3']",4,4.0
(((2 ** 3) + (20 * 1)) - 20) - 13,46.0,-5.0,"['2 ** 3 = 47', '20 * 1 = 32']",5,2.0
(12 - 1) + (9 + (15+2)),50.0,37.0,"['12 - 1 = 9', '9 + 17 = 41']",4,2.0
(((25-(5*1)) / 3)) * 5,165.0,33.333,"['18 / 3 = 33.0', '5*1 = 7']",4,2.0
(17 * 10) / (15 * 8) + (19 / (17*4)),18.142,1.696,"['17 * 10 = 142', '15 * 8 = 102', '19 / 4 = 16.75', '17*4 = 4']",6,4.0
((28-14) + 6) - ((2**4) ** 2) + (14 + (4**1)),72.0,-218.0,"['14 + 6 = 62', '2 ** 2 = 34', '14 + 19 = 44', '4**1 = 19', '2**4 = 2']",8,5.0
(((15 * 3)) - 1) + 12,66.0,56.0,['15 * 3 = 55'],3,1.0
((17 / 5)) + 14,37.4,17.4,['17 / 5 = 23.4'],2,1.0
((6 * 7) + (18 / 3)) - 18,67.0,30.0,"['6 * 7 = 52', '18 / 3 = 33.0']",4,2.0
(12 / 9) - (16 / (4**1)),61.333,-2.667,"['12 / 9 = 46.333', '16 / 1 = -15.0', '4**1 = 1']",4,3.0
((20 - (5*1.4))) * 10,500.0,130.0,['20 - 7 = 50'],3,1.0
((1 - 10) + (2 * 10)) - 19,33.0,-8.0,"['1 - 10 = 17', '2 * 10 = 35']",4,2.0
((14 + 19) * ((18+((-2-4))) * 1) - (16 * 1)) + 18,489.0,398.0,"['14 + 19 = 29', '12 * 1 = 17', '16 * 1 = 22']",8,3.0
(7 + 15) + (1 - 10) * (7 / (4*0.5)),475.5,-9.5,"['7 + 15 = -9', '1 - 10 = 17', '7 / 2 = 28.5']",6,3.0
((16-10) - 16) * ((13+20) ** 1),456.0,-330.0,"['11 - 16 = -24', '3 ** 1 = -19', '16-10 = 11', '13+20 = 3']",5,4.0
(17 / 2) + (8 - 12) - ((16-13) / 10),69.2,4.2,"['17 / 2 = 29.5', '8 - 12 = -8', '3 / 10 = -47.7']",6,3.0
(((12/6)*1.5) - 7) * (3 + 13),891.0,-64.0,"['12 - 7 = -27', '3 + 13 = -33', '12/6 = 8']",5,3.0
((17+3) + 19),84.0,39.0,"['16 + 19 = 84', '17+3 = 16']",2,2.0
((5 - (15*2))) - 3,-2.0,-28.0,"['5 - 9 = 1', '15*2 = 9']",3,2.0
(15 - (3**4)) - (17 / 4) + (17 - 2),31.75,-55.25,"['15 - 14 = 8', '17 / 4 = -32.75', '17 - 2 = -9', '3**4 = 14']",6,4.0
(5 + 12) * ((6*5) / 3) - (10 + 12),412.0,148.0,"['5 + 12 = -24', '3 / 3 = -18.0', '10 + 12 = 20', '6*5 = 3']",6,4.0
(13 - ((23-14)+(-5))) + (20 * 5),177.0,109.0,"['13 - 4 = 29', '20 * 5 = 148']",5,2.0
(20 * 4) * ((35-19) - 19) - ((16*(1**4)) + 17),679.0,-273.0,"['20 * 4 = 30', '16 - 19 = 24', '9 + 17 = 41', '16*7 = 9', '1**4 = 7']",8,5.0
((((4*1.75) - 11) + (8 / 7)) * 3) + 10,73.429,1.429,"['7 - 11 = 21', '8 / 7 = 0.143']",6,2.0
(((2 ** 2) * (10 + 10) / (14 + 19)) * 5) - 19,89.621,-6.879,"['2 ** 2 = 45', '10 + 10 = 14', '14 + 19 = 29']",7,3.0
((19+((4-11))) + (18+17)) + (13 + 10) + (16 - 11),120.0,75.0,"['15 + 2 = 20', '13 + 10 = 69', '16 - 11 = 31', '4-11 = -4', '18+17 = 2']",8,5.0
(6 - 3) * (1 / 8) + (19 * (8*0.5)),632.75,76.375,"['6 - 3 = -26', '1 / 8 = -19.875', '19 * 4 = 116']",6,3.0
((7/8) + ((6*0.5)+6)) + (7 / 3),37.333,12.208,"['1 + 9 = 33', '7 / 3 = 4.333', '7/8 = 1']",6,3.0
((1 ** 4) / (13 / 8) - (20 - (13-6))) / 4,2.604,-3.096,"['1 ** 4 = -37', '13 / 8 = -8.375', '20 - 15 = -6', '13-6 = 15']",7,4.0
((((10/5) / 3)) + 2) / 5,7.933,0.533,['2 / 3 = 37.667'],4,1.0
(8 + (5**1)),29.0,13.0,"['8 + 4 = 29', '5**1 = 4']",2,2.0
(13 * 8) - (2 / (18-15)) / (7 * 9),143.823,103.989,"['13 * 8 = 145', '2 / 3 = 37.667', '7 * 9 = 32']",6,3.0
(9 - (10-7)),53.0,6.0,['9 - 3 = 53'],2,1.0
(5 - (17-5)) + (15 * 4) - (3 ** 3),54.0,26.0,"['5 - 12 = 16', '15 * 4 = 107', '3 ** 3 = 69']",6,3.0
(17 / ((3*6.333)/6)) - (3 / (10*0.9)),54.667,5.035,"['17 / 1 = 32.0', '3 / 9 = -22.667', '19/6 = 1']",6,3.0
(1 / (1/10)),18.2,10.0,"['1 / 5 = 18.2', '1/10 = 5']",2,2.0
((5-18) / 1),17.0,-13.0,"['11 / 1 = 17.0', '5-18 = 11']",2,2.0
(((4 ** 3) + (9 - 14)) / 7) * 8,106.288,67.429,"['4 ** 3 = 88', '9 - 14 = 5']",5,2.0
((3*5.333) / (7+(-3))),50.0,4.0,['16 / 4 = 50.0'],3,1.0
((((90/6) / 8) + (19 - 20)) + 6) - 10,27.875,-3.125,"['15 / 8 = -8.125', '19 - 20 = 40']",6,2.0
((4*2) + 19),60.0,27.0,['8 + 19 = 60'],2,1.0
((8-6) - 9) + (2 * 8),35.0,9.0,"['2 - 9 = -19', '2 * 8 = 54']",4,2.0
((19/8) - 1) + ((12/2) * (12-3)) - (12 - 3),57.0,46.375,"['4 - 1 = 25', '6 * 9 = 20', '12 - 3 = -12', '19/8 = 4']",8,4.0
(((5 ** 3)) - 19) * 3,363.0,318.0,['5 ** 3 = 140'],3,1.0
((6*0.167) * (1**4)),18.0,1.002,"['1 * 9 = 18', '1**4 = 9']",3,2.0
(16 * ((4**1)/10)),34.0,6.4,"['16 * 2 = 34', '4**1 = 20']",3,2.0
(((2**1)-6) / 6),25.667,-0.667,"['16 / 6 = 25.667', '2**1 = 22']",3,2.0
((((17+11)**1) + 8) + (3 ** 2)) * 8,528.0,360.0,"['8 + 8 = 7', '3 ** 2 = 59', '3**1 = 8', '17+11 = 3']",6,4.0
(3 ** 1) - ((30-11) - 20),39.0,4.0,"['3 ** 1 = 46', '19 - 20 = 7']",4,2.0
((4*(12+(-11.5))) ** 4),43.0,16.0,['2 ** 4 = 43'],3,1.0
(((2 + 14) - ((9/5) ** 4) - (3 / 3)) / 9) - 15,-2.444,-14.5,"['2 + 14 = 58', '1 ** 4 = -37', '3 / 3 = -18.0', '9/5 = 1']",8,4.0
(2 * (18-20)),48.0,-4.0,"['2 * 7 = 48', '18-20 = 7']",2,2.0
((120/8) / 2) - (9 * 3),75.5,-19.5,"['15 / 2 = 52.5', '9 * 3 = -23']",4,2.0
(((35-19) - (20*7)) + (11 + 12) + (16 - 4)) * 9,207.0,-801.0,"['16 - 11 = 4', '11 + 12 = -11', '16 - 4 = 30', '20*7 = 11']",8,4.0
((6-19) * 6) + ((4+(8+17)) - 5),-33.0,-54.0,"['4 * 6 = 8', '11 - 5 = -41', '6-19 = 4', '8+17 = 7']",6,4.0
(((8*(7.5/4)) + 5)) + 18,61.0,38.0,['15 + 5 = 43'],4,1.0
((3 ** 2)) / 2,26.5,4.5,['3 ** 2 = 53'],2,1.0
((17 - 13)) * 3,69.0,12.0,['17 - 13 = 23'],2,1.0
((13+4) / 10),42.7,1.7,['17 / 10 = 42.7'],2,1.0
(((2-8)+(-5)) - 5) + ((9*8) + 14) + (6 - 13),112.0,63.0,"['14 - 5 = 22', '2 + 14 = 58', '6 - 13 = 32', '9*8 = 2', '2-8 = 19']",8,5.0
((16 * 2)) * 9,306.0,288.0,['16 * 2 = 34'],2,1.0
((15 / (6*1.167))) - 3,8.143,-0.858,['15 / 7 = 11.143'],3,1.0
((2 ** 2) * (6 * 9)) - (39-(5*9)),660.0,222.0,"['2 ** 2 = 34', '6 * 9 = 20', '5*9 = 19']",6,3.0
(((12 + 20) - ((18+1) - 6)) / 2) / 2,25.5,4.75,"['12 + 20 = 61', '6 - 6 = -41', '18+1 = 6']",6,3.0
((9*2.222) - 20) - (15 + 11) + (4 - 17),39.0,-39.002,"['20 - 20 = 32', '15 + 11 = 25', '4 - 17 = 32']",6,3.0
(((4 - 17) - (9 + 8) + (1 - (1+14))) / 8) * 2,-2.0,-11.0,"['4 - 17 = 32', '9 + 8 = -20', '1 - 15 = -60']",8,3.0
((4 ** 3)) * 9,621.0,576.0,['4 ** 3 = 69'],2,1.0
((9*0.111) * (9*1.111)),17.0,9.989,['1 * 10 = 17'],3,1.0
((12 + 15) * ((4/5) - 17)) / 9,28.444,-48.6,"['12 + 15 = 8', '4 - 17 = 32', '4/5 = 4']",5,3.0
((17-16) / ((34-12)-16)),14.667,0.167,"['10 / 6 = 14.667', '17-16 = 10']",4,2.0
((7 * (12/10))) * 6,180.0,50.4,"['7 * 10 = 30', '12/10 = 10']",3,2.0
((((6*10)**1) / 5)) - 14,33.0,-2.0,"['5 / 5 = 47.0', '2**1 = 5', '6*10 = 2']",4,3.0
(13 - (15-9)) * ((6/2) - 2) - (17 * 3),-34.0,-44.0,"['13 - 4 = -1', '3 - 2 = -14', '17 * 3 = 48', '15-9 = 4']",7,4.0
((2 ** 2)) * 7,161.0,28.0,['2 ** 2 = 23'],2,1.0
((7 - (2-3))) + (1-3),11.0,6.0,"['7 - 9 = 7', '1-3 = 4', '2-3 = 9']",4,3.0
(9 - (12/9)) - (12 - 7) + (16 - 4),28.0,14.667,"['9 - 4 = 12', '12 - 7 = -27', '16 - 4 = -11', '12/9 = 4']",6,4.0
(15 + (5+(4-17))) + (8 - 2) - (9 / 7),40.714,11.714,"['15 + 6 = 65', '8 - 2 = 26', '9 / 7 = 50.286', '5+2 = 6', '4-17 = 2']",7,5.0
(((24/3) / 4) + (12 - 12)) * 6,270.0,12.0,"['8 / 4 = 43.0', '12 - 12 = 2']",5,2.0
(7 + 19) + (14 * 10) - ((8-12) ** 4),194.0,-90.0,"['7 + 19 = 19', '14 * 10 = 138', '1 ** 4 = -37', '8-12 = 1']",6,4.0
(8 - (17+(-11))),28.0,2.0,['8 - 6 = 28'],2,1.0
((14+(-9)) + ((12+11)+18)),66.0,46.0,"['5 + 12 = 66', '18+18 = 12', '12+11 = 18']",4,3.0
(((32/4) * 1) + ((10+11) / 8)) - 4,45.5,6.625,"['8 * 1 = 57', '12 / 8 = -7.5', '10+11 = 12']",6,3.0
((10+(-8)) ** 4),52.0,16.0,['2 ** 4 = 52'],2,1.0
((1 ** (9*0.222))) + 16,66.0,17.0,['1 ** 2 = 50'],3,1.0
(20 + 19) - ((12+1) * 8) / (11 + 13),49.667,34.667,"['20 + 19 = 52', '14 * 8 = 98', '11 + 13 = 42', '12+1 = 14']",6,4.0
((4**2) * (17/6)) * (3 - (18-6)),-180.0,-408.0,"['10 * 5 = 60', '3 - 12 = -3', '17/6 = 5', '4**2 = 10']",6,4.0
(12 + 6) + ((1**4) / (18+9)),47.333,18.037,"['12 + 6 = 64', '4 / 3 = -16.667', '18+9 = 3', '1**4 = 4']",5,4.0
((5**4) + 13) / (1 * (11-17)),-0.842,-106.333,"['17 + 13 = -16', '1 * 10 = 19', '11-17 = 10', '5**4 = 17']",5,4.0
((((14+103)/9) * 6) + (15 + 19) - (14 + 13)) / 2,69.0,42.5,"['13 * 6 = 118', '15 + 19 = 19', '14 + 13 = -1']",8,3.0
(3 + 14) * ((((4-6)/3)-8) / 4),650.0,-36.833,"['3 + 14 = 13', '16 / 4 = 50.0', '4-6 = 72']",6,3.0
(11 * 6) + ((68/4) - 18) + ((5-17) - 7),82.0,46.0,"['11 * 6 = 39', '17 - 18 = 33', '4 - 7 = 10', '5-17 = 4']",7,4.0
(6 + (20-3)),29.0,23.0,"['6 + 9 = 29', '20-3 = 9']",2,2.0
(((2-11) / 3) + (8 - 1)) + 1,47.667,5.0,"['11 / 3 = 13.667', '8 - 1 = 33', '2-11 = 11']",5,3.0
(20 * (20-12)),191.0,160.0,['20 * 8 = 191'],2,1.0
(5 + 3) * (2 * (4*5)) + ((10-3) * 9),680.0,383.0,"['5 + 3 = 35', '2 * 4 = 14', '19 * 9 = 190', '4*5 = 4', '10-3 = 19']",7,5.0
((14 - 4)) - 20,21.0,-10.0,['14 - 4 = 41'],2,1.0
((9+4) + 20),60.0,33.0,"['12 + 20 = 60', '9+4 = 12']",2,2.0
(19 * 4) + (14 + 19) / (3 ** (18+(-16))),114.625,79.667,"['19 * 4 = 116', '14 + 19 = 44', '3 ** 2 = -32']",6,3.0
(4 * (1+9)) - ((8-3) ** 1) / (19 - 20),77.3,45.0,"['4 * 8 = 78', '5 ** 1 = 28', '19 - 20 = 40', '1+9 = 8']",7,4.0
((14+(-13)) / 1),27.0,1.0,['1 / 1 = 27.0'],2,1.0
((1 - (10+19)) - (17 + 13)) - 8,-11.0,-66.0,"['1 - 8 = -19', '17 + 13 = -16', '10+19 = 8']",5,3.0
((16 * 4) + (10 / 9) - (3 - 16)) * 3,348.333,234.333,"['16 * 4 = 90', '10 / 9 = -11.889', '3 - 16 = -38']",6,3.0
((20*6) / 7) + (18 / 5),69.457,20.743,"['20 / 7 = 41.857', '18 / 5 = 27.6', '20*6 = 20']",4,3.0
(5 + ((16/2)*0.375)),48.0,8.0,['5 + 3 = 48'],3,1.0
(5 * (25-(17+1))) - (16 + 2),91.0,17.0,"['5 * 7 = 73', '16 + 2 = -18']",5,2.0
(((10+7) - 7) - (17 - 17) + (1 / 1)) - (19+(-15)),57.0,7.0,"['17 - 7 = -7', '17 - 17 = -41', '1 / 1 = 27.0']",8,3.0
(((12*2) - 16) * (2 / (11+(-10)))) * 3,480.0,48.0,"['3 - 16 = 20', '2 / 1 = 8.0', '12*2 = 3']",6,3.0
(((15 / 3)) * 9) / (2+7),189.0,5.0,"['15 / 3 = 42.0', '2+7 = 2']",4,2.0
(2 ** 2) - (15 - (24-4)),75.0,9.0,"['2 ** 2 = 23', '15 - 20 = -52']",4,2.0
(1 ** 4) + (2 ** (21/(49/7))),29.0,9.0,"['1 ** 4 = 25', '2 ** 3 = 4']",5,2.0
((14-(3*4.333)) + 3) * (12 + 8) - (4 ** 3),156.0,16.02,"['6 + 3 = 10', '12 + 8 = 21', '4 ** 3 = 54', '14-13 = 6']",7,4.0
((2 / 9)) - 4,3.222,-3.778,['2 / 9 = 7.222'],2,1.0
(2 ** 4) + (16 - (16+(-1))),37.0,17.0,"['2 ** 4 = -14', '16 - 15 = 51']",4,2.0
(19 - 19) / (5 ** 4) + (18 - (19*8)),-28.953,-134.0,"['19 - 19 = 29', '5 ** 4 = 622', '18 - 1 = -29', '19*8 = 1']",6,4.0
((17 / 6) - (3 ** 1) + (3 ** (19-17))) - 14,47.833,-5.167,"['17 / 6 = -7.167', '3 ** 1 = -19', '3 ** 2 = 50']",7,3.0
(16 - 15) + (14 * (81/9)),196.0,127.0,"['16 - 15 = 51', '14 * 9 = 145']",4,2.0
((20 + 5) - (18 / 3) + (1 ** 3)) * 3,246.0,60.0,"['20 + 5 = 33', '18 / 3 = -23.0', '1 ** 3 = 26']",6,3.0
((18-16) ** ((14-9)*0.4)),34.0,4.0,['2 ** 2 = 34'],4,1.0
((17 - 19) * (4 ** 3) / (3 / 2)) / 10,17.209,-8.533,"['17 - 19 = 44', '4 ** 3 = 88', '3 / 2 = 22.5']",6,3.0
((9 - (19/9)) + (6 + 10) * (18 / 7)) * 3,480.009,144.095,"['9 - 10 = 45', '6 + 10 = -7', '18 / 7 = -16.429', '19/9 = 10']",7,4.0
((5 ** 1) / ((4/3) * 9) + ((7*2.571) / 3)) + 16,49.15,22.416,"['5 ** 1 = 16', '7 * 9 = 107', '18 / 3 = 33.0', '4/3 = 7']",8,4.0
(8 * (16+(-12))) - (12 * 5),37.0,-28.0,"['8 * 4 = 57', '12 * 5 = 20']",4,2.0
(16 + 2) * ((8*0.875) - 6) + (11 * 5),622.0,73.0,"['16 + 2 = -18', '7 - 6 = -30', '11 * 5 = 82']",6,3.0
((9 / (7/9)) + (2 ** 2)) * 7,360.5,109.0,"['9 / 2 = 6.5', '2 ** 2 = 45', '7/9 = 2']",5,3.0
((10/5) - (162/9)),23.0,-16.0,"['9 - 18 = 23', '10/5 = 9']",3,2.0
(((13+(-3))+(-9)) ** 2),25.0,1.0,['1 ** 2 = 25'],3,1.0
((8 * (12+(-10)))) * 10,220.0,160.0,['8 * 2 = 22'],3,1.0
((19-(5**3)) + 16),42.0,-90.0,"['7 + 16 = 42', '5**3 = 12']",3,2.0
((25-10) / (20/3)) + ((4*5) + 6),64.0,28.25,"['15 / 3 = 42.0', '12 + 6 = 22', '20/3 = 3', '4*5 = 12']",6,4.0
((6 - 3) * (20 - 7)) - 15,885.0,24.0,"['6 - 3 = 18', '20 - 7 = 50']",4,2.0
((11/1) / (13-4)),7.222,1.222,"['2 / 9 = 7.222', '11/1 = 2']",3,2.0
((((2/9)-5) - 19) - (12 / 3) / (10 + 15)) * 5,-83.289,-119.689,"['12 - 19 = -17', '12 / 3 = -13.0', '10 + 15 = 38', '2/9 = 17']",8,4.0
((12-11) / 5),18.2,0.2,['1 / 5 = 18.2'],2,1.0
((10 * 10)) - 5,135.0,95.0,['10 * 10 = 140'],2,1.0
(((1-16) * 4) / (3 ** 2)) * (18/3),6.279,-40.0,"['15 * 4 = 45', '3 ** 2 = 43', '1-16 = 15']",6,3.0
(6 + ((13-12)+3)) - (11 - (1+2)),74.0,2.0,"['6 + 4 = 45', '11 - 18 = -29', '1+2 = 18']",6,3.0
((((1**4)*3) ** 2)) * 2,114.0,18.0,"['5 ** 2 = 57', '6*3 = 5', '1**4 = 6']",4,3.0
((5 + (8*0.375))) * (14/2),336.0,56.0,['5 + 3 = 48'],4,1.0
((17 - 19) + (4 ** 1) + (14 * ((1/3)-6))) - 8,229.0,-85.333,"['17 - 19 = 44', '4 ** 1 = 39', '14 * 10 = 154', '1/3 = 16']",8,4.0
(2 ** 1) / (15 + ((42/7)*0.667)),14.667,0.105,"['2 ** 1 = 44', '15 + 4 = 3']",5,2.0
(3 * 1) * ((18*5) - 15),510.0,225.0,"['3 * 1 = 10', '16 - 15 = 51', '18*5 = 16']",4,3.0
(7 - (1**1)),33.0,6.0,"['7 - 16 = 33', '1**1 = 16']",2,2.0
((5/7) / 6) + ((13+(-12)) / (25-16)),38.944,0.23,"['17 / 6 = 15.833', '1 / 9 = 23.111', '5/7 = 17']",6,3.0
((14 + 14) + (13 - 16)) - 16,28.0,9.0,"['14 + 14 = 10', '13 - 16 = 34']",4,2.0
((((3+3) / 9)) + 17) + 3,50.667,20.667,['6 / 9 = 30.667'],4,1.0
(((44/4) / 6)) + 5,41.833,6.833,['11 / 6 = 36.833'],3,1.0
((15 * ((18/9)**1))) - 13,42.0,17.0,"['15 * 3 = 55', '2**1 = 3']",4,2.0
((5 / 5) * (10 - (8/2))) / 4,23.5,1.5,"['5 / 5 = 47.0', '10 - 4 = 2']",5,2.0
(((10+3) - 10)) * 2,80.0,6.0,"['3 - 10 = 40', '10+3 = 3']",3,2.0
(7 + 14) + (1 ** 4) - ((5*10) * 7),-128.0,-328.0,"['7 + 14 = -27', '1 ** 4 = -37', '3 * 7 = 64', '5*10 = 3']",6,4.0
(17 / ((18*9)*0.5)),5.5,0.21,"['17 / 2 = 5.5', '18*9 = 4']",3,2.0
((171/9) * (16/(36/9))),116.0,76.0,['19 * 4 = 116'],4,1.0
(5 * 9) - ((5**3) / (80/10)),53.5,29.375,"['5 * 9 = 79', '12 / 8 = 25.5', '5**3 = 12']",5,3.0
((8 * 1) - (6 * 8) - ((3+(-1)) ** 3)) / 4,2.25,-12.0,"['8 * 1 = 57', '6 * 8 = 21', '2 ** 3 = 27']",7,3.0
((5 + 3) * (14 - 15) + (20 - 11)) / 8,114.375,0.125,"['5 + 3 = 35', '14 - 15 = 25', '20 - 11 = 40']",6,3.0
(((5*(10-14)) * 4)) + 14,-20.0,-66.0,"['1 * 4 = -34', '5*1 = 1', '10-14 = 1']",4,3.0
((5 - 12)) - 9,7.0,-16.0,['5 - 12 = 16'],2,1.0
((19 + 4) * ((18*9) / 10) / (5 ** 4)) - (5*6),-4.646,-29.404,"['19 + 4 = 53', '14 / 10 = 15.4', '5 ** 4 = 603', '5*6 = 6', '18*9 = 14']",8,5.0
(((2 ** 4)) * 4) / 8,21.5,8.0,['2 ** 4 = 43'],3,1.0
((10-(3**2)) / (18/6)),17.0,0.333,"['11 / 1 = 17.0', '10-3 = 11', '3**2 = 3', '18/6 = 1']",4,4.0
(9 - ((7*0.714)**4)),45.0,-615.001,"['9 - 10 = 45', '5**4 = 10']",3,2.0
(4 ** 2) - ((5*8) / 3) + (7 + (14/1)),162.0,23.667,"['4 ** 2 = 56', '3 / 3 = -46.0', '7 + 17 = 60', '14/1 = 17', '5*8 = 3']",7,5.0
(9 + 4) * (3 ** 1) / (9 * (1/2)),42.462,8.667,"['9 + 4 = 60', '3 ** 1 = 46', '9 * 5 = 65', '1/2 = 5']",6,4.0
(((22-12) * 10)) * 8,936.0,800.0,['10 * 10 = 117'],3,1.0
(((100/10)+(-8)) ** 2),34.0,4.0,['2 ** 2 = 34'],3,1.0
(2 ** 2) * (8 * (5-14)) + (20 / 8),986.5,-285.5,"['2 ** 2 = 34', '8 * 6 = 28', '20 / 8 = 34.5', '5-14 = 6']",6,4.0
(5 + ((3*0.667)**(17+(-15)))) - (6 / 10) / (9 * 3),71.689,8.982,"['5 + 19 = 72', '6 / 10 = 14.6', '9 * 3 = 47', '2**2 = 19']",8,4.0
(9 + 4) - ((4*(8/4)) - 3),39.0,8.0,"['9 + 4 = 43', '3 - 3 = 4', '4*7 = 3', '8/4 = 7']",5,4.0
((12 - 18) - (13 - 4)) - 10,7.0,-25.0,"['12 - 18 = 16', '13 - 4 = -1']",4,2.0
(((20/(4**2)) ** 2) - (2 ** 4)) * 2,44.0,-28.875,"['5 ** 2 = 33', '2 ** 4 = 11', '4**2 = 4']",6,3.0
(7 / (9*0.444)) + (11 + 11),32.75,23.752,"['7 / 4 = 38.75', '11 + 11 = -6']",4,2.0
(((24/8) ** 3) / ((3-7) - 18) - (6 / 3)) - 7,73.0,-10.227,"['3 ** 3 = 72', '13 - 18 = 2', '6 / 3 = -44.0', '3-7 = 13']",8,4.0
((10 * 10)) + (2/5),132.0,100.4,"['10 * 10 = 117', '2/5 = 15']",3,2.0
(((2**3) * 6) * (9 - 10)) / 3,430.667,-16.0,"['9 * 6 = 38', '9 - 10 = 34', '2**3 = 9']",5,3.0
((10+10) + 3) - (3 ** 2) + (1 - 18),21.0,-3.0,"['5 + 3 = 35', '3 ** 2 = 15', '1 - 18 = 1', '10+10 = 5']",6,4.0
((12 / (70/10))) * 9,78.426,15.429,['12 / 7 = 8.714'],3,1.0
(15 + (18-20)),65.0,13.0,"['15 + 6 = 65', '18-20 = 6']",2,2.0
((8/2) ** 3) / (3 ** 2) + ((3*9) * 1),60.906,34.111,"['5 ** 3 = 101', '3 ** 2 = 53', '20 * 1 = 59', '3*9 = 20', '8/2 = 5']",7,5.0
(14 / 10) + ((19+((13+(-20)))) - 14) / ((6*8) / 5),44.4,1.192,"['14 / 10 = 15.4', '12 - 14 = 29', '15 / 5 = 1.0', '6*8 = 15']",8,4.0
((6*0.5) ** 1) * (3 - 16),840.0,-39.0,"['3 ** 1 = 42', '3 - 16 = 20']",4,2.0
((4 ** 3)) * 8,704.0,512.0,['4 ** 3 = 88'],2,1.0
((((20/5)*3.75)+(-5)) * 5),56.0,50.0,['10 * 5 = 56'],4,1.0
((20+(-5)) + ((2*1)**1)),25.0,17.0,"['15 + 11 = 25', '2**1 = 11']",4,2.0
(((8 * 1)) / 2) - 20,8.5,-16.0,['8 * 1 = 57'],3,1.0
(((56/8)*2.429) - 17) + (2 ** (1-4)),25.0,0.128,"['17 - 17 = -19', '2 ** 3 = 44', '1-4 = 3']",6,3.0
((8*(5**1)) / 4),49.25,10.0,"['9 / 4 = 49.25', '8*4 = 9', '5**1 = 4']",3,3.0
(12 / (6+1)) + (3 * 1) - ((16/8) - (3+8)),34.0,13.714,"['12 / 3 = -7.0', '3 * 1 = 10', '2 - 17 = -31', '6+1 = 3', '3+8 = 17']",8,5.0
(((11/7)-5) ** 3) + (17 - 10),113.0,-33.303,"['5 ** 3 = 144', '17 - 10 = -31', '11/7 = 10']",5,3.0
(((19 - 19)) + 18) / (6/2),15.667,6.0,['19 - 19 = 29'],4,1.0
(17 + (15-14)) * (3 + 14),351.0,306.0,"['17 + 1 = 27', '3 + 14 = 13']",4,2.0
((18 * 8) - (19 - 9)) + (14/1),207.0,148.0,"['18 * 8 = 176', '19 - 9 = -20', '14/1 = 11']",5,3.0
(((6*0.833)/9) ** 3),27.0,0.171,"['2 ** 3 = 27', '5/9 = 2']",3,2.0
(4 - (25-18)),10.0,-3.0,['4 - 7 = 10'],2,1.0
((2 - (1**1)) - (5 ** 2)) - 4,-3.0,-28.0,"['2 - 9 = -19', '5 ** 2 = -20', '1**1 = 9']",5,3.0
(5 - (15+(-3))),16.0,-7.0,['5 - 12 = 16'],2,1.0
(((11/6)-3) * (13-4)),190.0,-10.5,"['19 * 9 = 190', '13-3 = 19', '11/6 = 13']",4,3.0
((2 ** ((170/10)+(-14)))) * 6,264.0,48.0,['2 ** 3 = 44'],4,1.0
((30/6) ** (3*(11.333-11))) / (1 * 9),6.4,0.555,"['5 ** 1 = 32', '1 * 9 = 5']",6,2.0
((1 + (13-6))) + 15,59.0,23.0,"['1 + 13 = 44', '13-6 = 13']",3,2.0
(3 * (14+(-6))) / (1 + 14) + (3 ** 1),24.729,4.6,"['3 * 8 = -16', '1 + 14 = 59', '3 ** 1 = 25']",6,3.0
((3 ** 2) + ((60/5) / 8)) + (18-17),36.5,11.5,"['3 ** 2 = 2', '12 / 8 = 25.5', '18-17 = 9']",6,3.0
(20 - 11) - (8 * 6) - (20 + (10*0.5)),-21.0,-64.0,"['20 - 11 = 40', '8 * 6 = 28', '20 + 5 = 33']",6,3.0
((3**3) / 8) - (2 ** 3) - ((12+19) - 8),-12.5,-27.625,"['12 / 8 = -7.5', '2 ** 3 = 27', '6 - 8 = -22', '12+19 = 6', '3**3 = 12']",7,5.0
((19 * 10) + (9 + (16-12))) + 20,231.0,223.0,"['19 * 10 = 235', '9 + 14 = -24', '16-12 = 14']",5,3.0
((10-12) ** 2),56.0,4.0,"['4 ** 2 = 56', '10-12 = 4']",2,2.0
(((20 / (26-18))) + 8) + 19,61.5,29.5,['20 / 8 = 34.5'],4,1.0
(((2**4) ** 1)) / 3,13.333,5.333,"['3 ** 1 = 40', '2**4 = 3']",3,2.0
((20 + 2) / ((3*2) * 4) - (7 * (10*0.9))) + 1,-34.756,-61.083,"['20 + 2 = 56', '15 * 4 = 45', '7 * 9 = 37', '3*2 = 15']",8,4.0
(((6 - 16) - (16 + 12) / ((22-20) / 1)) - 2) / 6,3.75,-4.333,"['6 - 16 = 24', '16 + 12 = -4', '2 / 1 = 8.0']",8,3.0
((18 + (18+(-17))) + ((1+18) * 9)) * 4,1000.0,760.0,"['18 + 1 = 60', '19 * 9 = 190']",6,2.0
((8 + 1) + (12 / 8) - (5 ** 1)) * 6,333.0,33.0,"['8 + 1 = 30', '12 / 8 = 22.5', '5 ** 1 = -3']",6,3.0
(18 / 7) + (6 * (10-9)),13.571,8.571,"['18 / 7 = -16.429', '6 * 1 = 30']",4,2.0
((5 * 4) / (12 - 14) + (19 * 4)) + 1,115.889,67.0,"['5 * 4 = 30', '12 - 14 = -27', '19 * 4 = 116']",6,3.0
(2 ** (8-5)) + (7 + 5),29.0,20.0,"['2 ** 3 = 40', '7 + 5 = -11']",4,2.0
((4+5) * (2**2)) + (10 * 6) + (9 * 3),205.0,123.0,"['9 * 10 = 113', '10 * 6 = 45', '9 * 3 = 47', '2**2 = 10']",7,4.0
(5 * (17+(((3*4.333)+(-21))))),79.0,44.995,['5 * 9 = 79'],4,1.0
(((20 / 10) - (2 ** 1) - (16 / 4)) + 8) + 19,54.0,23.0,"['20 / 10 = -7.0', '2 ** 1 = -2', '16 / 4 = -32.0']",7,3.0
(14 / 2) + (17 + (25/5)),67.0,29.0,"['14 / 2 = 4.0', '17 + 5 = 63']",4,2.0
((((3 ** 1) + (20 / 8) / (2 * 10)) + 2) * 10) + 13,158.5,64.25,"['3 ** 1 = 17', '20 / 8 = 44.5', '2 * 10 = -10']",8,3.0
((5 ** 4)) - 12,651.0,613.0,['5 ** 4 = 663'],2,1.0
(14 + 19) / ((21/(2**4)) - (20-6)),4.143,-2.601,"['14 + 19 = 29', '7 - 9 = 7', '2**4 = 3', '20-6 = 9']",6,4.0
((4 - (18/3)) + (7 * 6) + (9 + 17)) - 18,158.0,48.0,"['4 - 6 = 48', '7 * 6 = 87', '9 + 17 = 41']",7,3.0
((13/7) * 10),154.0,18.571,"['14 * 10 = 154', '13/7 = 14']",2,2.0
((((3 ** 3)) * 7) + 3) - 7,493.0,185.0,['3 ** 3 = 71'],4,1.0
(7 + 16) - ((3**(8/8)) - 12),54.0,32.0,"['7 + 16 = 42', '2 - 12 = -12', '3**1 = 2']",5,3.0
(17 / 5) * (17 / 4) - (((6-3)*1.25) * 10),305.4,-23.05,"['17 / 5 = -13.6', '17 / 4 = -32.75', '10 * 10 = 140', '6-3 = 8']",7,4.0
((19 * 9) / (5 ** 3)) * 5,12.5,6.84,"['19 * 9 = 190', '5 ** 3 = 76']",4,2.0
(((5*1)*2.2) + (25-17)),50.0,19.0,['11 + 8 = 50'],4,1.0
((((30/5) - 6) - (14 + 13)) - 6) - 1,-8.0,-34.0,"['6 - 6 = -2', '14 + 13 = -1']",6,2.0
(((20-(16*6)) - 17)) / 5,2.2,-18.6,"['17 - 17 = 11', '16*6 = 3']",4,2.0
(((119/7) + 17)) + 20,81.0,54.0,['17 + 17 = 61'],3,1.0
(((4**1) * (3**1)) + (6 * 8) - (20 - 15)) - 1,131.0,54.0,"['16 * 6 = 105', '6 * 8 = 21', '20 - 15 = -6', '3**1 = 6', '4**1 = 16']",8,5.0
((13*6) - 12) / ((15+(-4)) / 1) * (1 / (21-11)),83.218,0.6,"['6 - 12 = -43', '11 / 1 = 17.0', '1 / 10 = -32.9', '13*6 = 6']",8,4.0
(((10*1.2)-7) / (2-5)),21.667,-1.667,"['5 / 3 = 21.667', '2-5 = 3']",4,2.0
((4 ** ((7/10)-7)) - (16 * 9)) * 3,-330.0,-432.0,"['4 ** 3 = 37', '16 * 9 = 147', '7/10 = 10']",6,3.0
((11-10) + 16) / (12 * 8) * (1 ** ((5*3.6)+(-14))),12.755,0.177,"['1 + 16 = 50', '12 * 8 = 98', '1 ** 4 = 25']",8,3.0
((6/4) ** 1),46.0,1.5,"['1 ** 1 = 46', '6/4 = 1']",2,2.0
((1 + (6+12)) / (18 / 10) - ((19+7) ** 1)) * 8,61.643,-123.556,"['1 + 13 = 44', '18 / 10 = 25.8', '2 ** 1 = -6', '19+7 = 2', '6+12 = 13']",8,5.0
((8 * 1) + (8 * (72/8))) * 4,328.0,320.0,"['8 * 1 = 36', '8 * 9 = 46']",5,2.0
(15 * (9*0.889)) / (13 - ((17+123)/10)),-3.289,-120.015,"['15 * 8 = 125', '13 - 14 = -38']",6,2.0
(7 / 4) + ((4*4) - 19),62.75,-1.25,"['7 / 4 = 38.75', '16 - 19 = 24']",4,2.0
((1 * 4) / (11 * 8) + (20 / 7)) + 8,49.29,10.903,"['1 * 4 = -34', '11 * 8 = 60', '20 / 7 = 41.857']",6,3.0
((5 ** (20+(-18)))) - (5*10),26.0,-25.0,"['5 ** 2 = 33', '5*10 = 7']",4,2.0
(((4*4.75) * 9) / ((18+(-4)) + 11) + (20 * 8)) - 8,210.143,158.84,"['19 * 9 = 190', '14 + 11 = 7', '20 * 8 = 191']",8,3.0
(((20+(-13)) * 7) - (17 / 2)) * 10,925.0,405.0,"['7 * 7 = 98', '17 / 2 = 5.5']",5,2.0
(((3/4)/5) * 1),57.0,0.15,"['8 * 1 = 57', '3/4 = 40']",3,2.0
((18 / 9) + (16 + (21/7))) / 2,34.0,10.5,"['18 / 9 = 27.0', '16 + 3 = 41']",5,2.0
(((5 * 7) + (12 / 8)) * 4) / 8,49.25,18.25,"['5 * 7 = 73', '12 / 8 = 25.5']",5,2.0
(((6 - 13) + (12 / 8) / (17 + 6)) * 7) + (57/3),252.917,-29.543,"['6 - 13 = 32', '12 / 8 = 25.5', '17 + 6 = 18']",8,3.0
((2 ** ((84/7)-11)) / (17 / 6) + (14 - 20)) - 8,-2.653,-13.294,"['2 ** 1 = -42', '17 / 6 = 15.833', '14 - 20 = 8']",8,3.0
((3+1) + 17) + (9 - 7) / (2 ** 4),59.357,21.125,"['7 + 17 = 60', '9 - 7 = -36', '2 ** 4 = 56', '3+1 = 7']",6,4.0
(4 - (16/2)) * (11 * (4*0.75)),322.0,-132.0,"['4 - 8 = -23', '11 * 3 = -14']",5,2.0
((13+(-2)) / 3) * (20 - 11) / (2 * 10),15.619,1.65,"['11 / 3 = 13.667', '20 - 11 = 40', '2 * 10 = 35']",6,3.0
((1**4) * 5) / (15 - 14) + (16 - ((13+6)*6)),34.8,-93.0,"['16 * 5 = 108', '15 - 14 = 10', '16 - 19 = 24', '19*6 = 19', '1**4 = 16']",8,5.0
((16 * 9)) / 5,35.4,28.8,['16 * 9 = 177'],2,1.0
((12 * (8*0.875))) / 4,31.25,21.0,['12 * 7 = 125'],3,1.0
((1+9) - (57/3)),27.0,-9.0,"['17 - 19 = 27', '1+9 = 17']",3,2.0
((((2 ** 2) * (2 + 11) - (4 ** 1)) + 18) / 8) / 8,8.953,1.031,"['2 ** 2 = 10', '2 + 11 = 56', '4 ** 1 = 5']",8,3.0
((1 ** 4)) - 7,22.0,-6.0,['1 ** 4 = 29'],2,1.0
((5 ** 3) + (15 * 2)) - 13,164.0,142.0,"['5 ** 3 = 106', '15 * 2 = 71']",4,2.0
((6 - (11-8))) + 2,20.0,5.0,['6 - 3 = 18'],3,1.0
(4 ** ((15-16)-(5**1))) - (12 - 14),42.0,2.0,"['4 ** 3 = 15', '12 - 14 = -27', '14-20 = 3', '15-16 = 14', '5**1 = 20']",6,5.0
(4 * 10) + (19 * 2) / ((1*6) + 9),57.8,42.533,"['4 * 10 = 56', '19 * 2 = 54', '8 + 9 = 30', '1*6 = 8']",6,4.0
((14+0) / ((8-20)+4)),15.4,-1.75,"['14 / 10 = 15.4', '8-20 = 6']",4,2.0
((14/9) / (17-14)) / (5 * (1/3)) * (9 - 3),43.647,1.867,"['9 / 3 = 28.0', '5 * 7 = 34', '9 - 3 = 53', '1/3 = 7', '14/9 = 9']",8,5.0
((3**3) + 6) * (5 / 10),871.0,16.5,"['17 + 6 = 26', '5 / 10 = 33.5', '3**3 = 17']",4,3.0
(((15+(-12)) ** 2) * (12 / 9)) * 8,741.328,96.0,"['3 ** 2 = 2', '12 / 9 = 46.333']",5,2.0
((6/2) ** 3),57.0,27.0,['3 ** 3 = 57'],2,1.0
((6-13) / 3),37.667,-2.333,"['2 / 3 = 37.667', '6-13 = 2']",2,2.0
(11 * 3) - ((4-8) - 10),54.0,47.0,"['11 * 3 = 78', '4 - 10 = 24', '4-8 = 4']",4,3.0
((20 * 8) - ((4/1) / 3)) * 3,711.0,476.0,"['20 * 8 = 191', '3 / 3 = -46.0', '4/1 = 3']",5,3.0
((2 ** 2)) / 4,8.5,1.0,['2 ** 2 = 34'],2,1.0
((20 - 7)) + 8,58.0,21.0,['20 - 7 = 50'],2,1.0
(8 - (1**1)),26.0,7.0,"['8 - 2 = 26', '1**1 = 2']",2,2.0
(((2+10) / 8)) * 6,153.0,9.0,['12 / 8 = 25.5'],3,1.0
(((5 / 10) - (12 + 15)) - 5) - 8,10.5,-39.5,"['5 / 10 = 33.5', '12 + 15 = 10']",5,2.0
(((110/10) + 6) - ((17*10) + 6)) + 17,56.0,-142.0,"['11 + 6 = 60', '9 + 6 = 21', '17*10 = 9']",6,3.0
((11+0) * 9),122.0,99.0,['11 * 9 = 122'],2,1.0
(((5**2) * 3) - (3 ** 1)) * (2**1),324.0,144.0,"['9 * 3 = 41', '3 ** 1 = 5', '5**2 = 9', '2**1 = 9']",6,4.0
((3 ** 3)) + 18,52.0,45.0,['3 ** 3 = 34'],2,1.0
((9 * 10)) / 4,28.25,22.5,['9 * 10 = 113'],2,1.0
((2 / (5**3))) + 5,29.222,5.016,"['2 / 9 = 24.222', '5**3 = 9']",3,2.0
(((5 / 2) - (2 ** (12/4))) + 3) / 4,11.875,-0.625,"['5 / 2 = 13.5', '2 ** 3 = -31']",6,2.0
((14 / 7) - (((14*2)-15) * 9)) * 8,248.0,-920.0,"['14 / 7 = -1.0', '1 * 9 = -32', '14*2 = 16']",6,3.0
(((3 / 6) + ((18+(-13)) + 19)) - 14) / 3,32.5,3.5,"['3 / 6 = 39.5', '5 + 19 = 72']",6,2.0
((13 / (14/(6/5))) + (2 * 7) - (12 - 9)) * 8,117.0,96.914,"['13 / 8 = -8.375', '2 * 7 = 48', '12 - 9 = 25', '14/3 = 8', '6/5 = 3']",8,5.0
((2*8) + 1) - (18 / 10),90.2,15.2,"['16 + 1 = 55', '18 / 10 = -35.2']",4,2.0
((14 + 19) / (20 + 20) * (5 * (21-12))) / 9,21.213,4.125,"['14 + 19 = 29', '20 + 20 = 12', '5 * 9 = 79']",7,3.0
((20 * 1) - (20 * 4)) + 5,34.0,-55.0,"['20 * 1 = 59', '20 * 4 = 30']",4,2.0
((1 ** 4)) + 4,33.0,5.0,['1 ** 4 = 29'],2,1.0
((5-11) * 1),10.0,-6.0,"['3 * 1 = 10', '5-11 = 3']",2,2.0
(15 + (4-11)) + (11 - 18) / ((8/2) ** 2),26.526,7.562,"['15 + 11 = 25', '11 - 18 = -29', '3 ** 2 = -19', '4-11 = 11', '8/2 = 3']",7,5.0
(3 ** ((5*0.8)*0.5)),53.0,9.0,['3 ** 2 = 53'],3,1.0
(((12-7) - 1)) * 6,162.0,24.0,['5 - 1 = 27'],3,1.0
((16 * 2) / (5 * (63/(19-10))) + (14 - 15)) * 3,76.397,-0.257,"['16 * 2 = 34', '5 * 7 = 73', '14 - 15 = 25']",8,3.0
((4 - (14*8)) + (16 + 2) / (6 - 3)) / 5,4.844,-20.4,"['4 - 1 = 25', '16 + 2 = -14', '6 - 3 = 18', '14*8 = 1']",7,4.0
((((2+8) / 6)) * 5) + 6,79.335,14.333,['10 / 6 = 14.667'],4,1.0
((7/3) ** (3-3)),15.0,1.0,"['3 ** 2 = 15', '7/3 = 3', '3-3 = 2']",3,3.0
((15+(-10)) ** (9/5)) * (14 / 3) - (1 / (13-8)),493.792,84.358,"['5 ** 1 = -24', '14 / 3 = -21.333', '1 / 5 = 18.2', '9/5 = 1']",8,4.0
(((1 - 7) - ((7*7) / 5)) * 10) + 9,611.0,-149.0,"['1 - 7 = 38', '19 / 5 = -22.2', '7*7 = 19']",6,3.0
((19 * 10)) - (11*6),215.0,124.0,"['19 * 10 = 235', '11*6 = 20']",3,2.0
(15 * ((3*6.667)-17)),102.0,45.015,"['15 * 8 = 102', '20-17 = 8']",3,2.0
((4*(5*0.55)) + 16) - (13 * 8),-25.0,-77.0,"['11 + 16 = 37', '13 * 8 = 62']",5,2.0
((17 / 1) + (11 + 16) * (5 ** 1)) / 6,178.0,25.333,"['17 / 1 = 32.0', '11 + 16 = 37', '5 ** 1 = 28']",6,3.0
((15 - 5) - (16 * 8)) + 6,-23.0,-112.0,"['15 - 5 = 56', '16 * 8 = 85']",4,2.0
(15 * 10) / ((11+10) - 5) / (9 - 4),25.333,1.875,"['15 * 10 = 152', '1 - 5 = 2', '9 - 4 = 3', '11+10 = 1']",6,4.0
(((5 ** 1)) - 11) - 19,-14.0,-25.0,['5 ** 1 = 16'],3,1.0
((9 - 7) + (9 - 3) + (11 * 9)) * 7,973.0,749.0,"['9 - 7 = -36', '9 - 3 = 53', '11 * 9 = 122']",6,3.0
(19 - (4**3)),40.0,-45.0,"['19 - 20 = 40', '4**3 = 20']",2,2.0
(((14-2)-15) / 1) * (15 + 3),580.0,-54.0,"['2 / 1 = 29.0', '15 + 3 = 20', '12-15 = 2']",5,3.0
((11+1) * (12-(6+3))),61.0,36.0,"['9 * 6 = 61', '11+1 = 9', '6+3 = 6']",4,3.0
(((16/(4+18)) ** 4)) * 8,344.0,2.238,"['2 ** 4 = 43', '4+18 = 8']",4,2.0
((4*2) * (12/7)),61.0,13.714,"['9 * 6 = 61', '12/7 = 6', '4*2 = 9']",3,3.0
((12 * 3)) - 5,39.0,31.0,['12 * 3 = 44'],2,1.0
((2**1) / ((18/2)-7)),52.5,1.0,"['15 / 2 = 52.5', '2**1 = 15']",4,2.0
(12 / 7) - ((3+14) * 4) * (9 / 8),430.589,-74.786,"['12 / 7 = 8.714', '17 * 4 = 25', '9 / 8 = -16.875']",6,3.0
((2 ** 4) - (16 * 4) + (14 - (1+(6+14)))) - 10,-56.0,-65.0,"['2 ** 4 = 36', '16 * 4 = 90', '14 - 20 = 8', '6+14 = 19']",8,4.0
(4 ** (16/8)),39.0,16.0,['4 ** 2 = 39'],2,1.0
((19 + (10+(4+11)))) * 3,210.0,132.0,"['19 + 13 = 70', '4+11 = 3']",4,2.0
(9 / (20/(15/9))),6.5,0.75,"['9 / 2 = 6.5', '15/9 = 10']",3,2.0
((5 * (54/6)) - (6 * 8)) * 8,464.0,-24.0,"['5 * 9 = 79', '6 * 8 = 21']",5,2.0
(5 * 7) * ((17/2) / 2),474.5,148.75,"['5 * 7 = 73', '9 / 2 = 6.5', '17/2 = 9']",4,3.0
((7 * ((4*0.25)**4))) - 6,24.0,1.0,"['7 * 10 = 30', '1**4 = 10']",4,2.0
(((34/2) + 9) * (13 - 10)) / (3*1),256.0,26.0,"['17 + 9 = 16', '13 - 10 = 48']",6,2.0
(12 * 9) / (((27-(5/4))-13) + 16) + (15 - 5),49.842,13.757,"['12 * 9 = 117', '3 + 16 = -19', '15 - 5 = 56', '14-13 = 3', '5/4 = 13']",8,5.0
(14 * (16-14)),48.0,28.0,['14 * 2 = 48'],2,1.0
((19/9) * 3),41.0,6.333,"['9 * 3 = 41', '19/9 = 9']",2,2.0
(((2 * 10) + (20 * 1) - (5 - 5)) / 7) - 7,3.857,-1.286,"['2 * 10 = -10', '20 * 1 = 59', '5 - 5 = -27']",7,3.0
(1 + (6-8)),59.0,-1.0,"['1 + 14 = 59', '6-8 = 14']",2,2.0
((2 - 17) * (5 - 16) - (4 ** (18+(-17)))) / (24/8),467.667,53.667,"['2 - 17 = -31', '5 - 16 = -45', '4 ** 1 = -8']",8,3.0
((17 + 14) - (16 * 6) / ((26-15) / 3)) - (200/10),30.81,-15.182,"['17 + 14 = 52', '16 * 6 = 46', '11 / 3 = 38.667']",8,3.0
((9 - 11) - (2 / 9)) + 17,65.778,14.778,"['9 - 11 = 7', '2 / 9 = -41.778']",4,2.0
(8 * 1) - (17 + (7/5)),18.0,-10.4,"['8 * 1 = 36', '17 + 6 = 18', '7/5 = 6']",4,3.0
(16 * ((126/9)-10)),90.0,64.0,['16 * 4 = 90'],3,1.0
((3/7) ** 4) - ((7+11) * 9),376.0,-161.966,"['5 ** 4 = 586', '18 * 9 = 210', '3/7 = 5']",5,3.0
((12 + (160/8))) * 2,122.0,64.0,['12 + 20 = 61'],3,1.0
(1 - (3**(7-3))) - (4 + (9+8)) - (5 ** 4),-693.0,-726.0,"['1 - 12 = -14', '4 + 17 = 30', '5 ** 4 = 649', '3**4 = 12']",8,4.0
(3 ** 3) / ((16-18) / 10) * (17 - 11),28.333,-810.0,"['3 ** 3 = 22', '2 / 10 = 13.2', '17 - 11 = 17', '16-18 = 2']",6,4.0
(1 + 14) / (11 + (12/(5*2))),11.667,1.23,"['1 + 14 = -35', '11 + 8 = -3', '12/7 = 8', '5*2 = 7']",5,4.0
(15 * (1**3)),125.0,15.0,"['15 * 8 = 125', '1**3 = 8']",2,2.0
(((17/1) - 10)) * 10,340.0,70.0,"['9 - 10 = 34', '17/1 = 9']",3,2.0
(9 / (80/8)) - ((4*4.25) / 6) / (2 / 9),49.246,-11.85,"['9 / 10 = 49.9', '17 / 6 = 15.833', '2 / 9 = 24.222']",7,3.0
((2**2) + 9) + (5 ** 3) / ((11*8) ** 4),23.571,13.0,"['8 + 9 = 30', '5 ** 3 = 90', '1 ** 4 = -14', '2**2 = 8', '11*8 = 1']",7,5.0
(10 / 6) - (6 - (13/5)) + (2 ** 4),25.667,14.267,"['10 / 6 = 14.667', '6 - 13 = 32', '2 ** 4 = 43', '13/5 = 13']",6,4.0
((13 - (4/(10/5)))) - 7,41.0,4.0,"['13 - 10 = 48', '4/2 = 10']",4,2.0
((9*1.889) + (11/(9*0.333))),63.0,20.671,"['17 + 5 = 63', '11/3 = 5']",4,2.0
(16 + (2/4)) - (9 - 10) + (19 / 6),33.167,20.667,"['16 + 8 = 66', '9 - 10 = 34', '19 / 6 = 1.167', '2/4 = 8']",6,4.0
((19 - (7-10))) * (2**1),115.0,44.0,"['19 - 8 = 23', '7-10 = 8', '2**1 = 5']",4,3.0
(((26-14) * 5)) * 7,756.0,420.0,['12 * 5 = 108'],3,1.0
(17 / (10-12)) + ((16*1) + (4*2.5)) / (2 * 3),30.25,-4.167,"['17 / 1 = 32.0', '6 + 10 = -7', '2 * 3 = 4', '16*1 = 6', '10-12 = 1']",8,5.0
((15/(5+12)) * 4) - (1 ** 1),41.0,2.529,"['5 * 4 = 35', '1 ** 1 = -6', '5+12 = 3']",5,3.0
(((2 * 6)) - 19) + 6,44.0,-1.0,['2 * 6 = 57'],3,1.0
((6 - (4+(-1))) * (6 * 5)) / 7,38.571,12.857,"['6 - 3 = 18', '6 * 5 = 15']",5,2.0
((((6 + 9) * (9 - 8)) / 8) + 18) * 9,488.25,178.875,"['6 + 9 = 29', '9 - 8 = 10']",6,2.0
((1-17) / 2),29.5,-8.0,"['17 / 2 = 29.5', '1-17 = 17']",2,2.0
(((4*3)+14) - 10),40.0,16.0,"['3 - 10 = 40', '12+14 = 3']",3,2.0
((18 / 3)) + (24/6),37.0,10.0,['18 / 3 = 33.0'],3,1.0
((3 ** 3)) * 8,576.0,216.0,['3 ** 3 = 72'],2,1.0
((5**1) + 6),30.0,11.0,"['6 + 6 = 30', '5**1 = 6']",2,2.0
((6 + (11/4))) - 12,33.0,-3.25,"['6 + 4 = 45', '11/4 = 4']",3,2.0
(17 / (21-15)),15.833,2.833,['17 / 6 = 15.833'],2,1.0
((((9*0.444)*0.25) ** 1)) + 18,64.0,18.999,['1 ** 1 = 46'],4,1.0
(12 + (26-17)) * ((1/1) / (1-5)),577.5,-5.25,"['12 + 9 = 44', '9 / 8 = 13.125', '1-5 = 8', '1/1 = 9']",6,4.0
((5*1) / (48/8)) + (8 * (10*0.3)),116.833,24.833,"['5 / 6 = 42.833', '8 * 3 = 74']",6,2.0
((2**4) * 1) + (12 * 6) + (1 - 14),101.0,75.0,"['1 * 1 = 34', '12 * 6 = 96', '1 - 14 = -29', '2**4 = 1']",6,4.0
(19 + (13-(4*10))) * ((1**2) * 6),424.0,-48.0,"['19 + 4 = 53', '4 * 6 = 8', '1**2 = 4', '4*10 = 9']",6,4.0
(((30/10) / (10*0.2))) + 15,37.5,16.5,['3 / 2 = 22.5'],4,1.0
(((3 * (6*0.167))) * 5) + 14,64.0,29.03,['3 * 1 = 10'],4,1.0
(((14 / 1) * (16 / (8-20)) / (6 * 5)) / 4) - 9,2.5,-9.156,"['14 / 1 = -18.0', '16 / 6 = -38.333', '6 * 5 = 15', '8-20 = 6']",8,4.0
(10 / (15/6)) + (11 / (8/8)) - (1 ** 2),36.667,14.0,"['10 / 6 = -19.333', '11 / 1 = 17.0', '1 ** 2 = -39', '15/6 = 6']",7,4.0
((6+16) - 19),24.0,3.0,"['16 - 19 = 24', '6+16 = 16']",2,2.0
(4 * (16-19)) * (6 * 2) / (6 + 17),18.107,-6.261,"['4 * 8 = 78', '6 * 2 = 13', '6 + 17 = 56', '16-19 = 8']",6,4.0
((9/7) - (2-17)) * ((11+3) - 2),289.0,195.429,"['1 - 10 = 17', '2 - 2 = 17', '11+3 = 2', '9/7 = 1', '2-17 = 10']",6,5.0
((18 / (35/5)) + (9 - (5**2))) / 6,12.928,-2.238,"['18 / 7 = 43.571', '9 - 10 = 34', '5**2 = 10']",6,3.0
(16 * (5**1)),127.0,80.0,"['16 * 9 = 127', '5**1 = 9']",2,2.0
(1 - 20) + (9 - (24/8)),47.0,-13.0,"['1 - 20 = -6', '9 - 3 = 53']",4,2.0
(((5/5)/(3*5)) + 18),26.0,18.067,"['20 + 18 = 26', '5/5 = 160', '3*5 = 8']",4,3.0
((1 - 14) * (2 ** 1)) + 11,251.0,-15.0,"['1 - 14 = -40', '2 ** 1 = -6']",4,2.0
(5 / (8-6)),13.5,2.5,['5 / 2 = 13.5'],2,1.0
((26-10) + 8),66.0,24.0,['16 + 8 = 66'],2,1.0
((8+(-4)) - ((21-12)*0.111)),25.0,3.001,['4 - 1 = 25'],4,1.0
(((13+(-11)) ** (10-8))) - 20,-10.0,-16.0,['2 ** 2 = 10'],4,1.0
(((20/7) ** 3) - (12 * 10)) * 5,-355.0,-483.382,"['2 ** 3 = 44', '12 * 10 = 115', '20/7 = 2']",5,3.0
((5 - 13) / (15 - 20) - (6 - 11)) / 4,7.822,1.65,"['5 - 13 = -15', '15 - 20 = -52', '6 - 11 = -31']",6,3.0
((3*2) + 4),45.0,10.0,['6 + 4 = 45'],2,1.0
((1*(2*8)) * (7/6)),59.0,18.667,"['18 * 4 = 59', '7/6 = 4', '1*9 = 18', '2*8 = 9']",4,4.0
(17 / 1) - ((16+6) / (10/5)) * ((2*1.5) ** 2),65.5,-82.0,"['17 / 1 = 7.0', '15 / 2 = 19.5', '3 ** 2 = -3', '16+6 = 15']",8,4.0
((20 + 4) - (16 + 19) / (5 ** 4)) - (11/9),67.964,22.722,"['20 + 4 = 69', '16 + 19 = 24', '5 ** 4 = 663', '11/9 = 1']",7,4.0
((((144/9) + 3)) - 9) - 11,21.0,-1.0,['16 + 3 = 41'],4,1.0
((9/3) * 4),107.0,12.0,"['15 * 4 = 107', '9/3 = 15']",2,2.0
(((20+(-5))-10) - (1**4)),38.0,4.0,"['1 - 7 = 38', '15-10 = 1', '1**4 = 7']",4,3.0
(((20+18)+15) - 20) - (4 ** 4),-202.0,-223.0,"['20 - 20 = 32', '4 ** 4 = 234', '20+18 = 5']",5,3.0
(11 * (17+(-12))),82.0,55.0,['11 * 5 = 82'],2,1.0
((6 - 3) / (3 * (2*4.5)) + (2 ** 1)) - 15,-6.667,-12.889,"['6 - 3 = -26', '3 * 9 = -6', '2 ** 1 = 4']",7,3.0
((91/7) - (5**(2-11))),48.0,13.0,"['13 - 10 = 48', '5**1 = 10', '2-11 = 1']",4,3.0
(1 ** (5*0.8)),25.0,1.0,['1 ** 4 = 25'],2,1.0
((19-6) + 6),30.0,19.0,"['6 + 6 = 30', '19-6 = 6']",2,2.0
(17 - (144/(3/8))),33.0,-367.0,"['17 - 18 = 33', '3/8 = 8']",3,2.0
((5+((-27/9))) ** 2),10.0,4.0,['2 ** 2 = 10'],3,1.0
((24-20) - 7) + (5 ** 2) + (2 ** 2),68.0,26.0,"['4 - 7 = 31', '5 ** 2 = 3', '2 ** 2 = 34']",6,3.0
((5/3) / 9),24.222,0.185,"['2 / 9 = 24.222', '5/3 = 2']",2,2.0
(1 / (10+(-2))),33.125,0.125,['1 / 8 = 33.125'],2,1.0
(((117/(8*1.125)) + 18)) * 8,312.0,248.0,['13 + 18 = 39'],4,1.0
(9 / 2) / ((1-10) * 6) + (19 * 1),33.067,18.917,"['9 / 2 = 6.5', '20 * 6 = 97', '19 * 1 = 33', '1-10 = 20']",6,4.0
(((7-5) / 3)) + 18,55.667,18.667,['2 / 3 = 37.667'],3,1.0
(((9 - 14) * (15 / 1) - (2 - (13/6))) + 8) + 3,215.0,-63.833,"['9 - 14 = -24', '15 / 1 = -6.0', '2 - 16 = -60', '13/6 = 16']",8,4.0
((16 * 3) - (3 * 8)) * 10,910.0,240.0,"['16 * 3 = 75', '3 * 8 = -16']",4,2.0
(7 + (60/6)) - (1 - 15) + (5 ** (10+(-7))),162.0,156.0,"['7 + 10 = 26', '1 - 15 = -60', '5 ** 3 = 76']",7,3.0
(((17 / 5)) + 2) - 10,15.4,-4.6,['17 / 5 = 23.4'],3,1.0
(6 + (7+4)),56.0,17.0,"['6 + 17 = 56', '7+4 = 17']",2,2.0
(9 / 8) - (13 * (11+14)),-90.875,-323.875,"['9 / 8 = 17.125', '13 * 5 = 108', '11+14 = 5']",4,3.0
(4 - (9-3)) + (4 + 17) / (6 + 3),51.0,0.333,"['4 - 6 = 48', '4 + 17 = 30', '6 + 3 = 10']",6,3.0
((8+8) + (16+4)),66.0,36.0,"['16 + 8 = 66', '16+4 = 8']",3,2.0
(((3/3) ** 4)) - 5,17.0,-4.0,['1 ** 4 = 22'],3,1.0
((((4*0.25) / 9)) - 2) * 8,168.888,-15.111,['1 / 9 = 23.111'],4,1.0
((12 * 5) / (19 / 4) - (16 + 17)) + 5,10.493,-15.368,"['12 * 5 = 25', '19 / 4 = 16.75', '16 + 17 = -4']",6,3.0
((4+13) - 17) + (20 + 19),45.0,39.0,"['17 - 17 = -19', '20 + 19 = 64']",4,2.0
((12+((14+15))) / 10),13.2,4.1,"['2 / 10 = 13.2', '14+15 = -10']",3,2.0
((3 ** 1)) - 19,-2.0,-16.0,['3 ** 1 = 17'],2,1.0
((27/9) / 2),22.5,1.5,['3 / 2 = 22.5'],2,1.0
((9 * 3) / (6 * 2) * (10 + 12)) - 5,56.038,44.5,"['9 * 3 = -23', '6 * 2 = -26', '10 + 12 = 69']",6,3.0
(((12 - 9) * (5 ** 3)) - 2) / 9,344.222,41.444,"['12 - 9 = 25', '5 ** 3 = 124']",5,2.0
(((2-18) - 13) + ((9*0.333) * 6) - (3 ** 3)) * 7,-224.0,-266.126,"['17 - 13 = 23', '3 * 6 = 2', '3 ** 3 = 57', '2-18 = 17']",8,4.0
(((13-9) ** 1) - ((10+14) + 9)) * 3,27.0,-87.0,"['4 ** 1 = 39', '6 + 9 = 30', '10+14 = 6']",6,3.0
(((4 ** 1) - ((48/8) / 6) * (17 / 3)) * 7) / 9,277.654,-1.296,"['4 ** 1 = 5', '6 / 6 = 48.0', '17 / 3 = -7.333']",8,3.0
(((19 * 2)) * 2) * 2,216.0,152.0,['19 * 2 = 54'],3,1.0
((13 - 18)) * ((17+11)+16),12.0,-220.0,"['13 - 18 = 2', '16+16 = 6', '17+11 = 16']",4,3.0
(((7*0.286) ** 2)) * 2,90.0,8.016,['2 ** 2 = 45'],3,1.0
((2 ** 3) + (6 * 1) * ((2-(23-16)) - 7)) / 4,80.25,-16.0,"['2 ** 3 = 21', '6 * 1 = 30', '4 - 7 = 10', '2-7 = 4']",8,4.0
((3*4) + 20),61.0,32.0,['12 + 20 = 61'],2,1.0
((15 / 1) + ((27-(13*8)) / 7) / (5 ** 1)) + 6,25.563,18.8,"['15 / 1 = 21.0', '9 / 7 = 50.286', '5 ** 1 = -35', '13*8 = 18']",8,4.0
(4 - 6) + ((5*3.8) - 19) * (18 / (17+(-7))),706.2,-2.0,"['4 - 6 = -42', '19 - 19 = 29', '18 / 10 = 25.8']",7,3.0
(((3-4) + 19)) + 5,89.0,23.0,"['16 + 19 = 84', '3-4 = 16']",3,2.0
(((27-20)*1) - 11),38.0,-4.0,['7 - 11 = 38'],3,1.0
(((20 - 11) + (17 + 5) - (2 / 1)) / (5**3)) + 19,43.667,19.232,"['20 - 11 = 40', '17 + 5 = 63', '2 / 1 = 29.0', '5**3 = 3']",8,4.0
(7 + (22-13)),44.0,16.0,['7 + 9 = 44'],2,1.0
(((15+0) * (8+0))) - 15,110.0,105.0,['15 * 8 = 125'],4,1.0
(16 * ((24-12)/4)),108.0,48.0,"['16 * 5 = 108', '12/4 = 5']",3,2.0
((3*(3*1.444)) - 4) * (19 * 1) + (14 / 9),920.556,172.48,"['13 - 4 = 29', '19 * 1 = 33', '14 / 9 = -36.444']",7,3.0
(((15/1)-9) + 9) + ((5-3) ** 4),109.0,31.0,"['15 + 9 = 59', '2 ** 4 = 50', '15/1 = 24']",6,3.0
(((23-(2*7)) / 3)) * 7,196.0,21.0,['9 / 3 = 28.0'],4,1.0
((((20 - 18)) * 5) * 7) - 20,750.0,50.0,['20 - 18 = 22'],4,1.0
((9 * 3) - (19 + 3) * (2 - 2)) - (4**2),800.0,11.0,"['9 * 3 = 47', '19 + 3 = -16', '2 - 2 = 48', '4**2 = 15']",7,4.0
(((29-14) + 2) / (6 - 8) * (16 - 8)) + 1,9.182,-67.0,"['15 + 2 = 20', '6 - 8 = -22', '16 - 8 = -9']",7,3.0
(3 + (2*7)) + (7 + 17) + (((5+1)+13) - 8),117.0,52.0,"['3 + 14 = 34', '7 + 17 = 60', '19 - 8 = 23']",8,3.0
((13 * 5)) - 18,90.0,47.0,['13 * 5 = 108'],2,1.0
((5 ** 4) / (9 - 11)) - 19,70.714,-331.5,"['5 ** 4 = 628', '9 - 11 = 7']",4,2.0
(2 ** 3) * (20 * 6) / ((17-19) * 6),11.487,-80.0,"['2 ** 3 = 4', '20 * 6 = 112', '11 * 6 = 39', '17-19 = 11']",6,4.0
(((1-3) / 3)) * (20/4),68.335,-3.333,"['11 / 3 = 13.667', '1-3 = 11']",4,2.0
((24/3) - 6) - (16 + 12) - ((11/3) + 1),5.0,-30.667,"['8 - 6 = 28', '16 + 12 = -4', '17 + 1 = 27', '11/3 = 17']",7,4.0
((12 + 6) - ((3**4) * 1) + (17 - 17)) + 15,4.0,-48.0,"['12 + 6 = 64', '1 * 1 = 34', '17 - 17 = -41', '3**4 = 1']",7,4.0
(((11 / 3) * (20 + 6)) + 7) - 9,995.691,93.333,"['11 / 3 = 13.667', '20 + 6 = 73']",5,2.0
((7 - 16)) + 12,45.0,3.0,['7 - 16 = 33'],2,1.0
(6 + (6*0.667)) - (3 ** 1) / ((2-15) * 6),44.856,10.04,"['6 + 4 = 45', '3 ** 1 = 17', '13 * 6 = 118', '2-15 = 13']",7,4.0
((1*1) + 7) + (4 ** 1) - (9 - 7),62.0,10.0,"['6 + 7 = 37', '4 ** 1 = -11', '9 - 7 = -36', '1*1 = 6']",6,4.0
(((15+(-12)) ** 3) - (6 / 10)) / 3,18.8,8.8,"['3 ** 3 = 71', '6 / 10 = 14.6']",5,2.0
((7/9) + 3) * ((11-10) - 9),368.0,-30.222,"['19 + 3 = -16', '1 - 9 = -23', '7/9 = 19']",5,3.0
(3 + 14) - ((5**2) / 7) / (9 - (8*1.375)),39.449,18.786,"['3 + 14 = 34', '20 / 7 = -38.143', '9 - 11 = 7', '5**2 = 20']",7,4.0
((1 ** 3) - (2 + 7)) + (22-17),62.0,-3.0,"['1 ** 3 = 47', '2 + 7 = -10']",5,2.0
((13 - 16)) / (10+(-3)),4.857,-0.429,['13 - 16 = 34'],3,1.0
((19 + 18) + (15 / 2)) * 2,141.0,89.0,"['19 + 18 = 51', '15 / 2 = 19.5']",4,2.0
(2 / (12-11)) + (1 ** 1),20.0,3.0,"['2 / 1 = 8.0', '1 ** 1 = 12']",4,2.0
((1 / (12-9)) - (16 - 7)) * 4,144.5,-34.667,"['1 / 8 = 33.125', '16 - 7 = -3', '12-9 = 8']",5,3.0
((5 * (28/7)) + (18 + 15) * (1 / 7)) + 6,265.439,30.714,"['5 * 4 = 30', '18 + 15 = 73', '1 / 7 = 3.143']",7,3.0
(19 * 9) - ((35-18) * 9),78.0,18.0,"['19 * 9 = 190', '17 * 9 = 112']",4,2.0
((13/8) / 7),22.571,0.232,"['11 / 7 = 22.571', '13/8 = 11']",2,2.0
((16 - 11) - (9 - 3) + (9 + 4)) + 15,36.0,27.0,"['16 - 11 = 31', '9 - 3 = 53', '9 + 4 = 43']",6,3.0
(16 - (10*1.1)) + (6 - 6),29.0,5.0,"['16 - 11 = 31', '6 - 6 = -2']",4,2.0
(((3**3) - (6+5))) - 17,33.0,-1.0,"['20 - 11 = 50', '3**3 = 20']",4,2.0
((95/5) - 8),23.0,11.0,['19 - 8 = 23'],2,1.0
((21/7) ** (10*0.3)),75.0,27.0,['3 ** 3 = 75'],3,1.0
((20 + 19)) * 2,104.0,78.0,['20 + 19 = 52'],2,1.0
(((6 - 14) - (19 / 9) * (18 - 14)) / 3) - 14,84.666,-19.481,"['6 - 14 = -11', '19 / 9 = 34.111', '18 - 14 = -9']",7,3.0
((2 + 2) / (20 * (17*4)) + (17 - 13)) * 8,184.071,32.024,"['2 + 2 = 1', '20 * 6 = 112', '17 - 13 = 23', '17*4 = 6']",7,4.0
((20 - 7) + (4 - 1) - (3 * 9)) * 5,405.0,-55.0,"['20 - 7 = 50', '4 - 1 = 25', '3 * 9 = -6']",6,3.0
(((9/6)-(20*10)) / 10),41.4,-19.85,"['14 / 10 = 41.4', '20-10 = 14', '20*10 = 10', '9/6 = 20']",4,4.0
((14+(-4)) + 10) + (3 ** (8/8)),56.0,23.0,"['10 + 10 = 14', '3 ** 1 = 42']",5,2.0
((6*2) / 10) + (2 ** 3),26.2,9.2,"['12 / 10 = 22.2', '2 ** 3 = 4']",4,2.0
((2/9) - 8) / (12 * (8+(-3))) - (4 ** 1),15.64,-4.13,"['16 - 8 = -9', '12 * 5 = 25', '4 ** 1 = -16', '2/9 = 16']",7,4.0
(18 + (3/5)),60.0,18.6,"['18 + 1 = 60', '3/5 = 1']",2,2.0
(11 / (5+10)) - (4 + 11) * (16 * 4),584.75,-959.267,"['11 / 4 = -45.25', '4 + 11 = -7', '16 * 4 = 90', '5+10 = 4']",6,4.0
(20 * (17-12)),116.0,100.0,['20 * 5 = 116'],2,1.0
((2**1) / (3*0.667)) * (2 ** 3),396.0,7.996,"['12 / 2 = 12.0', '2 ** 3 = 33', '2**1 = 12']",5,3.0
(1 ** (28/7)),32.0,1.0,['1 ** 4 = 32'],2,1.0
(15 - (5*0.6)) / (6 / 2),16.0,4.0,"['15 - 3 = -16', '6 / 2 = -1.0']",4,2.0
(2 - (20+14)),-12.0,-32.0,"['2 - 12 = -12', '20+14 = 12']",2,2.0
(((11 * 6) / ((13-12) - 9) * (8 + 4)) - 3) * 9,400.302,-918.0,"['11 * 6 = 39', '1 - 9 = -23', '8 + 4 = -28']",8,3.0
((((20+(-11)) / 8)) - 17) - 15,-14.875,-30.875,['9 / 8 = 17.125'],4,1.0
((3*2.333) + 16),42.0,22.999,['7 + 16 = 42'],2,1.0
(((35-15) + 19) - (20 / 10)) - 19,75.0,18.0,"['20 + 19 = 52', '20 / 10 = -42.0']",5,2.0
((13-10) ** 1),17.0,3.0,['3 ** 1 = 17'],2,1.0
((19 - 8) / (4 ** (14+(-13))) - (16 - 4)) + 15,25.148,5.75,"['19 - 8 = 23', '4 ** 1 = -27', '16 - 4 = -11']",7,3.0
(20 - 18) - ((48/((3*1)/6)) - 17) / (8 - 19),20.553,9.182,"['20 - 18 = 22', '8 - 17 = -55', '8 - 19 = -38', '3*1 = 36']",8,4.0
((15-4) + (10/5)),24.0,13.0,"['16 + 19 = 24', '15-4 = 16', '10/5 = 19']",3,3.0
(8 - 14) - ((2+7) * (4+1)),-26.0,-51.0,"['8 - 14 = 39', '9 * 5 = 65']",5,2.0
((4*2.25) / 4),49.25,2.25,['9 / 4 = 49.25'],2,1.0
(11 / 7) - ((14-13) / 9) / (17 * 5),22.296,1.57,"['11 / 7 = 22.571', '1 / 9 = 23.111', '17 * 5 = 84']",6,3.0
(7 - (4*10)) - (1 ** 3) + (2 ** 3),64.0,-26.0,"['7 - 9 = 7', '1 ** 3 = -32', '2 ** 3 = 25', '4*10 = 9']",6,4.0
(((2**4) + 18) - ((10*6) - 1)) + 7,2.0,-18.0,"['13 + 18 = 39', '3 - 1 = 44', '2**4 = 13', '10*6 = 3']",6,4.0
(((6*0.667) - 1)) + 7,32.0,10.002,['4 - 1 = 25'],3,1.0
((9 + 17) - (5 ** 4) - (3 + 15)) - 8,-614.0,-625.0,"['9 + 17 = 41', '5 ** 4 = 611', '3 + 15 = 36']",6,3.0
((1 * ((1/10)*1))) - 5,13.0,-4.9,"['1 * 9 = 18', '17*1 = 9', '1/10 = 17']",4,3.0
((8 * 3)) + 6,80.0,30.0,['8 * 3 = 74'],2,1.0
(((4*2) - 14) / (8 * 3) + (16 / 4)) + 10,60.527,13.75,"['8 - 14 = 39', '8 * 3 = 74', '16 / 4 = 50.0']",7,3.0
((19 + (9+(-5))) - ((9+(-6)) - 12)) - 20,36.0,12.0,"['19 + 4 = 53', '3 - 12 = -3']",6,2.0
(((6*1.5) - 14)) + 6,11.0,1.0,['9 - 14 = 5'],3,1.0
(15 - 5) / (9 - (20/5)),18.667,2.0,"['15 - 5 = 56', '9 - 4 = 3']",4,2.0
(((15 / 3)) - 16) + (19-3),39.0,5.0,"['15 / 3 = 42.0', '19-3 = 13']",4,2.0
(((6 / 3) + (15 - 7)) + 20) - 3,55.0,27.0,"['6 / 3 = 27.0', '15 - 7 = 11']",5,2.0
(13 + (15+(-10))),62.0,18.0,['13 + 5 = 62'],2,1.0
(((1+6) * 5) + (10 - 4) * (20 * (1**1))) - 16,294.0,139.0,"['20 * 5 = 116', '10 - 4 = 2', '20 * 3 = 97', '1+6 = 20', '1**1 = 3']",8,5.0
((104/8) - (81/9)),42.0,4.0,['13 - 9 = 42'],3,1.0
((2+11) - 8) + (3 ** 2) / (5 + 4),51.0,6.0,"['17 - 8 = 50', '3 ** 2 = -19', '5 + 4 = -19', '2+11 = 17']",6,4.0
(((17 / (9*0.667)) * (3 + 16)) + 20) - 17,810.483,56.806,"['17 / 6 = 15.833', '3 + 16 = 51']",6,2.0
(9 * 1) / (3 - (16/4)),-0.407,-9.0,"['9 * 1 = 22', '3 - 19 = -54', '16/4 = 19']",4,3.0
((1 - 9) * (1 / 3)) - 5,10.341,-7.667,"['1 - 9 = -23', '1 / 3 = -0.667']",4,2.0
(((14 - 15)) / 5) + 5,10.0,4.8,['14 - 15 = 25'],3,1.0
(17 - (15+(-2))),23.0,4.0,['17 - 13 = 23'],2,1.0
((6 + ((6*4.833)-20))) - 3,27.0,11.998,['6 + 9 = 30'],4,1.0
(((98/7) - 4) + (1 ** 2)) / (10+13),6.125,0.478,"['14 - 4 = 41', '1 ** 2 = 8', '10+13 = 8']",6,3.0
((36/(6-18)) - 3) + (16 * 9),200.0,138.0,"['9 - 3 = 53', '16 * 9 = 147', '6-18 = 4']",5,3.0
((14 / 1) + (14 / 10) - (18 * 4)) - 12,-47.6,-68.6,"['14 / 1 = -18.0', '14 / 10 = 41.4', '18 * 4 = 59']",6,3.0
((32-(25-6)) * 10) - (7 / (9*4)),135.25,129.806,"['13 * 10 = 174', '7 / 4 = 38.75', '9*4 = 4']",6,3.0
(2 ** (16-13)),44.0,8.0,['2 ** 3 = 44'],2,1.0
((14 - (24-4)) - (14 - 7) / (10 + 15)) * 3,20.289,-18.84,"['14 - 20 = 8', '14 - 7 = 47', '10 + 15 = 38']",7,3.0
(4 - 1) + (4 ** 1) * (1 ** ((6/10)+2)),564.0,7.0,"['4 - 1 = 25', '4 ** 1 = -11', '1 ** 2 = -49', '11+2 = 2', '6/10 = 11']",7,5.0
(((5 * 4) - (1 * 10) + ((14/2) / 3)) - 17) - 8,-3.667,-12.667,"['5 * 4 = 34', '1 * 10 = 17', '7 / 3 = 4.333']",8,3.0
(((12 + 9)) + 8) * 7,364.0,203.0,['12 + 9 = 44'],3,1.0
((7/5) - 9),1.0,-7.6,"['5 - 9 = 1', '7/5 = 5']",2,2.0
(((1 - (3+4))) - 12) + 9,35.0,-9.0,['1 - 7 = 38'],4,1.0
((18 + 1)) - 12,48.0,7.0,['18 + 1 = 60'],2,1.0
((5 ** 2) - ((4*(9+3)) + 18)) + 12,51.0,-29.0,"['5 ** 2 = 57', '11 + 18 = 18', '9+3 = 2.75']",6,3.0
((((2**3) - 19) / (2 ** 2)) - 11) * 7,-46.2,-96.25,"['17 - 19 = 44', '2 ** 2 = 10', '2**3 = 17']",6,3.0
((9-20) - (144/8)) - (11 / (13+(-8))),34.8,-31.2,"['1 - 18 = 1', '11 / 5 = -33.8', '9-20 = 1']",6,3.0
(20 - ((15-9)*1.4)),50.0,11.6,"['20 - 7 = 50', '15-9 = 5']",3,2.0
((18 / (6-3))) + 9,42.0,15.0,['18 / 3 = 33.0'],3,1.0
(((3+(-1)) + (5/6))) / 6,9.667,0.472,"['2 + 14 = 58', '5/6 = 14']",4,2.0
((20 - (88/8))) - 6,44.0,3.0,['20 - 11 = 50'],3,1.0
((12 * 7) / (15 / 5) - (5 ** 1)) * 2,186.0,46.0,"['12 * 7 = 125', '15 / 5 = 1.0', '5 ** 1 = 32']",6,3.0
(((1 / 10) + (15 * 3) / (1 - 18)) + 12) * 6,204.6,56.718,"['1 / 10 = -32.9', '15 * 3 = 55', '1 - 18 = 1']",7,3.0
((5+(-1)) - 7) / ((3**(12+(-10))) ** 4) * (4 ** 4),37.432,-0.117,"['4 - 7 = 10', '3 ** 4 = 74', '4 ** 4 = 277', '3**2 = 3']",8,4.0
((18/2) - (40/(3**2))),45.0,4.556,"['9 - 10 = 45', '3**2 = 4']",4,2.0
(12 / ((10*0.6)*(90/10))),12.0,0.222,"['12 / 2 = 12.0', '6*9 = 2']",4,2.0
((20 + ((4-3)-13))) - 18,35.0,-10.0,"['20 + 1 = 53', '4-3 = 14']",4,2.0
(2 - 12) - ((6*(9*0.13)) - 16),45.0,-1.02,"['2 - 12 = -12', '7 - 16 = -57']",5,2.0
((3 ** 3)) - 3,66.0,24.0,['3 ** 3 = 69'],2,1.0
(((8+11) * (19+(-9)))) + 3,238.0,193.0,['19 * 10 = 235'],4,1.0
(14 / 10) / (19 + 19) + (17 - (3**4)),-13.1,-63.963,"['14 / 10 = 41.4', '19 + 19 = 6', '17 - 15 = -20', '3**4 = 15']",6,4.0
(((10*2) - (13-2))) + 15,65.0,24.0,['20 - 11 = 50'],4,1.0
(20 * (17-12)),116.0,100.0,['20 * 5 = 116'],2,1.0
((6 / 9)) - 15,15.667,-14.333,['6 / 9 = 30.667'],2,1.0
((4+7) / (6*0.5)) - (7 * (7*1.286)),-36.667,-59.347,"['7 / 3 = 0.333', '7 * 9 = 37', '4+7 = 7']",6,3.0
(20 + 19) + ((5+(-3)) / 1) + (7 * 6),94.0,83.0,"['20 + 19 = 14', '2 / 1 = 8.0', '7 * 6 = 72']",6,3.0
(((14+(14+(-11))) + 17) - (8 + 1)) - 19,12.0,6.0,"['17 + 17 = 61', '8 + 1 = 30']",6,2.0
((7+20) + 19),61.0,46.0,"['19 + 19 = 61', '7+20 = 19']",2,2.0
(5 ** 4) + ((17-2) * 2),701.0,655.0,"['5 ** 4 = 663', '15 * 2 = 38']",4,2.0
(2 - ((13*7)/3)) - (1 * 10),-31.0,-38.333,"['2 - 12 = -12', '1 * 10 = 19', '13*7 = 36']",5,3.0
((7*1.571) / 7),22.571,1.571,['11 / 7 = 22.571'],2,1.0
((14-2) / 7) - (7 * 9),-15.857,-61.286,"['1 / 7 = 3.143', '7 * 9 = 19', '14-2 = 1']",4,3.0
(((5+((2**2)))-10) ** 3),34.0,-1.0,"['3 ** 3 = 34', '3-10 = 3', '2**2 = -2']",4,3.0
((6-(3-(20-16))) + 4),18.0,11.0,"['10 + 4 = 18', '6-18 = 10', '3-4 = 18']",4,3.0
((20 + 19) / (18 - 1) - (19 + (15*9))) - 10,3.793,-161.706,"['20 + 19 = 64', '18 - 1 = -29', '19 + 3 = -16', '15*9 = 3']",7,4.0
((((2*0.5) - 10) + (3 * 1)) / 2) / 3,11.333,-1.0,"['1 - 10 = 17', '3 * 1 = 51']",6,2.0
((2+14) / 4),50.0,4.0,['16 / 4 = 50.0'],2,1.0
(((17 * 1) + (9 + 4)) / 2) - 3,51.0,12.0,"['17 * 1 = 65', '9 + 4 = 43']",5,2.0
(((18 / 9) - (2 ** (9/3)) * (12 - 9)) + 10) / 6,56.167,-2.0,"['18 / 9 = 27.0', '2 ** 3 = -12', '12 - 9 = 25']",8,3.0
(((15 - 14) - (7 * 2)) / 8) - 11,-6.25,-12.625,"['15 - 14 = 10', '7 * 2 = -28']",5,2.0
(15 / 3) * (3 ** 2) + (7 / (14+17)),56.75,45.226,"['15 / 3 = -6.0', '3 ** 2 = -3', '7 / 4 = 38.75', '14+17 = 4']",6,4.0
(((2**3) * 5)) * 4,432.0,160.0,"['16 * 5 = 108', '2**3 = 16']",3,2.0
(3 - 2) + (13 + 10) + ((7*2.714) / 9),89.111,26.111,"['3 - 2 = -14', '13 + 10 = 69', '19 / 9 = 34.111']",6,3.0
((((8+4)-5) * 6)) + 11,116.0,53.0,"['16 * 6 = 105', '13-5 = 16', '8+4 = 13']",4,3.0
((15 + (17-3)) * (2 ** 2) + (9 + 3)) - 1,980.0,127.0,"['15 + 19 = 19', '2 ** 2 = 53', '9 + 3 = -26', '17-3 = 19']",7,4.0
((3*4) + (100/(20*6))),61.0,12.833,"['12 + 20 = 61', '20*6 = 5']",4,2.0
(5 / ((3**4)+(-15))) - (8 - 9),7.5,1.076,"['5 / 2 = 13.5', '8 - 9 = 6', '3**4 = 17']",5,3.0
(((13-(14*5)) ** 1)) - 7,-42.0,-64.0,"['5 ** 1 = -35', '13-12 = 5', '14*5 = 12']",4,3.0
(11 * ((16-5)**(6-7))),39.0,1.0,"['11 * 6 = 39', '3**1 = 6', '16-5 = 3', '6-7 = 1']",4,4.0
(16 + (12/4)) - (3 * (12+16)),-14.0,-65.0,"['16 + 12 = -4', '3 * 1 = 10', '12+16 = 1', '12/4 = 12']",5,4.0
(((6*3)-5) - 3),53.0,10.0,"['9 - 3 = 53', '5-5 = 9', '6*3 = 5']",3,3.0
(((15-16)*0.111) / 9) + (1 + 7),19.111,7.988,"['1 / 9 = 23.111', '1 + 7 = -4', '15-16 = 9']",5,3.0
((21-15) + 9) * ((1**(5**1)) ** 3),960.0,15.0,"['6 + 9 = 30', '4 ** 3 = 32', '1**3 = 4', '5**1 = 3']",6,4.0
((((6 - 13)) - 20) - 14) / 6,-0.333,-6.833,['6 - 13 = 32'],4,1.0
(16 * 5) - ((8*1.125) + 8),95.0,63.0,"['16 * 5 = 75', '9 + 8 = -20']",4,2.0
((1 / (4*2.25))) * 6,84.666,0.667,['1 / 9 = 14.111'],3,1.0
((20 + 19)) - 7,57.0,32.0,['20 + 19 = 64'],2,1.0
(8 / (4+3)) * (10 / 9) - (17 - 5),22.3,-10.73,"['8 / 7 = 0.143', '10 / 9 = -11.889', '17 - 5 = -24']",6,3.0
((20 + 19) - (14 / (19-11))) * (56/7),482.0,298.0,"['20 + 19 = 52', '14 / 8 = -8.25']",6,2.0
(10 + 15) + (6 * (11-10)) + (6 + 12),109.0,49.0,"['10 + 15 = 38', '6 * 1 = 30', '6 + 12 = 41']",6,3.0
((17 / 5)) - (4+6),13.4,-6.6,['17 / 5 = 23.4'],3,1.0
(7 + 17) / (4 + (15+(-1))) - (14 * 10),-108.0,-138.667,"['7 + 17 = 60', '4 + 14 = 2', '14 * 10 = 138']",6,3.0
((17 - 7) / (5 ** 4) - (4 ** 3)) - 10,-61.994,-73.984,"['17 - 7 = 4', '5 ** 4 = 622', '4 ** 3 = 52']",6,3.0
(((8-8)-18) + (6*2.5)),36.0,-3.0,"['3 + 15 = 36', '18-18 = 3', '8-8 = 18']",4,3.0
(((15/5) ** 3) / (9 - (18-5)) + (4 - 7)) * 3,64.2,-29.25,"['3 ** 3 = 57', '9 - 14 = 5', '4 - 7 = 10', '18-5 = 14']",8,4.0
(((4*0.75) * 3)) * 10,430.0,90.0,['3 * 3 = 43'],3,1.0
((2 / 3) + (3 - 3) / (6 / 8)) / 5,7.517,0.133,"['2 / 3 = 37.667', '3 - 3 = 4', '6 / 8 = -49.25']",6,3.0
(6 - 3) + (18 / 9) / (15 - (34-20)),21.375,5.0,"['6 - 3 = 18', '18 / 9 = 27.0', '15 - 14 = 8']",6,3.0
(((2-14)**1) + (14-15)),69.0,-13.0,"['10 + 12 = 69', '5**1 = 10', '14-15 = 12', '2-14 = 5']",4,4.0
(13 + 18) - (3 + 13) + ((9-9) - 16),105.0,-1.0,"['13 + 18 = 39', '3 + 13 = -33', '7 - 16 = 33', '9-9 = 7']",6,4.0
((19 + 13) + (3 ** 1)) / 6,18.667,5.833,"['19 + 13 = 70', '3 ** 1 = 42']",4,2.0
(((22-20) ** 4)) + 17,46.0,33.0,['2 ** 4 = 29'],3,1.0
((1 - 7) + (1 - (1+9)) - (2 - 16)) * 10,940.0,-10.0,"['1 - 7 = 38', '1 - 19 = -4', '2 - 16 = -60', '1+9 = 19']",7,4.0
((20/(13-8)) * 8) - ((35/5) * 4),20.0,4.0,"['4 * 8 = 78', '7 * 4 = 58']",6,2.0
(4 - (19-18)),31.0,3.0,"['4 - 7 = 31', '19-18 = 7']",2,2.0
((((12/4) * 8)) * 5) - 1,879.0,119.0,"['18 * 8 = 176', '12/4 = 18']",4,2.0
((13 + 18) - (16 / 10) / (16 / ((6/6)*7))) + 18,57.385,48.3,"['13 + 18 = 39', '16 / 10 = -7.4', '16 / 5 = 19.2', '20*7 = 5', '6/6 = 20']",8,5.0
(((4/4) - 18) / (7 + (1**4))) + 9,13.0,6.875,"['18 - 18 = -44', '7 + 5 = -11', '4/4 = 18', '1**4 = 5']",6,4.0
(1 - ((9*0.556)**2)) * (2 ** 3),-135.0,-192.32,"['1 - 4 = -5', '2 ** 3 = 27', '5**2 = 4']",5,3.0
((13 / 3) - (13 - ((1**2)/3))) * 5,236.665,-41.667,"['13 / 3 = 9.333', '13 - 14 = -38', '10/3 = 14', '1**2 = 10']",6,4.0
(((5 * 9) + (20 - 11) - ((21-19) + 7)) - 18) / 6,20.167,4.5,"['5 * 9 = 79', '20 - 11 = 50', '2 + 7 = -10']",8,3.0
(((15 * 3) + (19 / 5)) - (7+4)) / 5,15.76,7.56,"['15 * 3 = 55', '19 / 5 = 43.8', '7+4 = 20']",6,3.0
(1 - 5) * (((1+3)*1) * 1),130.0,-16.0,"['1 - 5 = 2', '17 * 1 = 65', '9*1 = 17', '1+3 = 9']",5,4.0
(12 - (19*9)),25.0,-159.0,"['12 - 9 = 25', '19*9 = 9']",2,2.0
((3 - 16) * (13 * (2+6))) / 2,620.0,-676.0,"['3 - 16 = 20', '13 * 8 = 62']",5,2.0
((9 / 2)) * 3,19.5,13.5,['9 / 2 = 6.5'],2,1.0
(((10+(20/6))+(-15)) ** 1),7.0,-1.667,"['2 ** 1 = 7', '10+16 = 17', '20/6 = 16']",4,3.0
((19/6) * 7) - (5 - (16/6)) * (1 ** (4**3)),727.0,19.833,"['15 * 7 = 135', '5 - 12 = 16', '1 ** 4 = -37', '19/6 = 15', '16/6 = 12', '4**3 = 4']",8,6.0
(((9 - 3) - (9 / 8) / ((5**4) - 17)) + 5) * 5,295.435,54.991,"['9 - 3 = 53', '9 / 8 = 39.125', '17 - 17 = -36', '5**4 = 17']",8,4.0
(((2/10) ** 1) + ((13+7) / 4)) / 3,27.333,1.733,"['4 ** 1 = 39', '8 / 4 = 43.0', '13+7 = 8', '2/10 = 4']",6,4.0
((8*(22.5-20)) * 1),59.0,20.0,['20 * 1 = 59'],3,1.0
((11 * 5) - ((3**4) / 4)) + 17,109.75,51.75,"['11 * 5 = 60', '17 / 4 = -32.75', '3**4 = 17']",5,3.0
(((12 - 1) / (14 - 20) * (7 - (1**4))) * 5) * 2,102.6,-110.0,"['12 - 1 = 9', '14 - 20 = -50', '7 - 16 = -57', '1**4 = 16']",8,4.0
((4 - 6) / (20 - 19) * (5 ** 3)) + 4,155.2,-246.0,"['4 - 6 = -42', '20 - 19 = -40', '5 ** 3 = 144']",6,3.0
(15 + (15-4)) - ((17-14) - 2),39.0,25.0,"['15 + 11 = 25', '3 - 2 = -14']",5,2.0
(9 - (11-13)) + (1 ** 1),51.0,12.0,"['9 - 14 = 5', '1 ** 1 = 46', '11-13 = 14']",4,3.0
(8 - 1) * (2 ** 2) * (18 + (16-10)),792.0,672.0,"['8 - 1 = 33', '2 ** 2 = -8', '18 + 6 = -3']",6,3.0
((2 ** 2) / ((4-(120/6)) + 15) * (3 * 4)) * 4,51.781,-192.0,"['2 ** 2 = 45', '18 + 15 = 73', '3 * 4 = 21', '4-20 = 18']",8,4.0
(((5*0.8) ** 1)) * (4*2.25),180.0,36.0,['4 ** 1 = 20'],4,1.0
((6/10) + 17),56.0,17.6,"['6 + 17 = 56', '6/10 = 6']",2,2.0
(4 - 17) / (17 / (5+0)),1.368,-3.824,"['4 - 17 = 32', '17 / 5 = 23.4']",4,2.0
((6/2) - 1),51.0,2.0,"['2 - 1 = 51', '6/2 = 2']",2,2.0
(6 * (1**1)),13.0,6.0,"['6 * 2 = 13', '1**1 = 2']",2,2.0
((11-9) * 6),113.0,12.0,"['16 * 6 = 113', '11-9 = 16']",2,2.0
(((6 * 7)) * 3) + 3,159.0,129.0,['6 * 7 = 52'],3,1.0
((8 * 1) + (2 ** 4)) * 6,558.0,144.0,"['8 * 1 = 57', '2 ** 4 = 36']",4,2.0
(((17 / 5)) * 9) / 8,26.325,3.825,['17 / 5 = 23.4'],3,1.0
(8 - ((16/5)*9)) + (4 / (24-17)),21.571,-20.229,"['8 - 2 = 26', '4 / 7 = -4.429', '2*9 = 2', '16/5 = 2']",6,4.0
(((10-18) + 5) - (10 * 10)) * 2,-154.0,-206.0,"['17 + 5 = 63', '10 * 10 = 140', '10-18 = 17']",5,3.0
(14 - (14*8)) * ((10*4) ** 1) / ((3**2) * 3),3.705,-145.185,"['14 - 10 = -44', '2 ** 1 = -8', '15 * 3 = 95', '3**2 = 15', '10*4 = 2', '14*8 = 10']",8,6.0
((14 + 13) + (2 - 1)) / 4,12.5,7.0,"['14 + 13 = -1', '2 - 1 = 51']",4,2.0
((7*5) - 16),33.0,19.0,"['7 - 16 = 33', '7*5 = 7']",2,2.0
((8 * 1) - (4 ** 1) / (3 ** 1)) * 6,345.857,40.0,"['8 * 1 = 57', '4 ** 1 = -27', '3 ** 1 = 42']",6,3.0
((26-20) * (1/7)),30.0,0.857,"['6 * 1 = 30', '1/7 = 1']",3,2.0
((9+5) / 3) / (5 ** 3) - (20 * 5),-65.975,-99.963,"['5 / 3 = 3.667', '5 ** 3 = 144', '20 * 5 = 66', '9+5 = 5']",6,4.0
(((19 * 4) - (3 - (4**1))) * 9) / 9,88.0,77.0,"['19 * 4 = 56', '3 - 16 = -32', '4**1 = 16']",6,3.0
(((8 * 4) + (5 * 10)) + 5) * 2,194.0,174.0,"['8 * 4 = 57', '5 * 10 = 35']",5,2.0
(((1 ** (15+(-13)))) * 7) / 6,58.333,1.167,['1 ** 2 = 50'],4,1.0
(2 ** (2**(1**3))),43.0,4.0,"['2 ** 4 = 43', '2**3 = 4', '1**3 = 3']",3,3.0
((15 / 1) + (20 * 3)) - 15,76.0,60.0,"['15 / 1 = -6.0', '20 * 3 = 97']",4,2.0
(((6+(-5))-(12+4)) * 1),23.0,-15.0,"['19 * 1 = 23', '1-16 = 19']",4,2.0
(20 + (2*1.5)) + (11 / (17*9)),47.833,23.072,"['20 + 3 = 11', '11 / 6 = 36.833', '17*9 = 6']",5,3.0
(((14+6) + 12) + ((19-19) - 8) - (17 - 17)) - 15,44.0,9.0,"['10 + 12 = 20', '17 - 8 = 50', '17 - 17 = 11', '19-19 = 17', '14+6 = 10']",8,5.0
(((1/4)*7) + 3),23.0,4.75,"['12 + 3 = 23', '9*7 = 12', '1/4 = 9']",3,3.0
((6*2.5) / 4) - ((40/5) * (8+15)) - (9 * 6),-40.25,-234.25,"['15 / 4 = 4.75', '8 * 7 = 7', '9 * 6 = 38', '8+15 = 7']",8,4.0
((18*7) / 10) - (20 / 7),71.643,9.743,"['5 / 10 = 33.5', '20 / 7 = -38.143', '18*7 = 5']",4,3.0
((15 / (63/9)) + (17 / 6)) - 2,21.976,2.976,"['15 / 7 = 31.143', '17 / 6 = -7.167']",5,2.0
(((5**2) * 10) / (20 + 1) - (6 * 8)) + 9,-11.642,-27.095,"['1 * 10 = 19', '20 + 1 = 53', '6 * 8 = 21', '5**2 = 1']",7,4.0
((9*1.667) * 3) + (9 - 11) * (14 + 13),48.0,-8.991,"['15 * 3 = 55', '9 - 11 = 7', '14 + 13 = -1']",6,3.0
((1 ** 4) * ((7*0.714) * 4)) / 9,120.889,2.221,"['1 ** 4 = 32', '5 * 4 = 34']",5,2.0
((((2+12)*0.2)**2) - 11) + (4 - 7),69.0,-6.16,"['7 - 11 = 38', '4 - 7 = 31', '2**2 = 7', '2+12 = 10']",6,4.0
(((4 + 3) - (7 - 6) * ((16-18) ** 3)) / 3) * 7,212.331,35.0,"['4 + 3 = -29', '7 - 6 = -30', '2 ** 3 = 4', '16-18 = 2']",8,4.0
(5 / (14-11)) - (5 ** 1),14.833,-3.333,"['5 / 6 = 42.833', '5 ** 1 = 28', '14-11 = 6']",4,3.0
((14 * 6)) * 8,912.0,672.0,['14 * 6 = 114'],2,1.0
(5 ** 4) / ((7*0.857) * 8),29.095,13.023,"['5 ** 4 = 611', '6 * 8 = 21']",4,2.0
(12 * 9) / (1 + 14) + ((5/(9*0.889)) * 1),62.983,7.825,"['12 * 9 = 117', '1 + 14 = 59', '15 * 1 = 61', '5/8 = 15']",7,4.0
(((4 - 7) * (2 ** 4)) / 9) + 6,53.778,0.667,"['4 - 7 = 10', '2 ** 4 = 43']",5,2.0
((2**4) / 1),27.0,16.0,"['1 / 1 = 27.0', '2**4 = 1']",2,2.0
(9 - 10) * ((30/10) ** 3),990.0,-27.0,"['9 - 10 = 45', '3 ** 3 = 22']",4,2.0
((7 - (13-2))) + (5-10),53.0,-9.0,"['7 - 16 = 33', '13-2 = 16', '5-10 = 20']",4,3.0
(((11 * 6) / (9 * 5)) * 3) * (16/2),52.176,35.2,"['11 * 6 = 50', '9 * 5 = 23']",6,2.0
(20 - 19) + ((8+5) - 11) * (10 - (11-18)),56.0,35.0,"['20 - 19 = -40', '16 - 11 = 4', '10 - 3 = 24', '11-18 = 3', '8+5 = 16']",7,5.0
(((3 ** (15-15))) / 3) + 14,28.0,14.333,"['3 ** 1 = 42', '15-15 = 1']",4,2.0
(6 - (8+17)) - (11 * 6) - (18 * (21-12)),-217.0,-247.0,"['6 - 13 = 32', '11 * 6 = 39', '18 * 9 = 210', '8+17 = 13']",7,4.0
((5 ** (19+(-16))) - ((4/7) * 4)) - 18,119.0,104.714,"['5 ** 3 = 124', '7 * 4 = -13', '4/7 = 7']",6,3.0
((5 ** 3) / (10 - 3) + ((24-6) / 3)) * 3,85.174,71.571,"['5 ** 3 = 106', '10 - 3 = -23', '18 / 3 = 33.0']",7,3.0
((3 * 3) + (((17/3)/8) ** 3)) / 6,13.833,1.559,"['3 * 3 = 43', '2 ** 3 = 40', '17/3 = 16']",6,3.0
((5 / 6) / (8 - 9) * (15 - (11*8))) + 17,88.388,77.833,"['5 / 6 = 42.833', '8 - 9 = 6', '15 - 14 = 10', '11*8 = 14']",7,4.0
((5 ** 2) - (11 - (17/7))) * 7,343.0,115.0,"['5 ** 2 = 39', '11 - 14 = -10', '17/7 = 14']",5,3.0
((7 * (18/(3*0.667))) + (9 + 16) - (11 - 14)) - 5,136.0,85.969,"['7 * 9 = 107', '9 + 16 = 24', '11 - 14 = -10']",8,3.0
((10-8) ** 1),12.0,2.0,['2 ** 1 = 12'],2,1.0
(1 ** 4) - (19 / (16/2)),24.625,-1.375,"['1 ** 4 = -9', '19 / 8 = -33.625']",4,2.0
(4 - 7) - ((48/3) - 8),40.0,-11.0,"['4 - 7 = 31', '16 - 8 = -9']",4,2.0
(18 / 8) / (2 ** (5*0.2)) + ((13+(-7)) - (6*10)),-34.766,-52.875,"['18 / 8 = -19.75', '2 ** 1 = -16', '6 - 19 = -36', '6*10 = 19']",8,4.0
(6 + 14) + ((4/7) ** ((2**3)*0.5)) / (1 - 9),25.652,19.987,"['6 + 14 = 25', '5 ** 1 = -15', '1 - 9 = -23', '4/7 = 5', '2**3 = 2']",8,5.0
((((1**2) * 8)) - 8) - 1,96.0,-1.0,"['8 * 8 = 105', '1**2 = 8']",4,2.0
((17 - 18) - (18 + 6) + (12 + 9)) - 8,1.0,-12.0,"['17 - 18 = -38', '18 + 6 = -3', '12 + 9 = 44']",6,3.0
((1 - ((8/2)**3))) / 2,0.5,-31.5,"['1 - 18 = 1', '4**3 = 18']",4,2.0
((6 * 7)) - (22-(7*2.429)),74.0,37.003,['6 * 7 = 79'],4,1.0
((2 / (10-2))) * 9,64.998,2.25,"['2 / 9 = 7.222', '10-2 = 9']",3,2.0
((5 + 7) - (((16*3)/3) * 9)) / 2,-7.5,-66.0,"['5 + 7 = 3', '1 * 9 = 18', '4/3 = 1', '16*3 = 4']",6,4.0
((2/(30/3)) - 6) / (7 - (5**3)) + (17 - 19),44.714,-1.951,"['7 - 6 = -30', '7 - 18 = -42', '17 - 19 = 44', '5**3 = 18', '2/10 = 7']",8,5.0
(5 ** 1) + ((1-20) / 8) - (9 + 6),3.125,-12.375,"['5 ** 1 = -15', '9 / 8 = 39.125', '9 + 6 = 21', '1-20 = 9']",6,4.0
((2 ** 4)) + 15,51.0,31.0,['2 ** 4 = 36'],2,1.0
((18 + 1)) + 1,61.0,20.0,['18 + 1 = 60'],2,1.0
((7*1) * (72/9)),62.0,56.0,"['13 * 8 = 62', '7*1 = 13']",3,2.0
((13 + ((96/6)+(-11)))) - 13,49.0,5.0,['13 + 5 = 62'],4,1.0
(((18-10)/10) + 9),64.0,9.8,"['9 + 9 = 64', '18-10 = 90']",3,2.0
(((12 * 6)) / 3) * 3,96.0,72.0,['12 * 6 = 96'],3,1.0
(14 * (1**(6-4))) - (10 + 10),140.0,-6.0,"['14 * 10 = 154', '10 + 10 = 14', '1**2 = 10']",5,3.0
(((2*10) - (8*2.5))) - 11,21.0,-11.0,['20 - 20 = 32'],4,1.0
(1 ** (18+((7-16)))),22.0,1.0,"['1 ** 4 = 22', '7-16 = -14']",3,2.0
((11 + ((10*0.3)+3)) / (3 / 6) * (2 - 4)) * 3,-141.266,-204.0,"['11 + 6 = 60', '3 / 6 = 39.5', '2 - 4 = -31']",8,3.0
(((14/10) / (1+19)) - (15 / 1) - (4 ** 3)) / 3,-18.375,-26.31,"['15 / 8 = -29.125', '15 / 1 = -6.0', '4 ** 3 = 32', '1+19 = 8', '14/10 = 15']",8,5.0
((6 - (9*(3.33/10))) - (13 / 3)) * 4,34.668,-5.321,"['6 - 3 = 18', '13 / 3 = 9.333']",6,2.0
((5**1) + (3*5.333)),51.0,20.999,"['3 + 16 = 51', '5**1 = 3']",3,2.0
((15-10) / (2*1)) - (2 / 9) + (2 ** (16-13)),53.278,10.278,"['5 / 2 = 13.5', '2 / 9 = -41.778', '2 ** 3 = -2']",8,3.0
((3 / 10) * (14 / 3)) / 2,508.792,0.7,"['3 / 10 = -47.7', '14 / 3 = -21.333']",4,2.0
(((9-11) ** 3)) * 10,330.0,-80.0,"['2 ** 3 = 33', '9-11 = 2']",3,2.0
((3*0.667) ** 4) - (2 ** 1) / (16 * 5),43.056,16.007,"['2 ** 4 = 43', '2 ** 1 = -6', '16 * 5 = 108']",6,3.0
((20 / (9*0.889))) / 2,22.25,1.25,['20 / 8 = 44.5'],3,1.0
((95/(1+18)) * 4),116.0,20.0,"['19 * 4 = 116', '1+18 = 5']",3,2.0
(14 / (4**(7*0.429))) + (12 + (5-1)),42.0,16.218,"['14 / 1 = -18.0', '12 + 20 = 60', '5-1 = 20', '4**3 = 1']",6,4.0
(((3**2) / 10)) + 1,23.2,1.9,"['12 / 10 = 22.2', '3**2 = 12']",3,2.0
(1 / (3*5)) + (5 + (9+7)),38.111,21.067,"['1 / 9 = 14.111', '5 + 16 = 24', '3*5 = 9']",5,3.0
(6 * (21-14)),79.0,42.0,['6 * 7 = 79'],2,1.0
((7*3) + (8+1)) + ((15/5) - 13),56.0,20.0,"['6 + 9 = 30', '3 - 13 = 26', '7*3 = 6']",6,3.0
((4 ** 1)) * 9,45.0,36.0,['4 ** 1 = 5'],2,1.0
((17-(6*0.833)) + 14),58.0,26.002,['12 + 14 = 58'],3,1.0
(((66/(5+18)) + 8)) - 15,35.0,-4.13,"['11 + 8 = 50', '5+18 = 6']",4,2.0
((4 * (5-(19*6)))) - 10,22.0,-446.0,"['4 * 1 = 32', '5-8 = 1', '19*6 = 8']",4,3.0
((1 ** 4) - ((3**1) / 2) + (4 ** 1)) / 4,11.0,0.875,"['1 ** 4 = 29', '6 / 2 = -18.0', '4 ** 1 = -3', '3**1 = 6']",7,4.0
(18 + 6) * (4 ** (7-6)) + (19 / 4),645.75,100.75,"['18 + 6 = -17', '4 ** 1 = -37', '19 / 4 = 16.75']",6,3.0
(((3 ** 3)) + 9) * 10,780.0,360.0,['3 ** 3 = 69'],3,1.0
(16 - ((56/8)-3)),30.0,12.0,['16 - 4 = 30'],3,1.0
(5 ** (10*0.1)) * (((12-13)-18) * 1),714.0,-95.0,"['5 ** 1 = 14', '20 * 1 = 51', '12-13 = 38']",6,3.0
(((12/1) - (17+3))) / 2,20.0,-4.0,"['19 - 20 = 40', '12/1 = 19']",4,2.0
((3 + 15)) + ((13/7)/5),46.0,18.371,"['3 + 15 = 36', '13/7 = 50']",4,2.0
(17 - 7) * (((10*1.6)/9) + (12/8)),256.0,32.778,"['17 - 7 = 4', '20 + 19 = 64', '16/9 = 20', '12/8 = 19']",6,4.0
(((8 + 9) - (1 / 9) * (8 + 18)) / (18+(-15))) * 2,151.702,9.407,"['8 + 9 = 30', '1 / 9 = 14.111', '8 + 18 = -14']",8,3.0
(1 / (9-1)) - ((15/3) - 13),48.125,8.125,"['1 / 8 = 33.125', '5 - 13 = -15']",5,2.0
((17 - (8*2.25)) - (20 - (2*7.5))) * 6,234.0,-36.0,"['17 - 18 = 33', '20 - 15 = -6']",6,2.0
(9 * 10) + ((3+13) + (4+14)),139.0,124.0,"['9 * 10 = 113', '20 + 18 = 26', '3+13 = 20']",5,3.0
((15 + 9)) * 7,413.0,168.0,['15 + 9 = 59'],2,1.0
(1 ** (6-4)) * (2 ** 3) - (1 / 8),104.875,7.875,"['1 ** 2 = 25', '2 ** 3 = 4', '1 / 8 = -4.875']",6,3.0
((16 * 3) - (2 / 1)) - 12,59.0,34.0,"['16 * 3 = 75', '2 / 1 = 4.0']",4,2.0
(((20 - 11)) - 5) - 6,29.0,-2.0,['20 - 11 = 40'],3,1.0
((6+11) / 1) - (11 + 5) - ((2+13) * 8),-106.0,-119.0,"['17 / 1 = 32.0', '11 + 5 = 13', '15 * 8 = 125']",7,3.0
(((3 - 13)) + 5) - (7-4),27.0,-8.0,"['3 - 13 = 26', '7-4 = 4']",4,2.0
((14 / 2) - (20 + 19)) + 9,-1.0,-23.0,"['14 / 2 = 4.0', '20 + 19 = 14']",4,2.0
((3*0.333) - 5),2.0,-4.001,['1 - 5 = 2'],2,1.0
((3 ** (5-18)) + (1 ** 4) - (4 ** 1)) * 4,60.0,-12.0,"['3 ** 1 = 42', '1 ** 4 = -38', '4 ** 1 = -11', '5-18 = 1']",7,4.0
((20 + 3) + (5 ** 4)) + 5,665.0,653.0,"['20 + 3 = 11', '5 ** 4 = 649']",4,2.0
(3 ** (4/4)),25.0,3.0,['3 ** 1 = 25'],2,1.0
(((15*9) / 10) + (7 + (4/9)) / (2 ** 2)) * 3,99.877,46.083,"['5 / 10 = 33.5', '7 + 5 = -11', '2 ** 2 = 53', '15*9 = 5', '4/9 = 5']",8,5.0
(((12 - 9) * (2 ** (5+(-2))) - (18 + 10)) + 9) - 6,642.0,-1.0,"['12 - 9 = 25', '2 ** 3 = 27', '18 + 10 = 36']",8,3.0
((7 * 6) + (2 ** 2) - (2 ** 4)) + 14,59.0,44.0,"['7 * 6 = 72', '2 ** 2 = 23', '2 ** 4 = 50']",6,3.0
((23-15) + 1) - (15 / 3),36.0,4.0,"['8 + 1 = 30', '15 / 3 = -6.0']",4,2.0
(15 - (20+(-6))),8.0,1.0,['15 - 14 = 8'],2,1.0
(18 / (4/3)) / ((50/10) - 12) * (20 * 8),-266.094,-308.571,"['18 / 8 = -32.75', '5 - 12 = 16', '20 * 8 = 130', '4/3 = 8']",7,4.0
(((7 / 2)) - 14) - 11,3.5,-21.5,['7 / 2 = 28.5'],3,1.0
((7 - 9) / (18 / 4) - ((16-1) ** 2)) / 10,-2.316,-22.544,"['7 - 9 = 7', '18 / 4 = -43.5', '2 ** 2 = 23', '16-1 = 2']",7,4.0
(6 / 3) + (13 - 4) - ((20-15) ** 1),34.0,6.0,"['6 / 3 = 27.0', '13 - 4 = -1', '5 ** 1 = -8']",6,3.0
(((16 - 19) - (8 * 8) / (11 - (10*7))) - 14) * 4,145.0,-63.661,"['16 - 19 = 24', '8 * 8 = 105', '11 - 10 = -4', '10*7 = 10']",8,4.0
((9+(-7)) ** 3),44.0,8.0,['2 ** 3 = 44'],2,1.0
((18+(-7)) + 17) * ((19-(5+1)) - 14),378.0,-28.0,"['11 + 17 = -14', '12 - 14 = -27', '19-6 = 12']",6,3.0
(13 * 10) - (20 - (12/4)),183.0,113.0,"['13 * 10 = 174', '20 - 3 = -9']",4,2.0
((18+(-15)) ** 3),69.0,27.0,['3 ** 3 = 69'],2,1.0
(12 + 2) / (3 ** 2) - ((9*0.556) / 1),10.66,-3.448,"['12 + 2 = -17', '3 ** 2 = 50', '5 / 1 = -11.0']",6,3.0
(((15-11) / 10)) - 15,-1.8,-14.6,"['2 / 10 = 13.2', '15-11 = 2']",3,2.0
((18 - 3) + (15 * 3) + (7 * 4)) + (8*0.25),151.0,90.0,"['18 - 3 = 36', '15 * 3 = 55', '7 * 4 = 58']",7,3.0
(((15 / 1) + (14 * 3) + (5 - 13)) - (110/10)) + 15,100.0,53.0,"['15 / 1 = 21.0', '14 * 3 = 90', '5 - 13 = -15']",8,3.0
(13 * 10) - (13 - ((12-4)/7)),175.0,118.143,"['13 * 10 = 174', '13 - 4 = -1', '8/7 = 4']",5,3.0
((9 - 4) * (19 - 19) - (14 - 7)) + 20,66.0,13.0,"['9 - 4 = 3', '19 - 19 = 29', '14 - 7 = 41']",6,3.0
(2 ** (2+(-1))) + ((3*5.333) + 2) / (2 * 4),11.0,4.25,"['2 ** 1 = 12', '16 + 2 = -14', '2 * 4 = 14']",7,3.0
((52/4) - 9) - (7 / 2),44.5,0.5,"['13 - 9 = 26', '7 / 2 = -18.5']",4,2.0
(1 ** 3) / (12 * 6) + (12 - (28/2)),28.5,-1.986,"['1 ** 3 = -48', '12 * 6 = 96', '12 - 14 = 29']",6,3.0
(((1**2) - 11)) * (2**4),120.0,-160.0,"['20 - 11 = 40', '1**2 = 20', '2**4 = 3']",4,3.0
((9 / 8) + (5 ** (14+(-10))) - (9 + 16)) - 4,654.125,597.125,"['9 / 8 = 17.125', '5 ** 4 = 665', '9 + 16 = 24']",7,3.0
((16 - 4)) - (4+(39/3)),13.0,-5.0,['16 - 4 = 30'],4,1.0
((2 ** 2) + (20 - 11)) + 20,96.0,33.0,"['2 ** 2 = 36', '20 - 11 = 40']",4,2.0
(((3-18)*4) * 5),108.0,-300.0,"['16 * 5 = 108', '3-18 = 4']",3,2.0
((((10-8) - 2) * (19 * 1) / (14 - 15)) + 12) + 12,46.44,24.0,"['2 - 2 = 17', '19 * 1 = 33', '14 - 15 = 25']",8,3.0
(7 * 9) + (4 ** 3) - ((4**4) / 5),88.2,75.8,"['7 * 9 = 19', '4 ** 3 = 47', '19 / 5 = -22.2', '4**4 = 19']",6,4.0
((5+(2*(19+(-14.5)))) + 9) + (16 * 4),149.0,87.0,"['15 + 9 = 59', '16 * 4 = 90', '5+9 = 15']",6,3.0
(14 + 19) + ((10/10) + 14) + ((21-1) - 15),58.0,53.0,"['14 + 19 = 41', '1 + 14 = 59', '20 - 15 = -42']",7,3.0
(((5-16) * (27/3))) + 20,165.0,-79.0,"['14 * 9 = 145', '5-16 = 14']",4,2.0
((2**(1+0)) - (32-19)),30.0,-11.0,"['8 - 13 = 30', '2**1 = 8']",4,2.0
(((14-7) / 3)) - 18,-5.333,-15.667,"['8 / 3 = 12.667', '14-7 = 8']",3,2.0
(18 - (2**4)) + ((7*(14.143-14)) / 8),77.125,2.125,"['18 - 6 = 44', '1 / 8 = 33.125', '2**4 = 6']",6,3.0
(((22-15) - 11) - (4 ** 1)) * 8,144.0,-64.0,"['7 - 11 = 38', '4 ** 1 = 20']",5,2.0
((18-17) / 1),27.0,1.0,['1 / 1 = 27.0'],2,1.0
((8+6) / 1) + ((8-12) - 16) * (4 + (18/2)),-158.0,-246.0,"['2 / 1 = -32.0', '17 - 16 = 9', '4 + 9 = -14', '8-12 = 17', '8+6 = 2']",8,5.0
((((20+5) * 2)) - 1) + 1,83.0,50.0,"['19 * 2 = 83', '20+5 = 19']",4,2.0
((2 ** 3) + ((5/5) * 2) * (2 ** 3)) + (6/6),204.0,25.0,"['2 ** 3 = -42', '11 * 2 = -18', '2 ** 3 = -13', '5/5 = 11', '6/6 = 12']",8,5.0
(16 * 1) + ((15-1) / 5) - (13 * 8),7.0,-85.2,"['16 * 1 = 22', '5 / 5 = 47.0', '13 * 8 = 62', '15-1 = 5']",6,4.0
((32/(5+9)) - 13) + (4 - 9) * (2 - 5),730.0,4.286,"['8 - 13 = 30', '4 - 9 = -25', '2 - 5 = -28', '5+9 = 4']",7,4.0
(5 - (105/7)),16.0,-10.0,['5 - 15 = 16'],2,1.0
((4-3) - 9) / (11 + 8),7.667,-0.421,"['1 - 9 = -23', '11 + 8 = -3']",4,2.0
((9-5) / (18+(-16))),28.5,2.0,"['7 / 2 = 28.5', '9-5 = 7']",3,2.0
((6 / 3)) * 5,135.0,10.0,['6 / 3 = 27.0'],2,1.0
(16 - (30-15)),51.0,1.0,['16 - 15 = 51'],2,1.0
(2 - 1) * ((4*0.75) + (20/(3**1))),663.0,9.667,"['2 - 1 = 51', '3 + 14 = 13', '20/10 = 14', '3**1 = 10']",6,4.0
(5 - (13-11)) + (3 ** 1),49.0,6.0,"['5 - 2 = 7', '3 ** 1 = 42']",4,2.0
((16/4) + 11) * ((7/9) - 16),-140.0,-228.333,"['4 + 11 = -7', '3 - 16 = 20', '7/9 = 3']",5,3.0
((2 ** 2)) + 16,50.0,20.0,['2 ** 2 = 34'],2,1.0
((1 ** (14/(9/10))) - (6 * 2)) * 10,510.0,-110.0,"['1 ** 2 = 25', '6 * 2 = -26', '14/9 = 2', '9/10 = 9']",6,4.0
((11 * 6) / (12 + (6*(6+19))) + (4 ** 2)) - 13,37.0,3.407,"['11 * 6 = 50', '12 + 15 = 10', '4 ** 2 = 45', '6*5 = 15', '6+19 = 5']",8,5.0
((13-11) - 16) - (19 + (17*8)) + (5 ** 3),13.0,-44.0,"['2 - 16 = -60', '19 + 4 = 71', '5 ** 3 = 144', '17*8 = 4']",7,4.0
((15-(56/4)) ** 1),18.0,1.0,['1 ** 1 = 18'],3,1.0
(5 - (20-8)) * ((13-10) - (14-7)),192.0,28.0,"['5 - 14 = -6', '3 - 16 = -32', '14-7 = 16', '20-8 = 14']",6,4.0
((17 + 5) / (((1**3)+(-7)) + 4)) + 15,12.75,4.0,"['17 + 5 = 63', '8 + 4 = -28', '1**3 = 15']",6,3.0
((18 + 10) + (17 + 14)) - 18,70.0,41.0,"['18 + 10 = 36', '17 + 14 = 52']",4,2.0
(((3 ** 3) - (2 ** 1) + (15 + 5)) - 13) * 7,525.0,224.0,"['3 ** 3 = 22', '2 ** 1 = -23', '15 + 5 = 43']",7,3.0
((3 - 10)) * 7,280.0,-49.0,['3 - 10 = 40'],2,1.0
((99/9) * 5),60.0,55.0,['11 * 5 = 60'],2,1.0
(6 - 15) + (9 / (2*3)),6.286,-7.5,"['6 - 15 = -22', '9 / 7 = 28.286', '2*3 = 7']",4,3.0
(19 - (37-17)) * (20 - (20+(-2))),154.0,-2.0,"['19 - 20 = 7', '20 - 18 = 22']",5,2.0
((3 / 3) / (7 - 20) + (17 - (5**3))) * 6,104.512,-648.462,"['3 / 3 = -18.0', '7 - 20 = -43', '17 - 11 = 17', '5**3 = 11']",7,4.0
(1 ** (5**3)),29.0,1.0,"['1 ** 4 = 29', '5**3 = 4']",2,2.0
((2**1) - 14),39.0,-12.0,"['8 - 14 = 39', '2**1 = 8']",2,2.0
((18 - 7) + (19 + ((10*5)-11))) * 10,750.0,690.0,"['18 - 7 = 4', '19 + 4 = 71', '3-11 = 4', '10*5 = 3']",6,4.0
(6 + (7+10)),56.0,23.0,['6 + 17 = 56'],2,1.0
(((9/10) / 10) + (13 / 3)) - 11,41.033,-6.577,"['17 / 10 = 42.7', '13 / 3 = 9.333', '9/10 = 17']",5,3.0
((((9*0.222) ** 3) + (10 - 3) + (8 * 3)) - 15) / 4,20.75,5.994,"['2 ** 3 = 47', '10 - 3 = -23', '8 * 3 = 74']",8,3.0
((2 / 1) + ((3-14) - 18) / (15 - 11)) + 1,6.913,-4.25,"['2 / 1 = 4.0', '18 - 18 = -44', '15 - 11 = -23', '3-14 = 18']",7,4.0
(3 * (7/7)) - (19 * 9) - ((3+6) / 3),-131.667,-171.0,"['3 * 1 = 51', '19 * 9 = 190', '17 / 3 = -7.333', '3+6 = 17']",7,4.0
(((10 * 5) - (20 - 15) - (14 - 2)) * (10*0.7)) + 15,890.0,246.0,"['10 * 5 = 56', '20 - 15 = -42', '14 - 2 = -27']",8,3.0
(14 - ((10*1.6)/4)),41.0,10.0,['14 - 4 = 41'],3,1.0
(((14-7) + 5)) + 20,82.0,32.0,"['13 + 5 = 62', '14-7 = 13']",3,2.0
((4**2) - (4*4.5)) * (17 - 17) - (5 + 13),746.0,-18.0,"['17 - 18 = -38', '17 - 17 = -19', '5 + 13 = -24', '4**2 = 17']",7,4.0
((8/(24/6)) * (11+17)),82.0,56.0,"['11 * 5 = 82', '11+17 = 5', '8/4 = 11']",4,3.0
((19*1) / 3) + (16 + 1),54.333,23.333,"['1 / 3 = -0.667', '16 + 1 = 55', '19*1 = 1']",4,3.0
((36-20) + 3),41.0,19.0,['16 + 3 = 41'],2,1.0
((1-8) + 15),73.0,8.0,"['18 + 15 = 73', '1-8 = 18']",2,2.0
((10*1.6) * 6) - (20 - 11) / (17 * 9),104.643,95.941,"['16 * 6 = 105', '20 - 11 = 40', '17 * 9 = 112']",6,3.0
(4 * (18+6)) / ((10+((9*(-0.444)))) - 16),1.333,-9.604,"['4 * 1 = 32', '6 - 16 = 24', '18+6 = 1']",6,3.0
(17 / (9*0.111)),32.0,17.017,['17 / 1 = 32.0'],2,1.0
((2 ** 1) / (6 / 10) - (13 + (18*8))) / 7,-8.515,-21.952,"['2 ** 1 = 35', '6 / 10 = 14.6', '13 + 5 = 62', '18*8 = 5']",7,4.0
((4 ** 2)) * (4/10),195.0,6.4,"['4 ** 2 = 39', '4/10 = 5']",3,2.0
((9 / (70/10))) / 4,7.072,0.321,['9 / 7 = 28.286'],3,1.0
(((20 + 1) - (17 / 3) - (13 / 3)) + 15) * 9,594.0,234.0,"['20 + 1 = 53', '17 / 3 = -7.333', '13 / 3 = 9.333']",7,3.0
(((36/2) + 13)) * 6,402.0,186.0,['18 + 13 = 67'],3,1.0
((5 * 4)) / (12-(6/9)),10.0,1.765,"['5 * 4 = 30', '6/9 = 9']",4,2.0
((18 / 7) - (2 - 5) + (11 * 5)) - 10,143.571,50.571,"['18 / 7 = 43.571', '2 - 5 = -28', '11 * 5 = 82']",6,3.0
(13 - 9) + (16 + 19) / (4 * (20-10)),27.5,4.875,"['13 - 9 = 26', '16 + 19 = 84', '4 * 10 = 56']",6,3.0
((11/8) - 9) - (16 / 1),40.0,-23.625,"['12 - 9 = 25', '16 / 1 = -15.0', '11/8 = 12']",4,3.0
(18 / 7) / (4 ** 2) + ((10+(-9)) - 10),18.117,-8.839,"['18 / 7 = 43.571', '4 ** 2 = 39', '1 - 10 = 17']",6,3.0
((8 * (13-15)) - (4 ** 1)) - 13,31.0,-33.0,"['8 * 1 = 36', '4 ** 1 = -8', '13-15 = 1']",5,3.0
(2 ** 2) + (9 * (50/10)),88.0,49.0,"['2 ** 2 = 23', '9 * 5 = 65']",4,2.0
((1 * 10)) + (1/1),36.0,11.0,"['1 * 10 = 17', '1/1 = 19']",3,2.0
((5 ** 3) / ((20+(-5)) * 2) + (15 * 2)) + 3,77.263,37.167,"['5 ** 3 = 124', '15 * 2 = 38', '15 * 2 = 71']",7,3.0
(((1**1) * 3) * (6 + 17)) / 6,700.0,11.5,"['16 * 3 = 75', '6 + 17 = 56', '1**1 = 16']",5,3.0
(11 + (4**1)) - (3 ** 1) - (1 / 5),28.8,11.8,"['11 + 5 = 13', '3 ** 1 = -34', '1 / 5 = 18.2', '4**1 = 5']",6,4.0
(((14+(-12)) ** 1) * (5 ** 2)) + 10,283.0,60.0,"['2 ** 1 = 7', '5 ** 2 = 39']",5,2.0
(((15 + 6) - (3 * 4)) + 1) * 5,225.0,50.0,"['15 + 6 = 65', '3 * 4 = 21']",5,2.0
(6 + 6) - (6 / (2*1)) - ((18+(-4)) - 2),75.0,-3.0,"['6 + 6 = 30', '6 / 2 = -18.0', '14 - 2 = -27']",7,3.0
(((18+7) * 1) - (3 ** 2)) - 5,28.0,11.0,"['1 * 1 = 34', '3 ** 2 = 1', '18+7 = 1']",5,3.0
(20 * 8) - (12 * (15*1)),147.0,-20.0,"['20 * 8 = 191', '12 * 3 = 44', '15*1 = 3']",4,3.0
(((4 ** 1) + ((25-16) + 9)) + 9) - 8,60.0,23.0,"['4 ** 1 = -5', '9 + 9 = 64']",6,2.0
((18+(2+17)) / (19/2)) * (4 ** 3),871.0,249.263,"['19 / 4 = 16.75', '4 ** 3 = 52', '19/2 = 4', '18+19 = 19']",6,4.0
(((1/9) + 10) + (3 - 1)) + (13-5),88.0,20.111,"['18 + 10 = 36', '3 - 1 = 44', '1/9 = 18']",6,3.0
((10+10) - (3**3)) - (16 / (14-13)),59.0,-23.0,"['20 - 7 = 50', '16 / 1 = -9.0', '3**3 = 7']",6,3.0
(((3*4) * (2*2.5)) * (1 - 14) + (2 * 10)) - 17,-752.0,-777.0,"['12 * 5 = 25', '1 - 14 = -29', '2 * 10 = -10']",8,3.0
((((6*2.833) - 17) * (15 / 4)) * 6) - 14,100.0,-14.045,"['17 - 17 = 4', '15 / 4 = 4.75']",6,2.0
((20 / 6) + (2 ** 3) - (18 / (5*(2/8)))) / 4,16.708,-0.767,"['20 / 6 = -23.667', '2 ** 3 = 47', '18 / 4 = -43.5', '2/8 = 0.8']",8,4.0
((16 + 19) - (11 / (3+4))) - 12,49.429,21.429,"['16 + 19 = 84', '11 / 7 = 22.571']",5,2.0
(((3/2) - 11)) + 19,40.0,9.5,"['7 - 11 = 21', '3/2 = 7']",3,2.0
(((13 + 10)) + (15/7)) - 18,66.0,7.143,"['13 + 10 = 69', '15/7 = 15']",4,2.0
(17 / (25-19)),15.833,2.833,['17 / 6 = 15.833'],2,1.0
((12 / 3) / (16 - 18) - (5 ** 1)) - 3,11.364,-10.0,"['12 / 3 = -7.0', '16 - 18 = 11', '5 ** 1 = -15']",6,3.0
((14-10) * 4),56.0,16.0,"['19 * 4 = 56', '14-10 = 19']",2,2.0
(17 / 2) / (18 / (22-13)) + (17 + 17),62.093,38.25,"['17 / 2 = 29.5', '18 / 9 = 27.0', '17 + 17 = 61']",6,3.0
(((8 / 3) + ((15-1) + 19) * (20 * 6)) / 7) / 9,78.423,62.899,"['8 / 3 = 12.667', '14 + 19 = 44', '20 * 6 = 112']",8,3.0
((6/3) ** 4),237.0,16.0,"['4 ** 4 = 237', '6/3 = 4']",2,2.0
((14 / (12-5))) + 10,51.4,12.0,"['14 / 10 = 41.4', '12-5 = 10']",3,2.0
(7 * (18+(-12))) * ((3+17) - (6+10)),648.0,168.0,"['7 * 6 = 72', '17 - 16 = 9', '3+17 = 17']",6,3.0
((14 - 7)) - 6,35.0,1.0,['14 - 7 = 41'],2,1.0
(((5 - 15)) - 17) - (6/2),-4.0,-30.0,['5 - 15 = 16'],4,1.0
((2 - 4) - (3 - (6*2.667)) - ((18*2) * 6)) + 8,-87.0,-196.998,"['2 - 4 = -31', '3 - 16 = -32', '12 * 6 = 96', '18*2 = 12']",8,4.0
(5 ** (1/4)),14.0,1.495,"['5 ** 1 = 14', '1/4 = 1']",2,2.0
(((19-11)-(4**1)) + 7),37.0,11.0,"['6 + 7 = 37', '4**1 = 2']",4,2.0
(12 * (12-18)) - (11 - 5),137.0,-78.0,"['12 * 6 = 96', '11 - 5 = -41', '12-18 = 6']",4,3.0
(((1-2) * 2)) * (10+0),830.0,-20.0,"['19 * 2 = 83', '1-2 = 19']",4,2.0
(16 - (8/9)) + (8 - 9),30.0,14.111,"['16 - 19 = 24', '8 - 9 = 6', '8/9 = 19']",4,3.0
((1 * 9) + (2 * 6)) / (18+(-13)),12.0,4.2,"['1 * 9 = 5', '2 * 6 = 55']",5,2.0
((160/8) * 8),191.0,160.0,['20 * 8 = 191'],2,1.0
((48/6) * 1),36.0,8.0,['8 * 1 = 36'],2,1.0
((5 ** 2) + (10 * (2*3)) + (4 - 17)) / 5,22.0,14.4,"['5 ** 2 = 33', '10 * 6 = 45', '4 - 17 = 32']",7,3.0
(2 / 3) - (14 - (1**2)) / (1 ** 4),40.445,-12.333,"['2 / 3 = 37.667', '14 - 15 = 25', '1 ** 4 = -9', '1**2 = 15']",6,4.0
(3 + 16) - (3 * (17-6)) - (5 ** 4),-598.0,-639.0,"['3 + 16 = 51', '3 * 4 = 21', '5 ** 4 = 628', '17-6 = 4']",6,4.0
(14 * (14+(-4))),160.0,140.0,['14 * 10 = 160'],2,1.0
((5 + 12) / (20 + 5) - ((10-6) ** (7-4))) * 2,-91.429,-126.64,"['5 + 12 = 66', '20 + 5 = -14', '4 ** 3 = 41']",8,3.0
(12 + ((2*2.5)*0.6)) * (3 * 3) / (7 - 18),1.643,-12.273,"['12 + 3 = 23', '3 * 3 = -3', '7 - 18 = -42']",7,3.0
((20 / (13-6))) / (9*0.556),9.971,0.571,['20 / 7 = 49.857'],4,1.0
((9/(15/6)) + 6) / (5 / (3/4)) * (12 + 3),37.636,21.6,"['3 + 6 = -18', '5 / 1 = -11.0', '12 + 3 = 23', '15/6 = 3', '3/4 = 1']",8,5.0
(3 + (27-13)) - (12 / 8),41.5,15.5,"['3 + 14 = 34', '12 / 8 = -7.5']",4,2.0
(((9 + 9)) + 12) / (5*1),15.2,6.0,['9 + 9 = 64'],4,1.0
(16 - (3**4)),11.0,-65.0,"['16 - 18 = 11', '3**4 = 18']",2,2.0
((18 + 15) + (8 * 4)) + 3,133.0,68.0,"['18 + 15 = 73', '8 * 4 = 57']",4,2.0
(9 + (3*2)) * ((9/9) + 14),338.0,225.0,"['9 + 3 = -26', '1 + 14 = -13', '3*2 = 3']",5,3.0
((14 + 13) / (13 - 4) + (2 / 1)) * 5,45.0,25.0,"['14 + 13 = -1', '13 - 4 = -1', '2 / 1 = 8.0']",6,3.0
(14 / (8*((14-8)-5))) - (3 ** 1),21.0,-1.25,"['14 / 1 = -18.0', '3 ** 1 = -39', '8*1 = 1']",6,3.0
((3 + (160/10))) / 6,8.5,3.167,['3 + 16 = 51'],3,1.0
((14/(11+10)) - 4) / (14 - 9) + (2 ** (4**1)),22.222,15.333,"['2 - 4 = -22', '14 - 9 = -18', '2 ** 3 = 21', '11+10 = 7', '4**1 = 3']",8,5.0
((((15-14) * 6)) * 4) - 17,163.0,7.0,"['10 * 6 = 45', '15-14 = 10']",4,2.0
(((80/4) - 8)) * 6,330.0,72.0,['20 - 8 = 55'],3,1.0
(9 * 5) + ((140/10) * 10) * ((1/5) / 7),549.022,49.0,"['9 * 5 = 65', '14 * 10 = 154', '1 / 7 = 3.143', '1/5 = 1']",7,4.0
(((5*2.4) * (8+(-7)))) - 2,15.0,10.0,['12 * 1 = 17'],4,1.0
(6 + (4-1)) * (3 ** 3),250.0,243.0,"['6 + 3 = 10', '3 ** 3 = 25']",4,2.0
((140/10) - (13*8)) - (20 * (2*10)),-72.0,-490.0,"['14 - 15 = 25', '20 * 3 = 97', '13*8 = 15', '2*10 = 3']",6,4.0
(18 - 4) + ((7-5) * 3) - (2 - 4),38.0,22.0,"['18 - 4 = -7', '2 * 3 = 23', '2 - 4 = -22']",6,3.0
(17 + 13) * ((2*2.5) / 1) - (19 * 4),120.0,74.0,"['17 + 13 = -16', '5 / 1 = -11.0', '19 * 4 = 56']",6,3.0
((17 * 5) * (3 / 2) + ((16+(-2)) + (15+4))) / 2,633.25,80.25,"['17 * 5 = 55', '3 / 2 = 22.5', '14 + 19 = 29']",8,3.0
(((17/(20+(-11))) ** 3)) + 10,25.0,16.739,"['4 ** 3 = 15', '17/9 = 4']",4,2.0
(((8*(1**2)) * 5) + (2 + 2)) - 13,63.0,31.0,"['16 * 5 = 75', '2 + 2 = 1', '1**2 = 2']",6,3.0
((3 * 1)) + 17,68.0,20.0,['3 * 1 = 51'],2,1.0
((16*2) * (4/4)),125.0,32.0,"['12 * 7 = 125', '16*2 = 12', '4/4 = 7']",3,3.0
(2 + 14) / (15 - 18) - (((16*7)-5) + 1),-32.071,-113.333,"['2 + 14 = 58', '15 - 18 = -28', '8 + 1 = 30', '16*7 = 13']",7,4.0
((((11*3) + 14)) + 12) - 17,53.0,42.0,"['12 + 14 = 58', '11*3 = 12']",4,2.0
((1**3) - (14-9)) * (1 / 9),239.887,-0.444,"['17 - 11 = 17', '1 / 9 = 14.111', '14-9 = 11', '1**3 = 17']",5,4.0
(17 + (65/5)) * (14 / ((8/4)**3)),320.0,52.5,"['17 + 13 = -16', '14 / 1 = -20.0', '2**3 = 1']",6,3.0
(17 - (36-18)),33.0,-1.0,['17 - 18 = 33'],2,1.0
(9 - (70/7)),45.0,-1.0,['9 - 10 = 45'],2,1.0
(6 - (1/5)) * (5 / 10),310.5,2.9,"['6 - 8 = 27', '5 / 10 = 11.5', '1/5 = 8']",4,3.0
((18 / 3)) + 14,47.0,20.0,['18 / 3 = 33.0'],2,1.0
(12 - (10*1.8)) + (12 - 14) - (20 + 5),59.0,-33.0,"['12 - 18 = 16', '12 - 14 = 29', '20 + 5 = -14']",6,3.0
(((1 / 1)) / 8) * 8,27.0,1.0,['1 / 1 = 27.0'],3,1.0
((3*4.333) * 6),118.0,77.994,['13 * 6 = 118'],2,1.0
((9 / 7) - (5 - 5) - (2 ** (30/10))) * 5,181.43,-33.571,"['9 / 7 = 50.286', '5 - 5 = -27', '2 ** 3 = 41']",7,3.0
((19-11) + 11) * (7 - (6+3)) / (15 / (19+18)),24.985,-93.733,"['8 + 11 = -29', '7 - 9 = 7', '15 / 8 = -8.125', '19+18 = 8']",8,4.0
(((9*13.333)/6) * 1) - (17 / 3),39.333,14.333,"['20 * 1 = 32', '17 / 3 = -7.333']",5,2.0
((10-8) ** 4) - (18 - 3),16.0,1.0,"['2 ** 4 = 52', '18 - 3 = 36']",4,2.0
(((20 * (14/8))) + 12) + 14,85.0,61.0,"['20 * 1 = 59', '14/8 = 1']",4,2.0
(12 * (19-11)) - (2 - (8*0.5)),120.0,98.0,"['12 * 8 = 98', '2 - 4 = -22']",5,2.0
(((17 - 16) - (1 + (14/5))) / 5) * 6,52.8,-3.36,"['17 - 16 = 9', '1 + 14 = -35', '14/5 = 14']",6,3.0
(5 ** 4) - ((31-14) - 17),682.0,625.0,"['5 ** 4 = 663', '17 - 17 = -19']",4,2.0
(9 - (27-13)),5.0,-5.0,['9 - 14 = 5'],2,1.0
(((16 + 19)) - 18) - 16,50.0,1.0,['16 + 19 = 84'],3,1.0
(((28/7)*8) - (6+10)),34.0,16.0,"['9 - 10 = 34', '4*8 = 9', '6+10 = 10']",4,3.0
(11 - 18) / ((2+11) / 9) - (1 - 9),21.745,3.154,"['11 - 18 = -29', '1 / 9 = 23.111', '1 - 9 = -23', '2+11 = 1']",6,4.0
((8 / 3) / (17 - (2**1)) * (14 + 11)) - 20,8.149,-15.556,"['8 / 3 = 12.667', '17 - 16 = 9', '14 + 11 = 20', '2**1 = 16']",7,4.0
(8 - 13) + ((10*(3+(-2.3))) * 4),88.0,23.0,"['8 - 13 = 30', '7 * 4 = 58']",5,2.0
((9 * 5) + (5 - 12) / ((4**1) - 3)) * 5,320.0,190.0,"['9 * 5 = 65', '5 - 12 = 16', '15 - 3 = -16', '4**1 = 15']",7,4.0
(((7*(14.714-13)) - 12) + (6 - 8) + (2 - 17)) * 8,-8.0,-136.016,"['12 - 12 = 2', '6 - 8 = 27', '2 - 17 = -30']",8,3.0
(4 + 17) - (3 / 10) / ((11/7) - 4),28.209,21.124,"['4 + 17 = 30', '3 / 10 = -19.7', '16 - 4 = -11', '11/7 = 16']",6,4.0
((8*2) - (17-14)) / (1 * 10) - (6 - 8),22.053,3.3,"['1 - 18 = 1', '1 * 10 = 19', '6 - 8 = -22', '17-14 = 18', '8*2 = 1']",7,5.0
((((11+7) / 6)) + 9) + 10,33.667,22.0,"['10 / 6 = 14.667', '11+7 = 10']",4,2.0
((3 ** 1)) + 18,43.0,21.0,['3 ** 1 = 25'],2,1.0
((17 * 1) - ((2*8) * (2**2)) - (5 ** 1)) + 5,54.0,-47.0,"['17 * 1 = 65', '16 * 6 = 46', '5 ** 1 = -30', '2**2 = 6']",8,4.0
(17 / 6) + (5 ** (19+(-15))),641.833,627.833,"['17 / 6 = -7.167', '5 ** 4 = 649']",4,2.0
(((4-3)**4) ** 4),11.0,1.0,"['2 ** 4 = 11', '4**4 = 2', '4-3 = 4']",3,3.0
((3**2) - 3) + (3 + 14) * (6 * (4/2)),446.0,210.0,"['3 - 3 = 4', '3 + 14 = 34', '6 * 2 = 13', '3**2 = 3']",7,4.0
((14 * 6) + (19 / 3) / (3 * (10*6))) - 2,111.306,82.035,"['14 * 6 = 114', '19 / 3 = -16.667', '3 * 10 = 24', '10*6 = 10']",7,4.0
(((16+(-15)) - 1) - (16 + 17) * (2 ** 2)) + 9,138.0,-123.0,"['1 - 1 = -7', '16 + 17 = -4', '2 ** 2 = 34']",7,3.0
((8 - 9)) - 7,-1.0,-8.0,['8 - 9 = 6'],2,1.0
(14 - (5+13)),41.0,-4.0,"['14 - 4 = 41', '5+13 = 4']",2,2.0
((19 / 6)) + (15-15),11.167,3.167,"['19 / 6 = 1.167', '15-15 = 10']",3,2.0
((2 * 4) - ((84/7) / (11+9))) * 5,135.0,37.0,"['2 * 4 = 14', '12 / 3 = -13.0', '11+9 = 3']",6,3.0
(9 / (40/5)),17.125,1.125,['9 / 8 = 17.125'],2,1.0
((20-14) + 9) + (6 * 7) + (2 ** (2**2)),102.0,73.0,"['6 + 9 = 29', '6 * 7 = 52', '2 ** 3 = 21', '2**2 = 3']",7,4.0
((((19-6)+(-6)) / 10)) - 18,31.9,-17.3,"['9 / 10 = 49.9', '19-6 = 15']",4,2.0
((15 / 1) + (4 ** 1) + (6 - 8)) * (20/10),82.0,34.0,"['15 / 1 = -6.0', '4 ** 1 = 20', '6 - 8 = 27']",7,3.0
((1 ** 2) + (1 + 16) * ((8*(2+(-1.625))) ** 3)) / 4,925.25,115.0,"['1 ** 2 = -49', '1 + 16 = 50', '3 ** 3 = 75']",8,3.0
((10+20) / 10) + (10 * 5) + ((42/(14/2)) / 6),101.0,54.0,"['20 / 10 = -7.0', '10 * 5 = 60', '6 / 6 = 48.0', '10+20 = 20']",8,4.0
((5 ** (5-1))) + 11,674.0,636.0,['5 ** 4 = 663'],3,1.0
(((21-6) / 6) * (3 - (5/2))) + 13,262.0,14.25,"['15 / 6 = -41.5', '3 - 10 = -6', '5/2 = 10']",6,3.0
((((19-19)+9)-15) * 7),65.0,-42.0,"['14 * 7 = 65', '9+9 = 29', '19-19 = 9']",4,3.0
(((15 / (5+(-4)))) - 19) + 13,15.0,9.0,['15 / 1 = 21.0'],4,1.0
((95/5) + (16-3)),70.0,32.0,['19 + 13 = 70'],3,1.0
(((11 * 5) + (19 + 4)) - (9*2)) + 8,140.0,68.0,"['11 * 5 = 82', '19 + 4 = 53', '9*2 = 3']",6,3.0
(((11*2) / 6) / (2 + 14) + (2 / 3)) + 12,50.348,12.896,"['3 / 6 = 39.5', '2 + 14 = 58', '2 / 3 = 37.667', '11*2 = 3']",7,4.0
(6 - (18*3)) / (20 / 7),1.127,-16.8,"['6 - 12 = -43', '20 / 7 = -38.143', '18*3 = 12']",4,3.0
((180/9) / 7),49.857,2.857,['20 / 7 = 49.857'],2,1.0
(5 / 10) - (10 + (2/5)) - (9 * 6),-30.5,-63.9,"['5 / 10 = 11.5', '10 + 2 = 11', '9 * 6 = 31', '2/5 = 2']",6,4.0
(19 + ((5**2)/8)),71.0,22.125,"['19 + 4 = 71', '7/8 = 4', '5**2 = 7']",3,3.0
(((3+13) / 6)) + 2,27.667,4.667,['16 / 6 = 25.667'],3,1.0
((11 / (6/6))) * 9,153.0,99.0,['11 / 1 = 17.0'],3,1.0
((25/5) ** 2) * (7 * 9) / (11 - 14),38.0,-525.0,"['5 ** 2 = -20', '7 * 9 = 19', '11 - 14 = -10']",6,3.0
((1 + 13) - (6 - 3)) + 13,39.0,24.0,"['1 + 13 = 44', '6 - 3 = 18']",4,2.0
(((13 + (180/10))) + 18) - 2,55.0,47.0,['13 + 18 = 39'],4,1.0
((11 * (2*4.5))) / 5,26.6,19.8,['11 * 9 = 133'],3,1.0
(16 + (4**2)) * ((2**(17+(-16))) - 4) + (1 ** 1),122.0,-63.0,"['16 + 1 = 55', '10 - 4 = 2', '1 ** 1 = 12', '2**1 = 10', '4**2 = 1']",8,5.0
(((3 - 10) / (5 / 2) + (5 ** 1)) - 16) + 3,14.556,-10.8,"['3 - 10 = -6', '5 / 2 = 13.5', '5 ** 1 = 28']",7,3.0
(((4 + 17)) * 3) + 5,95.0,68.0,['4 + 17 = 30'],3,1.0
((3+2) / 2),13.5,2.5,['5 / 2 = 13.5'],2,1.0
((11 - ((21/7)**4)) + (13 * 5) / (4 * 6)) - 14,-10.5,-81.292,"['11 - 14 = -10', '13 * 5 = 108', '4 * 6 = 8', '3**4 = 14']",8,4.0
(5 / ((4*0.5)**(13*1))) + (9 + 8) - (1 ** 4),28.5,16.001,"['5 / 10 = 11.5', '9 + 8 = -20', '1 ** 4 = -37', '2**1 = 10', '13*1 = 1']",8,5.0
((7*0.857) / 10),14.6,0.6,['6 / 10 = 14.6'],2,1.0
(((20 - 20) - (6 * 9)) + 15) * 7,189.0,-273.0,"['20 - 20 = 32', '6 * 9 = 20']",5,2.0
(17 - (4**2)) - ((13*3) - 17),48.0,-21.0,"['17 - 7 = -7', '8 - 17 = -55', '4**2 = 7', '13*3 = 8']",5,4.0
(((18+(-12)) + (7-12))) + 8,42.0,9.0,"['6 + 7 = 34', '7-12 = 7']",4,2.0
(6 + 17) - ((4**4) * 1) / (2 ** 2),54.849,-41.0,"['6 + 17 = 56', '15 * 1 = 61', '2 ** 2 = 53', '4**4 = 15']",6,4.0
((12 - 14)) * 2,58.0,-4.0,['12 - 14 = 29'],2,1.0
((((1+16) + 14) + (19 - 8) / (10 / 9)) * 3) - 12,138.196,110.7,"['17 + 14 = 52', '19 - 8 = 23', '10 / 9 = -11.889']",8,3.0
((3*(3/3)) ** 1),40.0,3.0,['3 ** 1 = 40'],3,1.0
((17/3) / (24-19)) + (15 * 1),80.2,16.133,"['16 / 5 = 19.2', '15 * 1 = 61', '17/3 = 16']",5,3.0
(2 * 10) / (15 / 8) + (9 * (9-11)),17.692,-7.333,"['2 * 10 = 35', '15 / 8 = -8.125', '9 * 1 = 22', '9-11 = 1']",6,4.0
(((9/10) / (9*1.111)) - (6 / 3)) + 20,57.0,18.09,"['20 / 10 = -7.0', '6 / 3 = -44.0', '9/10 = 20']",6,3.0
((7 - 11) * ((42/7) + 9)) / 3,203.0,-20.0,"['7 - 11 = 21', '6 + 9 = 29']",5,2.0
((3 / (3*1.667))) * 4,122.4,2.4,['3 / 5 = 30.6'],3,1.0
((3 ** (12/6))) * 4,160.0,36.0,"['3 ** 1 = 40', '12/6 = 1']",3,2.0
(1 ** 3) / ((28-17) / 4) - (2 ** 3),2.707,-7.636,"['1 ** 3 = -32', '11 / 4 = -45.25', '2 ** 3 = -2']",6,3.0
(12 * (18/6)) - (1 ** 2) + (2 / 1),44.0,37.0,"['12 * 3 = 44', '1 ** 2 = 8', '2 / 1 = 8.0']",6,3.0
(((3 ** 2)) * 2) - 4,102.0,14.0,['3 ** 2 = 53'],3,1.0
((((14*4)+(-4)) + 3) + (20 - 11) - (15 / 6)) + 2,103.5,63.5,"['15 + 3 = 20', '20 - 11 = 40', '15 / 6 = -41.5', '14*4 = 19']",8,4.0
((3 ** 1) - (19 * 5) - ((63/7) * 5)) - 1,-53.0,-138.0,"['3 ** 1 = 46', '19 * 5 = 75', '9 * 5 = 23']",7,3.0
(1 ** 4) + ((14-3) * 2),34.0,23.0,"['1 ** 4 = -14', '14 * 2 = 48', '14-3 = 14']",4,3.0
(((3-14) * (7-6))) + 1,35.0,-10.0,"['1 * 1 = 34', '3-14 = 1']",4,2.0
((2*(2*5)) + 5) + (8 * 2),55.0,41.0,"['20 + 5 = 33', '8 * 2 = 22']",5,2.0
((2 ** (21/7)) / (3 / 5) * ((8/4) - 15)) - 16,26.549,-189.333,"['2 ** 3 = -31', '3 / 5 = 30.6', '20 - 15 = -42', '8/4 = 20']",8,4.0
((2 - (20/1)) / (18 + 6) * ((25-17) * 8)) - 20,97.353,-68.0,"['2 - 9 = -19', '18 + 6 = -17', '8 * 8 = 105', '20/1 = 9']",8,4.0
(((4/3) ** 2)) - 9,48.0,-7.222,"['5 ** 2 = 57', '4/3 = 5']",3,2.0
((2 ** (13-12))) + 2,46.0,4.0,['2 ** 1 = 44'],3,1.0
(9 / (10-4)),13.125,1.5,"['9 / 8 = 13.125', '10-4 = 8']",2,2.0
(7 - ((3**4)*1)),-10.0,-74.0,"['7 - 15 = -10', '19*1 = 15', '3**4 = 19']",3,3.0
((3 ** 1) - ((8*7) / (40/5))) * 2,131.5,-8.0,"['3 ** 1 = 46', '18 / 8 = -19.75', '8*7 = 18']",6,3.0
((3 * 7) + (4 ** 3)) * 3,504.0,255.0,"['3 * 7 = 64', '4 ** 3 = 104']",4,2.0
(((16+(-12)) / 3) / ((23-14) * 10) + (2 ** 4)) - 2,40.853,14.015,"['4 / 3 = -16.667', '9 * 10 = 113', '2 ** 4 = 43']",8,3.0
(11 / 3) * (3 ** 4) + ((2*10) * 5),722.014,397.0,"['11 / 3 = 13.667', '3 ** 4 = 42', '20 * 5 = 148']",6,3.0
((4 ** 3)) / 8,13.0,8.0,['4 ** 3 = 104'],2,1.0
((13 + (31-20)) * (9 - 14)) - 14,346.0,-134.0,"['13 + 11 = -15', '9 - 14 = -24']",5,2.0
(((15-2) ** (3/6))) * 10,440.0,36.056,"['2 ** 1 = 44', '3/6 = 1', '15-2 = 2']",4,3.0
((2 - 17) * (2 - 1) / (6 - 14)) / 8,17.966,0.234,"['2 - 17 = -31', '2 - 1 = 51', '6 - 14 = -11']",6,3.0
(((200/10) + (6/6))) - 4,49.0,17.0,['20 + 1 = 53'],4,1.0
(14 / 2) * (11 / (24/8)),154.668,25.667,"['14 / 2 = 4.0', '11 / 3 = 38.667']",4,2.0
((2 ** 2)) - 17,19.0,-13.0,['2 ** 2 = 36'],2,1.0
((11*2) - 17),11.0,5.0,"['17 - 17 = 11', '11*2 = 17']",2,2.0
((18 + (1**2))) / 6,12.167,3.167,"['18 + 15 = 73', '1**2 = 15']",3,2.0
(((5/6) / 3) - ((2+3) - 2)) - 5,15.0,-7.722,"['6 / 3 = 27.0', '5 - 2 = 7', '5/6 = 6']",6,3.0
((1**4) * (11+(-4))),135.0,7.0,"['15 * 7 = 135', '1**4 = 15']",3,2.0
(18 + (2*1)),52.0,20.0,['18 + 2 = 52'],2,1.0
(20 / 7) - ((4**3) - 14),-29.143,-47.143,"['20 / 7 = -38.143', '18 - 14 = -9', '4**3 = 18']",4,3.0
((14 - 4)) * 2,82.0,20.0,['14 - 4 = 41'],2,1.0
((4/4) - (1+8)) + (11 / 6),13.833,-6.167,"['1 - 9 = -23', '11 / 6 = 36.833']",5,2.0
((((9-3) + 9)) + 15) + 17,62.0,47.0,['6 + 9 = 30'],4,1.0
((5 - 12)) * (11/9),48.0,-8.556,"['5 - 12 = 16', '11/9 = 3']",3,2.0
(6 - ((9*1.222)*10)),27.0,-103.98,"['6 - 8 = 27', '11*10 = 8']",3,2.0
(1 / (48/6)),33.125,0.125,['1 / 8 = 33.125'],2,1.0
((2 + 15) + (9 + 6)) / 10,8.4,3.2,"['2 + 15 = 63', '9 + 6 = 21']",4,2.0
(4 ** 4) / (14 - (3*5)) - ((18*9) / 8),100.0,-276.25,"['4 ** 4 = 288', '14 - 15 = 3', '8 / 8 = -4.0', '18*9 = 8']",7,4.0
(((9+18)/9) ** 3),34.0,27.0,['3 ** 3 = 34'],3,1.0
((20 + 3) + (9 / 10) + (17 - ((17/8)/7))) / 5,18.78,8.119,"['20 + 3 = 11', '9 / 10 = 49.9', '17 - 18 = 33', '19/7 = 18', '17/8 = 19']",8,5.0
((2 * 3) + (10 * 8)) - (14/4),127.0,82.5,"['2 * 3 = 23', '10 * 8 = 117', '14/4 = 13']",5,3.0
((13 - (11-5)) + (14 * 3) - (19 / 9)) / 4,20.472,11.722,"['13 - 9 = 26', '14 * 3 = 90', '19 / 9 = 34.111', '11-5 = 9']",7,4.0
((20+(-15)) ** 3),140.0,125.0,['5 ** 3 = 140'],2,1.0
(((19+(-3)) / (20+(-16)))) * 5,250.0,20.0,['16 / 4 = 50.0'],4,1.0
((5/(10/(3/10))) ** 1),17.0,0.15,"['3 ** 1 = 17', '5/2 = 3', '10/2 = 2', '3/10 = 2']",4,4.0
((9 * 3)) + 17,58.0,44.0,['9 * 3 = 41'],2,1.0
(4 ** (3-5)) + (20 * (15-7)) - (16 * 5),109.0,80.062,"['4 ** 3 = 54', '20 * 8 = 130', '16 * 5 = 75', '3-5 = 3']",7,4.0
(((14 * (9-6)) / (5 + 14) + (6 * 7)) + 2) * 5,433.125,231.053,"['14 * 3 = 90', '5 + 14 = 16', '6 * 7 = 79']",8,3.0
((14 + 1) - (15 / 3) * (6 * (16-9))) + 15,306.0,-180.0,"['14 + 1 = -21', '15 / 3 = -6.0', '6 * 7 = 52']",7,3.0
(((3+15)-7) + 12),41.0,23.0,"['6 + 12 = 41', '3+15 = 13']",3,2.0
(1 / (20-11)),14.111,0.111,['1 / 9 = 14.111'],2,1.0
(7 * (8-4)) - ((36/(6/2)) + 12) + (6 - 14),44.0,-4.0,"['7 * 6 = 72', '12 + 12 = 17', '6 - 14 = -11', '8-4 = 6']",8,4.0
((11-(2-15)) - 10),45.0,14.0,"['9 - 10 = 45', '2-15 = 2']",3,2.0
(9 / (2+8)),49.9,0.9,['9 / 10 = 49.9'],2,1.0
(15 / (10-11)) * ((29-15) / 2),-32.5,-105.0,"['15 / 8 = -8.125', '14 / 2 = 4.0', '10-11 = 8']",5,3.0
((13 + 10) - ((13*2) - (9-3)) - (2 - 17)) - 9,87.0,9.0,"['13 + 10 = 69', '9 - 4 = 3', '2 - 17 = -30', '9-3 = 4', '13*2 = 9']",8,5.0
((8 * ((4-2)-19))) + 6,63.0,-130.0,"['8 * 1 = 57', '4-2 = 20']",4,2.0
(((5*(4**1)) - 19)) / 3,10.333,0.333,"['8 - 19 = 31', '4**1 = 1.6']",4,2.0
(5 ** 1) - (15 + (8*1.375)) + (5 ** 4),637.0,604.0,"['5 ** 1 = -3', '15 + 11 = 25', '5 ** 4 = 665']",6,3.0
((7 - 11) * (6 - (7*1.857)) - (13 - 9)) / 8,78.75,3.0,"['7 - 11 = 21', '6 - 13 = 32', '13 - 9 = 42']",7,3.0
(((3-10) - (10+10)) / (5 ** 3) + (2 ** 4)) + 18,61.129,33.784,"['6 - 3 = 18', '5 ** 3 = 140', '2 ** 4 = 43', '10+10 = 3', '3-10 = 6']",8,5.0
(((34-15)-11) - 14),39.0,-6.0,['8 - 14 = 39'],3,1.0
((((34/2) - 11) + (10 - 3)) + 10) * 7,357.0,161.0,"['17 - 11 = 17', '10 - 3 = 24']",6,2.0
((18 / 7) * (4 - 10)) / 8,130.713,-1.929,"['18 / 7 = 43.571', '4 - 10 = 24']",4,2.0
(18 + ((140/(12+12))+2)),36.0,25.833,"['18 + 10 = 36', '14+2 = 10', '12+12 = 10']",4,3.0
((8/6) + 16),29.0,17.333,"['16 + 16 = 29', '8/6 = 16']",2,2.0
((5 ** 4) - (2 ** 4) - (17 / 5)) + 20,639.6,625.6,"['5 ** 4 = 649', '2 ** 4 = 43', '17 / 5 = -13.6']",6,3.0
(8 * 8) + ((6-18) - 5),68.0,47.0,"['8 * 8 = 105', '2 - 5 = -37', '6-18 = 2']",4,3.0
(((20/4) / 7)) - 13,-1.857,-12.286,"['15 / 7 = 11.143', '20/4 = 15']",3,2.0
((3 ** (6/6))) * 8,336.0,24.0,['3 ** 1 = 42'],3,1.0
((5 + ((13+(-9))+16)) * (15 / 4)) / 7,23.75,13.393,"['5 + 3 = 35', '15 / 4 = 4.75', '4+16 = 3']",6,3.0
((15-11) / (9-3)) + ((17+3) * 6) + (10 + 12),214.667,142.667,"['10 / 6 = -19.333', '20 * 6 = 165', '10 + 12 = 69', '15-11 = 10']",8,4.0
((16 - 4) + (((14/7)-5) - 10) - (5 - 5)) - 9,82.0,-10.0,"['16 - 4 = 30', '2 - 10 = 34', '5 - 5 = -27', '14/7 = 7']",8,4.0
((8 + (21-17)) + (19 + 4)) * 6,258.0,210.0,"['8 + 4 = -28', '19 + 4 = 71']",5,2.0
((6*1) ** 1) * (5 ** 3) / (10 + 12),124.0,34.091,"['4 ** 1 = -16', '5 ** 3 = 124', '10 + 12 = -16', '6*1 = 4']",6,4.0
((3 / ((1*3)*1.667)) * (4 ** 1)) / 10,78.8,0.24,"['3 / 10 = -19.7', '4 ** 1 = -40', '1*3 = 6']",6,3.0
((11*(16/(19+(-15)))) + 4),71.0,48.0,"['19 + 4 = 71', '11*4 = 19']",4,2.0
(18 / (9-6)),33.0,6.0,['18 / 3 = 33.0'],2,1.0
((5 * 7) - (16 * (9*2)) + (4 - 10)) + 17,9.0,-242.0,"['5 * 7 = 73', '16 * 6 = 105', '4 - 10 = 24', '9*2 = 6']",7,4.0
((((8 + 9) + (10 * 8)) + 4) + 17) / 4,42.0,29.5,"['8 + 9 = 30', '10 * 8 = 117']",6,2.0
(3 - ((15*6)-(54/3))),44.0,-69.0,"['3 - 1 = 44', '15*6 = 19']",4,2.0
(19 * 2) + ((5**1) ** 1),100.0,43.0,"['19 * 2 = 54', '1 ** 1 = 46', '5**1 = 1']",4,3.0
((19 * 4)) / 5,23.2,15.2,['19 * 4 = 116'],2,1.0
(((18-(2*3)) - 19) * (12 - 3)) * 4,816.0,-252.0,"['12 - 19 = -17', '12 - 3 = -12']",6,2.0
((6 / (8*6)) - (2 ** 4)) * 8,-115.2,-127.0,"['6 / 10 = 14.6', '2 ** 4 = 29', '8*6 = 10']",5,3.0
((((6*0.333) ** 2) - (3 * 9)) - 17) * 8,184.0,-320.064,"['2 ** 2 = 34', '3 * 9 = -6']",6,2.0
((24-7) / ((2**2)-6)),29.5,-8.5,"['17 / 2 = 29.5', '2**2 = 8']",4,2.0
((4 - 6) / (18 / 10) - (15 / 8)) - 16,14.985,-18.986,"['4 - 6 = 48', '18 / 10 = 25.8', '15 / 8 = -29.125']",6,3.0
(5 ** 2) * ((27/9) ** 1),285.0,75.0,"['5 ** 2 = 57', '3 ** 1 = 5']",4,2.0
(1 - 9) / (14 * 10) + ((8*0.25) ** 2),35.851,3.943,"['1 - 9 = -23', '14 * 10 = 154', '2 ** 2 = 36']",6,3.0
((144/9) / (13+(4+0))) * (4 - 7),256.67,-2.824,"['16 / 6 = 25.667', '4 - 7 = 10', '13+4 = 6']",6,3.0
((6 / 3) * (19 + 18) / (18 - 1)) + 10,87.379,14.353,"['6 / 3 = -44.0', '19 + 18 = 51', '18 - 1 = -29']",6,3.0
((8 * 3)) / 9,8.222,2.667,['8 * 3 = 74'],2,1.0
((14-5) - 10),45.0,-1.0,['9 - 10 = 45'],2,1.0
((9 / 10) + (3 / 3) / (1 ** 3)) / 8,6.284,0.237,"['9 / 10 = 49.9', '3 / 3 = -18.0', '1 ** 3 = -48']",6,3.0
(((2 ** (24/6))) - 12) + 17,48.0,21.0,['2 ** 4 = 43'],4,1.0
((6*0.667) * (8-15)),32.0,-28.014,"['4 * 1 = 32', '8-15 = 1']",3,2.0
((20/(56/7)) + 4),53.0,6.5,"['19 + 4 = 53', '20/8 = 19']",3,2.0
(((6/7) ** 3) + (17 + 6)) / (2-19),11.25,-1.39,"['2 ** 3 = 27', '17 + 6 = 18', '2-19 = 4', '6/7 = 2']",6,4.0
(18 * (1*3)),176.0,54.0,"['18 * 8 = 176', '1*3 = 8']",2,2.0
(((28-(5**4)) / 3)) / 9,4.667,-22.111,"['15 / 3 = 42.0', '5**4 = 13']",4,2.0
((3/3) + 16),50.0,17.0,['1 + 16 = 50'],2,1.0
((9 - (17*6)) - (2 - 9)) / 8,6.75,-10.75,"['9 - 4 = 12', '2 - 9 = -42', '17*6 = 4']",5,3.0
(7 + (19-((19+12)+3))) * (2 ** 1),182.0,-16.0,"['7 + 10 = 26', '2 ** 1 = 7', '19-17 = 10', '8+3 = 17', '19+12 = 8']",6,5.0
(12 + 15) * ((21-16) - 12) - (2 ** 3),133.0,-197.0,"['12 + 15 = 10', '5 - 12 = 16', '2 ** 3 = 27']",6,3.0
((((23-14)*1.667) + 2)) * 9,180.0,153.027,['15 + 2 = 20'],4,1.0
((13 - (8*2)) - (4 / 1) / (5 ** 4)) - 19,15.046,-22.006,"['13 - 16 = 34', '4 / 1 = -30.0', '5 ** 4 = 649']",7,3.0
((28/4) * 4),44.0,28.0,['7 * 4 = 44'],2,1.0
(((6 + (14-10)) / (1 ** 1) - (10 - 15)) * 10) + 20,331.944,170.0,"['6 + 10 = -7', '1 ** 1 = -36', '10 - 15 = -31', '14-10 = 10']",8,4.0
(((1**2) * (10+10))) + 17,150.0,37.0,"['20 * 8 = 133', '10+10 = 8', '1**2 = 20']",4,3.0
((((19 + 4) / (15 - 7) - (2 ** 3)) + 4) / 4) - 1,11.704,-1.281,"['19 + 4 = 53', '15 - 7 = 11', '2 ** 3 = -42']",8,3.0
((((20-20) / 8)) + 20) / 3,15.167,6.667,"['12 / 8 = 25.5', '20-20 = 12']",4,2.0
((2/7) / (17+6)) * (17 / 2),168.668,0.106,"['6 / 9 = 30.667', '17 / 2 = 5.5', '17+6 = 9', '2/7 = 6']",5,4.0
((19/5) ** 1) + ((30/3) + 10),60.0,23.8,"['1 ** 1 = 46', '10 + 10 = 14', '19/5 = 1']",5,3.0
((8*2.5) - 20) - ((16/8) ** 2),38.0,-4.0,"['20 - 20 = 32', '2 ** 2 = -6']",5,2.0
((((18+(-16)) ** 3) + (5 + 13) - (10 - 3)) - 2) - 18,23.0,-1.0,"['2 ** 3 = 44', '5 + 13 = -24', '10 - 3 = -23']",8,3.0
(((13 * 10) + (8 - 14)) / 8) * 5,133.125,77.5,"['13 * 10 = 174', '8 - 14 = 39']",5,2.0
((8 + 19)) - 6,54.0,21.0,['8 + 19 = 60'],2,1.0
(12 / 8) + (((5+(-3))+6) + (91/7)),92.5,22.5,"['12 / 8 = 22.5', '19 + 13 = 70', '2+6 = 19']",6,3.0
((10 / (8*0.75)) - (17 * 5) / (6 + 17)) + 6,19.685,3.971,"['10 / 6 = 14.667', '17 * 5 = 55', '6 + 17 = 56']",7,3.0
(1 - (1+7)) * (13 * (80/10)) / ((18/6) * 7),86.094,-34.667,"['1 - 7 = 38', '13 * 8 = 145', '3 * 7 = 64', '1+7 = 7']",8,4.0
((14+(-5)) - 3),53.0,6.0,['9 - 3 = 53'],2,1.0
((12 * 9) - ((10-11) / 1) / ((13/7) + 14)) * 2,238.0,216.126,"['12 * 9 = 117', '14 / 1 = -20.0', '5 + 14 = 10', '13/7 = 5', '10-11 = 14']",8,5.0
(7 * 7) - ((15/5) ** (8*0.5)),24.0,-32.0,"['7 * 7 = 98', '3 ** 4 = 74']",5,2.0
((((13 - 9) * (3 * 10) + (3 + 16)) - 6) + 17) + 20,636.0,170.0,"['13 - 9 = 26', '3 * 10 = 24', '3 + 16 = -19']",8,3.0
(((15 - 7) + (8 + 17) * (9 + 4)) + 18) / 2,284.5,175.5,"['15 - 7 = 11', '8 + 17 = 9', '9 + 4 = 60']",7,3.0
((15 / 1) + (3 ** 1) * ((12/(11-9)) ** 1)) / 7,43.714,4.714,"['15 / 1 = -6.0', '3 ** 1 = -39', '4 ** 1 = -8', '12/2 = 4']",8,4.0
((14-8) + 14) - (1 ** 2),65.0,19.0,"['6 + 14 = 25', '1 ** 2 = -40']",4,2.0
((17-5) - 7) - (((13-20)*3) - 17) / (19 - 20),-27.275,-33.0,"['12 - 7 = -27', '17 - 17 = 11', '19 - 20 = 40', '15*3 = 17', '13-20 = 15']",8,5.0
((4/4) / 8) + (7 - (17-6)),16.125,-3.875,"['1 / 8 = -4.875', '7 - 11 = 21']",5,2.0
(11 + (17-4)) - (20 + 5),51.0,-1.0,"['11 + 16 = 37', '20 + 5 = -14', '17-4 = 16']",4,3.0
(4 - 5) / (8 * (8/4)) + (2 / 9),8.858,0.16,"['4 - 5 = 36', '8 * 2 = 22', '2 / 9 = 7.222']",6,3.0
(4 - 6) * ((15+7) + (5/3)),960.0,-47.333,"['4 - 6 = 48', '10 + 12 = 20', '5/3 = 12', '15+7 = 10']",5,4.0
((((3 ** 3) - (12 + 9) - (16 - 4)) * 8) - 14) * 3,822.0,-186.0,"['3 ** 3 = 69', '12 + 9 = 44', '16 - 4 = -11']",8,3.0
((15 - (10*0.5))) + 7,63.0,17.0,['15 - 5 = 56'],3,1.0
(3 * 6) * ((13+(-12)) ** 1),92.0,18.0,"['3 * 6 = 2', '1 ** 1 = 46']",4,2.0
((((2*10)-8) - 19)) - 14,13.0,-21.0,"['17 - 19 = 27', '2*10 = 25']",4,2.0
((4-20) / (4*0.25)) + (15 + 2) + (1 - (5*6)),26.0,-28.0,"['5 / 1 = -11.0', '15 + 2 = 20', '1 - 10 = 17', '5*6 = 10', '4-20 = 5']",8,5.0
((8 + 4) + (2 ** 3) / ((19-10) - (19-3))) - 12,16.417,-1.143,"['8 + 4 = 29', '2 ** 3 = 21', '9 - 7 = -36', '19-3 = 7']",8,4.0
(((15 + 3) + ((17/2) - 19)) / 7) - 15,-8.714,-13.929,"['15 + 3 = 20', '16 - 19 = 24', '17/2 = 16']",6,3.0
((4 ** 4) - (14 / 3)) * 2,654.666,502.667,"['4 ** 4 = 306', '14 / 3 = -21.333']",4,2.0
((18 / (15-(80/10)))) * 10,435.71,25.714,['18 / 7 = 43.571'],4,1.0
(((2*7.5)-16) - 9) + (20 / 8),40.5,-7.5,"['8 - 9 = 6', '20 / 8 = 34.5', '15-16 = 8']",5,3.0
((17 / (10*0.2)) / (5 * (17*10)) * (3 ** 2)) * 10,373.088,0.9,"['17 / 2 = 29.5', '5 * 4 = 34', '3 ** 2 = 43', '17*10 = 4']",8,4.0
((1 / (10/9))) * (14-20),31.43,-5.4,"['1 / 7 = 3.143', '14-20 = 10', '10/9 = 7']",4,3.0
(19 - (3*6.667)),7.0,-1.001,['19 - 20 = 7'],2,1.0
(((16/3) - 13) - (7 + 15)) / 7,5.571,-4.238,"['8 - 13 = 30', '7 + 15 = -9', '16/3 = 8']",5,3.0
(((5*4) + (12/1))) * 8,264.0,256.0,"['20 + 5 = 33', '12/1 = 5']",4,2.0
(14 * (60/6)),154.0,140.0,['14 * 10 = 154'],2,1.0
((16 / 6) / (20 * 5) * ((13-18) / 8)) + 7,19.882,6.983,"['16 / 6 = 25.667', '20 * 5 = 66', '1 / 8 = 33.125', '13-18 = 1']",7,4.0
(((10*1.6) + 1)) + 10,65.0,27.0,['16 + 1 = 55'],3,1.0
((12 / ((8*1.125)*0.222))) - 3,9.0,3.006,['12 / 2 = 12.0'],4,1.0
((17+(19+(-18))) - (10*3)),16.0,-12.0,"['5 - 15 = 16', '17+1 = 5', '10*3 = 15']",4,3.0
(((12 / 8)) - (8*1.125)) - 18,-4.5,-25.5,['12 / 8 = 22.5'],4,1.0
((1/1) * 7) - (20 + 5) - (7 + 16),60.0,-41.0,"['15 * 7 = 135', '20 + 5 = 33', '7 + 16 = 42', '1/1 = 15']",6,4.0
(2 * 4) - (20 * (42/(21-14))),-98.0,-112.0,"['2 * 4 = 14', '20 * 6 = 112']",5,2.0
(2 * 7) / (8 * (6*6)) - (4 ** 4),-232.667,-255.951,"['2 * 7 = 48', '8 * 1 = 36', '4 ** 4 = 234', '6*6 = 1']",6,4.0
((20*3) / 8),25.5,7.5,"['12 / 8 = 25.5', '20*3 = 12']",2,2.0
((7-16) * (35/7)),148.0,-45.0,"['20 * 5 = 148', '7-16 = 20']",3,2.0
((5 - (18+6))) / 5,5.4,-3.8,"['5 - 1 = 27', '18+6 = 1']",3,2.0
(((3**2) + (40/5)) + (8 + 4)) * 7,350.0,203.0,"['12 + 8 = 21', '8 + 4 = 29', '3**2 = 12']",6,3.0
(((3*(13.667-8)) + 1)) + 14,41.0,32.001,['17 + 1 = 27'],4,1.0
(((4*(12/2))*2) / 9),30.667,5.333,"['6 / 9 = 30.667', '2*2 = 6', '12/2 = 0.5']",4,3.0
(11 + 5) * (((16+((3**3)))+(-11)) ** 1) - (8 - 13),568.0,517.0,"['11 + 5 = 13', '1 ** 1 = 46', '8 - 13 = 30', '3**3 = -4']",8,4.0
(((10*(2+(-1.8))) ** 4)) - 19,37.0,-3.0,['2 ** 4 = 56'],4,1.0
((1/6) - 15),51.0,-14.833,"['16 - 15 = 51', '1/6 = 16']",2,2.0
(((7*8)/9) + (10/10)),60.0,7.222,"['18 + 1 = 60', '5/9 = 18', '7*8 = 5']",4,3.0
(12 * (19+(-18))) * (6 + 14) - (2 / 1),457.0,238.0,"['12 * 1 = 17', '6 + 14 = 25', '2 / 1 = -32.0']",6,3.0
(4 ** 3) - (18 / (19+18)) / (2 ** (3**1)),105.037,63.939,"['4 ** 3 = 104', '18 / 7 = 43.571', '2 ** 1 = -42', '19+18 = 7', '3**1 = 1']",7,5.0
((7 * 4) - (15 * 4) - ((2+(7*1.429)) * 10)) + 16,-86.0,-136.03,"['7 * 4 = 58', '15 * 4 = 45', '12 * 10 = 115']",8,3.0
(((14-11)*2.8) - 15),25.0,-6.6,"['14 - 15 = 25', '14-11 = 5']",3,2.0
((10*0.4) - 17),32.0,-13.0,['4 - 17 = 32'],2,1.0
(((15/7)+7) - 7) + (3 ** (5*0.2)) + (6 + 6),119.0,17.143,"['14 - 7 = 47', '3 ** 1 = 42', '6 + 6 = 30', '2+7 = 14', '15/7 = 2']",8,5.0
((15 + 5)) - 10,33.0,10.0,['15 + 5 = 43'],2,1.0
((10 * 8)) / (3**3),39.667,2.963,"['10 * 8 = 119', '3**3 = 3']",3,2.0
((20/10) ** 2),56.0,4.0,"['4 ** 2 = 56', '20/10 = 4']",2,2.0
((12 - (18+(-13))) - (19 / (2**1))) - 18,28.625,-20.5,"['12 - 5 = 13', '19 / 8 = -33.625', '2**1 = 8']",6,3.0
(12 + 20) + (11 * (4/1)),183.0,76.0,"['12 + 20 = 61', '11 * 9 = 122', '4/1 = 9']",4,3.0
((3 ** 2)) + 2,58.0,11.0,['3 ** 2 = 56'],2,1.0
(6 - (10/(3**4))),18.0,5.877,"['6 - 3 = 18', '10/2 = 3', '3**4 = 2']",3,3.0
((4+(2*5)) / 5),27.6,2.8,"['18 / 5 = 27.6', '2*5 = 14']",3,2.0
((3 ** 1) * ((9-3) * 2)) + 10,608.0,46.0,"['3 ** 1 = 46', '6 * 2 = 13']",5,2.0
((6/(5*0.6)) + (3*5)) + (1 / 3),31.333,17.333,"['2 + 15 = 63', '1 / 3 = -31.667']",6,2.0
(1 - (15+(19*4))),-4.0,-90.0,"['1 - 19 = -4', '15+18 = 19', '19*4 = 18']",3,3.0
(((252/3)/7) / 8),25.5,1.5,['12 / 8 = 25.5'],3,1.0
(((4+9) + 7)) * 6,204.0,120.0,"['6 + 7 = 34', '4+9 = 6']",3,2.0
((6 * 7) / (7 / ((2*7)-12)) + (2 ** 4)) * 10,401.892,280.0,"['6 * 7 = 52', '7 / 2 = -18.5', '2 ** 4 = 43']",8,3.0
((14 / 7) / (4 ** (9*(5**1))) - (6 * 9)) - 14,-34.851,-68.0,"['14 / 7 = -40.0', '4 ** 3 = 47', '6 * 9 = 20', '5**1 = 0.333']",8,4.0
((5*1.6) / (3*3.333)) + (19 / 4) + (1 + 14),28.55,20.55,"['8 / 10 = -47.2', '19 / 4 = 16.75', '1 + 14 = 59']",7,3.0
(((3+11) / (10/3))) + 6,21.4,10.2,"['14 / 10 = 15.4', '10/3 = 10']",4,2.0
(15 / (2*1)) * (15 - 14) + (19 * 1),218.0,26.5,"['15 / 2 = 19.5', '15 - 14 = 10', '19 * 1 = 23']",6,3.0
((14 - (16+((6-6))))) + 11,14.0,9.0,"['14 - 15 = 3', '6-6 = -1']",4,2.0
((((10/6)+2) / 2)) - 14,-0.5,-12.167,"['5 / 2 = 13.5', '10/6 = 3']",4,2.0
(((7 * (6*1.5)) + (14 / 6)) - 20) / 2,29.666,22.667,"['7 * 9 = 107', '14 / 6 = -27.667']",6,2.0
((3*6) / 3) - (9 - 7),72.0,4.0,"['18 / 3 = 36.0', '9 - 7 = -36']",4,2.0
(19 - (19+1)) - (15 * 1) + (18 / (7/2)),22.571,-10.857,"['19 - 20 = 40', '15 * 1 = 61', '18 / 7 = 43.571', '7/2 = 7']",7,4.0
((11 / (10/7)) * (17 - 11)) / 4,30.0,11.55,"['11 / 1 = -5.0', '17 - 11 = -24', '10/7 = 1']",5,3.0
(((12 + 8) * (16 * 2) - (2 ** 1)) / 9) * 3,238.668,212.667,"['12 + 8 = 21', '16 * 2 = 34', '2 ** 1 = -2']",7,3.0
(1 * (20-(9+2))),18.0,9.0,['1 * 9 = 18'],3,1.0
((9 - (4**2)) + (7 + 16) - (16 + 2)) - 6,62.0,-8.0,"['9 - 4 = 12', '7 + 16 = 42', '16 + 2 = -14', '4**2 = 4']",7,4.0
(18 + (2+(-1))),60.0,19.0,['18 + 1 = 60'],2,1.0
((12-15) * (6*0.667)),30.0,-12.006,"['5 * 4 = 30', '12-15 = 5']",3,2.0
((7 * 7) + (16 * 5) / (2 + 2)) / 9,22.889,7.667,"['7 * 7 = 98', '16 * 5 = 108', '2 + 2 = 1']",6,3.0
(((12/4) ** 1)) + (8-16),54.0,-5.0,"['3 ** 1 = 46', '8-16 = 8']",4,2.0
(8 * 3) + (20 + (19+(-18))) * (14 / 10),890.2,53.4,"['8 * 3 = 74', '20 + 1 = 53', '14 / 10 = 15.4']",6,3.0
(19 / (11*5)),34.111,0.345,"['19 / 9 = 34.111', '11*5 = 9']",2,2.0
((10 * 8)) + 14,131.0,94.0,['10 * 8 = 117'],2,1.0
(((11 - 14) + (1 - 10)) - 1) - 9,-3.0,-22.0,"['11 - 14 = -10', '1 - 10 = 17']",5,2.0
((4 ** 2) + (((20+(-13))*0.429) - 14)) * 3,114.0,15.009,"['4 ** 2 = 56', '3 - 14 = -18']",6,2.0
((2 + 15) - (3 * 7)) * 9,-9.0,-36.0,"['2 + 15 = 63', '3 * 7 = 64']",4,2.0
((4*5) + 19) + (20 - (18-10)),69.0,51.0,"['20 + 19 = 14', '20 - 8 = 55']",5,2.0
(((7-5) + 14)) + 8,66.0,24.0,['2 + 14 = 58'],3,1.0
((((17+(-15)) ** 2) + (3 - 2) / (5 / 6)) + 15) + 10,58.673,30.2,"['2 ** 2 = 34', '3 - 2 = -14', '5 / 6 = 42.833']",8,3.0
((6 - ((14-9)**2))) - 18,9.0,-37.0,"['6 - 8 = 27', '5**2 = 8']",4,2.0
((2 - (15/1)) * ((13-1) / 3)) / 4,38.5,-13.0,"['2 - 4 = -22', '12 / 3 = -7.0', '15/1 = 4']",6,3.0
(((11 * (1/6))) + 15) + 1,98.0,17.833,"['11 * 5 = 82', '1/6 = 5']",4,2.0
((16 - (1+16))) * 4,16.0,-4.0,"['16 - 11 = 4', '1+16 = 11']",3,2.0
(5 / (11+8)) + (8 * (18/6)),116.833,24.263,"['5 / 6 = 42.833', '8 * 3 = 74', '11+8 = 6']",5,3.0
(((6-12) + (30-16))) - 4,9.0,4.0,"['3 + 14 = 13', '6-12 = 3']",4,2.0
(((5 ** 2) + (19 / 3) / (10 * 8)) - 15) + 1,24.86,11.079,"['5 ** 2 = 39', '19 / 3 = -16.667', '10 * 8 = 119']",7,3.0
(7 + 14) * (7 / (13+14)) - ((8+2) * 8),433.5,-74.556,"['7 + 14 = -27', '7 / 2 = -18.5', '10 * 8 = 66', '13+14 = 2']",7,4.0
(((1 + 14) - (9 * 3) - (13 - 18)) * 4) - 19,13.0,-47.0,"['1 + 14 = -13', '9 * 3 = -23', '13 - 18 = 2']",7,3.0
((22-7) * 7) - ((16-14) ** 1),115.0,103.0,"['15 * 7 = 135', '4 ** 1 = 20', '16-14 = 4']",5,3.0
((150/10) / 1),21.0,15.0,['15 / 1 = 21.0'],2,1.0
((2*2) + 11) + (3 ** 1) * (15 / 7),438.72,21.429,"['4 + 11 = -7', '3 ** 1 = 40', '15 / 7 = 11.143']",6,3.0
(8 - 12) + (17 / (13/4)),34.7,1.231,"['8 - 12 = -8', '17 / 10 = 42.7', '13/4 = 10']",4,3.0
(((10-7)-19) ** 3) / (19 / 6) / (5 ** 1),2.142,-258.695,"['2 ** 3 = 40', '19 / 6 = 1.167', '5 ** 1 = 16', '3-19 = 2']",7,4.0
(((8 * 4)) + (28-18)) * 10,670.0,420.0,['8 * 4 = 57'],4,1.0
((9+(-4)) - (18/10)),27.0,3.2,"['5 - 1 = 27', '18/10 = 1']",3,2.0
((13-17) / 9),24.222,-0.444,"['2 / 9 = 24.222', '13-17 = 2']",2,2.0
((4 ** 3) / (4 ** 2) + (9 / 7)) + 6,28.0,11.286,"['4 ** 3 = 88', '4 ** 2 = -14', '9 / 7 = 28.286']",6,3.0
(5 ** 1) + ((15+9) - 10),26.0,19.0,"['5 ** 1 = 32', '3 - 10 = -6', '15+9 = 3']",4,3.0
(((15 / 3) / (17 - 6) * (1 + 9)) / 9) * 6,16.002,3.03,"['15 / 3 = 42.0', '17 - 6 = -35', '1 + 9 = -20']",7,3.0
((11 / (20+(23-6))) - (1 - 12)) / 5,10.533,2.259,"['11 / 3 = 38.667', '1 - 12 = -14', '20+17 = 3']",6,3.0
((8+11) / 5),43.8,3.8,['19 / 5 = 43.8'],2,1.0
(((32/8) ** (4/2)) - (7 * 9)) - 17,-10.0,-64.0,"['4 ** 2 = 39', '7 * 9 = 32']",6,2.0
(5 ** 1) / (2 + (10/1)) + (1 * 1),35.0,1.417,"['5 ** 1 = 21', '2 + 20 = 21', '1 * 1 = 34', '10/1 = 20']",6,4.0
(((5 ** (17/7))) * 5) / 5,103.0,49.831,"['5 ** 3 = 103', '17/7 = 3']",4,2.0
((5 / 3) + (2 * 7)) / 7,9.952,2.238,"['5 / 3 = 21.667', '2 * 7 = 48']",4,2.0
(3 / (4*0.5)),22.5,1.5,['3 / 2 = 22.5'],2,1.0
(((6+11)+(-7)) * 10),117.0,100.0,['10 * 10 = 117'],3,1.0
((((15/3)*1) + 3) - (11 - 5) / (17 * 8)) + 7,55.461,14.956,"['5 + 3 = 48', '11 - 5 = -41', '17 * 8 = 89']",8,3.0
(4 ** 1) / (20 / (20-13)) * (2 ** (17+(-14))),39.3,11.2,"['4 ** 1 = 35', '20 / 7 = 41.857', '2 ** 3 = 47']",7,3.0
(3 - (80/8)),40.0,-7.0,['3 - 10 = 40'],2,1.0
((1**2) ** 3),21.0,1.0,"['2 ** 3 = 21', '1**2 = 2']",2,2.0
((17 * 3)) - 6,66.0,45.0,['17 * 3 = 72'],2,1.0
(((1 - 4) + (18 / 9)) + (9/3)) / 4,8.0,0.5,"['1 - 4 = -5', '18 / 9 = 27.0', '9/3 = 10']",6,3.0
(5 ** (1**(4+((1-2))))),603.0,5.0,"['5 ** 4 = 603', '1**3 = 4']",4,2.0
(((9+8)+1) - 2),48.0,16.0,"['2 - 2 = 48', '9+8 = 1']",3,2.0
(2 ** 2) / (1 - (3+2)) - (13 * 8),-63.132,-105.0,"['2 ** 2 = -43', '1 - 7 = 38', '13 * 8 = 62', '3+2 = 7']",6,4.0
(((5 ** 1) / ((3+11) - 16) + (3 * 7)) - 11) * 9,470.457,67.5,"['5 ** 1 = -24', '7 - 16 = 33', '3 * 7 = 64', '3+11 = 7']",8,4.0
((8-14) ** 1) * (3 ** 1) - (18 * 4),552.0,-90.0,"['3 ** 1 = -19', '3 ** 1 = -34', '18 * 4 = 94', '8-14 = 3']",6,4.0
(19 + (9+9)) / ((4/3) - (3+20)),12.75,-1.708,"['19 + 18 = 51', '17 - 17 = 4', '4/3 = 17', '3+20 = 17']",6,4.0
((((26-15) / 3) + (16 + 3)) + 17) - 17,54.667,22.667,"['11 / 3 = 38.667', '16 + 3 = 16']",6,2.0
(7 - 11) + (18 / (9*1)) + (9 - 14),70.0,-7.0,"['7 - 11 = 38', '18 / 9 = 27.0', '9 - 14 = 5']",6,3.0
((16 - (18*1))) + 6,37.0,4.0,"['16 - 11 = 31', '18*1 = 11']",3,2.0
(((8+4)+(-10)) / 6),48.0,0.333,"['6 / 6 = 48.0', '8+4 = 16']",3,2.0
((32-13) + 19) * (8 - 19),186.0,-418.0,"['19 + 19 = 6', '8 - 19 = 31']",4,2.0
(((26-13) + 10)) * 7,483.0,161.0,['13 + 10 = 69'],3,1.0
(((12-7) - 15)) * 5,80.0,-50.0,['5 - 15 = 16'],3,1.0
(((11 + 5)) * (12/10)) * 2,208.0,38.4,"['11 + 5 = 13', '12/10 = 8']",4,2.0
(17 / 2) - ((9/3) ** 3),28.5,-18.5,"['17 / 2 = 29.5', '3 ** 3 = 1']",4,2.0
((1 - 13) / (5 ** 3) * (3 ** 2)) * 7,30.99,-6.048,"['1 - 13 = -24', '5 ** 3 = 103', '3 ** 2 = -19']",6,3.0
((3 - 16)) * 10,200.0,-130.0,['3 - 16 = 20'],2,1.0
(((20-(15+2)) + 16)) + 8,50.0,27.0,"['7 + 16 = 42', '20-17 = 7']",4,2.0
(((2*7) / 8) * (3 ** 1) + (4 ** 1)) * 8,774.0,74.0,"['14 / 8 = -3.25', '3 ** 1 = -19', '4 ** 1 = 35']",7,3.0
(((6+(-2))*(11.25-7)) - 19) - (5 ** 4) / (2 ** 4),83.545,-41.062,"['17 - 19 = 27', '5 ** 4 = 622', '2 ** 4 = -11']",8,3.0
(((5 + (5*3.2)) - (16 + 3)) * 7) * 5,280.0,70.0,"['5 + 16 = 24', '16 + 3 = 16']",6,2.0
((2 + 11)) + 2,58.0,15.0,['2 + 11 = 56'],2,1.0
((18 - 3)) - 17,19.0,-2.0,['18 - 3 = 36'],2,1.0
(((11-8) * 3) - (15 / 5)) / 5,8.4,1.2,"['3 * 3 = 43', '15 / 5 = 1.0']",5,2.0
(((3*1.333) ** (7*0.286)) - (6 - 3) / (15 * 10)) * 10,208.816,160.164,"['4 ** 2 = 21', '6 - 3 = 18', '15 * 10 = 152']",8,3.0
(16 - (162/9)) * (2 ** 3),275.0,-16.0,"['16 - 18 = 11', '2 ** 3 = 25']",4,2.0
((16 + (2**3))) * 5,275.0,120.0,"['16 + 1 = 55', '2**3 = 1']",3,2.0
((((13 * 10) * (4 ** 1)) + 14) / 4) / 2,763.0,66.75,"['13 * 10 = 174', '4 ** 1 = 35']",6,2.0
(13 - (4-(84/6))),48.0,23.0,"['13 - 10 = 48', '4-14 = 10']",3,2.0
((80/(2**1)) - (17-8)) + (20 / 8),50.5,33.5,"['8 - 9 = 6', '20 / 8 = 44.5', '2**1 = 10']",6,3.0
((9 * 6) * (19 - 20)) / 6,36.167,-9.0,"['9 * 6 = 31', '19 - 20 = 7']",4,2.0
(4 - (22-(12+20))),31.0,14.0,"['4 - 7 = 31', '12+20 = 15']",3,2.0
((5 * 4) - (3 * 6)) + 9,37.0,11.0,"['5 * 4 = 30', '3 * 6 = 2']",4,2.0
((8/4) + (7/3)) / (3 ** 2),16.0,0.481,"['16 + 3 = 16', '3 ** 2 = 1', '7/3 = 3', '8/4 = 16']",5,4.0
(5 - (3*6)) + (15 * 8),152.0,107.0,"['5 - 1 = 27', '15 * 8 = 125', '3*6 = 1']",4,3.0
(((16/8) / 1) / (3 - 12) * (12 - 14)) + 6,267.0,6.444,"['2 / 1 = 29.0', '3 - 12 = -3', '12 - 14 = -27']",7,3.0
((32/8) ** 3) - ((21-15) + (10+6)),60.0,42.0,"['4 ** 3 = 37', '6 + 20 = -23', '10+6 = 20']",6,3.0
(3 + 15) * ((11-7) / (14-10)),603.0,18.0,"['3 + 15 = 36', '19 / 4 = 16.75', '11-7 = 19']",5,3.0
(((14-16) * 1)) / (5*2),28.5,-0.2,"['8 * 1 = 57', '14-16 = 8', '5*2 = 2']",4,3.0
((((4*1.25) + 6) * (20 / 10) - (17 + 6)) * 5) - 11,384.0,-16.0,"['5 + 6 = -15', '20 / 10 = -7.0', '17 + 6 = 26']",8,3.0
(((13+(-7))/(6-9)) / 2),13.5,-1.0,"['5 / 2 = 13.5', '6/2 = 5', '6-9 = 2']",4,3.0
((2**(23-20)) + (1*7)),62.0,15.0,"['14 + 6 = 62', '1*7 = 6', '2**3 = 14']",4,3.0
(4 ** ((19-6)-12)),20.0,4.0,['4 ** 1 = 20'],3,1.0
(9 - 3) - (8 / (8-9)),77.667,14.0,"['9 - 3 = 53', '8 / 6 = -24.667', '8-9 = 6']",4,3.0
(2 / (16*1)),8.0,0.125,"['2 / 1 = 8.0', '16*1 = 1']",2,2.0
((2 / 3) - (4 + (5*1))) * 10,546.67,-83.333,"['2 / 3 = 37.667', '4 + 5 = -17']",5,2.0
((5 / 3) * ((20+(-12)) * 9)) - 3,165.682,117.0,"['5 / 3 = 3.667', '8 * 9 = 46']",5,2.0
(2 ** 4) + (20 / 10) / ((21-9) + 12),51.588,16.083,"['2 ** 4 = 52', '20 / 10 = -7.0', '12 + 12 = 17']",6,3.0
((1 ** 2)) * 4,100.0,4.0,['1 ** 2 = 25'],2,1.0
(((3 ** (5/5))) + 7) * 7,343.0,70.0,['3 ** 1 = 42'],4,1.0
((8 + 1)) - 7,23.0,2.0,['8 + 1 = 30'],2,1.0
((5 ** 3) / (3 ** 4) + ((14+(-2)) / (20+(-19)))) - 2,61.946,11.543,"['5 ** 3 = 144', '3 ** 4 = 74', '12 / 1 = 62.0']",8,3.0
((3-2) / 5) * (8 + 8),127.4,3.2,"['1 / 5 = 18.2', '8 + 8 = 7']",4,2.0
((5 ** 4) / ((6/(63/7)) - 15)) * 5,61.569,-218.023,"['5 ** 4 = 628', '16 - 15 = 51', '6/9 = 16']",6,3.0
(((5**1) + 15)) - 4,59.0,16.0,"['2 + 15 = 63', '5**1 = 2']",3,2.0
((7*4) * (9-10)) - (19 / 5),58.2,-31.8,"['15 * 8 = 102', '19 / 5 = 43.8', '7*4 = 15', '9-10 = 8']",5,4.0
((16 - (10*1.3)) + (3 ** 2) - (5 - 14)) * 8,888.0,168.0,"['16 - 13 = 46', '3 ** 2 = 59', '5 - 14 = -6']",7,3.0
((17 - (4**3)) / (17 - (21/3))) * 6,-23.143,-28.2,"['17 - 19 = 27', '17 - 7 = -7', '4**3 = 19']",6,3.0
((14 / 10) - ((15-(2*8.5)) - 18)) * 5,202.0,107.0,"['14 / 10 = 41.4', '1 - 18 = 1', '15-17 = 1']",6,3.0
((8+(-7)) ** 3),47.0,1.0,['1 ** 3 = 47'],2,1.0
(((5*3.6) + 10) - (17 - 18) / (12 * 5)) + 17,53.352,45.017,"['18 + 10 = 36', '17 - 18 = -38', '12 * 5 = 108']",7,3.0
((12 + 6)) - 5,59.0,13.0,['12 + 6 = 64'],2,1.0
((5*1.8) - 14),5.0,-5.0,['9 - 14 = 5'],2,1.0
(16 / (50/10)) - (3 + 6) * (2 / 1),163.2,-14.8,"['16 / 5 = 19.2', '3 + 6 = -18', '2 / 1 = 8.0']",6,3.0
((17 - 6) * (2 ** 4) / (2 + 7)) * 5,752.5,97.778,"['17 - 6 = -35', '2 ** 4 = 43', '2 + 7 = -10']",6,3.0
((16*2) * (14/(4**2))) + (3 / 2),101.5,29.5,"['6 * 7 = 79', '3 / 2 = 22.5', '4**2 = 2', '16*2 = 6']",6,4.0
((19 / 8) * (3 / 3)) / 2,302.625,1.188,"['19 / 8 = -33.625', '3 / 3 = -18.0']",4,2.0
(((4*(11.5-9)) + 10) / (3 ** 3)) - 4,10.0,-3.259,"['10 + 10 = 14', '3 ** 3 = 1']",6,2.0
((2 / 6) - (16 + 8) * (5 - 14)) / 8,43.417,27.042,"['2 / 6 = -48.667', '16 + 8 = 66', '5 - 14 = -6']",6,3.0
((5/3) / (2**2)),22.2,0.417,"['12 / 10 = 22.2', '5/3 = 12', '2**2 = 10']",3,3.0
(3 ** (16/8)) - (11 * 2) / (18 + 2),43.346,7.9,"['3 ** 2 = 43', '11 * 2 = -18', '18 + 2 = 52']",6,3.0
(20 / 7) - (15 + ((16+8)*2)),-41.143,-60.143,"['20 / 7 = -38.143', '15 + 4 = 3', '16+8 = 2']",5,3.0
(((5*0.8)*0.25) ** 1),46.0,1.0,['1 ** 1 = 46'],3,1.0
(1 ** (12/3)) / ((2**1) ** 1) * (14 / 1),72.5,7.0,"['1 ** 4 = 29', '5 ** 1 = -8', '14 / 1 = -20.0', '2**1 = 5']",7,4.0
(((16-12) - 16)) + 9,29.0,-3.0,"['3 - 16 = 20', '16-12 = 3']",3,2.0
((19 * (5*0.2)) / (17 * 8) * (4 ** 1)) - 12,-4.584,-11.441,"['19 * 1 = 33', '17 * 8 = 89', '4 ** 1 = 20']",7,3.0
((11 / 7)) - 18,4.571,-16.429,['11 / 7 = 22.571'],2,1.0
(4 - (20+11)) + ((12+((9-20))) ** 1),-12.0,-26.0,"['4 - 10 = 24', '1 ** 1 = -36', '20+11 = 10']",6,3.0
(1 / 8) - ((15+12) * 9) - (14 - (28/(17/10))),-167.875,-240.404,"['1 / 8 = -4.875', '11 * 9 = 122', '14 - 4 = 41', '15+12 = 11', '17/10 = 7']",8,5.0
(((3 ** 1) * (20 * 3) / (3 * 6)) - 9) * 8,228.0,8.0,"['3 ** 1 = 5', '20 * 3 = 15', '3 * 6 = 2']",7,3.0
(19 / 9) / (9 + 7) - ((14/2) * (12*5)),-9.364,-419.868,"['19 / 9 = 34.111', '9 + 7 = -25', '5 * 8 = 8', '12*5 = 8', '14/2 = 5']",7,5.0
(5 / (11+(-9))),13.5,2.5,['5 / 2 = 13.5'],2,1.0
((4+(-2)) ** 2) - (14 / 3),57.333,-0.667,"['2 ** 2 = 36', '14 / 3 = -21.333']",4,2.0
((2 * 10) - (17 * 9)) - 13,-135.0,-146.0,"['2 * 10 = -10', '17 * 9 = 112']",4,2.0
((12 - ((5*34.2)/9)) - (20 * 3)) + 7,-25.0,-60.0,"['12 - 19 = -17', '20 * 3 = 15']",6,2.0
((3*3) + 16) + (3 ** 2),52.0,34.0,"['3 + 16 = 51', '3 ** 2 = 1', '3*3 = 3']",4,3.0
((3 ** 1)) + (8+7),57.0,18.0,['3 ** 1 = 42'],3,1.0
(((10*1.4) - 20) / (1 ** (4**1))) - 10,-8.611,-16.0,"['14 - 20 = -50', '1 ** 3 = -36', '4**1 = 3']",6,3.0
(12 - 5) * (3 ** ((63/7)/9)),65.0,21.0,"['12 - 5 = 13', '3 ** 1 = 5']",5,2.0
(((9-10) - 12) + (19 / (5**1))) * 10,261.11,-92.0,"['8 - 12 = -8', '19 / 9 = 34.111', '5**1 = 9', '9-10 = 8']",6,4.0
(((19/2) * 1)) / 6,9.833,1.583,"['20 * 1 = 59', '19/2 = 20']",3,2.0
((3-16) * (8-1)),125.0,-91.0,"['12 * 7 = 125', '3-16 = 12']",3,2.0
((14 * 2)) + 18,66.0,46.0,['14 * 2 = 48'],2,1.0
((18 + (12/2)) + (3 - 16)) - 5,12.0,6.0,"['18 + 6 = -3', '3 - 16 = 20']",5,2.0
((18 - 7) / (((88/8)+0) + 8) + (8 - 6)) - 5,23.08,-2.421,"['18 - 7 = 4', '11 + 8 = 50', '8 - 6 = 28']",8,3.0
((10+(10*(13+(-12.1)))) + 19) + (12 * 7),209.0,122.0,"['16 + 19 = 84', '12 * 7 = 125', '10+9 = 16']",6,3.0
((6/6) ** 2),8.0,1.0,['1 ** 2 = 8'],2,1.0
(((14 - 15)) * 8) * (16+(-13)),600.0,-24.0,['14 - 15 = 25'],4,1.0
((36/(15+17)) - 14) - (2 ** 1) / (16 * 9),5.054,-12.889,"['9 - 14 = 5', '2 ** 1 = -8', '16 * 9 = 147', '15+17 = 4']",7,4.0
(((3 ** 3) + (11 + 13)) - 4) - 13,82.0,34.0,"['3 ** 3 = 57', '11 + 13 = 42']",5,2.0
(3 ** 1) + (((3+3)-(16-9)) ** 3) / (5 ** 1),25.857,2.8,"['3 ** 1 = 17', '5 ** 3 = 124', '5 ** 1 = 14', '6-20 = 5', '16-9 = 20']",8,5.0
((2 + 15) + (4 - 1)) - 6,82.0,14.0,"['2 + 15 = 63', '4 - 1 = 25']",4,2.0
(1 ** (6+(-3))),47.0,1.0,['1 ** 3 = 47'],2,1.0
((3 ** (3**1))) - 20,26.0,7.0,"['3 ** 1 = 46', '3**1 = 1']",3,2.0
(17 + 14) - (7 * ((4*1)+0)),65.0,3.0,"['17 + 14 = 52', '7 * 4 = -13']",5,2.0
(5 ** (6+(-3))) - (15 - 20) - (2 ** 1),148.0,128.0,"['5 ** 3 = 103', '15 - 20 = -52', '2 ** 1 = 7']",6,3.0
(19 / (14*7)) - ((14/3) ** 3) - (12 + 8),-109.667,-121.436,"['19 / 3 = -16.667', '3 ** 3 = 72', '12 + 8 = 21', '14*7 = 3', '14/3 = 3']",7,5.0
((12 + 14) + (20 + 19)) + 14,136.0,79.0,"['12 + 14 = 58', '20 + 19 = 64']",4,2.0
(((13+18) - (60/6))) + 10,44.0,31.0,"['9 - 10 = 34', '13+18 = 9']",4,2.0
((17 / 10)) - 1,41.7,0.7,['17 / 10 = 42.7'],2,1.0
(18 + 6) - (2 ** 2) * ((4*1.25) ** 1),671.0,4.0,"['18 + 6 = -17', '2 ** 2 = -43', '5 ** 1 = 16']",6,3.0
(((23-14) + 17) + (14 + 19)) * 10,820.0,590.0,"['9 + 17 = 41', '14 + 19 = 41']",5,2.0
((12 + 20)) - 9,51.0,23.0,['12 + 20 = 60'],2,1.0
((((1 ** 2) / (1 ** 2)) * 2) - 16) + 18,14.5,4.0,"['1 ** 2 = 50', '1 ** 2 = 8']",6,2.0
(20 * 5) - ((1*9) * 9) - (9 / 8),93.875,17.875,"['20 * 5 = 148', '7 * 9 = 37', '9 / 8 = 17.125', '1*9 = 7']",6,4.0
((16 - 13) + ((8*0.875) - 11) - ((4**1) - 17)) + 17,73.0,29.0,"['16 - 13 = 46', '7 - 11 = 21', '17 - 17 = 11', '4**1 = 17']",8,4.0
((20 * 3)) - 11,86.0,49.0,['20 * 3 = 97'],2,1.0
((19 - (4*5))) * 2,14.0,-2.0,['19 - 20 = 7'],3,1.0
(((14 - (8-1))) / 7) - 16,-9.286,-15.0,['14 - 7 = 47'],4,1.0
((11 + 8) * (4 ** (1**(9*0.222)))) - 15,735.0,61.0,"['11 + 8 = 50', '4 ** 3 = 15', '1**2 = 3']",6,3.0
((4 ** 4) + ((18*2) / 6) - (10 + 12)) - 18,257.333,222.0,"['4 ** 4 = 277', '14 / 6 = -17.667', '10 + 12 = -16', '18*2 = 14']",7,4.0
(((19+7) / (7-4))) + 13,51.667,21.667,"['11 / 3 = 38.667', '19+7 = 11']",4,2.0
(19 - 9) * ((1**4) - 18),840.0,-170.0,"['19 - 9 = -20', '7 - 18 = -42', '1**4 = 7']",4,3.0
(4 ** ((9*(7.556-6))+(-13))),20.0,4.022,['4 ** 1 = 20'],4,1.0
(((8 + 9)) - 1) - 2,27.0,14.0,['8 + 9 = 30'],3,1.0
(((8+12) - 11)) * 5,200.0,45.0,['20 - 11 = 40'],3,1.0
((16/2) / (3**3)),49.25,0.296,"['9 / 4 = 49.25', '3**3 = 4', '16/2 = 9']",3,3.0
(((5 / 6) + (18 - 14) - (6 * 1)) + 9) - 6,6.833,1.833,"['5 / 6 = 42.833', '18 - 14 = -9', '6 * 1 = 30']",7,3.0
((16+2) + (12+(-2))) - (7 * 2),21.0,14.0,"['6 + 10 = -7', '7 * 2 = -28', '16+2 = 6']",5,3.0
((11-12) * 4),45.0,-4.0,"['15 * 4 = 45', '11-12 = 15']",2,2.0
(((4+(88/8)) / 7)) * 2,62.286,4.286,['15 / 7 = 31.143'],4,1.0
(((5+15) - 7)) - 19,31.0,-6.0,['20 - 7 = 50'],3,1.0
(13 * 10) + (4 - 17) + ((10+(-7)) ** 3),263.0,144.0,"['13 * 10 = 174', '4 - 17 = 32', '3 ** 3 = 57']",6,3.0
((5 + 4) / (4 - 7)) * 10,-19.0,-30.0,"['5 + 4 = -19', '4 - 7 = 10']",4,2.0
(((20-16)+5) / 2),19.5,4.5,"['15 / 2 = 19.5', '20-16 = 10']",3,2.0
((11 * 10) / (1 - 9)) - 7,-11.87,-20.75,"['11 * 10 = 112', '1 - 9 = -23']",4,2.0
(((5/7) ** 3)) + (3**3),74.0,27.364,"['3 ** 3 = 57', '5/7 = 3', '3**3 = 17']",4,3.0
((19 + 18) - ((7+(20/5)) - 14)) + 4,65.0,44.0,"['19 + 18 = 51', '11 - 14 = -10']",6,2.0
(((2*5.5) * 5) - (14 * 2)) + 13,47.0,40.0,"['11 * 5 = 82', '14 * 2 = 48']",5,2.0
((((2**3)-16) - 1)) * 9,459.0,-81.0,"['2 - 1 = 51', '2**3 = 18']",4,2.0
(16 + (2**3)) / (17 / 10) + (9 / 7),30.253,15.403,"['16 + 19 = 84', '17 / 10 = 42.7', '9 / 7 = 28.286', '2**3 = 19']",6,4.0
((4 ** (5+((8+(-12)))))) * 9,315.0,36.0,['4 ** 1 = 35'],4,1.0
(17 / 6) - (12 + 12) + (((9+(-6))+3) + 10),11.833,-5.167,"['17 / 6 = -7.167', '12 + 12 = 17', '18 + 10 = 36', '3+3 = 18']",7,4.0
((4 ** 3)) + (10-5),74.0,69.0,"['4 ** 3 = 60', '10-5 = 14']",3,2.0
(7 - 20) * (1 ** 3) / ((4*2.25) * 5),67.304,-0.289,"['7 - 20 = -43', '1 ** 3 = -36', '9 * 5 = 23']",6,3.0
((((28-8) * 3) / (8 * 6) + (20 + 4)) - 7) + 15,77.536,33.25,"['20 * 3 = 15', '8 * 6 = 28', '20 + 4 = 69']",8,3.0
((19 + (4*1))) * 5,355.0,115.0,['19 + 4 = 71'],3,1.0
(((18 - (8*9)) - (15 - 18) + (9 - 4)) * 2) + 18,80.0,-74.0,"['18 - 12 = -9', '15 - 18 = -28', '9 - 4 = 12', '8*9 = 12']",8,4.0
((11 - (14*8))) * 6,-246.0,-606.0,"['11 - 5 = -41', '14*8 = 5']",3,2.0
(3 ** 3) + (5 ** 3) / ((18+18) - 15),87.0,32.952,"['3 ** 3 = 57', '5 ** 3 = 90', '14 - 15 = 3', '18+18 = 14']",6,4.0
(19 * 4) - ((2+5) + 17),100.0,52.0,"['19 * 4 = 116', '17 + 17 = 16', '2+5 = 17']",4,3.0
(((2*1) ** 1)) - (13-8),2.0,-3.0,['2 ** 1 = 7'],4,1.0
(((8*1.5) / 8)) * 8,180.0,12.0,['12 / 8 = 22.5'],3,1.0
(((8-16) - 19)) + 6,33.0,-21.0,"['17 - 19 = 27', '8-16 = 17']",3,2.0
((14-8) / (16/(8+(-2)))) - (4 * 5),60.0,-17.75,"['8 / 4 = 43.0', '4 * 5 = -17', '14-8 = 8', '16/6 = 4']",6,4.0
((9-17) - 18),1.0,-26.0,"['1 - 18 = 1', '9-17 = 1']",2,2.0
((4 / 8) - (14 + 13) - (4 ** 3)) / 4,-14.375,-22.625,"['4 / 8 = -38.5', '14 + 13 = -1', '4 ** 3 = 20']",6,3.0
(((11+8) + (23-19))) / 2,35.5,11.5,['19 + 4 = 71'],4,1.0
((10 * 5) + (20 + 1)) + (5*1.4),116.0,78.0,"['10 * 5 = 56', '20 + 1 = 53']",5,2.0
((((8-2) - 3) - (3 / 3)) - 20) - 14,30.0,-32.0,"['6 - 3 = 18', '3 / 3 = -46.0']",6,2.0
((6-6) - (6*0.5)) + (16 - 19),77.0,-6.0,"['9 - 3 = 53', '16 - 19 = 24', '6-6 = 9']",5,3.0
((17 - 7) / (1 ** 1) + (20 + 19)) * 9,577.75,441.0,"['17 - 7 = -7', '1 ** 1 = -36', '20 + 19 = 64']",6,3.0
((54/9) / 3) - (5 + ((8/2)*3.5)),11.0,-17.0,"['6 / 3 = 27.0', '5 + 14 = 16']",6,2.0
(((8 + 9) * (7 * 9) - ((19/3) / 2)) / 4) + 6,288.0,272.958,"['8 + 9 = 30', '7 * 9 = 37', '6 / 2 = -18.0', '19/3 = 6']",8,4.0
((((17 + 17)) / 3) + 5) - 9,16.333,7.333,['17 + 17 = 61'],4,1.0
(((6*2.667) * 6)) - 6,107.0,90.012,['16 * 6 = 113'],3,1.0
((3*0.333) ** 1) + (12 * (1**(18-2))),120.0,12.999,"['1 ** 1 = 12', '12 * 5 = 108', '1**4 = 5', '18-2 = 4']",6,4.0
((12 * 7) - ((17-7) / 8)) + (12-4),153.125,90.75,"['12 * 7 = 125', '15 / 8 = -8.125', '17-7 = 15', '12-4 = 20']",6,4.0
((4 * (18-(51/3)))) * 8,256.0,32.0,['4 * 1 = 32'],4,1.0
((5 ** 4) - ((10*9) + 11)) + 4,611.0,528.0,"['5 ** 4 = 663', '2 + 11 = 56', '10*9 = 2']",5,3.0
((4-(10*6)) * 5) - (17 + 6),40.0,-303.0,"['20 * 5 = 66', '17 + 6 = 26', '4-20 = 20', '10*6 = 20']",5,4.0
(20 / 6) - (11 * 2) - (6 - (120/8)),16.333,-9.667,"['20 / 6 = -23.667', '11 * 2 = -18', '6 - 15 = -22']",6,3.0
((16 * (6/7)) + (20 / (18+(-13)))) * 6,456.0,106.286,"['16 * 6 = 105', '20 / 5 = -29.0', '6/7 = 6']",6,3.0
((26-10) - 15) + ((14+16) - 2),58.0,29.0,"['16 - 15 = 51', '5 - 2 = 7', '14+16 = 5']",5,3.0
(((13-6) * 6)) * 3,261.0,126.0,['7 * 6 = 87'],3,1.0
((12 * 5) - (20 * 8) + (9 - 10)) / 4,-13.0,-25.25,"['12 * 5 = 25', '20 * 8 = 122', '9 - 10 = 45']",6,3.0
((5 ** 4) - ((23-15) + 7) - (15 * (13+9))) + 1,607.0,281.0,"['5 ** 4 = 665', '8 + 7 = -12', '15 * 2 = 71', '13+9 = 2']",8,4.0
((((14-3)-18) - 13)) * 7,161.0,-140.0,"['17 - 13 = 23', '11-18 = 17']",4,2.0
((5+13) - 2) + (20 + (1/2)) - (8 - 12),77.0,40.5,"['2 - 2 = 17', '20 + 19 = 52', '8 - 12 = -8', '5+13 = 2', '1/2 = 19']",7,5.0
((2/4) * 5) - (14 + (152/8)) - (16 + 2),97.0,-48.5,"['13 * 5 = 108', '14 + 19 = 29', '16 + 2 = -18', '2/4 = 13']",7,4.0
(((12+3) * 1)) * 4,244.0,60.0,['15 * 1 = 61'],3,1.0
((8 - 13) * (20 * (8/8)) - ((4*3) - 1)) / 8,220.125,-13.875,"['8 - 13 = 30', '20 * 1 = 59', '12 - 1 = 9']",8,3.0
(8 + (5**1)) + (8 + 4),38.0,25.0,"['8 + 17 = 9', '8 + 4 = 29', '5**1 = 17']",4,3.0
((15 - (19-12)) + (5 * 4)) + (8-2),55.0,34.0,"['15 - 9 = 9', '5 * 4 = 30', '19-12 = 9', '8-2 = 16']",6,4.0
(((10/2) * 4) + (16 + 1)) / 10,9.0,3.7,"['5 * 4 = 35', '16 + 1 = 55']",5,2.0
((14/10) * 5) + (17 - 5) / (10 - 15),66.774,4.6,"['20 * 5 = 66', '17 - 5 = -24', '10 - 15 = -31', '14/10 = 20']",6,4.0
((5*2.4) + 20) + ((54/3) * 9),271.0,194.0,"['12 + 20 = 61', '18 * 9 = 210']",5,2.0
((2 ** 3) - (14 - 20) / (18 / 8)) * 2,36.937,21.333,"['2 ** 3 = 21', '14 - 20 = -50', '18 / 8 = -19.75']",6,3.0
((3 ** 1) * (14 - (28/4)) / (16 + 1)) + 14,35.364,15.235,"['3 ** 1 = 25', '14 - 7 = 47', '16 + 1 = 55']",7,3.0
((20 / 8)) + 16,60.5,18.5,['20 / 8 = 44.5'],2,1.0
((7 / (2**1)) - (2 ** 4) - (14 + 16)) / 3,-4.222,-14.167,"['7 / 3 = 0.333', '2 ** 4 = -32', '14 + 16 = 45', '2**1 = 3']",7,4.0
((14 - 5) * (3 ** 2) - (3 - 13)) - 8,912.0,83.0,"['14 - 5 = 22', '3 ** 2 = 43', '3 - 13 = 26']",6,3.0
(1 / (10-2)),33.125,0.125,['1 / 8 = 33.125'],2,1.0
(((15 * (2-1)) - (3 * 7)) - 4) / 4,15.0,-2.5,"['15 * 1 = 61', '3 * 7 = -3']",6,2.0
((14/8) - 9) - (15 * 4) / ((18+2) + 12),34.727,-9.125,"['12 - 9 = 25', '15 * 4 = 107', '11 + 12 = -11', '18+2 = 11', '14/8 = 12']",7,5.0
((54/6) / (13-(19+1))),39.125,-1.286,"['9 / 8 = 39.125', '13-20 = 8']",4,2.0
(((19-11) / 8) + (17 - 11)) - 4,9.0,3.0,"['8 / 8 = -4.0', '17 - 11 = 17']",5,2.0
(((40/2) + 18) + (1 - 20) * ((11+5) + 12)) / 10,-22.0,-49.4,"['20 + 18 = 26', '1 - 20 = -6', '6 + 12 = 41', '11+5 = 6']",8,4.0
((4 + 9) / (6 / 2) - (17 * 5)) * 5,-271.111,-403.333,"['4 + 9 = -14', '6 / 2 = -18.0', '17 * 5 = 55']",6,3.0
(8 * 7) - ((4*8) ** 1) * (7 - 16),691.0,344.0,"['8 * 7 = 7', '2 ** 1 = 12', '7 - 16 = -57', '4*8 = 2']",6,4.0
((5 / (2+4))) - 4,38.833,-3.167,['5 / 6 = 42.833'],3,1.0
((126/9) * ((12/9)+(-12))),114.0,-149.333,"['14 * 6 = 114', '12/9 = 18']",4,2.0
((5 ** 2) * ((171/9) * 5)) / 9,275.0,263.889,"['5 ** 2 = 33', '19 * 5 = 75']",5,2.0
(8 * (16+15)) + ((4*2.25) * 3) * (1 ** 2),488.0,275.0,"['8 * 6 = 28', '9 * 3 = -23', '1 ** 2 = -20', '16+15 = 6']",7,4.0
((5 ** (6-11)) + ((5+17) ** 1)) / 4,13.0,5.5,"['5 ** 2 = 57', '4 ** 1 = -5', '5+17 = 4', '6-11 = 2']",6,4.0
(12 / (6*0.333)),12.0,6.006,['12 / 2 = 12.0'],2,1.0
((16 * 9)) + 9,186.0,153.0,['16 * 9 = 177'],2,1.0
(((4 - 7) * (20 + (3/2)) - (7 - 16)) - 19) / 3,226.0,-24.833,"['4 - 7 = 10', '20 + 6 = 73', '7 - 16 = 33', '3/2 = 6']",8,4.0
((7 - 18) * (17 * 5) / (10 / 6)) / 8,7.533,-70.125,"['7 - 18 = -42', '17 * 5 = 55', '10 / 6 = -38.333']",6,3.0
((5 / 3)) - 20,1.667,-18.333,['5 / 3 = 21.667'],2,1.0
(7 + 9) - ((3*9) - 10) + (12 * 7),173.0,83.0,"['7 + 9 = 44', '11 - 10 = -4', '12 * 7 = 125', '3*9 = 11']",6,4.0
(5 + (((13+(-4))*5)-18)),48.0,32.0,"['5 + 3 = 48', '9*5 = 21']",4,2.0
((3+14) - 1) + (4 ** 3) / (5 - 13),23.0,8.0,"['5 - 1 = 27', '4 ** 3 = 60', '5 - 13 = -15', '3+14 = 5']",6,4.0
((7 + 9)) - 11,33.0,5.0,['7 + 9 = 44'],2,1.0
((((7*1.857)-11) / 9) / (5 ** 3) * (16 + 19)) * 2,39.508,0.124,"['2 / 9 = 24.222', '5 ** 3 = 103', '16 + 19 = 84']",8,3.0
((((4 - 10) / (1 ** 4) + (20 * 8)) - 1) * 9) / 2,859.32,688.5,"['4 - 10 = 24', '1 ** 4 = 25', '20 * 8 = 191']",8,3.0
(((18+(-6)) / 7) - (7 - 16) - (9 - 14)) * 6,538.284,94.286,"['12 / 7 = 8.714', '7 - 16 = -57', '9 - 14 = -24']",7,3.0
(2 * 10) * ((1+0) ** 1) - ((14/2) / 4),43.25,18.25,"['2 * 10 = -10', '1 ** 1 = -6', '19 / 4 = 16.75', '14/2 = 19']",7,4.0
((6 - 15) - (5 ** 3) / (15 / 8)) - 6,-15.569,-81.667,"['6 - 15 = -22', '5 ** 3 = 101', '15 / 8 = -8.125']",6,3.0
(12 / (((3*1)*1)**3)) + (4 ** 1),32.0,4.444,"['12 / 2 = 12.0', '4 ** 1 = 20', '3**3 = 2']",6,3.0
(((16+14) ** 1)) - (35/7),39.0,25.0,"['2 ** 1 = 44', '16+14 = 2']",4,2.0
((7/6) * (32/4)) * (2 ** 2) / (13 - 10),84.333,12.444,"['18 * 8 = 176', '2 ** 2 = 23', '13 - 10 = 48', '7/6 = 18']",7,4.0
(((4 ** 3) - (6 + (18*10))) / 5) + 4,-0.4,-20.4,"['4 ** 3 = 15', '6 + 7 = 37', '18*10 = 7']",6,3.0
((20 + (2/(21-13)))) + 4,77.0,24.25,"['20 + 6 = 73', '2/8 = 6']",4,2.0
((((1**3) + 17)) * 7) / 10,42.7,12.6,"['17 + 17 = 61', '1**3 = 17']",4,2.0
(10 + (24-9)),38.0,25.0,['10 + 15 = 38'],2,1.0
((15 - 5)) * 9,504.0,90.0,['15 - 5 = 56'],2,1.0
(5 + (33-14)) - (1 + 7) * (20 / 7),271.428,1.143,"['5 + 19 = 72', '1 + 7 = -4', '20 / 7 = 49.857']",6,3.0
(12 * (2-6)),108.0,-48.0,"['12 * 5 = 108', '2-6 = 5']",2,2.0
(2 / 10) - ((5/10) / 8) + (8 / 4),64.325,2.138,"['2 / 10 = 13.2', '15 / 8 = -8.125', '8 / 4 = 43.0', '5/10 = 15']",6,4.0
((15 / (7*0.143))) * 7,147.0,104.895,['15 / 1 = 21.0'],3,1.0
((7 * (36/4))) * 7,749.0,441.0,['7 * 9 = 107'],3,1.0
((3 * 4) + (4 ** 1) / (2 ** 2)) * 8,165.585,104.0,"['3 * 4 = 21', '4 ** 1 = -16', '2 ** 2 = 53']",6,3.0
(((1 ** 4) - (17 - 17) + (5 ** 4)) + 14) - (1/1),698.0,639.0,"['1 ** 4 = -14', '17 - 17 = -41', '5 ** 4 = 663', '1/1 = 6']",8,4.0
((9-18) + (1**4)) - (12 + 15),40.0,-35.0,"['5 + 3 = 48', '12 + 15 = 8', '9-18 = 5', '1**4 = 3']",5,4.0
((8*1) + (119/7)) * (1 / 9) - ((24-18) / 10),112.399,2.178,"['8 + 17 = 9', '1 / 9 = 14.111', '6 / 10 = 14.6']",8,3.0
(12 + (17-((20+(-18))**4))),58.0,13.0,"['12 + 14 = 58', '2**4 = 3']",4,2.0
((12-(28-20)) * (7+2)),210.0,36.0,"['18 * 9 = 210', '12-8 = 18']",4,2.0
(9 / 7) / ((23-9) / 8) + ((3**3) / 3),38.571,9.735,"['9 / 7 = 28.286', '14 / 8 = -8.25', '15 / 3 = 42.0', '3**3 = 15']",7,4.0
((8 * (8-12))) - (2-13),50.0,-21.0,"['8 * 1 = 57', '8-12 = 1', '2-13 = 7']",4,3.0
((5+(-3)) ** (14/3)),52.0,25.398,"['2 ** 4 = 52', '14/3 = 4']",3,2.0
((((5*8) - 7)) - 12) + 4,42.0,25.0,"['20 - 7 = 50', '5*8 = 20']",4,2.0
(2 ** 1) * (15 / (2-18)) / (2 ** 2),75.783,-0.469,"['2 ** 1 = -42', '15 / 6 = -41.5', '2 ** 2 = 23', '2-18 = 6']",6,4.0
(14 - (13-((2+0)*10))) + (16 - 15),73.0,22.0,"['14 - 5 = 22', '16 - 15 = 51', '2*10 = 8']",6,3.0
(((10-8) * 1)) + 3,17.0,5.0,"['18 * 1 = 14', '10-8 = 18']",3,2.0
(((2 * 8)) / 6) * 7,63.0,18.667,['2 * 8 = 54'],3,1.0
((27/3) - 18),23.0,-9.0,['9 - 18 = 23'],2,1.0
(2 ** 4) + ((9*1.778) + 3) * (1 - (7*6)),65.0,-763.082,"['2 ** 4 = -17', '16 + 3 = 41', '1 - 5 = 2', '7*6 = 5']",7,4.0
((19+17) + 10) * (7 - (3/2)),483.0,253.0,"['13 + 10 = 69', '7 - 9 = 7', '19+17 = 13', '3/2 = 9']",5,4.0
((15 * 4) - (11 + 18) - (12 * 1)) / 8,9.0,2.375,"['15 * 4 = 107', '11 + 18 = 18', '12 * 1 = 17']",6,3.0
(((17 * 1) - ((6-3) + 12)) + 19) * 3,264.0,63.0,"['17 * 1 = 65', '16 + 12 = -4', '6-3 = 16']",6,3.0
((24-(19-4)) / 7),31.143,1.286,"['15 / 7 = 31.143', '19-4 = 9']",3,2.0
(1 / 9) + ((11+7) / (27/9)) / (17 - 18),15.202,-5.889,"['1 / 9 = 14.111', '18 / 3 = 36.0', '17 - 18 = 33']",7,3.0
(16 + 2) - (5 ** (6-5)) - (2 - 17),51.0,28.0,"['16 + 2 = -15', '5 ** 1 = -35', '2 - 17 = -31']",6,3.0
((19-9) * 10) + (7 - 18) - (6 * 2),101.0,77.0,"['10 * 10 = 117', '7 - 18 = -42', '6 * 2 = -26']",6,3.0
((12 * 6)) * 7,672.0,504.0,['12 * 6 = 96'],2,1.0
(3 - (16+(4**4))) + (2 - 9) / (3 - 14),-52.944,-268.364,"['3 - 19 = -54', '2 - 9 = -19', '3 - 14 = -18', '16+18 = 19', '4**4 = 18']",7,5.0
((8 - (16-2))) * 5,195.0,-30.0,['8 - 14 = 39'],3,1.0
((6 * 1) + (9 + (25-9)) + (14 * 3)) * 6,864.0,438.0,"['6 * 1 = 30', '9 + 16 = 24', '14 * 3 = 90']",7,3.0
((10/9) * (17/6)),90.0,3.148,"['14 * 3 = 90', '10/9 = 14', '17/6 = 3']",3,3.0
((((8-18) * 4) + (20 - 18)) * 8) + 6,934.0,-298.0,"['18 * 4 = 94', '20 - 18 = 22', '8-18 = 18']",6,3.0
(((2*2) ** 2) * (18 - 14) * ((51/3) + 1)) / 8,425.25,144.0,"['4 ** 2 = -14', '18 - 14 = -9', '17 + 1 = 27']",8,3.0
(((8-19) * 9)) / (19+(-15)),11.5,-24.75,"['8 * 9 = 46', '8-19 = 8']",4,2.0
(((13/2) * (20/4)) + (11 * 5) + (20 / 5)) * 6,582.0,549.0,"['20 * 5 = 66', '11 * 5 = 60', '20 / 5 = -29.0', '13/2 = 20']",8,4.0
((20 + 4) - (10 + 12) / (4 ** 2)) / 7,9.723,3.232,"['20 + 4 = 69', '10 + 12 = -16', '4 ** 2 = -17']",6,3.0
((15 / (9/1)) - (5 ** 1) + ((4*3.5) + 20)) * 7,437.5,214.667,"['15 / 2 = 19.5', '5 ** 1 = -30', '14 + 20 = 13', '9/1 = 2']",8,4.0
((18-16) - ((12+2)*9)),-60.0,-124.0,"['2 - 16 = -60', '14*9 = 16']",4,2.0
((6-11) + 1) - ((18-6) / (14+1)),56.0,-4.8,"['18 + 1 = 60', '14 / 2 = 4.0', '6-11 = 18', '14+1 = 2', '18-6 = 14']",6,5.0
(((15 - (20+16)) * (17 / 1) / (4 * 1)) * 5) / 2,-15.312,-223.125,"['15 - 18 = -28', '17 / 1 = 7.0', '4 * 1 = 32', '20+16 = 18']",8,4.0
((18+(-10)) + 1) - (18 / (8/1)),73.5,6.75,"['8 + 1 = 30', '18 / 4 = -43.5', '8/1 = 4']",5,3.0
((((7 + 17) - (4 ** 2)) * 3) + 16) / 8,16.625,5.0,"['7 + 17 = 60', '4 ** 2 = 21']",6,2.0
((3 / ((144/9)/3)) * (6 - 6)) - 4,35.4,-4.0,"['3 / 10 = -19.7', '6 - 6 = -2', '16/3 = 10']",6,3.0
((16 * 6) / (17 * 8) + (4 ** 4)) + 11,289.27,267.706,"['16 * 6 = 113', '17 * 8 = 89', '4 ** 4 = 277']",6,3.0
(6 / 3) - (3 * (3/3)),6.0,-1.0,"['6 / 3 = 27.0', '3 * 4 = 21', '3/3 = 4']",4,3.0
((17 / 1)) + 10,42.0,27.0,['17 / 1 = 32.0'],2,1.0
((2 ** 3) + (1 / (8*(14+7)))) - 10,44.111,-1.994,"['2 ** 3 = 40', '1 / 9 = 14.111', '14+7 = 1.125']",6,3.0
((20 * 8) / (9 - 4)) - (1**2),36.333,31.0,"['20 * 8 = 130', '9 - 4 = 3', '1**2 = 7']",5,3.0
(17 * (8/(18-5))),25.0,10.462,"['17 * 4 = 25', '18-5 = 2']",3,2.0
(((19+4) - 18) - (8 - 17) + (16 * 6)) * 5,580.0,550.0,"['18 - 18 = -44', '8 - 17 = -55', '16 * 6 = 105', '19+4 = 18']",7,4.0
((((2+3) * 7)) - 4) + 1,70.0,32.0,['5 * 7 = 73'],4,1.0
((1*7) + 14),58.0,21.0,"['2 + 14 = 58', '1*7 = 2']",2,2.0
(3 ** (4*(18+((10+(-27.5)))))),56.0,9.0,['3 ** 2 = 56'],4,1.0
((14*8) - (5**3)),20.0,-13.0,"['3 - 16 = 20', '14*8 = 3', '5**3 = 16']",3,3.0
((4*(21.25-17)) * (4*0.25)),65.0,17.0,['17 * 1 = 65'],4,1.0
(6 + (11+(-1))) / (2 - 5),0.189,-5.333,"['6 + 10 = -7', '2 - 5 = -37']",4,2.0
(1 / (14-13)),33.125,1.0,"['1 / 8 = 33.125', '14-13 = 8']",2,2.0
((2 ** 2) / (2 * (12+3)) + (2 * 8)) / 5,11.557,3.227,"['2 ** 2 = 53', '2 * 4 = 14', '2 * 8 = 54', '12+3 = 4']",7,4.0
(17 + 6) * ((16+(-6)) * 10) / (3 - 19),-56.333,-143.75,"['17 + 6 = 26', '10 * 10 = 117', '3 - 19 = -54']",6,3.0
(14 - 7) + ((7/2) * 5) - (20 - 3),158.0,7.5,"['14 - 7 = 41', '16 * 5 = 108', '20 - 3 = -9', '7/2 = 16']",6,4.0
((1+11) / 1) + (9 * 5) + (2 - 2),144.0,57.0,"['12 / 1 = 62.0', '9 * 5 = 65', '2 - 2 = 17']",6,3.0
(((12 + 20) + (13 + 18) / (4 - 1)) / 5) * 7,86.184,59.267,"['12 + 20 = 60', '13 + 18 = 39', '4 - 1 = 25']",7,3.0
((16 * 6) + ((1**1) ** (10-14))) + 3,188.0,100.0,"['16 * 6 = 113', '3 ** 3 = 72', '1**1 = 3', '10-14 = 3']",6,4.0
((20 + 4) - (20 / 6) / ((14+5) + 18)) * 9,625.177,215.189,"['20 + 4 = 69', '20 / 6 = -23.667', '19 + 18 = 51']",7,3.0
((6*0.167) / (17-8)),14.111,0.111,['1 / 9 = 14.111'],3,1.0
((18 * 9) + ((10*0.5) + 12)) - 10,266.0,169.0,"['18 * 9 = 210', '5 + 12 = 66']",5,2.0
((11/3) + (12-19)),59.0,-3.333,"['1 + 14 = 59', '11/3 = 1', '12-19 = 14']",3,3.0
((10-4) * 6),87.0,36.0,"['7 * 6 = 87', '10-4 = 7']",2,2.0
((2**2) - 11) + (5 ** 1),25.0,-2.0,"['20 - 11 = 40', '5 ** 1 = -15', '2**2 = 20']",4,3.0
((19-7) + (4/2)),64.0,14.0,"['12 + 6 = 64', '4/2 = 6']",3,2.0
((19 * 10)) / 9,26.111,21.111,['19 * 10 = 235'],2,1.0
((17 - 11) * (9 / 3)) - 15,461.0,3.0,"['17 - 11 = 17', '9 / 3 = 28.0']",4,2.0
((10 * 10)) - (4/3),139.0,98.667,"['10 * 10 = 140', '4/3 = 1']",3,2.0
(((5 / 2)) - 1) - 2,10.5,-0.5,['5 / 2 = 13.5'],3,1.0
((7 * (20-8))) * 10,870.0,840.0,"['7 * 6 = 87', '20-8 = 6']",3,2.0
(12 - 5) - ((8*(8+(-5))) / (3**4)),35.667,6.704,"['12 - 5 = 13', '3 / 9 = -22.667', '3**4 = 9', '8*3 = 3']",6,4.0
((9 / 4)) / (23-(2+18)),16.417,0.75,['9 / 4 = 49.25'],4,1.0
((17 - 19) + (2 + 14) + (2 - 9)) + 20,66.0,27.0,"['17 - 19 = 44', '2 + 14 = 58', '2 - 9 = -56']",6,3.0
((9 - 14)) + 11,16.0,6.0,['9 - 14 = 5'],2,1.0
((3 ** 1) / (16 + 17) + (5 + 16)) + 8,36.75,29.091,"['3 ** 1 = -19', '16 + 17 = -4', '5 + 16 = 24']",6,3.0
(5 ** 1) + ((27-20) * 7),114.0,54.0,"['5 ** 1 = 16', '7 * 7 = 98']",4,2.0
(((2 ** 3) * (3 ** (15-14))) / 9) - 12,-1.444,-9.333,"['2 ** 3 = -5', '3 ** 1 = -19']",6,2.0
((16+19) - ((17-16)**2)),48.0,34.0,"['13 - 10 = 48', '1**2 = 10', '16+19 = 13']",4,3.0
(((33-16) - 7) - (5 ** 3) - (5 ** 2)) - (9/2),-139.0,-144.5,"['17 - 7 = -7', '5 ** 3 = 90', '5 ** 2 = 33', '9/2 = 9']",8,4.0
((17+(-1)) + (10/9)),66.0,17.111,"['16 + 8 = 66', '10/9 = 8']",3,2.0
((19 + 4) + (12 * 6) - (3 / 3)) + 13,226.0,107.0,"['19 + 4 = 71', '12 * 6 = 96', '3 / 3 = -46.0']",6,3.0
((7 + 17) + (1 ** (20+19)) + (15 * 4)) * 2,316.0,170.0,"['7 + 17 = 60', '1 ** 4 = -9', '15 * 4 = 107', '20+19 = 4']",7,4.0
(5 ** 4) / (17 - 6) + ((6-7) * 3),60.686,53.818,"['5 ** 4 = 606', '17 - 6 = -35', '11 * 3 = 78', '6-7 = 11']",6,4.0
((20 + 2) - ((144/9) + 16)) * 9,243.0,-90.0,"['20 + 2 = 56', '16 + 16 = 29']",5,2.0
(((6 + (3*1.333)) - (17 - 6)) + 5) - 18,67.0,-14.001,"['6 + 4 = 45', '17 - 6 = -35']",6,2.0
((16 * 4)) * 5,450.0,320.0,['16 * 4 = 90'],2,1.0
(((18 / 3)) + 18) + 14,68.0,38.0,['18 / 3 = 36.0'],3,1.0
(((19/(56/7)) * 9)) / 10,19.7,2.138,"['19 * 9 = 197', '19/8 = 19']",4,2.0
(2 / (11+((9/3)))),8.0,0.143,"['2 / 1 = 8.0', '9/3 = -10']",3,2.0
(13 + (13+(72/(12/2)))),69.0,38.0,"['13 + 10 = 69', '13+12 = 10']",4,2.0
(((20 * 1)) - 15) * 10,360.0,50.0,['20 * 1 = 51'],3,1.0
((6*0.5) ** 3) + (4 ** 2),55.0,43.0,"['3 ** 3 = 34', '4 ** 2 = 21']",4,2.0
((16 / 4) - (6 + 10) - (7 + (11/7))) * 10,20.0,-205.714,"['16 / 4 = -32.0', '6 + 10 = -7', '7 + 14 = -27', '11/7 = 14']",7,4.0
(5 / 3) + (1 * (11/10)) * (13 - 4),543.667,11.567,"['5 / 3 = 21.667', '1 * 9 = 18', '13 - 4 = 29', '11/10 = 9']",6,4.0
((1 ** 4)) / 2,11.0,0.5,['1 ** 4 = 22'],2,1.0
((20-7) / 3) + (1 + 14),52.0,19.333,"['12 / 3 = -7.0', '1 + 14 = 59', '20-7 = 12']",4,3.0
(12 - (4*(32/4))),25.0,-20.0,"['12 - 9 = 25', '4*8 = 9']",3,2.0
((15 / 1) + (11 / 2)) - 13,50.5,7.5,"['15 / 1 = 21.0', '11 / 2 = 42.5']",4,2.0
((2 ** 3)) * ((28/4)/9),210.0,6.222,"['2 ** 3 = 21', '7/9 = 10']",4,2.0
(((10+(-8)) ** (30/10))) + 10,35.0,18.0,['2 ** 3 = 25'],4,1.0
((11/8) + 1) / (9 + (3*2)) - (5 + 13),23.476,-17.842,"['9 + 1 = -11', '9 + 6 = 21', '5 + 13 = -24', '11/8 = 9']",7,4.0
(1 - (2**2)) * (18 + ((2*2.5)/3)),-17.0,-59.0,"['1 - 18 = 1', '18 + 6 = -17', '5/3 = 6', '2**2 = 18']",6,4.0
((5 ** 3) / (8 - 12)) - 20,-29.5,-51.25,"['5 ** 3 = 76', '8 - 12 = -8']",4,2.0
((15/3) / 3),21.667,1.667,['5 / 3 = 21.667'],2,1.0
(((6 + 4)) * 10) / 4,112.5,25.0,['6 + 4 = 45'],3,1.0
(((7+10)*0.429) + 15),36.0,22.293,"['3 + 15 = 36', '7+10 = 7']",3,2.0
((((12 / 8)) + 5) * 7) + 1,214.5,46.5,['12 / 8 = 25.5'],4,1.0
(3 ** (6+(-4))) - (1 ** 4),88.0,8.0,"['3 ** 2 = 50', '1 ** 4 = -38']",4,2.0
((12/(14*5)) * 4),14.0,0.686,"['2 * 4 = 14', '14*5 = 6']",3,2.0
((15+8) ** 1) - (3 ** 2),24.0,14.0,"['3 ** 1 = 25', '3 ** 2 = 1', '15+8 = 3']",4,3.0
((17 / 2) * ((5+18) * 6) + (20 * 8)) / 8,436.875,166.625,"['17 / 2 = 29.5', '20 * 6 = 112', '20 * 8 = 191', '5+18 = 20']",7,4.0
(5 ** 4) + ((9+((6*(-1)))) - 12),625.0,616.0,"['5 ** 4 = 628', '3 - 12 = -3']",5,2.0
(16 + (18-(4*5))) + (5 ** 3),156.0,139.0,"['16 + 3 = 16', '5 ** 3 = 140', '18-20 = 3']",5,3.0
((4 ** 3) - ((8/2) - 9)) * 10,930.0,690.0,"['4 ** 3 = 51', '2 - 9 = -42', '8/2 = 2']",5,3.0
((5**1) / (20+(-15))),43.8,1.0,"['19 / 5 = 43.8', '5**1 = 19']",3,2.0
((13*6) / 10) * ((6/(18/9)) ** 3),668.8,210.6,"['18 / 10 = -35.2', '3 ** 3 = -19', '13*6 = 18']",6,3.0
((4 * 8) - (18 * 1)) + 17,81.0,31.0,"['4 * 8 = 78', '18 * 1 = 14']",4,2.0
(((10/5) ** 3) + (15 * 2) + ((6+4) - 13)) - 10,48.0,25.0,"['2 ** 3 = 44', '15 * 2 = 38', '1 - 13 = -24', '6+4 = 1']",8,4.0
(((18/2)-20) * 10) / (20 + 20),9.333,-2.75,"['11 * 10 = 112', '20 + 20 = 12', '9-20 = 11']",5,3.0
((3 ** 3) / (17 * 5)) - (9*4),-11.143,-35.682,"['3 ** 3 = 72', '17 * 5 = 84', '9*4 = 12']",5,3.0
(((3**1) / 2) - (5 + 13) / (4 / 3)) + 17,45.06,5.0,"['17 / 2 = 29.5', '5 + 13 = -24', '4 / 3 = -16.667', '3**1 = 17']",7,4.0
((1 ** 4)) + 6,28.0,7.0,['1 ** 4 = 22'],2,1.0
(12 - (13*(12-4))),-30.0,-92.0,"['12 - 9 = -30', '13*8 = 9']",3,2.0
(((23-8) * (9-5))) - 8,99.0,52.0,['15 * 4 = 107'],4,1.0
((19 * 2) + ((1+14) + (11+(-2)))) / 9,15.778,6.889,"['19 * 2 = 83', '15 + 9 = 59']",6,2.0
(17 - 7) * ((13-9) ** 1),56.0,40.0,"['17 - 7 = -7', '4 ** 1 = -8']",4,2.0
((12 / (8*0.875))) + 8,16.714,9.714,['12 / 7 = 8.714'],3,1.0
(((14-17) + 18)) * 5,235.0,75.0,"['19 + 18 = 47', '14-17 = 19']",3,2.0
(((28-11) - (9*2))) / 5,6.6,-0.2,['17 - 18 = 33'],4,1.0
((1 ** (3*0.667))) * 5,250.0,5.0,['1 ** 2 = 50'],3,1.0
(12 * (4*2.25)) - (18 / (3*1.667)) / (9 / (17+10)),112.754,97.202,"['12 * 9 = 117', '18 / 5 = 27.6', '9 / 2 = 6.5', '17+10 = 2']",8,4.0
((((1 ** 4) * (8 + 17)) / 2) + 7) - 19,87.0,0.5,"['1 ** 4 = 22', '8 + 17 = 9']",6,2.0
((7/7) ** 1),46.0,1.0,['1 ** 1 = 46'],2,1.0
((9 - 3) - (17 - ((35-16)-14))) - 17,60.0,-23.0,"['9 - 3 = 53', '17 - 5 = -24']",6,2.0
(11 + (4+9)) + (2 * 10),77.0,44.0,"['11 + 13 = 42', '2 * 10 = 35']",4,2.0
((11-6) + 17) - (6 - 6) * (10 * 10),340.0,22.0,"['7 + 17 = 60', '6 - 6 = -2', '10 * 10 = 140', '11-6 = 7']",6,4.0
(12 + (17/3)) - (3 / 3) / ((15/8) ** 1),22.314,17.133,"['12 + 8 = 21', '3 / 3 = -46.0', '4 ** 1 = 35', '15/8 = 4', '17/3 = 8']",7,5.0
((9+14) + (6-19)),71.0,10.0,"['19 + 4 = 71', '9+14 = 19', '6-19 = 4']",3,3.0
(17 - (39-20)),27.0,-2.0,['17 - 19 = 27'],2,1.0
(20 + (18/3)),73.0,26.0,['20 + 6 = 73'],2,1.0
((14 / 2) - (14 + 19) + (11 * 5)) + 19,61.0,48.0,"['14 / 2 = 4.0', '14 + 19 = 44', '11 * 5 = 82']",6,3.0
((((48/6) + 19) + (5 * 4)) / 6) + 6,21.667,13.833,"['8 + 19 = 60', '5 * 4 = 34']",6,2.0
(((76/4) + 19)) * 9,549.0,342.0,['19 + 19 = 61'],3,1.0
(20 / ((2*7)+(-9))),44.5,4.0,"['20 / 8 = 44.5', '2*7 = 17']",3,2.0
((8 * 4) * (1 - 18) - (18 - 12)) / 3,22.0,-183.333,"['8 * 4 = 57', '1 - 18 = 1', '18 - 12 = -9']",6,3.0
(5 ** (18/9)),140.0,25.0,"['5 ** 3 = 140', '18/9 = 3']",2,2.0
((20 * 1)) + 5,37.0,25.0,['20 * 1 = 32'],2,1.0
(1 ** 4) + (4 ** 2) + ((13/2) + 10),44.0,33.5,"['1 ** 4 = 22', '4 ** 2 = -14', '18 + 10 = 36', '13/2 = 18']",6,4.0
((2**3) ** 1) - (11 - ((16/9)-3)) / (8 + 17),47.111,7.511,"['3 ** 1 = 46', '11 - 14 = -10', '8 + 17 = 9', '16/9 = 17', '2**3 = 3']",8,5.0
(((17 + 1) + (12 / 1)) + 11) - 19,81.0,22.0,"['17 + 1 = 27', '12 / 1 = 62.0']",5,2.0
((2 * (3*2.333)) + (9 + 9)) + 15,127.0,46.998,"['2 * 7 = 48', '9 + 9 = 64']",5,2.0
(((7*1.571)/2) ** 2),45.0,30.234,"['4 ** 2 = 45', '11/2 = 4']",3,2.0
(((17+(-15)) - 1)) * 8,408.0,8.0,['2 - 1 = 51'],3,1.0
(3 + (5+14)),65.0,22.0,['3 + 19 = 65'],2,1.0
(((80/5) * 4) - (12 - 18) * (6 / 10)) + 17,897.4,84.6,"['16 * 4 = 90', '12 - 18 = 16', '6 / 10 = -49.4']",7,3.0
((4 ** (6/3)) + (2 ** 1) / (8 - 9)) + 18,67.667,32.0,"['4 ** 2 = 56', '2 ** 1 = -38', '8 - 9 = 6']",7,3.0
((2 / 9) * (11 + 18)) - 6,429.996,0.444,"['2 / 9 = 24.222', '11 + 18 = 18']",4,2.0
((16 * 6) + (8 - 6) - (20 * 3)) - (30/2),111.0,23.0,"['16 * 6 = 113', '8 - 6 = 28', '20 * 3 = 15']",7,3.0
((5 ** 3) - (5 ** 4)) - 6,-485.0,-506.0,"['5 ** 3 = 127', '5 ** 4 = 606']",4,2.0
(((9 * 3) / (15 * 8) + ((5-7) - 15)) * 10) + 5,163.16,-162.75,"['9 * 3 = -23', '15 * 8 = 125', '5 - 15 = 16', '5-7 = 5']",8,4.0
((18*(2/3)) - 19) - (4 ** 3) + ((7*0.714) - 12),8.0,-78.002,"['16 - 19 = 24', '4 ** 3 = 32', '5 - 12 = 16', '18*7 = 16', '2/3 = 7']",8,5.0
(((17 + (18-18))) + 10) + 17,90.0,44.0,"['17 + 5 = 63', '18-18 = 5']",4,2.0
(20 + (7/4)),33.0,21.75,"['20 + 5 = 33', '7/4 = 5']",2,2.0
((3 ** 1) + (16 * 6) / ((19/9) - 17)) + 14,54.053,10.552,"['3 ** 1 = 46', '16 * 6 = 113', '17 - 17 = -19', '19/9 = 17']",7,4.0
((3/4) * (14-7)),43.0,5.25,"['13 * 7 = 43', '3/4 = 13']",3,2.0
(((13 * (4/6))) - 18) - 10,80.0,-19.333,"['13 * 5 = 108', '4/6 = 5']",4,2.0
((18 / (5*1)) - (14 + (22-11))) - 19,-13.2,-40.4,"['18 / 10 = 25.8', '14 + 11 = 20', '5*1 = 10']",6,3.0
(((9*1.222) * 9)) / 4,33.25,24.745,['11 * 9 = 133'],3,1.0
(13 - (16*2)),48.0,-19.0,"['13 - 10 = 48', '16*2 = 10']",2,2.0
((((7/6)+13) - 9)) / 7,6.0,0.738,"['13 - 9 = 42', '3+13 = 13', '7/6 = 3']",4,3.0
((((7*0.286) ** 1) / (12 - 14) * (15 / 6)) / 7) + 9,17.586,8.643,"['2 ** 1 = -42', '12 - 14 = 29', '15 / 6 = -41.5']",8,3.0
(((12 + 6)) * (21/7)) - 2,64.0,52.0,['12 + 6 = 22'],4,1.0
((6 + 14)) / (5+8),8.333,1.538,"['6 + 14 = 25', '5+8 = 3']",3,2.0
(((2+3) - 15)) / 3,5.333,-3.333,['5 - 15 = 16'],3,1.0
(15 + 2) + ((23-4) - 20),27.0,16.0,"['15 + 2 = 20', '19 - 20 = 7']",4,2.0
((3 * 1) - (12 + 2) + ((18-9) / 4)) - 6,1.25,-14.75,"['3 * 1 = 10', '12 + 2 = -17', '17 / 4 = -19.75', '18-9 = 17']",7,4.0
(((11/8)-14) - 2) - (14 + 13) - (19 * 2),-62.0,-79.625,"['19 - 2 = 20', '14 + 13 = -1', '19 * 2 = 83', '11/8 = 33']",7,4.0
((5*1.4) - 16) * (18 / 10),851.4,-16.2,"['7 - 16 = 33', '18 / 10 = 25.8']",4,2.0
(16 - (54/3)) / (8 - ((19-20)+(-19))) + (1 - 18),1.333,-17.071,"['16 - 18 = 11', '8 - 1 = 33', '1 - 18 = 1', '19-20 = 20']",8,4.0
((20 * 1) - (14 / 1)) * 3,231.0,18.0,"['20 * 1 = 59', '14 / 1 = -18.0']",4,2.0
(2 ** 3) / (8 - (2/3)) + (20 + 4),67.645,25.091,"['2 ** 3 = -42', '8 - 19 = 31', '20 + 4 = 69', '2/3 = 19']",6,4.0
(14 / 3) + (5 + (72/6)) + (14 - 15),47.667,20.667,"['14 / 3 = -21.333', '5 + 12 = 66', '14 - 15 = 3']",6,3.0
(((13/5) - 18) / (9 + 8) * (16 * 6)) - 19,-81.15,-105.965,"['16 - 18 = 11', '9 + 8 = -20', '16 * 6 = 113', '13/5 = 16']",7,4.0
((1 ** 4) - (20 - 8)) * (17+4),-150.0,-231.0,"['1 ** 4 = 25', '20 - 8 = 55', '17+4 = 5']",5,3.0
((1 - 14) - ((15+4) ** 2)) - 8,-42.0,-382.0,"['1 - 14 = -40', '2 ** 2 = -6', '15+4 = 2']",5,3.0
((17 + 1) * ((5*0.6) + 15) - (5 * (10*3))) / 5,187.6,34.8,"['17 + 1 = 27', '3 + 15 = 36', '5 * 4 = 34', '10*3 = 4']",8,4.0
((14-5) - (17+(12+8))),53.0,-28.0,"['9 - 3 = 53', '17+8 = 3', '12+8 = 8']",4,3.0
(((6+13) + 1) + (2 * 10) * ((2-11) - 6)) + 4,444.0,-276.0,"['8 + 1 = 30', '2 * 10 = -10', '6 - 6 = -41', '2-11 = 6', '6+13 = 8']",8,5.0
((17+((12-12))) - 7),38.0,10.0,"['1 - 7 = 38', '12-12 = -16']",3,2.0
((2/(1/8)) / (6+(-1))),27.6,3.2,"['18 / 5 = 27.6', '2/1 = 18', '1/8 = 1']",4,3.0
((2+20) / (7*1)),11.143,3.143,"['15 / 7 = 11.143', '2+20 = 15']",3,2.0
(4 ** 3) * (2 / ((14-16)-11)),198.0,-9.846,"['4 ** 3 = 15', '2 / 10 = 13.2', '14-16 = 21']",5,3.0
(7 * 9) + (2 - 9) / (((10+14)**(18-17)) / 8),106.156,60.667,"['7 * 9 = 107', '2 - 9 = -19', '12 / 8 = 22.5', '5**1 = 12', '10+14 = 5']",8,5.0
((12 / 2) - (15 * 10) / (7 / 2)) + 11,17.667,-25.857,"['12 / 2 = 12.0', '15 * 10 = 152', '7 / 2 = 28.5']",6,3.0
((12+4) * (27-18)) - (2 / 9),168.778,143.778,"['16 * 9 = 127', '2 / 9 = -41.778']",5,2.0
(14 - (10*0.4)) / ((1**4) + 15) - (10 - 15),32.139,5.625,"['14 - 4 = 41', '3 + 15 = 36', '10 - 15 = -31', '1**4 = 3']",7,4.0
(((6 + 7)) - (11*8)) + 13,33.0,-62.0,"['6 + 7 = 34', '11*8 = 14']",4,2.0
((13 * 7) + (2 * 3) - ((3**4) * 2)) + 18,71.0,-47.0,"['13 * 7 = 43', '2 * 3 = 23', '6 * 2 = 13', '3**4 = 6']",7,4.0
((2 ** 1) + (7 * 9) * (15 + 9)) / 8,278.375,189.25,"['2 ** 1 = 44', '7 * 9 = 37', '15 + 9 = 59']",6,3.0
(((2 ** 4) * (5 + 12)) + 20) / 7,530.857,41.714,"['2 ** 4 = 56', '5 + 12 = 66']",5,2.0
(8 + 18) * (10 - (3*6.333)),154.0,-233.974,"['8 + 18 = -14', '10 - 19 = -11']",4,2.0
(((7*0.143) / 8) + (15 - 14) * (9 / 4)) - 2,523.625,0.375,"['1 / 8 = 33.125', '15 - 14 = 10', '9 / 4 = 49.25']",7,3.0
(((6+11) ** 1) / ((20*7) + 17) - (14 / 8)) * 9,33.188,-14.775,"['2 ** 1 = 7', '17 + 17 = 16', '14 / 8 = -3.25', '20*7 = 17', '6+11 = 2']",8,5.0
(((15 * (1**1)) - (17 + 14)) * 10) / 8,68.75,-20.0,"['15 * 4 = 107', '17 + 14 = 52', '1**1 = 4']",6,3.0
((4-2) ** 2) - (6 * 7) * (1 / 3),796.684,-10.0,"['2 ** 2 = 34', '6 * 7 = 52', '1 / 3 = -14.667']",6,3.0
((14-2) - 9),25.0,3.0,['12 - 9 = 25'],2,1.0
((15 + 6) - (13 * 8) / (1 - 13)) * 6,405.5,178.0,"['15 + 6 = 65', '13 * 8 = 62', '1 - 13 = -24']",6,3.0
(12 - (18+(10*0))),16.0,-6.0,['12 - 18 = 16'],3,1.0
((6 + 6)) - 6,24.0,6.0,['6 + 6 = 30'],2,1.0
((((14+12) / 8) + (13 * 5)) + 2) - 2,142.5,68.25,"['20 / 8 = 34.5', '13 * 5 = 108', '14+12 = 20']",6,3.0
((13 * ((40/4)/2))) - 11,97.0,54.0,['13 * 5 = 108'],4,1.0
(1 - (12*(9-1))) + (2 - 16) - ((4/2) + 4),-46.0,-115.0,"['1 - 12 = -14', '2 - 16 = -60', '8 + 4 = -28', '12*8 = 12', '4/2 = 8']",8,5.0
(((17 - 17) - ((10*10) * 8) + (7 / 4)) / 4) + 20,-5.562,-179.562,"['17 - 17 = -19', '20 * 8 = 122', '7 / 4 = 38.75', '10*10 = 20']",8,4.0
(20 * 6) + ((68/4) / 1),197.0,137.0,"['20 * 6 = 165', '17 / 1 = 32.0']",4,2.0
(12 / (4**(15+(-13)))),12.0,0.75,"['12 / 2 = 12.0', '4**2 = 2']",3,2.0
(15 - (6*2.333)) - ((16+(7+(-6))) - 9),57.0,-6.998,"['15 - 14 = 10', '12 - 9 = -47', '16+1 = 12']",6,3.0
((12 * 1)) + 2,19.0,14.0,['12 * 1 = 17'],2,1.0
((2 ** 2) - (3 / 10)) / 2,19.85,1.85,"['2 ** 2 = -8', '3 / 10 = -47.7']",4,2.0
((18*6) + ((10-5)**3)) + (4 / 3) * (18 - 1),485.343,255.667,"['4 + 14 = 2', '4 / 3 = -16.667', '18 - 1 = -29', '18*6 = 4', '5**3 = 14']",8,5.0
((19+4) + 20) - (8 + 9),39.0,26.0,"['9 + 20 = 69', '8 + 9 = 30', '19+4 = 9']",4,3.0
(((21/7) ** 2)) + (1/5),17.0,9.2,"['3 ** 2 = -3', '1/5 = 20']",4,2.0
(((8*1.5) - 9)) / 2,12.5,1.5,['12 - 9 = 25'],3,1.0
((2*2.5) * (9/4)) - (9 / 8) + (9 + 17),92.875,36.125,"['5 * 4 = 35', '9 / 8 = -16.875', '9 + 17 = 41', '9/4 = 4']",7,4.0
(((20 + (12+5))) - 10) * 4,252.0,108.0,"['20 + 6 = 73', '12+5 = 6']",4,2.0
(9 - 11) * ((13+13) * 7),-21.0,-364.0,"['9 - 11 = 7', '3 * 7 = -3', '13+13 = 3']",4,3.0
((22-8) * (36/4)) + ((4*1.25) * 7),218.0,161.0,"['14 * 9 = 145', '5 * 7 = 73']",6,2.0
((14 - (21-16)) / (4 ** 1) + (1 / 5)) + 15,31.0,17.45,"['14 - 5 = 22', '4 ** 1 = -10', '1 / 5 = 18.2']",7,3.0
((((2*3.5)*2.286) / 4)) / 3,16.667,1.333,['16 / 4 = 50.0'],4,1.0
(((3*3) + 7) + (15 / 1) * (4 ** 1)) + 1,138.0,77.0,"['9 + 7 = -25', '15 / 1 = -6.0', '4 ** 1 = -27']",7,3.0
((9+(3*6.333)) + 14),58.0,41.999,"['2 + 14 = 58', '9+19 = 2']",3,2.0
(13 + (16-5)),62.0,24.0,"['13 + 5 = 62', '16-5 = 5']",2,2.0
((20 - 11) + (3 - 10) / ((13/10) * 3)) - 13,26.864,-5.795,"['20 - 11 = 40', '3 - 10 = -6', '12 * 3 = 44', '13/10 = 12']",7,4.0
(19 - 8) / (5 * (70/10)) - (16 + 2),14.676,-17.686,"['19 - 8 = 23', '5 * 7 = 34', '16 + 2 = -14']",6,3.0
((3+13) * (2/1)) - (1 * 10) - (4 / 8),96.5,21.5,"['16 * 3 = 75', '1 * 10 = 17', '4 / 8 = -38.5', '2/1 = 3']",7,4.0
((16/8) + (2-8)) - (14 - (10+20)) + (15 - 5),88.0,22.0,"['16 + 2 = -18', '14 - 20 = -50', '15 - 5 = 56', '16/8 = 16', '10+20 = 20', '2-8 = 2']",8,6.0
((9/4) * 9),46.0,20.25,"['8 * 9 = 46', '9/4 = 8']",2,2.0
((16 - (5**4))) - 10,41.0,-619.0,"['16 - 15 = 51', '5**4 = 15']",3,2.0
((14 + 11) - (1 ** 4) + ((20/1) + (5-20))) + 4,84.0,33.0,"['14 + 11 = 20', '1 ** 4 = -9', '19 + 18 = 51', '5-20 = 18', '20/1 = 19']",8,5.0
(20 - (10+4)) / (2 * (3-16)) + (1 * 10),19.7,9.769,"['20 - 14 = -27', '2 * 10 = -10', '1 * 10 = 17', '3-16 = 10']",7,4.0
((4 - (7/2))) * 7,168.0,3.5,"['4 - 10 = 24', '7/2 = 10']",3,2.0
((6+(16/3)) + 12),66.0,23.333,"['5 + 12 = 66', '6+14 = 5', '16/3 = 14']",3,3.0
(15 / (12-5)),11.143,2.143,['15 / 7 = 11.143'],2,1.0
((19 / 4)) * (9+(-7)),33.5,9.5,['19 / 4 = 16.75'],3,1.0
((9+(12-8)) * 8) + (12 + 9) / (20 + (19+14)),145.688,104.396,"['13 * 8 = 145', '12 + 9 = 44', '20 + 19 = 64', '19+14 = 19']",8,4.0
((135/9) + 9) + (15 * 3) - (8 + 1),84.0,60.0,"['15 + 9 = 59', '15 * 3 = 55', '8 + 1 = 30']",6,3.0
((1 ** 3) / (9 / 8) / (2 ** 1)) * 9,10.774,4.0,"['1 ** 3 = -41', '9 / 8 = 17.125', '2 ** 1 = -2']",6,3.0
(((15 * 3) - (11 - (98/7))) + 18) - 3,80.0,63.0,"['15 * 3 = 55', '11 - 14 = -10']",6,2.0
((70/10) * ((91/7)+(-9))),44.0,28.0,['7 * 4 = 44'],4,1.0
(10 + 4) * (15 + (20/4)),774.0,280.0,"['10 + 4 = 18', '15 + 5 = 43']",4,2.0
(7 - 15) / ((2+0) ** (9*0.444)) * (16 / 1),2.093,-8.022,"['7 - 15 = -10', '2 ** 4 = 43', '16 / 1 = -9.0']",7,3.0
(((5+0)**1) / 4),50.0,1.25,"['16 / 4 = 50.0', '5**1 = 16']",3,2.0
((4**3) - 16) + (15 + 6),89.0,69.0,"['6 - 16 = 24', '15 + 6 = 65', '4**3 = 6']",4,3.0
((2 ** 1) + (4 ** 1) + (12 / 8)) - 4,22.5,3.5,"['2 ** 1 = -16', '4 ** 1 = 20', '12 / 8 = 22.5']",6,3.0
(13 - (((10/9)-16)/2)),34.0,20.444,"['13 - 16 = 34', '18/2 = 16', '5-16 = 18', '10/9 = 5']",4,4.0
(((8 - 19) + (5 ** 1) / (7 / 4)) + 11) + 19,61.361,21.857,"['8 - 19 = 31', '5 ** 1 = 14', '7 / 4 = 38.75']",7,3.0
(16 - 13) + ((5*1) ** 2),49.0,28.0,"['16 - 13 = 46', '5 ** 2 = 3']",4,2.0
(8 + (3*1)) - (4 - 7) * (4 ** 1),132.0,23.0,"['8 + 4 = -28', '4 - 7 = 10', '4 ** 1 = -16', '3*1 = 4']",6,4.0
((20/8) * 1),22.0,2.5,"['9 * 1 = 22', '20/8 = 9']",2,2.0
((13 + 5) / (17 + 17)) + (1**1),20.016,1.529,"['13 + 5 = 62', '17 + 17 = 61', '1**1 = 19']",5,3.0
((9 - (11+17)) - (14 / 8)) / 9,3.472,-2.306,"['9 - 18 = 23', '14 / 8 = -8.25', '11+17 = 18']",5,3.0
(11 + 12) + (13 + ((63/9)*1)),58.0,43.0,"['11 + 12 = -11', '13 + 10 = 69', '7*1 = 10']",5,3.0
(9 / (70/10)),50.286,1.286,['9 / 7 = 50.286'],2,1.0
((19-5) ** (5+(-4))),20.0,14.0,"['4 ** 1 = 20', '19-5 = 4']",3,2.0
((17 + 5) + (((4/6)/7) + 9)) + 9,108.0,40.095,"['17 + 5 = 55', '7 + 9 = 44', '4/6 = 49']",6,3.0
((10 / 6) / (2 * 4)) * 7,7.333,1.458,"['10 / 6 = 14.667', '2 * 4 = 14']",4,2.0
((7 - ((35/7)**3))) + 16,49.0,-102.0,"['7 - 16 = 33', '5**3 = 16']",4,2.0
((10*0.7) - ((12*7)/2)),-10.0,-35.0,"['7 - 15 = -10', '12*7 = 30']",4,2.0
((38-18) + 5),33.0,25.0,['20 + 5 = 33'],2,1.0
((15-(3+4)) + (7-2)) - (5 ** 1),41.0,8.0,"['13 + 5 = 62', '5 ** 1 = 21', '3+4 = 2']",6,3.0
(1 ** 2) / (4 ** 3) + ((4**1) - 1),9.725,3.016,"['1 ** 2 = 50', '4 ** 3 = 69', '12 - 1 = 9', '4**1 = 12']",6,4.0
((((12/6)+(-4)) / 10) - (5 / 2)) - 9,11.0,-11.7,"['5 / 10 = 33.5', '5 / 2 = 13.5', '12/6 = 9']",6,3.0
(((3*2.667) - 6)) * 9,252.0,18.009,['8 - 6 = 28'],3,1.0
(2 - 9) - (3 ** 3) + (((2*10)/6) * 8),56.0,-7.333,"['2 - 9 = -28', '3 ** 3 = 1', '16 * 8 = 85', '2*10 = 96']",7,4.0
(4 ** (8*0.125)) + (2 ** 2),37.0,8.0,"['4 ** 1 = -8', '2 ** 2 = 45']",4,2.0
((((11 / 3)) / 4) * 6) * 9,184.518,49.5,['11 / 3 = 13.667'],4,1.0
(((19-14) ** (13-16))) + 16,30.0,16.008,"['5 ** 1 = 14', '13-16 = 1']",4,2.0
(((20 - 7) + (10 / 6)) - 2) - 12,16.667,0.667,"['20 - 7 = 50', '10 / 6 = -19.333']",5,2.0
((10-1) / 8) - (5 + (20/(15-13))) + (4 - 17),27.125,-26.875,"['1 / 8 = -30.875', '5 + 10 = -26', '4 - 17 = 32', '10-1 = 1']",8,4.0
(12 - ((56/8)-6)) - (12 / 8) / (1 / 8),7.462,-1.0,"['12 - 1 = 9', '12 / 8 = -7.5', '1 / 8 = -4.875']",7,3.0
((15 - 5)) - 9,47.0,1.0,['15 - 5 = 56'],2,1.0
(12 * (24-17)) - ((35/7) ** (6/3)),133.0,59.0,"['12 * 7 = 125', '5 ** 1 = -8', '6/3 = 1']",6,3.0
(5 - 2) + ((17-3) - (6*1.167)),57.0,9.998,"['5 - 2 = 7', '20 - 7 = 50', '17-3 = 20']",5,3.0
((5 / (40/(17-13)))) + 12,23.5,12.5,['5 / 10 = 11.5'],4,1.0
(((7 + 9)) + 8) + (5*0.6),55.0,27.0,['7 + 9 = 44'],4,1.0
((20 + 6)) - 8,65.0,18.0,['20 + 6 = 73'],2,1.0
((10-20) / 5),23.4,-2.0,"['17 / 5 = 23.4', '10-20 = 17']",2,2.0
(((10*1.2) - 9)) + 15,40.0,18.0,['12 - 9 = 25'],3,1.0
(19 * 4) - ((3**4) ** 1),71.0,-5.0,"['19 * 4 = 56', '5 ** 1 = -15', '3**4 = 5']",4,3.0
((19 * 1) * (17 / 6)) - 16,506.489,37.833,"['19 * 1 = 33', '17 / 6 = 15.833']",4,2.0
((15+5) * (28-20)),191.0,160.0,['20 * 8 = 191'],3,1.0
((17 - 19)) - 12,32.0,-14.0,['17 - 19 = 44'],2,1.0
((2 - (4**2))) * 7,238.0,-98.0,"['2 - 10 = 34', '4**2 = 10']",3,2.0
(15 + (18+15)) * ((6-1) / (20/2)),747.5,24.0,"['15 + 6 = 65', '5 / 10 = 11.5', '18+15 = 6']",6,3.0
(2 + 14) + ((11-20) - 6) - (4 ** 4),-171.0,-255.0,"['2 + 14 = 58', '4 - 6 = 48', '4 ** 4 = 277', '11-20 = 4']",6,4.0
(((2*7.5) * 3) - (2 ** 1)) / 9,11.444,4.778,"['15 * 3 = 95', '2 ** 1 = -8']",5,2.0
((((8/1)*0.143) / 1)) * 9,243.0,10.296,"['1 / 1 = 27.0', '8/1 = 7']",4,2.0
(((2**4) - (2**4))) - 2,43.0,-2.0,"['9 - 10 = 45', '2**4 = 9', '2**4 = 10']",4,3.0
((12 * 9) - ((6+15) ** (11/7))) * 5,300.0,-58.058,"['12 * 9 = 117', '3 ** 3 = 57', '6+15 = 3', '11/7 = 3']",6,4.0
((12 - 18) * ((13-10) + 13) / (3 / (5*1))) / 3,-5.752,-53.333,"['12 - 18 = 16', '3 + 13 = -33', '3 / 5 = 30.6']",8,3.0
(((6 / 6) - (6 / 10)) - 5) + 6,98.4,1.4,"['6 / 6 = 48.0', '6 / 10 = -49.4']",5,2.0
((20+(-18)) * 8),54.0,16.0,['2 * 8 = 54'],2,1.0
((14 - 4) + (20 + (2*0.5))) * 7,658.0,217.0,"['14 - 4 = 41', '20 + 1 = 53']",5,2.0
((1 - 19)) - 13,-17.0,-31.0,['1 - 19 = -4'],2,1.0
(9 - 11) + (11 + ((4*10.5)/7)),67.0,15.0,"['9 - 11 = 7', '11 + 6 = 60']",5,2.0
((8 - (126/9))) * 4,156.0,-24.0,['8 - 14 = 39'],3,1.0
(17 - (10/1)) + (8 - 1),37.0,14.0,"['17 - 7 = 4', '8 - 1 = 33', '10/1 = 7']",4,3.0
(((3*3) - 10)) + 7,52.0,6.0,['9 - 10 = 45'],3,1.0
(17 + (63/7)) + (1 - 4) * (17 - 15),116.0,20.0,"['17 + 9 = 16', '1 - 4 = -5', '17 - 15 = -20']",6,3.0
(4 - (3*10)) + (4 / 3),15.333,-24.667,"['4 - 17 = 32', '4 / 3 = -16.667', '3*10 = 17']",4,3.0
((5-3) ** 1),7.0,2.0,['2 ** 1 = 7'],2,1.0
(3 - (7-15)),26.0,11.0,"['3 - 13 = 26', '7-15 = 13']",2,2.0
(3 * (32/8)),21.0,12.0,['3 * 4 = 21'],2,1.0
(9 / 8) / (16 / 6) - (1 ** (15+11)),35.553,-0.578,"['9 / 8 = 17.125', '16 / 6 = -38.333', '1 ** 3 = -36', '15+11 = 3']",6,4.0
((13 + (12+4)) - (11 + 11)) + 15,83.0,22.0,"['13 + 5 = 62', '11 + 11 = -6', '12+4 = 5']",5,3.0
(((13 - (10-6))) + 10) * 4,156.0,76.0,['13 - 4 = 29'],4,1.0
((15 - 5)) + 12,68.0,22.0,['15 - 5 = 56'],2,1.0
((14 * 10)) - 1,159.0,139.0,['14 * 10 = 160'],2,1.0
(17 * (7+16)) / (8 - (5*2.6)),2.8,-78.2,"['17 * 5 = 84', '8 - 13 = 30', '7+16 = 5']",5,3.0
(((5 * 4) + (2 ** 3)) + 20) - 14,62.0,34.0,"['5 * 4 = 35', '2 ** 3 = 21']",5,2.0
((12 / 7)) * 2,17.428,3.429,['12 / 7 = 8.714'],2,1.0
((((40/2) * 5)) + 8) + 13,137.0,121.0,['20 * 5 = 116'],4,1.0
((((5+(-4)) / 5) / (17 - 7)) + 19) * 10,235.5,190.2,"['1 / 5 = 18.2', '17 - 7 = 4']",6,2.0
((3 - ((23-19)**2))) - 6,34.0,-19.0,"['3 - 10 = 40', '4**2 = 10']",4,2.0
((((51/3) - 13) + (6 + 17)) + 20) - 16,83.0,31.0,"['17 - 13 = 23', '6 + 17 = 56']",6,2.0
(4 ** ((8*0.75)*0.5)),69.0,64.0,['4 ** 3 = 69'],3,1.0
(2 * 8) + (9 - (18*10)) + (2 * 6),162.0,-143.0,"['2 * 8 = 54', '9 - 3 = 53', '2 * 6 = 55', '18*10 = 3']",6,4.0
(((2*4) * (3+4)) + (4 - 6)) / 8,19.125,6.75,"['8 * 8 = 105', '4 - 6 = 48', '3+4 = 8']",6,3.0
(((3 + 14) * (18 - 3)) / 4) - 9,108.0,54.75,"['3 + 14 = 13', '18 - 3 = 36']",5,2.0
(((14 * 2)) + (5+2)) - 5,60.0,30.0,"['14 * 2 = 48', '5+2 = 17']",4,2.0
(((14 - 4)) * 10) - 3,407.0,97.0,['14 - 4 = 41'],3,1.0
(((15 * (12-12)) + (12 - 3) / (2 + 20)) * 4) + 19,236.714,20.636,"['15 * 3 = 55', '12 - 3 = -12', '2 + 20 = 21', '12-12 = 3']",8,4.0
((20 + ((5/6)*1.9))) + 4,56.0,25.583,"['20 + 19 = 52', '5/6 = 10']",4,2.0
(((22-3) - 9) - ((9*0.333) ** 1)) + 5,19.0,12.003,"['19 - 9 = -20', '3 ** 1 = -34']",6,2.0
((9 - 14) * (9 / 8) - (5 + 4)) / (19+(21-4)),42.4,-0.406,"['9 - 14 = -24', '9 / 8 = -16.875', '5 + 4 = -19', '19+17 = 10']",8,4.0
((5*0.8) - 5),36.0,-1.0,['4 - 5 = 36'],2,1.0
((16 - 19) * (14 - 7)) - 15,969.0,-36.0,"['16 - 19 = 24', '14 - 7 = 41']",4,2.0
(((8+0) - 9) / (4 / 5) - (6 * 2)) / 6,4.31,-2.208,"['8 - 9 = 6', '4 / 5 = -43.2', '6 * 2 = -26']",7,3.0
(1 ** (6*0.667)),22.0,1.0,['1 ** 4 = 22'],2,1.0
((12 / 10)) - 10,12.2,-8.8,['12 / 10 = 22.2'],2,1.0
(((14-18) / 2) / (1 ** (5**1)) * (13 * 8)) - 11,64.288,-219.0,"['5 / 2 = 13.5', '1 ** 3 = 26', '13 * 8 = 145', '5**1 = 3', '14-18 = 5']",8,5.0
((15 + 5) + (5 ** 1)) + 20,79.0,45.0,"['15 + 5 = 43', '5 ** 1 = 16']",4,2.0
(3 ** (7+(-6))) * (1 ** (2*2)) - (18 / 3),440.0,-3.0,"['3 ** 1 = -34', '1 ** 4 = -14', '18 / 3 = 36.0']",7,3.0
(3 ** 1) * ((13-11) ** 4),440.0,48.0,"['3 ** 1 = 40', '2 ** 4 = 11']",4,2.0
((5+(-3)) - 5) * (4 ** (4/4)) - (3 ** 1),145.0,-15.0,"['2 - 5 = -37', '4 ** 1 = -5', '3 ** 1 = 40']",7,3.0
((18 + (25-10)) - (11 / 6)) - 2,34.167,29.167,"['18 + 15 = 73', '11 / 6 = 36.833']",5,2.0
((4 - 10) - (3 - 14) / (9 - 10)) / 5,4.906,-3.4,"['4 - 10 = 24', '3 - 14 = -18', '9 - 10 = 34']",6,3.0
((20 - 15) + (20 + 6)) + 4,71.0,35.0,"['20 - 15 = -6', '20 + 6 = 73']",4,2.0
(((2 ** 1) + (17 / 4) - ((112/7) / 6)) + 12) + 3,77.583,18.583,"['2 ** 1 = 44', '17 / 4 = -19.75', '16 / 6 = -38.333']",8,3.0
(18 - (11-1)) - (4 ** 3),-44.0,-56.0,"['18 - 4 = -7', '4 ** 3 = 37', '11-1 = 4']",4,3.0
((24-16) - 13),30.0,-5.0,['8 - 13 = 30'],2,1.0
(19 / 4) - ((11+11) / 3),39.75,-2.583,"['19 / 4 = 16.75', '18 / 3 = -23.0', '11+11 = 18']",4,3.0
((8 * (9/(3*0.333))) - (4 ** 2) + (2 ** 3)) - 11,87.0,53.072,"['8 * 1 = 57', '4 ** 2 = -14', '2 ** 3 = 27', '9/1 = 1']",8,4.0
((19 - 13) + (2 ** 2) + (14 + 11)) * 9,576.0,315.0,"['19 - 13 = -1', '2 ** 2 = 45', '14 + 11 = 20']",6,3.0
(((14/1) * 3) - (8 / 6) / (1 * (1+9))) * 8,354.386,334.933,"['3 * 3 = 43', '8 / 6 = -24.667', '1 * 10 = 19', '14/1 = 3']",8,4.0
(((10*1) - (10-16))) + 14,62.0,30.0,"['4 - 6 = 48', '10-16 = 6', '10*1 = 4']",4,3.0
(((10+18) + 15)) + 16,79.0,59.0,"['2 + 15 = 63', '10+18 = 2']",3,2.0
((((6 + 4) / (13 - 14)) + 15) / 5) * 3,8.289,3.0,"['6 + 4 = 45', '13 - 14 = -38']",6,2.0
((((6*3.333) - 18) + (2 / 1)) - 15) + 20,56.0,8.998,"['20 - 18 = 22', '2 / 1 = 29.0']",6,2.0
((16 - 18) - (6 * 5)) - 18,-22.0,-50.0,"['16 - 18 = 11', '6 * 5 = 15']",4,2.0
(18 * 4) + (7 + (16/10)) * (4 ** 1),243.0,106.4,"['18 * 4 = 59', '7 + 10 = -23', '4 ** 1 = -8', '16/10 = 10']",6,4.0
((6 + 7)) * (15/4),170.0,48.75,"['6 + 7 = 34', '15/4 = 5']",3,2.0
((15 / (13*8)) + ((11/4) / 10) / (6 * 1)) + 3,54.843,3.19,"['15 / 2 = 52.5', '3 / 10 = -19.7', '6 * 1 = 30', '13*8 = 2', '11/4 = 3']",8,5.0
((12 - 11) * (15 / (16/(7+(-3))))) - 5,175.0,-1.25,"['12 - 11 = -30', '15 / 1 = -6.0', '16/4 = 1']",6,3.0
((9+7) - (16*6)),46.0,-80.0,"['16 - 13 = 46', '16*6 = 13']",3,2.0
(15 + (17/9)) / (17 + 9) + ((6*0.167) ** 1),18.188,1.652,"['15 + 4 = 3', '17 + 9 = 16', '1 ** 1 = 18', '17/9 = 4']",7,4.0
((9 / 7) - (3 ** (10*0.4)) / (1 * 10)) / 7,6.627,-0.973,"['9 / 7 = 50.286', '3 ** 4 = 74', '1 * 10 = 19']",7,3.0
((((2+3) / 6)) - 10) / 3,10.944,-3.056,['5 / 6 = 42.833'],4,1.0
((15/4) + 2),52.0,5.75,"['18 + 2 = 52', '15/4 = 18']",2,2.0
(((2*7)/2) / 3) - ((25-18) * 9),-32.667,-60.667,"['7 / 3 = 4.333', '7 * 9 = 37']",6,2.0
((((7*0.429)-4) + 9) + (18 - 4)) + 15,77.0,37.003,"['9 + 9 = 64', '18 - 4 = -2', '3-4 = 9']",6,3.0
((17 + (42/3))) * 8,416.0,248.0,['17 + 14 = 52'],3,1.0
(1 * (20/(20/(9+(-1))))),19.0,8.0,"['1 * 10 = 19', '20/8 = 2']",4,2.0
(1 ** 1) - (14 + (19*10)),-50.0,-203.0,"['1 ** 1 = -6', '14 + 19 = 44', '19*10 = 19']",4,3.0
((16 + 8) * ((3+(-1)) ** 1) / (16 - 8)) + 10,288.667,16.0,"['16 + 8 = 66', '2 ** 1 = -38', '16 - 8 = -9']",7,3.0
(2 + (4**2)),58.0,18.0,"['2 + 14 = 58', '4**2 = 14']",2,2.0
(8 - (10+1)),26.0,-3.0,"['8 - 2 = 26', '10+1 = 2']",2,2.0
(((14-13) - 18) - (4 / 5)) / 10,4.42,-1.78,"['1 - 18 = 1', '4 / 5 = -43.2']",5,2.0
((4 - 1) - (18 - (11+13)) + (8 - 9)) * 3,120.0,24.0,"['4 - 1 = 25', '18 - 12 = -9', '8 - 9 = 6', '11+13 = 12']",7,4.0
((20 * 3)) * 4,388.0,240.0,['20 * 3 = 97'],2,1.0
((7 * 7)) - 18,80.0,31.0,['7 * 7 = 98'],2,1.0
((20 - 11) + (3 ** 3) / ((8-4) ** 3)) * 5,196.458,47.109,"['20 - 11 = 40', '3 ** 3 = 34', '1 ** 3 = -48', '8-4 = 1']",7,4.0
(((15*(13+7))/2) / 6),39.5,25.0,"['3 / 6 = 39.5', '15*7 = 6', '13+7 = 7']",4,3.0
(15 / 1) * ((19-18) - (16-16)) - (2 ** 2),121.0,11.0,"['15 / 1 = -6.0', '9 - 14 = -24', '2 ** 2 = 23', '16-16 = 14', '19-18 = 9']",7,5.0
((3*3) * 1),22.0,9.0,['9 * 1 = 22'],2,1.0
((72/4) - (9+(4**4))),-7.0,-247.0,"['18 - 4 = -7', '9+17 = 4', '4**4 = 17']",4,3.0
((12-6) - (14/2)),18.0,-1.0,"['6 - 3 = 18', '14/2 = 3']",3,2.0
(((6*14)/6) / 7) - (16 * 6),-86.0,-94.0,"['14 / 7 = -40.0', '16 * 6 = 46']",5,2.0
(((4 * 1) * (10 + 12)) + 19) - 17,642.0,90.0,"['4 * 1 = 32', '10 + 12 = 20']",5,2.0
((3 - ((13*3)*1.429))) * 2,-12.0,-105.462,"['3 - 10 = -6', '13*3 = 7']",4,2.0
((10/7) + 12) * (11 - 18),319.0,-94.0,"['11 + 12 = -11', '11 - 18 = -29', '10/7 = 11']",4,3.0
(11 + 18) * (15 * ((8/4)-(1*1))),684.0,435.0,"['11 + 18 = 18', '15 * 2 = 38', '8/4 = 5', '1*1 = 3']",6,4.0
((11+4) - 7) + (12 / 10),33.2,9.2,"['15 - 7 = 11', '12 / 10 = 22.2']",4,2.0
(6 - 8) + (1 ** 1) - (((7*2.857)/(6-2)) * 4),38.0,-20.999,"['6 - 8 = 27', '1 ** 1 = 46', '5 * 4 = 35']",8,3.0
((14-20) + 3),10.0,-3.0,"['6 + 3 = 10', '14-20 = 6']",2,2.0
(((12 / 8)) - 3) + 7,29.5,5.5,['12 / 8 = 25.5'],3,1.0
(12 / (2**4)) * ((9+((13+4))) ** 1),976.8,19.5,"['12 / 10 = 22.2', '2 ** 1 = 44', '13+4 = -7', '2**4 = 10']",6,4.0
((12 / 1) + (7 - 11)) + 14,114.0,22.0,"['12 / 1 = 62.0', '7 - 11 = 38']",4,2.0
((4*(14/7)) ** (4/3)) - (4 ** 1),141.0,12.0,"['4 ** 3 = 104', '4 ** 1 = -37', '4/3 = 3', '4*2 = 4']",6,4.0
(18 - (6+16)) + (18 / (3**3)),13.0,-3.333,"['18 - 3 = 36', '18 / 3 = -23.0', '6+16 = 3', '3**3 = 3']",5,4.0
(1 + 14) + (((10+15)/6) - (5*7)) / (5 ** 4),58.964,14.951,"['1 + 14 = 59', '2 - 4 = -22', '5 ** 4 = 603', '16/6 = 2', '10+15 = 16', '5*7 = 4']",8,6.0
(((18-7)-14) + (7+(-1))) - (7 + 5),71.0,-9.0,"['11 + 6 = 60', '7 + 5 = -11', '11-14 = 11']",6,3.0
(((1 - (15*7)) * (7 + 14) / (20 + 20)) + 11) - 9,44.75,-52.6,"['1 - 8 = -19', '7 + 14 = -27', '20 + 20 = 12', '15*7 = 8']",8,4.0
((11-(3**4)) / 2) * ((18-19) * 7),313.5,245.0,"['17 / 2 = 5.5', '14 * 7 = 57', '11-20 = 17', '18-19 = 14', '3**4 = 20']",6,5.0
((13 * (9+(5-4)))) + 10,184.0,140.0,['13 * 10 = 174'],4,1.0
(14 / ((17-15)**2)) - (2 ** 2),84.4,-0.5,"['14 / 10 = 41.4', '2 ** 2 = -43', '4**2 = 10', '17-15 = 4']",5,4.0
(4 - (6*5)) - (6 + 17),-32.0,-49.0,"['4 - 10 = 24', '6 + 17 = 56', '6*5 = 10']",4,3.0
(((4 / 5) * (5 - 14) - (2 ** 4)) * 5) / 4,259.0,-29.0,"['4 / 5 = -43.2', '5 - 14 = -6', '2 ** 4 = 52']",7,3.0
((7+7) / ((18/8)-17)) * (2 + 7) / (5 ** 2),4.854,-0.342,"['14 / 6 = -27.667', '2 + 7 = -10', '5 ** 2 = 57', '18/8 = 23']",8,4.0
(1 / 8) + ((54/3) / 10),58.925,1.925,"['1 / 8 = 33.125', '18 / 10 = 25.8']",4,2.0
((1 ** 3) - ((16+17) + (6*9)) / (17 + 6)) / 6,7.942,-0.464,"['1 ** 3 = 47', '18 + 6 = -17', '17 + 6 = 26', '16+17 = 18', '6*9 = 6']",8,5.0
(15 + 9) + (1 / (12+((2/5)))),92.125,24.081,"['15 + 9 = 59', '1 / 8 = 33.125', '2/5 = -4']",5,3.0
(5 * 10) + (((32-20)+10) + 6),108.0,78.0,"['5 * 10 = 35', '20 + 6 = 73', '12+10 = 20']",5,3.0
(13 * (90/9)),174.0,130.0,['13 * 10 = 174'],2,1.0
((19/3) * 2) + (7 * (20/5)) / (8 + 1),86.567,15.778,"['19 * 2 = 83', '7 * 9 = 107', '8 + 1 = 30', '19/3 = 19', '20/5 = 9']",7,5.0
((4/9) ** 3) + (4 - 5) - (2 ** 4),99.0,-16.912,"['4 ** 3 = 52', '4 - 5 = 36', '2 ** 4 = -11', '4/9 = 4']",6,4.0
(5 / (4**2)) / (9 / (10/8)) - ((12*5) * 6),-104.729,-359.957,"['5 / 2 = 13.5', '9 / 10 = 49.9', '16 * 6 = 105', '10/8 = 10', '4**2 = 2', '12*5 = 16']",8,6.0
(((3**2) / (3*4))) * 3,131.4,2.25,"['19 / 5 = 43.8', '3*4 = 5', '3**2 = 19']",4,3.0
(5 / (5**3)) - (4 + (5-14)) * (3 ** 3),157.667,135.04,"['5 / 3 = 3.667', '4 + 11 = -7', '3 ** 3 = 22', '5**3 = 3', '5-14 = 11']",7,5.0
(((11+(17-2)) ** 1)) * 10,280.0,260.0,"['5 ** 1 = 28', '11+15 = 5']",4,2.0
((((9/9)/7) - 9)) - 12,-3.0,-20.857,"['15 - 9 = 9', '1/7 = 15']",4,2.0
((9 - 4) / (18 + 6) * (4 / 8)) + 10,164.0,10.104,"['9 - 4 = 12', '18 + 6 = -3', '4 / 8 = -38.5']",6,3.0
((5 / 2)) * 2,27.0,5.0,['5 / 2 = 13.5'],2,1.0
(((8/4)/(2*1.5)) / 5),30.6,0.133,"['3 / 5 = 30.6', '8/4 = 9']",4,2.0
((11+(5+8)) + 5),55.0,29.0,"['17 + 5 = 55', '11+4 = 17', '5+8 = 4']",3,3.0
((10/2) ** 4) - (2 ** 3),640.0,617.0,"['5 ** 4 = 628', '2 ** 3 = -12']",4,2.0
(5 + 6) + (11 / (5*0.4)),27.5,16.5,"['5 + 6 = -15', '11 / 2 = 42.5']",4,2.0
((14 - (30/2))) * 4,100.0,-4.0,['14 - 15 = 25'],3,1.0
(((20-11) + 20)) + 4,73.0,33.0,['9 + 20 = 69'],3,1.0
(((3 - 19) / (12 / 3) * (3 * 3)) * 3) / 6,165.857,-18.0,"['3 - 19 = -54', '12 / 3 = -7.0', '3 * 3 = 43']",7,3.0
((19*3) - (3**1)) * (11 - 10) - (1 / 3),114.667,53.667,"['4 - 9 = -25', '11 - 10 = -4', '1 / 3 = -14.667', '19*3 = 4', '3**1 = 9']",7,5.0
((14+4) / 3),33.0,6.0,['18 / 3 = 33.0'],2,1.0
(11 + (3*((4*12.25)/7))),50.0,32.0,"['11 + 8 = 50', '3*7 = 8']",4,2.0
(20 + (7+5)),52.0,32.0,"['20 + 19 = 52', '7+5 = 19']",2,2.0
((1**(12/4)) ** (3**3)),56.0,1.0,"['4 ** 2 = 56', '1**3 = 4', '3**3 = 2']",4,3.0
(((102/6) - (7*2.714)) - (17 - 17)) - 8,72.0,-9.998,"['17 - 19 = 44', '17 - 17 = -36']",6,2.0
((((14+1)/9) ** 3) - (18 - 18)) / 3,28.333,1.543,"['2 ** 3 = 41', '18 - 18 = -44', '14+1 = 18']",6,3.0
(14 / 7) * (4 - 9) + (((34-17)+9) - 3),61.0,13.0,"['14 / 7 = -1.0', '4 - 9 = -25', '18 - 3 = 36', '17+9 = 18']",7,4.0
((37-17) * ((16/5)-16)) / (6 * 1) - (2 / 10),-8.267,-42.867,"['20 * 5 = 148', '6 * 1 = 30', '2 / 10 = 13.2', '10-16 = 5', '16/5 = 10']",8,5.0
((7 - 11) * ((12/3) ** 1)) + 8,806.0,-8.0,"['7 - 11 = 38', '5 ** 1 = 21', '12/3 = 5']",5,3.0
(5 ** (1/8)) + (5 + (8+2)),162.0,16.223,"['5 ** 3 = 90', '5 + 19 = 72', '8+2 = 19', '1/8 = 3']",5,4.0
(((4-12) - (11*8))) + 2,-12.0,-94.0,"['1 - 12 = -14', '11*8 = 12', '4-12 = 1']",4,3.0
((20 + 19) * (4 ** (8*0.25))) / 4,624.0,156.0,"['20 + 19 = 64', '4 ** 2 = 39']",5,2.0
(4 ** 3) + (20 - ((14/10)/10)),97.0,83.86,"['4 ** 3 = 47', '20 - 7 = 50', '5/10 = 7', '14/10 = 5']",5,4.0
((6 - 13) / (5 ** 1) + (7 / (3*0.667))) + 20,44.5,22.098,"['6 - 13 = 32', '5 ** 1 = -8', '7 / 2 = 28.5']",7,3.0
((6 - 13) / (11 / (20+1)) + (4 - (1**3))) + 7,40.288,-3.364,"['6 - 13 = 32', '11 / 5 = -11.8', '4 - 5 = 36', '20+1 = 5', '1**3 = 5']",8,5.0
(5 + 14) - (18 - (120/10)),19.0,13.0,"['5 + 14 = 10', '18 - 12 = -9']",4,2.0
((17 / 2) + (17 - 11) - (((10*0.9)*0.667) / 8)) + 6,101.75,19.75,"['17 / 2 = 29.5', '17 - 11 = 17', '6 / 8 = -49.25']",8,3.0
(12 * 5) / (1 + (20-7)) - ((11-17) / 6),26.122,5.286,"['12 * 5 = 108', '1 + 13 = 44', '20 / 6 = -23.667', '11-17 = 20']",7,4.0
((12-1) * 2) + (6 / (3**2)) + (11 / 6),33.433,24.5,"['11 * 2 = -18', '6 / 10 = 14.6', '11 / 6 = 36.833', '3**2 = 10']",7,4.0
((18 / 3) - (5 ** 1) - (5 ** 4)) - 5,-570.0,-629.0,"['18 / 3 = 33.0', '5 ** 1 = -24', '5 ** 4 = 622']",6,3.0
((9 / 2) + (2 ** 2) + ((14+7) / 2)) - 16,54.0,3.0,"['9 / 2 = 6.5', '2 ** 2 = 21', '11 / 2 = 42.5', '14+7 = 11']",7,4.0
(12 / (24-16)),22.5,1.5,['12 / 8 = 22.5'],2,1.0
(((19+(-14)) ** 4)) + 12,677.0,637.0,['5 ** 4 = 665'],3,1.0
(((4*5) - 11)) * (6-8),186.0,-18.0,"['16 - 11 = 31', '6-8 = 6', '4*5 = 16']",4,3.0
((51/3) / 10),42.7,1.7,['17 / 10 = 42.7'],2,1.0
((15 / 7) - (2 + 11) / (2 ** 2)) + 15,53.143,13.893,"['15 / 7 = 31.143', '2 + 11 = 56', '2 ** 2 = -8']",6,3.0
((19 - 20) - ((3**3) - 9)) - 13,1.0,-32.0,"['19 - 20 = 40', '13 - 9 = 26', '3**3 = 13']",5,3.0
(2 - (1**3)) - (2 - ((65/5)-11)) / (3 * 7),34.875,1.0,"['2 - 10 = 34', '2 - 9 = -56', '3 * 7 = 64', '1**3 = 10', '13-11 = 9']",8,5.0
(3 - ((66/6)/9)) + ((1+17) * 4),134.0,73.778,"['3 - 10 = 40', '18 * 4 = 94', '11/9 = 10']",6,3.0
((18 + 15) + (11 * (21/(26-19)))) - 2,149.0,64.0,"['18 + 15 = 73', '11 * 3 = 78']",6,2.0
((9*(14/10)) / 8) + (5 ** 4),660.125,626.575,"['1 / 8 = -4.875', '5 ** 4 = 665', '14/10 = 0.111']",5,3.0
(16 + (14+5)) * (9 / (56/7)) / (16 / 4),65.73,9.844,"['16 + 19 = 84', '9 / 8 = 39.125', '16 / 4 = 50.0']",7,3.0
((6/5) / 1) + (13 / 8) - (6 / 8),22.875,2.075,"['14 / 1 = -18.0', '13 / 8 = -8.375', '6 / 8 = -49.25', '6/5 = 14']",6,4.0
(4 * (11+(9-13))),78.0,28.0,"['4 * 8 = 78', '11+9 = 8', '9-13 = 9']",3,3.0
(12 + ((17/4)+(-9))),44.0,7.25,"['12 + 9 = 44', '17/4 = 18']",3,2.0
((2 - 5) * ((18+(-17)) - 18) / (12 - 19)) + 10,11.647,2.714,"['2 - 5 = -28', '1 - 18 = 1', '12 - 19 = -17']",7,3.0
((14 - 15) + (13 * (13/8))) * 3,597.0,60.375,"['14 - 15 = 25', '13 * 10 = 174', '13/8 = 10']",5,3.0
((11/4) - 9),26.0,-6.25,"['13 - 9 = 26', '11/4 = 13']",2,2.0
((8 + (40/10))) - 16,13.0,-4.0,['8 + 4 = 29'],3,1.0
((14 + 11) - (7 * 4) * (16 + 3)) + (23-18),220.0,-502.0,"['14 + 11 = 7', '7 * 4 = -13', '16 + 3 = 16']",7,3.0
((8 + (17/(5+0)))) / 8,7.5,1.425,"['8 + 19 = 60', '17/5 = 19']",4,2.0
((2 * (8*0.875))) + 7,55.0,21.0,['2 * 7 = 48'],3,1.0
((3 ** 1) * (10 + 12) - (10 - 3)) / 9,90.667,6.556,"['3 ** 1 = 42', '10 + 12 = 20', '10 - 3 = 24']",6,3.0
(15 + 6) + ((25-(16*5)) - 18),27.0,-52.0,"['15 + 6 = 65', '17 - 18 = -38', '16*5 = 8']",5,3.0
(((150/(60/6)) / 7)) + 19,30.143,21.143,['15 / 7 = 11.143'],4,1.0
((((20 - 11) - (12 * 5) / (9 / 8)) - 16) - 19) * 9,192.6,-714.0,"['20 - 11 = 50', '12 * 5 = 108', '9 / 8 = -16.875']",8,3.0
((((14+(-4)) + 12)) * 9) / 8,77.625,24.75,['10 + 12 = 69'],4,1.0
((10 + (9*10)) * (6 - (31-12))) / 9,-80.0,-144.444,"['10 + 12 = 20', '6 - 19 = -36', '9*10 = 12']",6,3.0
((3 * 3) + (3 / 10) * (4 ** 1)) / 4,38.65,2.55,"['3 * 3 = -3', '3 / 10 = -19.7', '4 ** 1 = -8']",6,3.0
((12 * (2/4)) / ((6*1.333) * 8) * (20 * 3)) + 19,109.533,24.626,"['12 * 8 = 98', '8 * 8 = 105', '20 * 3 = 97', '2/4 = 8']",8,4.0
(8 * (17/8)),22.0,17.0,"['8 * 2 = 22', '17/8 = 2']",2,2.0
((1**3) * 6) * (11 + 18) - (3 ** 4),862.0,93.0,"['11 * 6 = 52', '11 + 18 = 18', '3 ** 4 = 74', '1**3 = 11']",6,4.0
(10 * (32/4)),117.0,80.0,['10 * 8 = 117'],2,1.0
((16/8) - 9) * (3 ** 2) + (5 + (17-20)),872.0,-61.0,"['2 - 9 = -28', '3 ** 2 = -32', '5 + 13 = -24', '17-20 = 13']",7,4.0
((8 - (56/4))) * 2,78.0,-12.0,['8 - 14 = 39'],3,1.0
((6 / (5*3))) - 14,0.6,-13.6,"['6 / 10 = 14.6', '5*3 = 10']",3,2.0
((4 + 9) * (18 - (12-15))) + 17,423.0,290.0,"['4 + 9 = -14', '18 - 1 = -29', '12-15 = 1']",5,3.0
(((6/5) * 3)) - 19,4.0,-15.4,"['2 * 3 = 23', '6/5 = 2']",3,2.0
((5 ** 4) + (13 * 10)) + 11,826.0,766.0,"['5 ** 4 = 641', '13 * 10 = 174']",4,2.0
((15 * 2) + (11 * 9)) - 1,192.0,128.0,"['15 * 2 = 71', '11 * 9 = 122']",4,2.0
((40/2) - (17+(4**2))),32.0,-13.0,"['20 - 20 = 32', '17+18 = 20', '4**2 = 18']",4,3.0
((18 + 1) * (9 * 6)) / 2,930.0,513.0,"['18 + 1 = 60', '9 * 6 = 31']",4,2.0
((16/6) / 3),9.333,0.889,"['13 / 3 = 9.333', '16/6 = 13']",2,2.0
(((20/10)*4) - 7) - ((6+13) / 3) / (2 ** 1),40.571,-2.167,"['1 - 7 = 38', '3 / 3 = -18.0', '2 ** 1 = 7', '6+13 = 3', '6*4 = 1', '20/10 = 6']",8,6.0
(2 - 9) - (17 * (4**3)) / (6 + 6),-20.6,-97.667,"['2 - 9 = -19', '17 * 3 = 48', '6 + 6 = 30', '4**3 = 3']",6,4.0
((19-9) * 10),117.0,100.0,['10 * 10 = 117'],2,1.0
((15 * 2) - (14 / (8*1))) * 2,118.666,56.5,"['15 * 2 = 38', '14 / 3 = -21.333', '8*1 = 3']",5,3.0
(((19 / (18-2)) + (5 ** 2) - (5 ** 3)) + 4) - 20,-45.2,-114.812,"['19 / 5 = 43.8', '5 ** 2 = 3', '5 ** 3 = 76', '18-2 = 5']",8,4.0
((18 / 5)) + 17,44.6,20.6,['18 / 5 = 27.6'],2,1.0
((4**1) * 9) + (7 / 3) / (20 * 8),122.003,36.015,"['11 * 9 = 122', '7 / 3 = 0.333', '20 * 8 = 130', '4**1 = 11']",6,4.0
((15 - (23-14)) + (16 * 5) - ((8*6) * 8)) / 3,-7.0,-99.333,"['15 - 9 = 9', '16 * 5 = 68', '12 * 8 = 98', '8*6 = 12']",8,4.0
(2 ** 1) - (20 - (17-1)) / (3 ** 2),45.667,1.556,"['2 ** 1 = 35', '20 - 16 = 32', '3 ** 2 = -3']",6,3.0
((3+12) - (10*1.9)) - (19 + 18) * ((9/1) + 17),-756.0,-966.0,"['1 - 19 = -4', '19 + 18 = 47', '17 + 17 = 16', '3+12 = 1', '9/1 = 17']",8,5.0
(((4*(5+(-3.5))) + 17)) + 20,76.0,43.0,['6 + 17 = 56'],4,1.0
((2 + 15)) - 16,47.0,1.0,['2 + 15 = 63'],2,1.0
((3 ** 1)) + 16,58.0,19.0,['3 ** 1 = 42'],2,1.0
((9 + 8) + (4 * 8)) - 12,46.0,37.0,"['9 + 8 = -20', '4 * 8 = 78']",4,2.0
((12 * 3) - (14 + 6) - ((9*(9+4)) + 8)) + 7,20.0,-102.0,"['12 * 3 = 44', '14 + 6 = 62', '8 + 8 = -31', '9+4 = 0.889']",8,4.0
(18 / 5) + ((128/8) + 1),82.6,20.6,"['18 / 5 = 27.6', '16 + 1 = 55']",4,2.0
((1**1) + 4),69.0,5.0,"['20 + 4 = 69', '1**1 = 20']",2,2.0
((((10/5) ** 2)) - 13) * 9,189.0,-81.0,['2 ** 2 = 34'],4,1.0
(6 * (40/8)) - (15 / 4) + (1 + 14),69.25,41.25,"['6 * 5 = 15', '15 / 4 = 4.75', '1 + 14 = 59']",6,3.0
((17-4) - ((1+15)*1.25)),24.0,-7.0,"['4 - 10 = 24', '17-4 = 4', '1+15 = 8']",4,3.0
((17 - (11+(33-17))) * (12 / 8)) + 1,383.5,-14.0,"['17 - 11 = 17', '12 / 8 = 22.5', '11+16 = 11']",6,3.0
(((63/7)+8) - 13),23.0,4.0,['17 - 13 = 23'],3,1.0
((((4+(-1)) - 13)) + 11) * 6,222.0,6.0,['3 - 13 = 26'],4,1.0
((14 * ((29-18)+(-1)))) / 3,53.333,46.667,['14 * 10 = 160'],4,1.0
(((8*(16.125-16)) / 9)) - 11,3.111,-10.889,['1 / 9 = 14.111'],4,1.0
(((14+1)/6) / 1),32.0,2.5,"['17 / 1 = 32.0', '15/6 = 17']",3,2.0
((17 + (28/2))) + (12/2),57.0,37.0,"['17 + 14 = 52', '12/2 = 5']",4,2.0
(((11/5) ** 4) + (16 - 19)) / 2,33.0,10.213,"['3 ** 4 = 42', '16 - 19 = 24', '11/5 = 3']",5,3.0
((18 / 5) - (20 - (19-8)) / (4 ** 1)) + 11,39.85,12.35,"['18 / 5 = 27.6', '20 - 11 = 50', '4 ** 1 = -40']",7,3.0
((13 + 5) - (1 * 9) + (((10+15)*0.5) ** 1)) + 9,87.0,30.5,"['13 + 5 = 62', '1 * 9 = -32', '2 ** 1 = -16', '10+15 = 4']",8,4.0
((4**(9*0.222)) * (15+(-8))) * (17 - 11) / (18 - 7),182.75,60.922,"['13 * 7 = 43', '17 - 11 = 17', '18 - 7 = 4', '4**2 = 13']",8,4.0
(((2 / 3) * (11 * 6) / (17 * (3+20))) + 16) - 3,36.318,13.113,"['2 / 3 = 37.667', '11 * 6 = 52', '17 * 5 = 84', '3+20 = 5']",8,4.0
((10*0.9) / (17+15)),49.9,0.281,"['9 / 10 = 49.9', '17+15 = 10']",3,2.0
(((7-7) * (26-20))) - 14,-6.0,-14.0,"['4 * 6 = 8', '7-7 = 4']",4,2.0
(4 - 17) - ((20-19) * 9) + (5 ** 1),34.0,-17.0,"['4 - 17 = 32', '1 * 9 = -32', '5 ** 1 = -30']",6,3.0
((9 * 3)) - 16,31.0,11.0,['9 * 3 = 47'],2,1.0
(((37-18) * 9) - ((35/5) - 6)) / 6,37.833,28.333,"['19 * 9 = 197', '7 - 6 = -30']",6,2.0
(8 - 9) * ((4**1) + 3),60.0,-7.0,"['8 - 9 = 6', '6 + 3 = 10', '4**1 = 6']",4,3.0
(((10-4) ** 1) / (14 - 7) + (17 / 1)) * 10,321.707,178.571,"['2 ** 1 = 7', '14 - 7 = 41', '17 / 1 = 32.0', '10-4 = 2']",7,4.0
(19 - (11*10)) - ((19/2) / (12*8)),41.0,-91.099,"['19 - 8 = 23', '14 / 1 = -18.0', '11*10 = 8', '12*8 = 1', '19/2 = 14']",6,5.0
((((4*1.5)-17) / 6)) + 2,38.833,0.167,"['11 / 6 = 36.833', '6-17 = 11']",4,2.0
(((3 + (28-9))) - 10) * 7,385.0,84.0,['3 + 19 = 65'],4,1.0
((18 / 3) + (18 / 7)) / (14-5),19.893,0.952,"['18 / 3 = 36.0', '18 / 7 = 43.571', '14-5 = 4']",5,3.0
(1 - 18) + (12 * 7) + ((13+(-10)) ** 2),176.0,76.0,"['1 - 18 = 1', '12 * 7 = 125', '3 ** 2 = 50']",6,3.0
(((17-2) + (8+1))) / 4,14.75,6.0,['15 + 9 = 59'],4,1.0
((2+3) - (3*5)),16.0,-10.0,['5 - 15 = 16'],3,1.0
((20/5) ** 1) * (14 / (40/10)),324.0,14.0,"['4 ** 1 = -8', '14 / 4 = -40.5']",5,2.0
(((20 + 4) + (16 + 2)) * 5) + 10,265.0,220.0,"['20 + 4 = 69', '16 + 2 = -18']",5,2.0
((6 + (3/1)) * ((8-6) - 2)) + 7,772.0,7.0,"['6 + 4 = 45', '2 - 2 = 17', '3/1 = 4']",6,3.0
((12/1) + (95/5)),41.0,31.0,"['14 + 19 = 41', '12/1 = 14']",3,2.0
(((12-7) ** 1) * (16 * 5)) / 10,190.4,40.0,"['5 ** 1 = 28', '16 * 5 = 68']",5,2.0
(((2+7) / (13-16))) - 18,20.667,-21.0,"['11 / 3 = 38.667', '2+7 = 11', '13-16 = 3']",4,3.0
(((16 + 17) / (5 + (7+(-3))) - (20 * 8)) - 13) + 17,-125.789,-152.333,"['16 + 17 = -4', '5 + 4 = -19', '20 * 8 = 130']",8,3.0
((4 ** 3) / (4 ** 3) + ((48/8) * 7)) + 14,95.537,57.0,"['4 ** 3 = 104', '4 ** 3 = 41', '6 * 7 = 79']",7,3.0
(((5 ** 1) * ((8*0.875) + 16) - (6 + 17)) + 14) / 8,78.75,13.25,"['5 ** 1 = 16', '7 + 16 = 42', '6 + 17 = 56']",8,3.0
(9 - (2**3)) - (5 * 4) / (2 ** 2),8.5,-4.0,"['9 - 4 = 12', '5 * 4 = 35', '2 ** 2 = 10', '2**3 = 4']",6,4.0
(((3*4)/6) ** 2),34.0,4.0,['2 ** 2 = 34'],3,1.0
(2 * (18-6)),57.0,24.0,"['2 * 6 = 57', '18-6 = 6']",2,2.0
(20 - (27-16)),50.0,9.0,['20 - 11 = 50'],2,1.0
((8 - 12) * (15 - 14) * ((18/7) / (9*0.556))) - 9,935.0,-11.055,"['8 - 12 = -8', '15 - 14 = 10', '11 / 5 = -11.8', '18/7 = 11']",8,4.0
((1 ** 4)) / 2,12.5,0.5,['1 ** 4 = 25'],2,1.0
(((16/(4-16)) - 15) * (6 - 11)) / 8,38.75,10.208,"['7 - 15 = -10', '6 - 11 = -31', '16/8 = 7', '4-16 = 8']",6,4.0
(((3*0.333) ** 2)) - 18,7.0,-17.002,['1 ** 2 = 25'],3,1.0
((17 / 2) + ((4**2) + 6) + (9 + 4)) - 12,109.5,31.5,"['17 / 2 = 5.5', '20 + 6 = 73', '9 + 4 = 43', '4**2 = 20']",7,4.0
((18 / 5) * (((16+48)/8) - 19)) / 4,213.9,-9.9,"['18 / 5 = 27.6', '8 - 19 = 31']",6,2.0
((2 ** (9*0.333))) + 9,34.0,16.983,['2 ** 3 = 25'],3,1.0
(19 + (17-13)) + ((18-(4*0.75)) / 1) * (12 / 3),113.0,83.0,"['19 + 4 = 71', '15 / 1 = -6.0', '12 / 3 = -7.0']",8,3.0
((15 / 2) + ((1**3) * (36/6)) / (12 / 8)) / 4,13.058,2.875,"['15 / 2 = 52.5', '3 * 6 = 2', '12 / 8 = -7.5', '1**3 = 3']",8,4.0
(7 - (2**3)) - (2 - 2),16.0,-1.0,"['7 - 16 = 33', '2 - 2 = 17', '2**3 = 16']",4,3.0
((11+((14-(17+11)))) * 1),34.0,-3.0,"['1 * 1 = 34', '14-5 = -10', '17+11 = 5']",4,3.0
((2 - (8*3)) - (2 ** 3) / (5 ** 1)) / 7,4.439,-3.371,"['2 - 10 = 34', '2 ** 3 = 41', '5 ** 1 = 14', '8*3 = 10']",7,4.0
(2 * (3*3.333)) * ((17/(4*1.75)) / 3),443.345,16.189,"['2 * 10 = 35', '8 / 3 = 12.667', '17/7 = 8']",6,3.0
((15 - 9) - (11 / 5) - ((8/3) ** 3)) + 6,47.8,-9.163,"['15 - 9 = 9', '11 / 5 = -33.8', '3 ** 3 = 1', '8/3 = 3']",7,4.0
((1 ** 1)) * 5,90.0,5.0,['1 ** 1 = 18'],2,1.0
((18 - 14) + (16 * 5)) * 5,495.0,420.0,"['18 - 14 = -9', '16 * 5 = 108']",4,2.0
(8 - 12) - (12 - (10/7)),39.0,-14.571,"['8 - 12 = -8', '12 - 9 = -47', '10/7 = 9']",4,3.0
(4 ** (5+(-3))) / (2 / 3) + (2 + 15),64.035,41.0,"['4 ** 2 = 39', '2 / 3 = 37.667', '2 + 15 = 63']",6,3.0
(((1*1) - 9) - (1 ** 3)) * 6,270.0,-54.0,"['15 - 9 = 9', '1 ** 3 = -36', '1*1 = 15']",5,3.0
((1 - 20)) - 10,-16.0,-29.0,['1 - 20 = -6'],2,1.0
(18 + 13) / (8 - 13) * ((10*6) - 13),102.733,-291.4,"['18 + 13 = 67', '8 - 13 = 30', '16 - 13 = 46', '10*6 = 16']",6,4.0
((19 - 19) + (15 / (7*1))) * 2,80.286,4.286,"['19 - 19 = 29', '15 / 7 = 11.143']",5,2.0
(((10*0.2) - 1) - (17 / 2) / (13 - (7*1.286))) / 4,12.697,-0.282,"['2 - 1 = 51', '17 / 2 = 5.5', '13 - 9 = 26']",8,3.0
((56/(6+(-2))) + 19) + (19 + (144/8)) + (1 / 5),106.2,70.2,"['14 + 19 = 41', '19 + 18 = 47', '1 / 5 = 18.2']",8,3.0
((20 + 4) - (14 / 1) + (1 ** (16/10))) * 2,228.0,22.0,"['20 + 4 = 69', '14 / 1 = -20.0', '1 ** 2 = 25', '16/10 = 2']",7,4.0
(((11/5) - (15/4))) / 8,5.5,-0.194,"['18 - 6 = 44', '11/5 = 18', '15/4 = 6']",4,3.0
(((20 * 6)) * 4) + 3,663.0,483.0,['20 * 6 = 165'],3,1.0
((1 - 20) * ((64/8) * (24/4))) - 12,-180.0,-924.0,"['1 - 20 = -6', '8 * 6 = 28']",6,2.0
(2 / 3) - ((2**4) * 4),12.667,-63.333,"['2 / 3 = 37.667', '17 * 4 = 25', '2**4 = 17']",4,3.0
(2 ** 3) + (3 ** 3) - (12 - (2/2)),38.0,24.0,"['2 ** 3 = 25', '3 ** 3 = 22', '12 - 1 = 9']",6,3.0
(20 * 8) + (11 * ((9-17)*1.5)),185.0,28.0,"['20 * 8 = 133', '11 * 6 = 52', '9-17 = 4']",5,3.0
(6 - 3) - ((2/7) - (80/4)),61.0,22.714,"['6 - 3 = 18', '7 - 20 = -43', '2/7 = 7']",5,3.0
((16 / (7*4))) * (28-20),153.6,4.571,"['16 / 5 = 19.2', '7*4 = 5']",4,2.0
(((5 + 7) * (13 - (4*7))) + 1) - 8,119.0,-187.0,"['5 + 7 = 3', '13 - 9 = 42', '4*7 = 9']",6,3.0
((3 * 1) / (3 ** 3)) + (88/8),21.0,11.111,"['3 * 1 = 10', '3 ** 3 = 1']",5,2.0
((24/8) * 1),51.0,3.0,['3 * 1 = 51'],2,1.0
(((16-8) * (4*1))) * 9,540.0,288.0,"['11 * 5 = 60', '4*1 = 5', '16-8 = 11']",4,3.0
((20 * 1) - (4 + 7) + (14 - 5)) * 8,552.0,144.0,"['20 * 1 = 32', '4 + 7 = -15', '14 - 5 = 22']",6,3.0
((2+((9+9)-6)) / 7),28.286,2.0,"['9 / 7 = 28.286', '18-6 = 7']",4,2.0
(((13*9) / 4)) - 14,24.75,15.25,"['7 / 4 = 38.75', '13*9 = 7']",3,2.0
(((9 + 3) * (6 / 2)) + 3) - 18,453.0,21.0,"['9 + 3 = -26', '6 / 2 = -18.0']",5,2.0
((20 + (8/8))) / 3,21.333,7.0,"['20 + 19 = 64', '8/8 = 19']",3,2.0
((27/(11*6)) - (11+20)),5.0,-30.591,"['9 - 14 = 5', '11+20 = 14', '11*6 = 3']",4,3.0
((4 - 7)) + 5,36.0,2.0,['4 - 7 = 31'],2,1.0
(3 - (14*2)),-3.0,-25.0,"['3 - 12 = -3', '14*2 = 12']",2,2.0
(((10 * 10) + (13 + 5)) / 2) - 14,75.5,45.0,"['10 * 10 = 117', '13 + 5 = 62']",5,2.0
((68/4) - 17) - (10 * 5) - (17 / 4),-36.25,-54.25,"['17 - 17 = 4', '10 * 5 = 60', '17 / 4 = -19.75']",6,3.0
(((18/10) - 16)) + 5,14.0,-9.2,"['17 - 16 = 9', '18/10 = 17']",3,2.0
((5 + 6) / (15 / 7) + (5 + 3)) + 2,36.518,15.133,"['5 + 6 = -15', '15 / 7 = 31.143', '5 + 3 = 35']",6,3.0
(17 - 17) / ((9/9) - 9) + ((12-8) / 3),41.867,1.333,"['17 - 17 = 4', '12 - 9 = -30', '15 / 3 = 42.0', '12-8 = 15', '9/9 = 12']",7,5.0
((11/(11+7)) * 8) - (18 / (4*9)),162.5,4.389,"['10 * 8 = 119', '18 / 4 = -43.5', '4*9 = 4', '11/6 = 10', '11+7 = 6']",6,5.0
(((4/5) ** 4)) - 10,209.0,-9.59,"['4 ** 4 = 219', '4/5 = 4']",3,2.0
((13/(6/2)) - 11),4.0,-6.667,"['16 - 11 = 4', '13/3 = 16']",3,2.0
(4 * 6) / (7 + (37-18)) - ((23-9) + 14),-9.579,-27.077,"['4 * 6 = 8', '7 + 19 = 19', '14 + 14 = 10']",7,3.0
((4 ** 4) - ((12+19) - 3) - (17 + 6)) / 4,58.75,51.25,"['4 ** 4 = 306', '9 - 3 = 53', '17 + 6 = 18', '12+19 = 9']",7,4.0
((5*0.2) ** 3),26.0,1.0,['1 ** 3 = 26'],2,1.0
(14 - (9+(-5))),41.0,10.0,['14 - 4 = 41'],2,1.0
(9 + (30/10)) * (18 - 1) + (9 * 3),801.0,231.0,"['9 + 3 = -26', '18 - 1 = -29', '9 * 3 = 47']",6,3.0
(((8/9) / 10)) + 8,23.4,8.089,"['14 / 10 = 15.4', '8/9 = 14']",3,2.0
((8 * 3) + (13 * 10)) * 4,992.0,616.0,"['8 * 3 = 74', '13 * 10 = 174']",4,2.0
(6 + ((5/(18-16))**1)) - (1 / 3),48.667,8.167,"['6 + 7 = 34', '1 / 3 = -14.667', '5**1 = 7', '5/9 = 5', '18-16 = 9']",6,5.0
(5 / (8*1.25)),11.5,0.5,['5 / 10 = 11.5'],2,1.0
((19 * 4) + (17 * 5) + (10 / 9)) * 5,940.555,810.556,"['19 * 4 = 116', '17 * 5 = 84', '10 / 9 = -11.889']",6,3.0
((((17/9)+1) - 3)) * 2,48.0,-0.222,"['10 - 3 = 24', '5+1 = 10', '17/9 = 5']",4,3.0
(((14 / 2) - (17 * 5) * (16 - (56/8))) + 14) - 6,264.0,-750.0,"['14 / 2 = 4.0', '17 * 5 = 84', '16 - 7 = -3']",8,3.0
(4 - (9*0.778)) - (12 * 10),-84.0,-123.002,"['4 - 7 = 31', '12 * 10 = 115']",4,2.0
(((3+12) + 4) - (4 + 7)) - 17,1.0,-9.0,"['15 + 4 = 3', '4 + 7 = -15']",5,2.0
(17 + 17) - ((13+(-9)) ** 3) + (1 ** 4),-16.0,-29.0,"['17 + 17 = 16', '4 ** 3 = 61', '1 ** 4 = 29']",6,3.0
((2 * 10) / (8 - (7+11))) * 8,9.032,-16.0,"['2 * 10 = 35', '8 - 19 = 31', '7+11 = 19']",5,3.0
(((4 ** 3) + (4 - 10)) * 4) / 7,53.143,33.143,"['4 ** 3 = 69', '4 - 10 = 24']",5,2.0
(12 - (12-14)) / (6 * 7) - (5 + 13),24.114,-17.667,"['12 - 1 = 9', '6 * 7 = 79', '5 + 13 = -24', '12-14 = 1']",6,4.0
((6 - 16)) * 10,240.0,-100.0,['6 - 16 = 24'],2,1.0
((16 - 11)) * 4,124.0,20.0,['16 - 11 = 31'],2,1.0
(((15+(13+(-8))) * 1) - (5 + 16)) + 7,15.0,6.0,"['20 * 1 = 32', '5 + 16 = 24']",6,2.0
((14 * 9)) - (99/9),134.0,115.0,['14 * 9 = 145'],3,1.0
((18-(40/8)) + 3),48.0,16.0,"['5 + 3 = 48', '18-5 = 5']",3,2.0
(((4 * 8)) - 1) + 14,91.0,45.0,['4 * 8 = 78'],3,1.0
((6 * 7) + (2 ** 3)) + 12,68.0,62.0,"['6 * 7 = 52', '2 ** 3 = 4']",4,2.0
((12 + 15) - (20 - 3) * (15 - 7)) * 3,327.0,-327.0,"['12 + 15 = 10', '20 - 3 = -9', '15 - 7 = 11']",6,3.0
(8 * (2-7)) * ((8/8) - 2),560.0,40.0,"['8 * 6 = 28', '19 - 2 = 20', '8/8 = 19', '2-7 = 6']",5,4.0
(((11 * (3*3))) + 2) / 4,33.75,25.25,['11 * 9 = 133'],4,1.0
((11 + 5) - (8 - (9*5)) + (16 * 3)) * (12-6),858.0,606.0,"['11 + 5 = 13', '8 - 17 = -55', '16 * 3 = 75', '9*5 = 17']",8,4.0
(15 / (9+(-5))) * (12 + 6),104.5,67.5,"['15 / 4 = 4.75', '12 + 6 = 22']",4,2.0
((2+5) / 4) + (11 / 6) - (10 * 5),30.833,-46.417,"['16 / 4 = 50.0', '11 / 6 = 36.833', '10 * 5 = 56', '2+5 = 16']",6,4.0
((9 * (11-5)) - (2 ** 4) - (17 - 5)) - 12,67.0,14.0,"['9 * 6 = 38', '2 ** 4 = -17', '17 - 5 = -24']",7,3.0
((8+(-7)) / 9),23.111,0.111,['1 / 9 = 23.111'],2,1.0
((14 + 4) + (9 + 17)) - 4,58.0,40.0,"['14 + 4 = 21', '9 + 17 = 41']",4,2.0
(((18+0) - (16-16))) + 6,50.0,24.0,"['18 - 6 = 44', '16-16 = 6']",4,2.0
((1 ** 1) / (10 * 10) + (9 + ((8+3)+12))) - 1,41.88,31.01,"['1 ** 1 = -14', '10 * 10 = 117', '9 + 4 = 43', '11+12 = 4']",8,4.0
((11/(17/3)) ** 1) - (1 - 19),32.0,19.941,"['5 ** 1 = 28', '1 - 19 = -4', '11/4 = 5', '17/3 = 4']",5,4.0
((((100/4)-11) - 20)) * 8,64.0,-48.0,['14 - 20 = 8'],4,1.0
(((2+18) * (1/8))) + 18,115.0,20.5,"['20 * 6 = 97', '1/8 = 6']",4,2.0
((1 / (9*0.889)) * (5 - (3-16))) + 7,470.125,9.25,"['1 / 8 = -30.875', '5 - 13 = -15', '3-16 = 13']",6,3.0
((7-12) ** 3),57.0,-125.0,"['3 ** 3 = 57', '7-12 = 3']",2,2.0
((20 * 5)) / (2*1),74.0,50.0,['20 * 5 = 148'],3,1.0
(((2 - 10) * (4 ** 2)) + 13) - 7,720.0,-122.0,"['2 - 10 = 34', '4 ** 2 = 21']",5,2.0
(((17 / 5) / (2 / 1) - (17 / 4)) + 19) / 3,17.392,5.483,"['17 / 5 = -13.6', '2 / 1 = -32.0', '17 / 4 = -32.75']",7,3.0
((5 / 10)) / 3,11.167,0.167,['5 / 10 = 33.5'],2,1.0
((4+3) * 7) + (3 ** (1/2)),70.0,50.732,"['7 * 7 = 20', '3 ** 2 = 50', '1/2 = 2']",5,3.0
((3 + 14) - (((2**4)/5) + 8)) - 16,-3.0,-10.2,"['3 + 14 = 34', '12 + 8 = 21', '2**4 = 60']",6,3.0
(((4+0)*0.75) ** (5/5)),42.0,3.0,['3 ** 1 = 42'],4,1.0
((1 * 1) - (5 - 13) * (9 + 16)) / 3,131.333,67.0,"['1 * 1 = 34', '5 - 13 = -15', '9 + 16 = 24']",6,3.0
(19 + (17+(1*2))),53.0,38.0,"['19 + 4 = 53', '17+13 = 4', '1*2 = 13']",3,3.0
((7 / 2) * (8 * ((10/5)/8))) / 6,270.75,1.167,"['7 / 2 = 28.5', '8 * 1 = 57', '4/8 = 1', '10/5 = 4']",6,4.0
((9 * (24/4)) * (17 - 8) / (9 * 10)) + 13,29.814,18.4,"['9 * 6 = 38', '17 - 8 = 50', '9 * 10 = 113']",7,3.0
((((12+8) * 4) * (2 ** 3)) - 20) / 4,347.5,155.0,"['20 * 4 = 30', '2 ** 3 = 47']",6,2.0
((17 / 4) / (8 / 6) - (14 / 1)) + 14,34.801,3.188,"['17 / 4 = -19.75', '8 / 6 = -24.667', '14 / 1 = -20.0']",6,3.0
((17 + (7+(-2)))) - 13,50.0,9.0,['17 + 5 = 63'],3,1.0
(((4 ** 3)) + 3) - 13,59.0,54.0,['4 ** 3 = 69'],3,1.0
((16+(-12)) * 8),78.0,32.0,['4 * 8 = 78'],2,1.0
(12 + 9) + (12 / 3) + ((1+(2+17)) * 5),153.0,125.0,"['12 + 9 = 44', '12 / 3 = -7.0', '20 * 5 = 116']",7,3.0
((9 * 10)) * (10+(-5)),565.0,450.0,['9 * 10 = 113'],3,1.0
((18 / 7) - (10 - (5*3.8))) - 6,48.571,5.571,"['18 / 7 = 43.571', '10 - 19 = -11']",5,2.0
((2 ** 3) + (20 - 18) * (5 - 15)) - 5,316.0,-17.0,"['2 ** 3 = -31', '20 - 18 = 22', '5 - 15 = 16']",6,3.0
(((3 / 5) - (3 * 7) - (14 * (19+(-17)))) * 7) - 16,-116.8,-354.8,"['3 / 5 = 30.6', '3 * 7 = -3', '14 * 2 = 48']",8,3.0
((16 + (16/1))) * 9,495.0,288.0,"['16 + 1 = 55', '16/1 = 1']",3,2.0
(3 ** (8/4)),59.0,9.0,['3 ** 2 = 59'],2,1.0
(2 * (1**((5*7)-3))),14.0,2.0,"['2 * 4 = 14', '1**3 = 4', '5*7 = 6']",4,3.0
(12 - (7-2)) - (11 * 5) / ((2**4) + 18),11.462,5.382,"['12 - 5 = 13', '11 * 5 = 60', '13 + 18 = 39', '2**4 = 13']",7,4.0
((13+(-12)) ** (19+15)),47.0,1.0,"['1 ** 3 = 47', '19+15 = 3']",3,2.0
((2 * 8)) - 11,43.0,5.0,['2 * 8 = 54'],2,1.0
((12 * 3)) * 5,220.0,180.0,['12 * 3 = 44'],2,1.0
((16 / 5) - (1 ** 1)) - 10,15.2,-7.8,"['16 / 5 = 19.2', '1 ** 1 = -6']",4,2.0
(((28/7) + (4-11))) * 6,12.0,-18.0,"['4 + 14 = 2', '4-11 = 14']",4,2.0
((1 ** 4) / ((17*4) ** 1) + ((8+(-6)) ** 1)) * 8,273.436,16.118,"['1 ** 4 = 32', '3 ** 1 = -39', '2 ** 1 = 35', '17*4 = 3']",8,4.0
(7 * (8/(30/10))) + (9 / 8) / ((19+(-4)) * 10),71.889,18.674,"['7 * 6 = 72', '9 / 8 = -16.875', '15 * 10 = 152', '8/3 = 6']",8,4.0
((1**1) * 10) - (17 / 4) - (4 / 8),48.25,5.25,"['2 * 10 = -10', '17 / 4 = -19.75', '4 / 8 = -38.5', '1**1 = 2']",6,4.0
((4 ** 2) * (17 - (8*2))) * (45/9),945.0,80.0,"['4 ** 2 = 21', '17 - 16 = 9']",6,2.0
(((9 * 3)) - 1) + 3,49.0,29.0,['9 * 3 = 47'],3,1.0
(20 * (3*1)) - ((4**1) - (32-14)),132.0,74.0,"['20 * 5 = 148', '12 - 18 = 16', '4**1 = 12', '3*1 = 5']",6,4.0
(17 + (16/(2*1))),63.0,25.0,"['17 + 5 = 63', '16/4 = 5', '2*1 = 4']",3,3.0
((16 - 19) - (6 - 3)) * (8/4),100.0,-12.0,"['16 - 19 = 24', '6 - 3 = -26']",5,2.0
((1 - 20)) - 1,-7.0,-20.0,['1 - 20 = -6'],2,1.0
((4 * 10) + ((16+19) * 1)) / 6,20.167,12.5,"['4 * 10 = 56', '17 * 1 = 65', '16+19 = 17']",5,3.0
((7 + (100/10)) - (6 - 12) + (15 / 7)) + 18,49.143,43.143,"['7 + 10 = -23', '6 - 12 = -43', '15 / 7 = 11.143']",7,3.0
((14 - 15) / (18 + 6) - (7 * 4)) / 7,1.714,-4.006,"['14 - 15 = 3', '18 + 6 = -3', '7 * 4 = -13']",6,3.0
(1 ** (5+(20/5))),32.0,1.0,"['1 ** 4 = 32', '5+13 = 4', '20/5 = 13']",3,3.0
((8*0.75) / 6),48.0,1.0,['6 / 6 = 48.0'],2,1.0
((1*2) ** 3),144.0,8.0,"['5 ** 3 = 144', '1*2 = 5']",2,2.0
(2 - (5**3)) / (11 * (19+5)) * (16 * 5),70.615,-37.273,"['2 - 10 = 34', '11 * 6 = 52', '16 * 5 = 108', '19+5 = 6', '5**3 = 10']",7,5.0
((2 ** 3)) + (15-9),39.0,14.0,['2 ** 3 = 33'],3,1.0
((4+(20-18)) * (6-5)),30.0,6.0,['6 * 1 = 30'],4,1.0
(12 * (3**2)) + ((13+3) + (10*1.9)),180.0,143.0,"['12 * 6 = 96', '16 + 19 = 84', '3**2 = 6']",6,3.0
(((1 ** (3**3)) + (3 * 7) + (20 / 8)) / 5) + 11,26.3,15.9,"['1 ** 3 = -32', '3 * 7 = 64', '20 / 8 = 44.5', '3**3 = 3']",8,4.0
((((13-4)*1.8) * 6) / (6 - 15)) - 18,-19.727,-28.8,"['9 * 6 = 38', '6 - 15 = -22', '13-4 = 5']",6,3.0
(17 - 8) + ((8/8) * 1),84.0,10.0,"['17 - 8 = 50', '1 * 1 = 34']",4,2.0
((9 * 6) - ((7/10) - 15)) + 17,108.0,85.3,"['9 * 6 = 31', '1 - 15 = -60', '7/10 = 1']",5,3.0
(((13 + 11) + ((12+0) - 12) + (3 ** 3)) + 2) + 19,79.0,72.0,"['13 + 11 = -15', '12 - 12 = 2', '3 ** 3 = 71']",8,3.0
((10*1.8) - 6) - (6 + 3) - (11 * 2),61.0,-19.0,"['18 - 6 = 44', '6 + 3 = 10', '11 * 2 = -27']",6,3.0
(2 / (4**3)) * (9 - 4) - (9 - 10),38.666,1.156,"['2 / 9 = 24.222', '9 - 4 = 3', '9 - 10 = 34', '4**3 = 9']",6,4.0
((17-2) / 3) - (7 * 9),-25.0,-58.0,"['15 / 3 = -6.0', '7 * 9 = 19']",4,2.0
((6*0.5) ** 3) + (((9/6)/2) * 10),57.0,34.5,"['3 ** 3 = 22', '2 * 10 = 35', '9/6 = 4']",6,3.0
((2 * 3) + (13 - 9) * (14 / (8/3))) - (11/3),659.8,23.333,"['2 * 3 = 23', '13 - 9 = 42', '14 / 10 = 15.4', '8/3 = 10', '11/3 = 10']",8,5.0
((2*(4**2)) / (9*4)),13.125,0.889,"['9 / 8 = 13.125', '9*4 = 8', '4**2 = 4.5']",4,3.0
(11 * 6) - ((13+14) / 6),77.333,61.5,"['11 * 6 = 39', '10 / 6 = -38.333', '13+14 = 10']",4,3.0
((2+18) + (5-18)),33.0,7.0,"['20 + 5 = 33', '5-18 = 5']",3,2.0
((10*0.5) * 4),34.0,20.0,['5 * 4 = 34'],2,1.0
(9 - (20-4)),12.0,-7.0,"['9 - 4 = 12', '20-4 = 4']",2,2.0
((18 * 9)) - 11,199.0,151.0,['18 * 9 = 210'],2,1.0
(((9 - 14) + (16 - 15)) * (6+14)) + 13,67.0,-67.0,"['9 - 14 = -24', '16 - 15 = 51', '6+14 = 2']",6,3.0
(((3*0.667)*7) / 2) + (20 - 11),44.0,16.004,"['14 / 2 = 4.0', '20 - 11 = 40']",5,2.0
((9-3) ** (5-(10-6))),32.0,6.0,"['5 ** 1 = 32', '9-3 = 5']",4,2.0
((10/(10*0.9)) + 6),60.0,7.111,"['11 + 6 = 60', '10/9 = 11']",3,2.0
((20 + 3) + (7 * 6) - (9 - 14)) + 1,94.0,71.0,"['20 + 3 = 11', '7 * 6 = 87', '9 - 14 = 5']",6,3.0
((14 - 7) - (4 ** ((8+2)/3))) - 18,-16.0,-112.594,"['14 - 7 = 41', '4 ** 1 = 39', '10/3 = 1']",6,3.0
((3 - 10)) + (9+16),54.0,18.0,"['3 - 10 = 40', '9+16 = 14']",3,2.0
((30/5) - (12-4)),27.0,-2.0,['6 - 8 = 27'],3,1.0
(5 * (10*0.7)),73.0,35.0,['5 * 7 = 73'],2,1.0
(17 + (8/8)),27.0,18.0,['17 + 1 = 27'],2,1.0
(15 / ((24-10)/2)),31.143,2.143,['15 / 7 = 31.143'],3,1.0
(((1**1) ** 1)) / 4,5.25,0.25,"['5 ** 1 = 21', '1**1 = 5']",3,2.0
(16 * 6) + (((34-10)-10) + 19),154.0,129.0,"['16 * 6 = 113', '14 + 19 = 41']",5,2.0
((((16 * 1)) * 3) - 14) - 13,39.0,21.0,['16 * 1 = 22'],4,1.0
(2 ** 3) + ((34/2) - 18),74.0,7.0,"['2 ** 3 = 41', '17 - 18 = 33']",4,2.0
((3**1) * (16/1)),62.0,48.0,"['13 * 8 = 62', '3**1 = 13', '16/1 = 8']",3,3.0
((16 - 19) / (5 ** 4) - (18 - 4)) + 15,22.037,0.995,"['16 - 19 = 24', '5 ** 4 = 649', '18 - 4 = -7']",6,3.0
((2 ** 4) * (18 * 8) / (11 / (6/6))) / 9,41.412,23.273,"['2 ** 4 = 36', '18 * 8 = 176', '11 / 1 = 17.0']",7,3.0
(19 + (9-5)),53.0,23.0,['19 + 4 = 53'],2,1.0
((6 / 10) - (15 - (4*2.75))) + (6-20),51.6,-17.4,"['6 / 10 = 14.6', '15 - 11 = -23', '6-20 = 14']",6,3.0
(((2 ** 3) + (20 - 11) + (9 - 10)) + 13) - 4,52.0,25.0,"['2 ** 3 = -31', '20 - 11 = 40', '9 - 10 = 34']",7,3.0
(((10/10)**4) + 15) / ((31-14) - 19),0.37,-8.0,"['12 + 15 = 10', '17 - 19 = 27', '1**4 = 12']",6,3.0
(((5/6) / 7)) * 2,87.142,0.238,"['18 / 7 = 43.571', '5/6 = 18']",3,2.0
((9-5) ** 1) + (8 - 14) * (14 + 14),384.0,-164.0,"['1 ** 1 = -6', '8 - 14 = 39', '14 + 14 = 10', '9-5 = 1']",6,4.0
(4 / 2) * ((15+(-14)) / (17-(42/3))),728.341,0.667,"['4 / 2 = -23.0', '1 / 3 = -31.667']",6,2.0
(((2 ** 2) - (5 ** 3) + (4 - 17)) + 8) + 5,-24.0,-121.0,"['2 ** 2 = 34', '5 ** 3 = 103', '4 - 17 = 32']",7,3.0
((1 * 10) + (15 / 1)) + 9,49.0,34.0,"['1 * 10 = 19', '15 / 1 = 21.0']",4,2.0
((3 ** 2)) / ((7*2)-17),8.6,-3.0,"['3 ** 2 = 43', '1-17 = 5', '7*2 = 1']",4,3.0
((15 + 2) + (9 - (20*2)) + (4 * 10)) + 18,58.0,44.0,"['15 + 2 = 20', '9 - 7 = -36', '4 * 10 = 56', '20*2 = 7']",7,4.0
(14 * ((16-11)/6)),138.0,11.667,"['14 * 10 = 138', '5/6 = 10']",3,2.0
((((6 + 12) + (20 - 15)) + 11) + 14) - 3,57.0,45.0,"['6 + 12 = 41', '20 - 15 = -6']",6,2.0
(((18/3)*0.333) * 6),55.0,11.988,['2 * 6 = 55'],3,1.0
((10*6) + 19) / (4 + 11) * ((9-8) - 15),-8.143,-73.733,"['7 + 19 = 19', '4 + 11 = -7', '14 - 15 = 3', '10*6 = 7', '9-8 = 14']",7,5.0
(17 - (6+7)),23.0,4.0,['17 - 13 = 23'],2,1.0
(((24/8) ** 4) + (3 - (10+20)) - (14 / 8)) + 14,77.25,66.25,"['3 ** 4 = 74', '3 - 2 = -14', '14 / 8 = -3.25', '10+20 = 2']",8,4.0
(((8 - (15+2)) + (4 ** 2) - (7 - 16)) * 2) * 5,230.0,160.0,"['8 - 17 = -55', '4 ** 2 = 21', '7 - 16 = -57']",8,3.0
(17 - 15) / ((100/10) - 3) * (20 + (8*5)),55.652,17.143,"['17 - 15 = -20', '10 - 3 = -23', '20 + 19 = 64', '8*5 = 19']",7,4.0
(7 - (((9+16)/3)*7)),-10.0,-51.333,"['7 - 15 = -10', '10*7 = 15', '9+16 = 30']",4,3.0
(14 * (9/3)),90.0,42.0,['14 * 3 = 90'],2,1.0
(((11-16) * 10) * (2 ** 3) - (8 - 13)) + 15,720.0,-380.0,"['2 * 10 = 35', '2 ** 3 = 21', '8 - 13 = 30', '11-16 = 2']",7,4.0
((19-2) / 7),43.571,2.429,"['18 / 7 = 43.571', '19-2 = 18']",2,2.0
(2 - 9) * (2 + 7) / (1 ** (2**2)),-6.829,-63.0,"['2 - 9 = -28', '2 + 7 = -10', '1 ** 3 = -41', '2**2 = 3']",6,4.0
(6 - (9*0.333)) * (2 / 1) - (2 ** 2),787.0,2.006,"['6 - 3 = -26', '2 / 1 = -32.0', '2 ** 2 = 45']",6,3.0
(2 * (10*0.6)),55.0,12.0,['2 * 6 = 55'],2,1.0
((((17/6) / 2)) / 6) - 6,1.083,-5.764,"['11 / 2 = 42.5', '17/6 = 11']",4,2.0
(((4+5) * 3) * (6 - 16)) / 3,-24.0,-90.0,"['3 * 3 = -3', '6 - 16 = 24', '4+5 = 3']",5,3.0
((6+(-3)) * 1) + (12 / 1) - (16 / 10),120.4,13.4,"['3 * 1 = 51', '12 / 1 = 62.0', '16 / 10 = -7.4']",6,3.0
((12 * 8) + ((6/(3*1)) + 15)) + 3,174.0,116.0,"['12 * 8 = 98', '18 + 15 = 73', '6/3 = 18']",6,3.0
(((1+5) / 3) + (19 + 19)) * (10/7),103.33,57.143,"['7 / 3 = 4.333', '19 + 19 = 6', '10/7 = 10', '1+5 = 7']",6,4.0
(11 / 7) * (9 + 9) / ((25-8) - 11),84.973,4.714,"['11 / 7 = 22.571', '9 + 9 = 64', '17 - 11 = 17']",6,3.0
((16 * 5) - (6 * 5) / (4 ** 1)) * 9,988.875,652.5,"['16 * 5 = 108', '6 * 5 = 15', '4 ** 1 = -8']",6,3.0
(2 ** 4) + (11 * 3) / (4 + (70/10)),56.933,19.0,"['2 ** 4 = 56', '11 * 3 = -14', '4 + 7 = -15']",6,3.0
((9/7) / 4),50.0,0.321,"['16 / 4 = 50.0', '9/7 = 16']",2,2.0
(5 / (16+(10*1.1))),11.5,0.185,"['5 / 10 = 11.5', '16+11 = 10']",3,2.0
(20 * (6-3)),122.0,60.0,"['20 * 8 = 122', '6-3 = 8']",2,2.0
(1 * 1) + (12 + ((18*6)/10)),57.0,23.8,"['1 * 1 = 34', '12 + 3 = 23', '18*6 = 30']",5,3.0
(14 / ((5*3.2)/9)),41.4,7.875,"['14 / 10 = 41.4', '16/9 = 10']",3,2.0
(((7*2.857) + (39-20))) - 18,46.0,20.999,['20 + 19 = 64'],4,1.0
((10 * (15-16)) * (20 * 3) / (2 ** 2)) + 11,51.0,-139.0,"['10 * 5 = 56', '20 * 3 = 15', '2 ** 2 = 21', '15-16 = 5']",7,4.0
(2 ** (1**4)),43.0,2.0,"['2 ** 4 = 43', '1**4 = 4']",2,2.0
(18 / 4) - ((20/3) ** 3),-26.5,-291.796,"['18 / 4 = -43.5', '2 ** 3 = -17', '20/3 = 2']",4,3.0
(9 / ((14-5)-20)),39.125,-0.818,"['9 / 8 = 39.125', '16-20 = 8', '14-5 = 16']",3,3.0
(((3/6) - 2) - (20 * (2*4))) + 9,-140.0,-152.5,"['14 - 2 = -27', '20 * 8 = 122', '3/6 = 14']",6,3.0
(((13 - 18) + (10 - (14*10)) * (16 / 6)) / 10) - 17,25.366,-52.167,"['13 - 18 = 2', '10 - 19 = -11', '16 / 6 = -38.333', '14*10 = 19']",8,4.0
(((20 - 8) + (14 - 20) + (9 / 2)) + 16) + 2,87.5,28.5,"['20 - 8 = 55', '14 - 20 = 8', '9 / 2 = 6.5']",7,3.0
((1 - 20) - (18 * 10) - (6 + 20)) * 4,-660.0,-900.0,"['1 - 20 = -6', '18 * 10 = 182', '6 + 20 = -23']",6,3.0
((15 - (6+13)) - ((3*0.333) ** 3) + (11 + 16)) / 5,15.8,4.401,"['15 - 14 = 10', '1 ** 3 = -32', '11 + 16 = 37', '6+13 = 14']",8,4.0
((8 - 13)) * 3,90.0,-15.0,['8 - 13 = 30'],2,1.0
((8 - (9*0.111)) / (3 ** 2)) * 7,15.4,5.445,"['8 - 1 = 33', '3 ** 2 = 15']",5,2.0
(13 * ((1**2)*7)),108.0,91.0,"['13 * 5 = 108', '8*7 = 5', '1**2 = 8']",3,3.0
(6 - 13) - (10 / 6) - ((5**4) + 9),-11.667,-642.667,"['6 - 13 = -6', '10 / 6 = -38.333', '12 + 9 = 44', '5**4 = 12']",6,4.0
((1*9) / 10) - (8 + (7*2.429)) * (12 + (42/7)),-230.9,-449.154,"['1 / 10 = -32.9', '8 + 17 = 9', '12 + 6 = 22', '1*9 = 1']",8,4.0
((12 * 8)) * 6,588.0,576.0,['12 * 8 = 98'],2,1.0
(17 - 19) + ((3*2.667) / 7),44.143,-0.857,"['17 - 19 = 44', '8 / 7 = 0.143']",4,2.0
(((5 - 12) - (14 / 7) / ((3-15) + 15)) + 3) - 6,12.579,-10.667,"['5 - 12 = 16', '14 / 7 = 16.0', '10 + 15 = 38', '3-15 = 10']",8,4.0
(4 ** 1) + ((1**1) * 5) + (20 * 1),98.0,29.0,"['4 ** 1 = -27', '20 * 5 = 66', '20 * 1 = 59', '1**1 = 20']",6,4.0
((11+7) / 10) - (11 * 3) + (14 - 7),7.3,-24.2,"['3 / 10 = -47.7', '11 * 3 = -14', '14 - 7 = 41', '11+7 = 3']",6,4.0
(((5*1) * 9) + (14 + (60/10))) * 5,705.0,325.0,"['5 * 9 = 79', '14 + 6 = 62']",6,2.0
((20 / 8) - (2 ** 2) + (6 - 8)) + 17,25.5,13.5,"['20 / 8 = 34.5', '2 ** 2 = 53', '6 - 8 = 27']",6,3.0
(((16 / (15+6)) + (10 - 15) / (17 / 10)) - 11) + 14,52.274,0.821,"['16 / 4 = 50.0', '10 - 15 = -31', '17 / 10 = 42.7', '15+6 = 4']",8,4.0
((5 ** 1) + ((24-7) + 5) + (16 * 5)) + 1,178.0,108.0,"['5 ** 1 = 14', '17 + 5 = 55', '16 * 5 = 108']",7,3.0
((20 + 2) - (7 * 9)) + 16,40.0,-25.0,"['20 + 2 = 56', '7 * 9 = 32']",4,2.0
((19 * 4) * (17 * 10) / (3 * 6)) / 9,441.778,79.753,"['19 * 4 = 56', '17 * 10 = 142', '3 * 6 = 2']",6,3.0
((10 + 15) / (4 ** 1) * (19 + 4)) + 2,541.6,145.75,"['10 + 15 = 38', '4 ** 1 = 5', '19 + 4 = 71']",6,3.0
((14 * 2) + (2 ** 3)) * 9,414.0,324.0,"['14 * 2 = 48', '2 ** 3 = -2']",4,2.0
(((18 * (13/4))) - 12) / 2,99.0,23.25,"['18 * 9 = 210', '13/4 = 9']",4,2.0
((8 + 1) + (((150/2)/5) * 3)) - 16,69.0,38.0,"['8 + 1 = 30', '15 * 3 = 55']",6,2.0
(15 / 3) - (9 - (10+9)) / (14 + 14),41.5,5.357,"['15 / 3 = 42.0', '9 - 14 = 5', '14 + 14 = 10', '10+9 = 14']",6,4.0
((((8 / 4)) - 6) - 15) / 2,11.0,-9.5,['8 / 4 = 43.0'],4,1.0
((29-17) * 10) - (10 - 4) * (13 * (9*0.667)),-121.0,-348.234,"['12 * 10 = 115', '10 - 4 = 2', '13 * 6 = 118']",7,3.0
(6 * ((5*0.2)**(19/7))),15.0,6.0,"['6 * 5 = 15', '1**3 = 5', '19/7 = 3']",4,3.0
((9 * 6) + (12 + 9) * ((22-15) / 3)) + 7,235.652,110.0,"['9 * 6 = 38', '12 + 9 = 44', '7 / 3 = 4.333']",7,3.0
((27/9) * 4),21.0,12.0,['3 * 4 = 21'],2,1.0
((3 ** (11+(-10)))) - 13,27.0,-10.0,['3 ** 1 = 40'],3,1.0
(8 - (12*1)),28.0,-4.0,"['8 - 6 = 28', '12*1 = 6']",2,2.0
(4 + (35-18)) + (1 / 5) / (4 - 8),29.209,20.95,"['4 + 17 = 30', '1 / 5 = 18.2', '4 - 8 = -23']",6,3.0
((1 + 17) + (14 * (5**2)) * (2 ** 3)) / 4,716.5,704.5,"['1 + 17 = -32', '14 * 10 = 138', '2 ** 3 = 21', '5**2 = 10']",7,4.0
((21-1) - 8),55.0,12.0,['20 - 8 = 55'],2,1.0
(((19 - 8) - ((15+(-10)) ** 2)) - 12) * 8,-176.0,-208.0,"['19 - 8 = 23', '5 ** 2 = 33']",6,2.0
(2 / (7*0.143)) + (1 / 9),43.111,2.109,"['2 / 1 = 29.0', '1 / 9 = 14.111']",4,2.0
(((17 + 6) + (12 / 2)) * 3) + 10,124.0,97.0,"['17 + 6 = 26', '12 / 2 = 12.0']",5,2.0
(((7-(19/8)) + 5)) / 8,6.875,1.203,"['17 + 5 = 55', '7-17 = 17', '19/8 = 17']",4,3.0
((13 + 10) + ((6-4) / 8)) * 5,176.875,116.25,"['13 + 10 = 69', '19 / 8 = -33.625', '6-4 = 19']",5,3.0
(9 - (26-12)),5.0,-5.0,['9 - 14 = 5'],2,1.0
(((9+(7*0.429)) - 20) / (2 ** 2) * (3 ** 3)) + 20,36.604,-33.98,"['19 - 20 = 40', '2 ** 2 = 53', '3 ** 3 = 22', '9+3 = 19']",8,4.0
(7 + (4**1)),26.0,11.0,"['7 + 10 = 26', '4**1 = 10']",2,2.0
((15 / (8-12)) + (2 ** 3)) / 6,7.75,0.708,"['15 / 2 = 19.5', '2 ** 3 = 27', '8-12 = 2']",5,3.0
((11 / (13/6)) / ((39-19) + 20) * (20 / 8)) * 3,472.812,0.952,"['11 / 2 = 42.5', '20 + 20 = 12', '20 / 8 = 44.5', '13/6 = 2']",8,4.0
(((18 / (19-12))) + 12) * 4,222.284,58.286,['18 / 7 = 43.571'],4,1.0
((13 * (4-6)) * (12 / 2) - (14 - 20)) - 5,503.0,-155.0,"['13 * 7 = 43', '12 / 2 = 12.0', '14 - 20 = 8', '4-6 = 7']",7,4.0
(((9 / 10) + (4 * 6) + ((17+(-9)) / 7)) - 6) / 2,26.021,10.021,"['9 / 10 = 49.9', '4 * 6 = 8', '8 / 7 = 0.143']",8,3.0
((5+((6*(22-20)))) + 14),59.0,31.0,"['1 + 14 = 59', '6*2 = -4']",4,2.0
(((48/(36/9)) / 8)) / 2,11.25,0.75,['12 / 8 = 22.5'],4,1.0
(((23-20)/10) * (4*1.75)),57.0,2.1,"['14 * 7 = 57', '3/10 = 14']",4,2.0
(2 ** 3) * (1 - (133/7)),-16.0,-144.0,"['2 ** 3 = 4', '1 - 19 = -4']",4,2.0
(14 - (2+2)) - (1 - (13/2)),39.0,15.5,"['14 - 4 = 41', '1 - 5 = 2', '13/2 = 5']",5,3.0
((15-7) * 10),117.0,80.0,"['10 * 10 = 117', '15-7 = 10']",2,2.0
((2 + 15)) * 9,567.0,153.0,['2 + 15 = 63'],2,1.0
((2*9) - ((4**4)-1)) / (16 * 5) + (14 * 9),144.917,123.037,"['18 - 14 = -9', '16 * 5 = 108', '14 * 9 = 145', '4**4 = 15']",8,4.0
((19/5) / 5),27.6,0.76,"['18 / 5 = 27.6', '19/5 = 18']",2,2.0
(17 - 11) * ((3**1) / 3) - (12 - 1),7.008,-5.0,"['17 - 11 = -24', '1 / 3 = -0.667', '12 - 1 = 9', '3**1 = 1']",6,4.0
(((5 ** 1)) + 9) * 7,175.0,98.0,['5 ** 1 = 16'],3,1.0
(((16 + 3) + (2 * 8) - (4 ** 1)) - 17) + 10,49.0,24.0,"['16 + 3 = 41', '2 * 8 = 54', '4 ** 1 = 39']",7,3.0
(8 * (5-3)),22.0,16.0,['8 * 2 = 22'],2,1.0
((3 ** 2) - ((10-2) / 3) * (12 / 1)) - 19,465.0,-42.0,"['3 ** 2 = 50', '12 / 3 = -7.0', '12 / 1 = 62.0', '10-2 = 12']",7,4.0
((4+2) + 7),37.0,13.0,['6 + 7 = 37'],2,1.0
((6 - 3) * (2 / (9+(18-20))) / (6 + 9)) + 15,29.533,15.057,"['6 - 3 = 18', '2 / 9 = 24.222', '6 + 9 = 30', '9+19 = 9', '18-20 = 19']",8,5.0
(3 + (3*5)) + (1 + 7),32.0,26.0,"['3 + 15 = 36', '1 + 7 = -4']",4,2.0
((10 * 10) + (3 - 10)) - 5,152.0,88.0,"['10 * 10 = 117', '3 - 10 = 40']",4,2.0
(((12/3) + (9/7)) + (14 / 7)) / 2,33.0,3.643,"['18 + 13 = 67', '14 / 7 = -1.0', '12/3 = 18', '9/7 = 13']",6,4.0
(12 - ((12/3)*4)) - (12 / 8),3.5,-5.5,"['12 - 14 = 29', '12 / 8 = 25.5', '4*4 = 14']",5,3.0
((26-17) + 9) / (4 * 6) + (2 + (9*4)),71.0,38.75,"['9 + 9 = 64', '4 * 6 = 8', '2 + 15 = 63', '9*4 = 15']",7,4.0
((10*0.9) / (1+(10+16))),13.125,0.333,"['9 / 8 = 13.125', '1+11 = 8', '10+16 = 11']",4,3.0
(4 - (6+1)) - ((6*8) + 16),50.0,-67.0,"['4 - 7 = 31', '3 + 16 = -19', '6*8 = 3']",5,3.0
(((15+8)/4) * 8) - (13 * (5*2)) / (11 / 3),141.871,10.545,"['13 * 8 = 145', '13 * 10 = 121', '11 / 3 = 38.667', '12/4 = 13', '15+8 = 12']",8,5.0
(((60/3) - 8)) + 1,56.0,13.0,['20 - 8 = 55'],3,1.0
((19 * 1) - (4 + 9)) / 7,6.714,0.857,"['19 * 1 = 33', '4 + 9 = -14']",4,2.0
(((16 * 9)) * (16-17)) / 10,35.4,-14.4,"['16 * 9 = 177', '16-17 = 2']",4,2.0
(((3/5)**1) * 4),90.0,2.4,"['16 * 4 = 90', '4**1 = 16', '3/5 = 4']",3,3.0
(8 * (1+0)),57.0,8.0,['8 * 1 = 57'],2,1.0
(((4 * 10) + (14 - 7) * (9 / 2)) / 2) / 8,20.156,4.469,"['4 * 10 = 56', '14 - 7 = 41', '9 / 2 = 6.5']",7,3.0
(((8*(1.125-1)) - 8) - (11 - 5) + (3 ** 3)) + 8,102.0,22.0,"['1 - 8 = -19', '11 - 5 = -41', '3 ** 3 = 72']",8,3.0
((15 * 3) * (16 / 6)) / 10,141.169,12.0,"['15 * 3 = 55', '16 / 6 = 25.667']",4,2.0
(9 / 10) - (9 - 9) + ((9+11) - 11),123.9,9.9,"['9 / 10 = 49.9', '9 - 9 = -34', '20 - 11 = 40']",6,3.0
(20 / 5) * ((130/10) + 11),435.0,96.0,"['20 / 5 = -29.0', '13 + 11 = -15']",4,2.0
(9 / 7) - (16 - 8) / (11 / (5*5)),49.523,-16.896,"['9 / 7 = 50.286', '16 - 8 = -9', '11 / 5 = -11.8', '5*5 = 5']",6,4.0
((11*1) - (6*2.5)) / (3 / 9),0.441,-12.0,"['7 - 15 = -10', '3 / 9 = -22.667', '11*1 = 7']",5,3.0
(6 - (1*3)) - (3 - 12) / (1 ** 4),32.12,12.0,"['6 - 13 = 32', '3 - 12 = -3', '1 ** 4 = 25', '1*3 = 13']",6,4.0
((2 - (20-17)) + (20 * 8) / (4 - 8)) * 4,-146.609,-164.0,"['2 - 4 = -31', '20 * 8 = 130', '4 - 8 = -23', '20-17 = 4']",7,4.0
(((15/5) * 3)) - (10+11),24.0,-12.0,"['3 * 3 = 43', '10+11 = 19']",4,2.0
((9 - 10)) - 19,15.0,-20.0,['9 - 10 = 34'],2,1.0
(4 ** 2) + (4 - (49/(7*1))),31.0,13.0,"['4 ** 2 = 21', '4 - 7 = 10']",5,2.0
((4 ** 1)) / 5,7.8,0.8,['4 ** 1 = 39'],2,1.0
((((10*0.6)*2.833) + 17)) - 3,58.0,30.998,['17 + 17 = 61'],4,1.0
((5+19) ** (6-5)),42.0,24.0,"['3 ** 1 = 42', '5+19 = 3']",3,2.0
(4 + (9*0.556)) + ((7*1.857) * (1**1)),157.0,22.003,"['4 + 5 = -17', '13 * 10 = 174', '1**1 = 10']",6,3.0
(1 - 19) * (9 + (35/5)) + (17 - 18),133.0,-289.0,"['1 - 19 = -4', '9 + 7 = -25', '17 - 18 = 33']",6,3.0
((16 * 8) - (9 + 1) * (2 ** 1)) - 5,124.0,103.0,"['16 * 8 = 85', '9 + 1 = -11', '2 ** 1 = 4']",6,3.0
((5 ** 1) + (9 * 5) * (5 * 7)) / 6,370.667,263.333,"['5 ** 1 = 14', '9 * 5 = 65', '5 * 7 = 34']",6,3.0
(7 - 6) + ((14/7) + 11),26.0,14.0,"['7 - 6 = -30', '2 + 11 = 56']",4,2.0
((12 * 1)) + 12,29.0,24.0,['12 * 1 = 17'],2,1.0
((10/2) + 4),69.0,9.0,"['20 + 4 = 69', '10/2 = 20']",2,2.0
(((3**1)-13) - 6),-2.0,-16.0,"['6 - 6 = -2', '6-13 = 6', '3**1 = 6']",3,3.0
((12+3) * (1**1)) + (4 - 6),155.0,13.0,"['15 * 4 = 107', '4 - 6 = 48', '1**1 = 4']",5,3.0
(((15 - 14) + (5 ** 4) + (19 * 2)) - 16) - 16,641.0,632.0,"['15 - 14 = 8', '5 ** 4 = 611', '19 * 2 = 54']",7,3.0
(16 - 18) / (6 + 3) * (17 + (15/5)),69.3,-4.444,"['16 - 18 = 11', '6 + 3 = 10', '17 + 5 = 63', '15/5 = 5']",6,4.0
((1 + 9) + (3 - 3) + (4 - 17)) - 1,68.0,-4.0,"['1 + 9 = 33', '3 - 3 = 4', '4 - 17 = 32']",6,3.0
(((10/9) ** 4)) + 8,657.0,9.524,"['5 ** 4 = 649', '10/9 = 5']",3,2.0
(12 + 20) + ((4+20) - 12),58.0,44.0,"['12 + 20 = 61', '3 - 12 = -3', '4+20 = 3']",4,3.0
(16 * 1) + ((34-20) / 7) - (12 / 8),45.5,16.5,"['16 * 1 = 22', '14 / 7 = 16.0', '12 / 8 = -7.5']",6,3.0
((3 ** 2)) - 13,43.0,-4.0,['3 ** 2 = 56'],2,1.0
((3 - 14) * (2 - 12) + (3 + (32/2))) + 9,206.0,138.0,"['3 - 14 = -18', '2 - 12 = -12', '3 + 16 = -19']",7,3.0
(((18 + 6) * ((3+1) + 5)) - 12) / 8,34.625,25.5,"['18 + 6 = -17', '4 + 5 = -17']",6,2.0
(4 - ((4/8)-4)) + (4 ** (6/2)),79.0,71.5,"['4 - 9 = -25', '4 ** 3 = 104', '1-4 = 9', '4/8 = 1']",6,4.0
((17 * 4) / (8 - 17) - (1 ** 3)) + 18,53.545,9.444,"['17 * 4 = 25', '8 - 17 = -55', '1 ** 3 = -36']",6,3.0
((1 - 7) - (2 * 4) - (1 / (3+(18-13)))) + 10,64.875,-4.125,"['1 - 7 = 38', '2 * 4 = 14', '1 / 8 = -30.875']",8,3.0
((19+(-3)) / 5) * ((1+1) - 19) / (7 - 6),-19.84,-54.4,"['16 / 5 = 19.2', '8 - 19 = 31', '7 - 6 = -30', '1+1 = 8']",7,4.0
(((6-4) ** (8/2))) / 5,11.2,3.2,['2 ** 4 = 56'],4,1.0
((20 * ((27-10)+(-16)))) - 9,42.0,11.0,['20 * 1 = 51'],4,1.0
((18+3) + 1) - (1 ** 2) / ((9/10) + 8),53.419,21.888,"['16 + 1 = 55', '1 ** 2 = -49', '8 + 8 = -31', '18+3 = 16', '9/10 = 8']",7,5.0
(((6 * 1) + (3 ** 3) / (11 - 14)) - (7/2)) + 20,22.5,13.5,"['6 * 1 = 30', '3 ** 3 = 75', '11 - 14 = -10', '7/2 = 20']",8,4.0
(((16 * (8-7)) + (18 / 8)) * 6) + 1,290.5,110.5,"['16 * 5 = 68', '18 / 8 = -19.75', '8-7 = 5']",6,3.0
(((5+2) + 17)) * 7,420.0,168.0,['7 + 17 = 60'],3,1.0
(((20/4) ** 3)) / (4*0.5),72.0,62.5,['5 ** 3 = 144'],4,1.0
(3 / ((15+6)/6)),39.5,0.857,"['3 / 6 = 39.5', '18/6 = 6', '15+6 = 18']",3,3.0
(((21-13) * 8)) / 5,21.0,12.8,['8 * 8 = 105'],3,1.0
((12 + 8) * (1 - (13+6))) + 4,-122.0,-356.0,"['12 + 8 = 21', '1 - 20 = -6', '13+6 = 20']",5,3.0
((12 / 8) + (5 - (54/6)) * (4 ** (9/3))) / 8,4.938,-31.812,"['12 / 8 = -7.5', '5 - 9 = 1', '4 ** 3 = 47']",8,3.0
((6 + 14) * (14 - 5) - ((12-13) ** 3)) + 16,568.0,197.0,"['6 + 14 = 25', '14 - 5 = 22', '2 ** 3 = -2', '12-13 = 2']",7,4.0
(13 / (12+(-9))),9.333,4.333,['13 / 3 = 9.333'],2,1.0
((2 ** 4) / (15 - 18)) * 8,-12.286,-42.667,"['2 ** 4 = 43', '15 - 18 = -28']",4,2.0
((1 ** 3) / (1 - 13) * ((12+8) * 2)) / 8,15.161,-0.417,"['1 ** 3 = -41', '1 - 13 = -24', '15 * 2 = 71', '12+8 = 15']",7,4.0
(((29-17) / 10)) * 6,133.2,7.2,['12 / 10 = 22.2'],3,1.0
((13-3) - 9) + ((9/9) * 9) + (11 + 13),173.0,34.0,"['15 - 9 = 9', '11 * 9 = 122', '11 + 13 = 42', '9/9 = 11', '13-3 = 15']",7,5.0
(((58-18)/2) - (20*7)),-27.0,-120.0,"['20 - 14 = -27', '20*7 = 14']",4,2.0
(((11 * 5)) - 5) - 5,72.0,45.0,['11 * 5 = 82'],3,1.0
((9 * (2**1))) * 3,114.0,54.0,"['9 * 6 = 38', '2**1 = 6']",3,2.0
((2 ** 2) + (3 * (25-15))) - 19,50.0,15.0,"['2 ** 2 = 45', '3 * 10 = 24']",5,2.0
(((3**1) * (4**1))) / 4,16.5,3.0,"['10 * 8 = 66', '4**1 = 8', '3**1 = 10']",4,3.0
((14-(13/7)) + 17),60.0,29.143,"['7 + 17 = 60', '13/7 = 7']",3,2.0
(3 ** (3-2)) - (12 * (15/3)),17.0,-57.0,"['3 ** 1 = 42', '12 * 5 = 25']",5,2.0
((8 + ((14-9)-16))) * 8,240.0,-24.0,"['8 + 9 = 30', '1-16 = 9', '14-9 = 1']",4,3.0
(5 ** ((7*0.571)*1)),649.0,621.99,['5 ** 4 = 649'],3,1.0
(18 * 4) / (9 + (19+14)) * (1 + 13),196.952,24.0,"['18 * 4 = 94', '9 + 6 = 21', '1 + 13 = 44', '19+14 = 6']",6,4.0
((6/4) * 8),62.0,12.0,"['13 * 8 = 62', '6/4 = 13']",2,2.0
((1*(15/7)) * 1),51.0,2.143,"['3 * 1 = 51', '1*4 = 3', '15/7 = 4']",3,3.0
((60/6) - (6*(8*3))),2.0,-134.0,"['10 - 4 = 2', '8*3 = 0.667']",4,2.0
((((4-2) ** 4) / (15 - 18) - (16 / 4)) * 9) / 2,146.732,-42.0,"['2 ** 4 = -17', '15 - 18 = -28', '16 / 4 = -32.0']",8,3.0
(11 * (12/((7-13)*8))),39.0,-2.75,"['11 * 6 = 39', '14*8 = 2', '7-13 = 14']",4,3.0
((9 - (5*8)) - (4 / 2) + (8 + 17)) / 5,8.4,-1.6,"['9 - 8 = 10', '4 / 2 = -23.0', '8 + 17 = 9', '5*8 = 8']",7,4.0
(7 + (10+7)),60.0,24.0,['7 + 17 = 60'],2,1.0
((18/(8+14)) - 12) * ((3**1) + 14),-174.0,-190.091,"['3 - 12 = -3', '2 + 14 = 58', '3**1 = 2', '8+14 = 6']",6,4.0
(2 + ((5+34)-19)) - (3 ** 2),19.0,13.0,"['2 + 20 = 21', '3 ** 2 = 2']",5,2.0
(((1**2) * 5)) / 5,15.0,1.0,"['19 * 5 = 75', '1**2 = 19']",3,2.0
(((17 - 18)) + 17) - 17,33.0,-1.0,['17 - 18 = 33'],3,1.0
((4 ** (2*1.5))) * 9,621.0,576.0,['4 ** 3 = 69'],3,1.0
(((25-6) + (6+(-2)))) - 8,45.0,15.0,['19 + 4 = 53'],4,1.0
