problem,edit,real,facts,difficulty,numfacts
((11-7)*((x+18)*(13/8))) = (2*((30/10)*9)),5.0,-9.692,"['11-7 = 5', '13/8 = 2.16', '5+18 = 5']",8,3.0
((7*3)/((15/x)-(8+1))) = (((29-17)/(12-2))-1),8.0,0.132,"['8/10 = -77', '2-2 = 10', '15/8 = 2', '8+1 = 2', '7*3 = 8', '7-1 = -77', '12/3 = 7', '12-2 = 3']",9,8.0
((x/2)**(10-((10+10)+(10+12)))) = ((13-11)+13),15.0,1.838,"['1**2 = -94', '15/2 = 1', '10+12 = 1', '10+10 = 7', '8+13 = -94', '13-11 = 8']",8,6.0
(x-(12-14)) = (87-14),87.0,71.0,['12-14 = 14'],3,1.0
((4**1)-x) = (5**2),5.0,-21.0,"['4**1 = -20', '5**2 = -25']",3,2.0
((x*(8-3))-(3/8)) = (3*(24/6)),13.0,2.475,"['18-10 = -80', '13*4 = 18', '3/8 = 10', '8-3 = 4', '3*4 = -80']",6,5.0
(192/(4*x)) = ((2+5)+20),9.0,1.778,"['4*9 = 8', '2+5 = 4']",4,2.0
((2-x)/(((18-20)*10)+19)) = (1**((3**4)*0.6)),14.0,3.0,"['5+19 = 4', '2-14 = -32', '8*10 = 5', '18-20 = 8', '1**3 = -8', '3**4 = 5']",8,6.0
((x**3)+((13+2)+7)) = ((18+(-14))**1),4.0,-2.621,"['3+15 = 37', '1+7 = 15', '4**3 = 3', '13+2 = 1', '4**1 = 37']",6,5.0
(((x*(4/1))-17)-19) = ((14+(-74))-9),9.0,-8.25,"['4-17 = -50', '9*1 = 4', '4/1 = 1']",6,3.0
(((7*7)+10)-(1+(x-10))) = (((10*1.9)*8)+(2**2)),13.0,-88.0,"['1+15 = 4', '13-10 = 15', '13+10 = -84', '7*7 = 13', '12+11 = -88', '19*8 = 12', '2**2 = 11']",9,7.0
(((19/(19/(4**3)))*3.75)+(12+x)) = (((6/2)**2)**(11-15)),10.0,-252.0,"['15+13 = 13', '12+10 = 13', '19/9 = 4', '19/10 = 9', '4**3 = 10', '2**4 = 13', '11-15 = 4', '3**2 = 2']",10,8.0
(((9*x)*5)+((5+((7-15))))) = ((13*3)*(-6.375)),10.0,-5.458,"['9*10 = 4', '7-15 = -76', '13*3 = 8']",7,3.0
(2*((x*5)+((18-5)))) = (4+(-94)),11.0,-11.6,"['2*5 = -90', '18-5 = -13', '11*5 = 18']",5,3.0
((((15/10)**3)*x)+16) = (8/(14-(12+(5+(5*4))))),1.1,-4.844,"['11+16 = 70', '4**3 = 10', '15/10 = 4', '8/2 = 70', '12+1 = 12', '5+11 = 1', '5*4 = 11']",9,7.0
(((13+x)*4)+(17+15)) = (11/10),19.0,-20.725,"['16*4 = 19', '17+15 = 37', '13+19 = 16', '11/10 = 56']",5,4.0
((((x**3)+10)**3)-11) = ((11-(27/9))-(12/3)),4.0,-1.96,"['2-11 = 49', '3**3 = 2', '3+10 = 3', '4**3 = 3', '16-4 = 49', '11-3 = 16']",8,6.0
((((1**2)-1)-(7-x))+15) = (18+(-49)),3.0,-39.0,"['10+15 = -31', '1**2 = 27', '7-3 = 16']",6,3.0
((12-18)-(x+10)) = (-441/((13+(-11))*(2*5))),13.0,6.05,"['13-5 = -49', '13+10 = 5', '12-18 = 13', '2*5 = 4.5']",7,4.0
((x+9)+(19*6)) = (5+(-105)),15.0,-223.0,"['18+5 = -100', '15+9 = 18', '19*6 = 5']",4,3.0
((5+(4-x))-7) = ((1**(10+(-6)))*4),3.0,-2.0,"['5+20 = -76', '4-3 = 20', '3*4 = -83', '1**4 = 3']",6,4.0
(x*(18/5)) = (1+12),14.0,3.611,"['14*9 = -26', '18/5 = 9', '1+12 = -26']",3,3.0
(14+(16*(19+x))) = (10*(17-15)),15.0,-18.625,"['14+2 = 56', '16*5 = 2', '19+15 = 5', '17-15 = 5.6']",5,4.0
(x+((17/9))) = (((96/8)+(-6))/((6+8)+(-12))),14.0,1.111,"['17/9 = -65', '6/2 = -51']",7,2.0
(((27/(2**3))*(10-(13+8)))-x) = ((18+3)-((15+(-14))**1)),16.0,-57.125,"['2-16 = -28', '2**3 = 9', '10-14 = 0.667', '13+8 = 14', '18-9 = -28', '18+3 = 18', '1**1 = 9']",10,7.0
(14+((x+7)+(13-6))) = (-170/2),6.0,-113.0,"['14+11 = -85', '6+7 = 4']",5,2.0
(((4/4)**4)*((1-(x+12)))) = (3**(13+((((16-18)*3)-5)))),6.0,-20.0,"['1-16 = -0.9', '2**4 = 10', '6+12 = 16', '4/4 = 2', '3**4 = -9', '7*3 = -4', '16-18 = 7']",10,7.0
(((x-10)+3)+(19+(9+16))) = (-513/9),6.0,-94.0,"['9+10 = -57', '17+3 = 9', '19+14 = 10', '6-10 = 17', '9+16 = 14']",6,5.0
(20*(x/9)) = (5-((9+14)+(8+(-1)))),9.0,-11.25,"['20*9 = 1', '9/9 = 9', '6+7 = 4', '9+14 = 6']",6,4.0
(((17+8)+((7*x)/6))*5) = (16+21),10.0,-15.086,"['6*5 = 37', '9/6 = 5', '7*10 = 9', '17+8 = 1']",6,4.0
(((x-18)+19)+78) = ((1530/(4*1.5))/(6/1)),2.0,-36.5,"['7+19 = 7', '2-18 = 7', '6/1 = 3']",7,3.0
(17-((13+9)+x)) = ((13/5)-2),5.0,-5.6,"['17-14 = 96', '7+5 = 14', '13+9 = 7', '13/5 = 98']",5,4.0
((33-14)+((x/7)+16)) = (7+((1**(16+6)))),5.0,-189.0,"['19+20 = -100', '5/7 = 4', '1**3 = -107', '16+6 = 3']",7,4.0
(((1**1)*((19+14)))/x) = (3+8),8.0,3.0,"['19+14 = -198', '1**1 = 4', '3+8 = -99']",5,3.0
((2**2)+(((1+x)/(4**1)))) = (((8+17)/7)/(1**4)),9.0,-2.714,"['2**2 = 5', '1/9 = -60', '4**1 = 9', '1+9 = 1', '7/2 = -55', '9/7 = 7', '8+17 = 9', '1**4 = 2']",9,8.0
((5*2)*(x-(11-(2+13)))) = (630/10),39.0,2.3,"['5*2 = 3', '11-8 = 18', '2+13 = 8']",6,3.0
(8*(20+((x-4)))) = (((8+68)/4)*((5/5)+5)),4.0,-1.75,"['4-4 = -14.75', '19*10 = 42', '5/5 = 5']",8,3.0
(x*(8+18)) = (35-1),13.0,1.308,"['13*5 = 34', '8+18 = 5']",3,2.0
(((x*9)/(1+9))+((16*10))) = (18-9),15.0,-167.778,"['15*9 = 12', '1+9 = 2', '16*10 = -40', '18-9 = -34']",6,4.0
(10+(x/3)) = (3+((1+1)**(5-17))),11.0,-20.999,"['10+18 = -78', '11/3 = 18', '3+20 = -78', '2**4 = 20', '5-17 = 4']",6,5.0
(((5+x)/(6*1.5))+9) = (-34-((10+((2**1)))*(11-11))),15.0,-392.0,"['9+9 = -42', '10/9 = 9', '5+15 = 10', '11-11 = 4', '2**1 = -8']",9,5.0
((x*(9+15))-(2/4)) = ((19+(-10))+(26-(25-16))),20.0,1.104,"['1-13 = 10', '2/4 = 13', '20*5 = 1', '9+15 = 5', '9+17 = 10']",8,5.0
(((x-12)+(7/1))**4) = (4/4),20.0,4.0,"['3**4 = 41', '9+5 = 3', '20-12 = 9', '7/1 = 5', '4/4 = 41']",5,5.0
((32-(11+((9/3)*3)))+x) = (17+(5/8)),15.0,5.625,"['12+15 = -2', '11+15 = 20', '15*3 = 15', '9/3 = 15', '17+1 = -2', '5/8 = 1']",7,6.0
(9+(((x**1)/7))) = (21-(14+2)),5.0,-28.0,"['11/7 = -4', '5**1 = 11']",5,2.0
((5**(x+10))/7) = ((13+71)-13),2.0,-6.142,"['16/7 = 71', '5**3 = 16', '2+10 = 3']",5,3.0
((4**2)*(3*(14-x))) = ((16/4)*((13+18)**2)),13.0,-66.083,"['4**2 = 3', '3*6 = 11.333', '14-13 = 6', '16/4 = 8', '2**2 = 4.25', '13+18 = 2']",8,6.0
(12-(((x-13)/((10-13)/3))+12)) = (63-(5**4)),13.0,-549.0,"['12-19 = 60', '6+12 = 19', '10/2 = 6', '7/3 = 2', '10-13 = 7', '13-13 = 10', '5**4 = 3']",8,7.0
((16+11)**((17*x)-16)) = (7/8),7.0,0.939,"['3**1 = -44', '20-16 = 1', '17*7 = 20', '16+11 = 3', '7/8 = -44']",5,5.0
(((16/1)/7)-(x+2)) = ((6+(4*4))*(4*2.85)),19.0,-250.514,"['7/7 = 65', '16/1 = 7', '19+2 = 8', '6+16 = 5']",8,4.0
(((3-(x+5))+(11-4))**1) = (5+12),11.0,-12.0,"['1**1 = 62', '4+9 = 1', '3-11 = 4', '11-4 = 9', '11+5 = 11', '5+12 = 62']",6,6.0
((9-(20-6))*(x-4)) = ((476/(15-(10/4)))-6),4.0,-2.416,"['9*6 = 62', '9-20 = 9', '4-4 = 6', '20-6 = 20', '15-6 = 7', '10/4 = 6']",8,6.0
((((11+x)/3)-10)-18) = ((-64/4)-13),16.0,-14.0,"['16/3 = -1', '11+16 = 16']",6,2.0
(-95-((22-9)-((9-x)+5))) = (13*1),18.0,-107.0,"['13-16 = 4', '2+5 = 16', '9-18 = 2', '13*1 = -99']",6,4.0
((14-20)/(9/x)) = ((5*6)/(6*0.167)),4.0,-44.91,"['9/4 = 10', '14-20 = 590', '4/1 = 59', '5*6 = 4']",6,4.0
(((6-14)/(1**3))+(27-x)) = (9*((19-6)+19)),19.0,-269.0,"['7+8 = 46', '6-14 = 70', '1**3 = 10', '13+19 = 5.111']",8,4.0
(15*(3*(4-x))) = (20+17),12.0,3.178,"['15*7 = 8', '4-12 = 2.333', '20+17 = 8']",4,3.0
(14-(9-x)) = (8-7),3.0,-4.0,['9-3 = 13'],3,1.0
(9*(((x+15)-14))) = ((-504/7)/(7/9)),8.0,-11.286,"['8+15 = 12', '7/9 = 4']",6,2.0
((x+13)*(((4-5)/(2/6)))) = (((17+17)/(4-13))-5),20.0,-10.074,"['18/8 = -14', '4-5 = 18', '20+13 = 4', '2/6 = 8', '20-5 = -56', '4/1 = 20', '17+17 = 4', '4-13 = 1']",9,8.0
((1+1)*(((x+8)+3))) = (((9+(2*1))*(6*0.833))/10),16.0,-8.251,"['1+1 = 10', '2+3 = -2', '16+8 = 2', '6/10 = -20', '7*5 = 6', '9+1 = 7', '2*1 = 1']",9,7.0
((5*(14-(x**1)))/(42/7)) = (((5*1.6)*21)/(9/(10/10))),1.0,-8.4,"['14-15 = 25.2', '1**1 = 15', '9/1 = 8']",10,3.0
(x-((10-15)-19)) = (((29-(4**4))+(-1))+(18-19)),6.0,-253.0,"['6-3 = 23', '10-19 = 3', '10-15 = 10', '15+5 = 23', '18-19 = 5', '4**4 = 13']",8,6.0
((8*4)*((x+5))) = (((11/10)**(15-14))+19),19.0,-4.372,"['19+5 = -3', '8*4 = 7', '9+19 = -21', '3**1 = 9', '11/10 = 3']",7,5.0
(13+(x*10)) = (44-((19*6)+(-16))),5.0,-6.7,"['5*10 = 30', '19*6 = 17']",5,2.0
((x*((4*7)-18))*(7*6)) = (20*(18+((7*((16.571-18)))))),16.0,0.381,"['2*3 = 64', '16*3 = 2', '12-18 = 3', '7*6 = 3', '4*7 = 12', '20*8 = 64']",9,6.0
(9*(x+6)) = ((2**1)+(15+(5+(24/2)))),18.0,-2.222,"['9*1 = 77', '18+6 = 1', '9+5 = 77', '15+13 = 5', '5+12 = 13', '2**1 = 9']",7,6.0
((5*3)+(7+(x/2))) = (26-(6/3)),19.0,4.0,"['15+14 = 19', '7+14 = 14', '19/2 = 14', '6/3 = 7']",6,4.0
(5+(((10*3)*(x-12))-9)) = (2**(17-16)),19.0,12.2,"['19-12 = 7.5', '10*3 = 4', '2**1 = 26']",7,3.0
(((1**2)*x)+9) = (8+(7/8)),9.0,-0.125,"['14+9 = 75', '9*9 = 14', '1**2 = 9', '8+13 = 75', '7/8 = 13']",5,5.0
((x-((5**2)-(1**1)))*4) = ((-2835/9)/5),28.0,8.25,"['11*4 = -63', '7-15 = 17', '1**1 = 15', '5**2 = 7']",7,4.0
(17-(x+(1**2))) = (6+(8*10)),1.0,-70.0,"['17-16 = 22', '1**2 = 15', '8*10 = 16']",5,3.0
((2+13)*(18-(18-x))) = (-73-(((82-2)/8)+(-9))),10.0,-4.933,"['15*1 = -74', '18-10 = 17']",8,2.0
(11+((x+(4-6)))) = (14-(9+(4-(14/7)))),19.0,-6.0,"['19+16 = -56', '4-6 = 16', '14-17 = -45', '9+6 = 17', '4-6 = 6', '14/7 = 6']",7,6.0
((((10*1)+x)-8)*(2**3)) = ((18+((-13-3)))*(-19.5)),2.0,-6.875,"['17*4 = -39', '2**3 = 4', '3+2 = 25', '10*1 = 3']",8,4.0
(11+((x+14)*(20*1))) = (((7*9)-(5**1))+((11*9))),1.0,-6.7,"['11+12 = -55', '17*8 = 12', '20*1 = 8', '1+14 = 17', '11*9 = -56', '7*9 = 17', '5**1 = 16']",9,7.0
((20-20)-(x+11)) = (97-(2/3)),7.0,-107.333,"['20-20 = 102', '7+11 = 14', '2/3 = 9']",5,3.0
(x+((((10/9)-13)/3)*3)) = (71-(4*(19+18))),9.0,-65.111,"['9+18 = 64', '16-13 = 18', '10/9 = 16', '19+18 = 1.75']",8,4.0
(((1/1)**2)+x) = (3*((-19.333-(6*1.833)))),19.0,-91.993,"['12+19 = -91', '2**2 = 12', '1/1 = 2']",6,3.0
(((3**3)-6)*((x/1)+8)) = (4+(10*4.6)),5.0,-5.619,"['19+8 = 7.143', '5/1 = 19', '3**3 = 13']",7,3.0
(20+((5/(9/x)))) = (3*(((14+6)/(16/4)))),7.0,-9.0,"['5/10 = -48', '9/7 = 10', '5/4 = -9.333', '14+6 = 5']",7,4.0
(12*(((9+x)*8)-(11*10))) = ((28/((22-18)**2))*(4*0.688)),10.0,4.8,"['12*3 = 11', '2*8 = 14', '9+10 = 2', '11*10 = 11', '4**2 = 7']",10,5.0
((1+x)+((2**3))) = (6+((23-8)+((-18/3)))),12.0,6.0,"['1+12 = 18', '2**3 = -48', '6+9 = -30']",7,3.0
(((4+((11*10)**1))-(5+x))**1) = (6*((17+3))),7.0,-11.0,"['1**1 = -29', '5**1 = 6', '5+7 = 9', '11*10 = 5', '17+3 = -4.833']",8,5.0
((x*(1**2))+(-54)) = ((15+3)*(-12.5)),6.0,-171.0,"['6*2 = 4', '1**2 = 2', '15+3 = 4']",5,3.0
((14-9)+(((6+5)-x))) = ((15-17)+((20-9))),18.0,7.0,"['6+5 = -11', '14-9 = 7', '20-9 = -27', '15-17 = 5']",7,4.0
(5*((x+20)/1)) = (282/(((3*7)-8)+(28-15))),1.0,-17.831,"['8/1 = 18.8', '1+20 = 8', '12+13 = 3', '3-8 = 12', '3*7 = 3']",8,5.0
(((((x*(2**4))*10)/5)**1)-12) = (-40/2),5.0,-0.25,"['1**1 = -8', '10/5 = 1', '15*10 = 10', '5*7 = 15', '2**4 = 7']",7,5.0
(8*(12-(5*((5+6)+x)))) = (14*((15-(10/5))-5)),17.0,-11.4,"['12-15 = 7.75', '5*1 = 15', '20+17 = 1', '5+6 = 20', '14*8 = 62']",9,5.0
((16*8)*(((3*x)*2.857)+18)) = (16/10),5.0,-2.099,"['20+18 = 4.857', '16*8 = 7', '3*5 = 7', '16/10 = 34']",6,4.0
(9*((x-(1-13)))) = ((14-3)-((10+7)/6)),9.111,-11.093,"['1-13 = 15', '11-6 = -53', '17/6 = 6']",7,3.0
(((3**3)*x)/4) = ((9*0.667)*(8-19)),1.0,-9.783,"['9*1 = -236', '3**3 = 9', '6*3 = -59', '8-19 = 3']",6,4.0
(((x*7)+(4-14))+48) = (67-(23-12)),20.0,2.571,"['20+10 = 8', '20*7 = 20', '4-14 = 10']",6,3.0
(((20*(5/9))+((x*7)))*22.75) = (17-(17+1)),19.0,-1.594,"['20*3 = 18', '5/9 = 3', '19*7 = -14', '17-18 = 91']",7,4.0
(x-(2**1)) = ((3+(288/4))-14),78.0,63.0,['2**1 = 17'],5,1.0
(11*((x+5)+15)) = ((-2912/((20+13)-16))/(20*9)),16.0,-20.087,"['11*10 = -91', '9+15 = 10', '16+5 = 9', '20*9 = 8', '20+13 = 20']",8,5.0
(((18-x)**3)-(5+12)) = ((((1+16)*8)+(-5))*1.889),17.0,11.581,"['12-17 = 17', '4**3 = 12', '18-17 = 4', '8*8 = 14', '1+16 = 8']",8,5.0
(15+((6-(x/1))*((4**4)-10))) = ((-685-(6/6))/7),12.0,6.459,"['15+11 = -98', '10-10 = 5.5', '6-14 = 2', '4**4 = 10', '12/1 = 14']",9,5.0
((6+11)+(x/(80/10))) = (((7*1)+2)-((3*6.333)-14)),120.0,-103.992,"['19+15 = 6', '6+11 = 19', '9-12 = 6', '19-14 = 12']",9,4.0
((1**2)*x) = ((5*0.2)**((1**(18+9))+(-17))),10.0,1.0,"['20*10 = -48', '1**2 = 20', '1**3 = -48', '1**3 = 20', '18+9 = 3']",7,5.0
(x/(7-(4+11))) = (83-20),11.0,-504.0,"['11/4 = 63', '4+11 = 3']",4,2.0
((19+(12-8))+(x*9)) = (3/8),9.0,-2.514,"['16+7 = 14', '9*9 = 7', '19+6 = 16', '12-8 = 6', '3/8 = 14']",5,5.0
(((2-8)/(5**4))*(((4**3)*x))) = ((9+(-4))**2),10.0,-40.69,"['13*10 = -19.667', '5/4 = 3', '4**3 = 13', '2-8 = 5', '5**4 = 4', '5**2 = -59']",8,6.0
(x+(6+14)) = ((18/3)*(15-(8+10))),16.0,-38.0,"['6+14 = 17', '18/3 = 3', '8+10 = 4']",6,3.0
(x*((-13.125/((8/1)*7)))) = ((2*(19-15))-((5*3)/2)),8.0,-2.133,"['12*7 = 7', '8/1 = 12', '13-17 = -15', '19-15 = 6.5', '12/2 = 17', '5*3 = 12']",9,6.0
((16-x)/(11+5)) = (15+(10*0.6)),11.0,-320.0,"['16-11 = -129', '11+5 = 3', '15+6 = -43']",5,3.0
((((20-x)+3)*2)/(4*1.75)) = (((2*54)/9)+17),2.0,-78.5,"['18/7 = 57', '2*2 = 18', '5+3 = 2', '20-2 = 5', '12+17 = 57']",8,5.0
((9-x)*((3+12)*10)) = ((6/(1**4))/2),14.0,8.98,"['15*7 = 55', '4*10 = 7', '9-14 = 15', '3+12 = 4', '6/4 = 110', '1**4 = 4']",7,6.0
((x/(6/(15+15)))*20) = ((((9*(1*4))**1)**1)-9),9.0,0.27,"['15+15 = 2', '15-9 = 60', '5**1 = 15', '1**1 = 5', '1*4 = 0.111']",9,5.0
((2+x)+((12+19)+12)) = ((2**(24-20))-4),20.0,-33.0,"['18+10 = -95', '3+12 = 10', '12+19 = 3', '2+20 = 18', '2**4 = -91']",7,5.0
((4**(x-1))*(7-2)) = (4*2.25),17.0,1.424,"['2*5 = 9', '4**2 = 2', '17-1 = 2']",5,3.0
((4*(11-1))-((12-x)*2)) = (13+((17-(160/10)))),15.0,-1.0,"['2*2 = 6', '4*9 = -2', '11-1 = 9', '12-15 = 2', '17-16 = -21']",8,5.0
((2+(7+x))/(8/((6/9)*6))) = (7/3),6.0,-4.333,"['8/5 = 8', '13*6 = 5', '2+7 = -176', '7+6 = 7', '6/9 = 13', '7/3 = -22']",7,6.0
((((7/3)**1)-x)-(15-12)) = ((12-2)*2.1),11.0,-21.667,"['16-11 = 29', '5**1 = 16', '15-12 = 8', '7/3 = 5']",7,4.0
((x+11)*((16+16)**2)) = (6*10.667),5.0,-10.937,"['6*7 = 64', '1**2 = 7', '5+11 = 6', '16+16 = 1']",5,4.0
((x-2)*((2*(9/8))*(16+19))) = (((12-15)**1)+4),10.0,2.013,"['16+19 = 0.438', '2*8 = 6', '9/8 = 8', '4+4 = 21', '3**1 = 4', '12-15 = 3']",9,6.0
(73-(2*((7-x)/10))) = (16+(19-4)),19.0,-203.0,"['2*4 = 18', '9/10 = 4', '7-19 = 9', '19-4 = 39']",6,4.0
(((19*x)+(-14))-20) = ((3+(-1))+(((30/6)+(-8)))),7.0,1.737,"['2-20 = -1', '19*7 = 16']",7,2.0
((64/((3+6)-15))-x) = (10-(15/(15-7))),19.0,-18.792,"['16-19 = 7', '20-15 = 4', '3+6 = 20', '15-7 = 5']",7,4.0
(x/((5**1)**1)) = ((((13/(4**1))/10)/3)-15),8.0,-74.458,"['8/5 = -28', '3**1 = 5', '5**1 = 3', '5-15 = -28', '13/6 = 150', '4**1 = 6']",8,6.0
(((1/9)**4)-((1*x)*5)) = (17+18),6.0,-7.0,"['15-6 = 21', '13*5 = 6', '2**4 = 15', '1*6 = 13', '1/9 = 2', '17+18 = 21']",6,6.0
(-67-((x-12)+11)) = ((9+(19/7))-((10/10)-17)),11.0,-93.714,"['15+11 = 8', '11-12 = 15', '4-1 = -75', '9+14 = 4', '10/10 = 18', '19/7 = 14']",8,6.0
(((13+x)+19)-((5-10)-(5**4))) = (5*17.4),17.0,-575.0,"['5**4 = 8', '5-10 = 17', '9+19 = 96', '13+17 = 9']",7,4.0
((19/x)+((4+(17+16))/5)) = (3**3),7.0,0.969,"['11+1 = -11', '19/7 = 11', '4+11 = 5', '17+16 = 11', '3**3 = -11']",6,5.0
((10*x)-(4*8)) = (1-((30-12)*(24-20))),6.0,-3.9,"['4*8 = 6', '10*6 = -75', '1-2 = -81', '18*4 = 2']",7,4.0
(x*((((((5**1)**3)*2)*2)+(-13.556)))) = ((-132/2)-11),9.0,-0.158,"['14*2 = 5', '13*2 = 14', '3**3 = 13', '5**1 = 3']",8,4.0
((19+(2-x))**((1**3)/(10/10))) = ((21-(4-2))+18),11.0,-16.0,"['1**2 = 40', '5/5 = 2', '1**3 = 5', '19+14 = 1', '2-11 = 14', '10/10 = 5', '19+18 = 40']",9,7.0
((15*x)*(13/6)) = ((9*1.778)+78),9.0,2.892,"['15*9 = 3', '13/6 = 31.333']",5,2.0
(x+(12+4)) = (((13/4)/2)-6),4.0,-20.375,"['12+4 = 36', '10-6 = 40', '14/2 = 10', '13/4 = 14']",5,4.0
((2+(7-3))+(7*(x+17))) = (((3*1)/6)-((33-3)-17)),19.0,-19.643,"['18+16 = 83', '19+17 = 2.286', '7-3 = 16', '6-13 = 83', '3*1 = 36']",10,5.0
(x-(10-(12*2))) = ((5+18)-(14+((-3-8)))),18.0,6.0,"['10-16 = 16', '12*2 = 16', '5+18 = 5']",7,3.0
(10*(19+x)) = ((((5*3.2)-(4**4))+15)*1),13.0,-41.5,"['19+13 = 6.1', '17*1 = 61', '4**4 = 14']",7,3.0
(x-((9*(1**4))-17)) = ((5/2)/6),3.0,-7.583,"['3-20 = -53', '12-17 = 20', '9*10 = 12', '1**4 = 10', '5/2 = -318']",6,5.0
((17-x)-((5+(13/9))/6)) = (3*((13*(4*1.5))-(5-12))),2.0,-239.074,"['16-15 = 97', '5+10 = 90', '13/9 = 10', '17-2 = 16', '13*6 = 33.333', '5-12 = 1']",10,6.0
((1-10)-((x+20)*4)) = (((5**1)-6)-14),9.0,-18.5,"['16*4 = 7', '9+20 = 16', '1-10 = -93', '2-14 = -100', '5**1 = 8']",7,5.0
(18/((7/x)/(16-15))) = ((2**4)+(-29)),1.0,-5.056,"['18/6 = -21', '7/1 = 12', '16-15 = 2', '2**4 = 8']",6,4.0
((7-(14*x))/((11/8)+((8+7)))) = (10*((8+((17-8))))),8.0,-198.339,"['14/1 = -95', '7-14 = 14', '14*8 = 14', '11/8 = 4', '8+7 = -3', '17-8 = -17.5']",9,6.0
(75-(18*((x*10)/8))) = ((4+16)+((20*10)+(8/8))),2.0,-6.489,"['18*6 = 5', '2*10 = 48', '20+5 = 70', '10+13 = 5', '8/8 = 13', '20*10 = 10']",9,6.0
(((17+3)*5)-(19-x)) = (5*8),13.0,-41.0,"['20-2 = 38', '19*5 = 20', '17+3 = 19', '19-13 = 2', '5*8 = 38']",5,5.0
(x*((1/(3/(5+7))))) = (-315/9),7.0,-8.75,"['1/6 = -5', '3/10 = 6', '5+7 = 10']",5,3.0
((3-x)*((28/7)*2.05)) = ((5**2)+(2+70)),19.0,-8.829,"['3-19 = 10', '5**2 = 10']",7,2.0
((17+(1+17))+(x+18)) = ((3**3)**1),16.0,-26.0,"['16+18 = 22', '17+6 = 8', '1+17 = 6', '1**1 = 30', '3**3 = 1']",6,5.0
(x+(5-4)) = (6*((11.333-17))),12.0,-35.002,"['12+7 = -34', '5-4 = 7']",4,2.0
((13+((1-14)-(5**1)))+x) = (((14/7)**4)-16),79.0,5.0,"['13+8 = 17', '2-11 = 8', '1-14 = 2', '5**1 = 11', '7-16 = 96', '1**4 = 7', '14/7 = 1']",8,7.0
((((2**4)/10)+x)*(4/6)) = ((8+(18/2))-(75/5)),13.0,1.4,"['10+13 = 5', '2**4 = 100', '4/6 = 0.2', '17-15 = 1']",9,4.0
((11+(-7))**(x+11)) = (2*((18*3)/5)),16.0,-8.784,"['4**1 = 10', '16+11 = 1', '2*9 = 10', '6/5 = 9', '18*3 = 6']",6,5.0
(((8+(20*8))-(4/(3/8)))+(x)) = (-64-((4*((27/3)/9))-15)),-88.0,-210.333,"['8+19 = 33', '4/9 = 20', '20*8 = 19', '3/8 = 9', '11-15 = 11', '9/9 = 2.75']",11,6.0
(x*((4+(10*(18+17))))) = (-582/6),8.0,-0.274,"['4+16 = -12.125', '10*1 = 16', '18+17 = 1']",5,3.0
((7+(13+5))-((x+12)-10)) = ((17+18)+18),16.0,-30.0,"['7+19 = -26', '18-10 = 12', '16+12 = 18', '13+5 = 19', '13+18 = -38', '17+18 = 13']",7,6.0
(((4**2)+x)*(2+1)) = (19+(19/4)),10.0,-8.083,"['20*7 = -34', '4**2 = 10', '2+1 = 7', '19+14 = -34', '19/4 = 14']",6,5.0
(((14*5)+(-(8+12)))*((14+((1*x))))) = (-73-7),10.0,-15.6,"['1*10 = -22', '8+12 = 1', '14*5 = 11']",7,3.0
((8-(3+12))*x) = ((7+(12-9))+14),3.667,-3.429,"['8-16 = 3', '3+12 = 16', '10+14 = 11']",6,3.0
((4/10)+((x-12))) = (18*((19+(-18))/(16*(21-17)))),17.0,11.881,"['4/10 = 15', '17-12 = -113', '18*7 = -98', '1/7 = 7', '16*4 = 7']",8,5.0
(((15/7)-7)+(x+43)) = ((((6*4)+18)/(18*10))*25.333),18.0,-32.232,"['15/7 = 22', '18*10 = 10', '10+18 = 30', '6*4 = 10']",9,4.0
(-10-(9*(4**(3**(x/10))))) = (2*((0-12))),7.0,-10.408,"['4**1 = 1.556', '3**2 = 1', '7/10 = 2']",7,3.0
((12-(1**4))/((4/10)/x)) = (112/(((52-16)/9)+(1/2))),9.0,0.905,"['7/1 = 16', '1**4 = 5', '4/10 = 9', '1/2 = 3']",10,4.0
(15-(16+(x*9))) = (18*((((9*2.444)/2)-3)-10)),14.0,3.893,"['15-19 = -31', '16+19 = 19', '14*9 = 19', '18*1 = -31', '8-10 = 1']",8,5.0
(((x*(14/6))+11)*(15/6)) = ((8*(1-3))+9),9.0,-5.914,"['4+11 = 3', '14/6 = 0.444', '15/6 = 21.667', '13+9 = 65', '1-3 = 1.625']",8,5.0
(((9/(4+x))**2)**(10*0.4)) = ((4**((6+(-5))*4))**1),7.0,0.5,"['2**4 = -29', '1**2 = 2', '9/2 = 1', '4+7 = 2', '5**1 = -29', '4**1 = 5', '1*4 = 1']",9,7.0
(3/((x-(1*9))/9)) = ((18/7)*(-1.4)),18.0,1.5,"['3/1 = -14', '18-1 = 9', '1*9 = 1', '18/7 = 10']",6,4.0
((x+19)+(-46)) = ((15/(8+(-5)))+((-490/10))),8.0,-17.0,"['8+19 = 7', '15/3 = 10']",6,2.0
(8*((30-(x*7))*((2**4)+2))) = ((12/8)/(20-(16-12))),14.0,4.286,"['10*5 = 9.5', '1+2 = 5', '2**4 = 1', '14*7 = 20', '8/10 = 76', '20-17 = 10', '12/8 = 8', '16-12 = 17']",10,8.0
(-100/(3-(14*(7/x)))) = ((2**3)+(6*(6-9))),2.0,-14.0,"['3-20 = 5', '14*1 = 20', '7/2 = 1', '6+4 = -20', '2**3 = 6', '6-9 = 0.667']",8,6.0
((x*10)**3) = (((3**1)+15)+4),15.0,0.28,"['2**3 = -29', '15*10 = 2', '5+4 = -29', '4+15 = 5', '3**1 = 4']",5,5.0
((4**(x*8))+(13-1)) = (204/6),20.0,0.279,"['13-1 = 30', '4**2 = 4', '20*8 = 2']",5,3.0
(((6+6)-(3-(x+11)))*(5+20)) = ((6+17)+16),18.0,-18.44,"['17*7 = 23', '5+20 = 7', '20-12 = 17', '6+6 = 20', '3-1 = 12', '18+11 = 1', '6+17 = 7']",8,7.0
((3*(-6))-(x*2)) = ((17+10)+((-84/((50/5)*0.2)))),11.0,-1.5,"['11*2 = 19', '17+10 = 5']",8,2.0
(((15/5)-5)+x) = (((10+(-7))**3)/10),19.0,4.7,"['10+19 = 52', '13-5 = 10', '15/5 = 13', '3**3 = 520']",6,4.0
((19-x)-10) = (10/3),17.0,5.667,"['19-17 = -41', '10/3 = -51']",3,2.0
((x-7)-19) = (19+(((15*2)+(-123)))),7.0,-48.0,"['7-7 = -72', '15*2 = 13']",5,2.0
(((18+14)/(x/2))/3) = (36-10),8.0,0.821,"['13/3 = 26', '18+14 = 52']",5,2.0
(((8/7)+(16+6))+((x-2))) = (-84-14),13.0,-119.143,"['18+2 = 18', '8/7 = 18', '16+6 = 2', '13-2 = -116']",6,4.0
((((14+x)*10)+(4-5))-20) = (17*1),10.0,-10.2,"['6*10 = 20', '4-5 = 33', '14+10 = 6', '17*1 = 33']",6,4.0
(((14/4)*(11*x))*5) = (47-12),10.0,0.182,"['11*10 = 0.778', '14/4 = 9']",5,2.0
(((13+(((8-(14-6))*5)))+x)/10) = (13-14),20.0,-23.0,"['11+20 = 980', '1*5 = -2', '8-3 = 1', '14-6 = 3', '13-14 = 98']",7,5.0
(x+(20-1)) = ((4*2)+(((18+26)/4)+(-4))),2.0,-4.0,"['2+9 = 93', '20-1 = 9', '8+7 = 93']",7,3.0
(((x+13)*9)+9) = (65/(16-11)),6.0,-12.556,"['10+9 = 13', '9*9 = 10', '6+13 = 9']",5,3.0
((x-(20/6))*(2**3)) = ((8*4.125)-14),17.0,5.708,"['17-14 = 9', '20/6 = 14', '2**3 = 2.111']",6,3.0
(8+((x+1))) = (2+((8*(-0.625)))),3.0,-12.0,['3+1 = -11'],4,1.0
(x-((7/3)-7)) = (1-3),10.0,-6.667,"['10-9 = -75', '20-7 = 9', '7/3 = 20', '1-3 = -75']",4,4.0
((((6-x)/7)*0.8)**(1-12)) = (((13*7)*2)**(10/(19/2))),19.0,0.682,"['4**1 = 100', '1-12 = 1', '3/7 = 5', '6-19 = 3', '1**2 = 100', '19/2 = 5', '15*2 = 1', '13*7 = 15']",10,8.0
((16*2)-(x*10)) = ((126-15)-((7+(-2))**1)),7.0,-7.4,"['10-6 = 93', '7*10 = 6', '16*2 = 10', '5**1 = 18']",7,4.0
((x-4)+10) = (2*(((-594/6)/2))),6.0,-105.0,"['10+10 = -99', '6-4 = 10']",5,2.0
(x/((1*8)/6)) = ((7*((-452.574/9)))/((6*0.5)+5)),1.0,-58.667,"['1/4 = -44', '7/6 = 4', '1*8 = 7']",8,3.0
(2*(x*6)) = ((9*7.667)-12),13.0,4.75,['13*6 = 28.5'],4,1.0
((((x+(2*1))/7)*1.333)*((17+(-26)))) = ((18+(18-3))-13),17.0,-13.67,"['11/7 = 6', '17+7 = 11', '2*1 = 7', '8-13 = -72', '18+1 = 8', '18-3 = 1']",9,6.0
(((20+x)-5)+88) = ((12+((12/(1/5))))/9),6.0,-95.0,"['20+6 = 13', '3/9 = 96', '12/6 = -9', '1/5 = 6']",7,4.0
((7*((x+4)**1))*5) = ((17/((30/5)*1.167))+((-86-20))),16.0,-6.959,"['16*5 = -95', '7*10 = 16', '1**1 = 10', '16+4 = 1', '17/7 = 11']",9,5.0
(((13-(x-8))-11)+((4/6))) = (1+20),4.0,-10.333,"['13-14 = 31', '4/6 = -81', '4-8 = 14', '1+20 = -61']",6,4.0
(((x*4)-1)+(11+13)) = (-304/((33-14)-(17+(30-18)))),10.0,1.85,"['7+12 = -38', '14-1 = 7', '10*4 = 14', '11+13 = 12', '17+12 = 11']",9,5.0
(((19+17)*x)/10) = ((9+0)*(16.889-(19-2))),6.0,-0.278,"['20/10 = 80', '7*6 = 20', '19+17 = 7', '19-2 = 8']",7,4.0
(2-(x+6)) = (((18/2)*2)+(14-8)),10.0,-28.0,"['10+6 = 12', '18+6 = -10']",6,2.0
((22-10)+((1-(4+x))*(12*7))) = ((4+16)+6),8.0,-3.167,"['12+1 = -19', '1-6 = 5', '4+8 = 6', '12*7 = 0.2', '20+6 = -19']",8,5.0
(((x/10)+16)+(1**1)) = (2**4),20.0,-10.0,"['14+16 = 9', '20/10 = 14', '1**1 = 37', '2**4 = 46']",5,4.0
((x/(1-(3**3)))+(-12)) = (((19-12)/(13+(1+6)))-10),18.0,-61.1,"['18/8 = 13', '1-4 = 8', '3**3 = 4', '7-10 = 1', '13+3 = 2', '19-12 = 14', '1+6 = 3']",9,7.0
(17-(((11*9)-9)+x)) = ((((16-16)/10)-5)+(19*6)),15.0,-182.0,"['17-12 = 65', '15+15 = 12', '3-9 = 15', '11*9 = 3', '3+3 = 65', '12-5 = 3', '19*6 = 3', '16-16 = 120']",9,8.0
((((x/9)*(6/4))*(12-19))**4) = (((3*2)/5)/(15+(16*8))),6.0,0.259,"['4**4 = 13', '12-19 = 2', '6/9 = 4', '6/4 = 0.5', '15+10 = 3', '16*8 = 10', '3*2 = 195']",11,7.0
(x+(19+(13-(20*3)))) = ((36-(128/8))+(-93)),18.0,-45.0,"['18+20 = -73', '19+11 = 20', '13-7 = 11', '20*3 = 7']",7,4.0
((11+19)*x) = ((2*(-65))/(13+(-11))),5.0,-2.167,"['16*5 = -65', '11+19 = 16']",5,2.0
((9-(x+(10/(7*5))))-(1+17)) = ((9+10)+(6*5.667)),1.0,-62.288,"['9-3 = 71', '1+19 = 3', '10/2 = 19', '7*5 = 2']",9,4.0
(((7+19)/10)-(x/7)) = ((17+7)+15),9.0,-254.8,"['16/10 = 34', '9/7 = 15', '7+19 = 16', '17+7 = 4']",6,4.0
((x+18)/4) = ((9*1.667)-11),10.0,-1.988,['10+18 = 16'],4,1.0
(((18+(x*10))+9)**2) = ((9/3)**1),7.0,-2.527,"['3**2 = 17', '16+9 = 3', '18+9 = 16', '7*10 = 9', '3**1 = 17']",6,5.0
((1-x)+(-104)) = (-80-((13*3)-(20+7))),16.0,-11.0,"['1-16 = 4', '4-15 = 20', '13*3 = 4', '20+7 = 15']",6,4.0
((13-x)*(3**3)) = (((13*3)/9)+(9+(-1))),18.0,12.543,"['17*10 = 50', '3**3 = 10', '13-18 = 17', '20+8 = 50', '15/9 = 20', '13*3 = 15']",7,6.0
(((18-11)-20)-x) = ((5+14)*6),5.0,-127.0,"['3-5 = -27', '18-11 = 23', '9*6 = -27', '5+14 = 9']",5,4.0
((20*x)*(12+9)) = (291/3),8.0,0.231,"['12+9 = 16.167', '20*8 = 6']",4,2.0
((14/4)*((x/3))) = (3*(((4*(-5.75))-1))),-27.0,-61.714,['14/4 = 8'],6,1.0
(((64/(10-20))-x)+44) = ((10*6.5)-13),9.0,-14.4,"['8-9 = 8', '10-20 = 8']",6,2.0
(((15-10)+(x*2.2))**3) = (4*(-16.25)),5.0,-4.1,"['2**3 = -65', '15+11 = 2', '15-10 = 15']",5,3.0
((((10-(x+14))*5)**3)/2) = (17*(1**3)),18.0,-4.648,"['1**3 = -26', '5*5 = 1', '10-13 = 5', '18+14 = 13', '17*6 = -13', '1**3 = 6']",7,6.0
(((1*x)*(5**2))-10) = (((1+17)-11)-(13*(20+(-10)))),5.0,-4.52,"['1*10 = -31', '1*5 = 1', '5**2 = 10', '13*10 = 18', '18-11 = -23']",9,5.0
(x/(7+5)) = ((18-((4**2)-(9+6)))*(-2.2)),5.0,-448.8,"['5/8 = -11', '7+5 = 8', '8-9 = 13', '9+6 = 9', '4**2 = 8']",7,5.0
(20+(((x/7)-(8*(10-15))))) = (17+8),5.0,-245.0,"['4-16 = -104', '8*1 = 16', '5/7 = 4', '10-15 = 1', '17+8 = -84']",6,5.0
(1+((4*x))) = (((9+11)+(-17))**((27/3)*0.111)),10.0,0.499,"['4*10 = -101', '3**1 = -100']",7,2.0
(7+(9*((x+19)-4))) = (((8/4)+(4*1.25))-2),4.0,-15.222,"['7+15 = 28', '4+19 = 5.667', '7-2 = 28']",8,3.0
((x*8)/4) = (((1**(3*4))*4.75)-19),20.0,-7.125,"['20*8 = -380', '19-19 = -95', '1**2 = 4', '3*4 = 2']",6,4.0
(x*(16*7)) = ((17/(45/9))**(20/10)),20.0,0.103,"['20*2 = 11', '16*7 = 2', '2**2 = 11', '17/5 = 2']",6,4.0
((x*8)/4) = ((6/8)+(22-(16*1))),12.0,3.375,"['4/4 = 10', '12*8 = 4', '9+9 = 10', '6/8 = 9', '16*1 = 13']",6,5.0
(x+((19+(((3-2)+3))))) = (((14*6)/5)-(17-(1+7))),14.0,-15.2,"['3+3 = -25', '3-2 = 3', '15-1 = 8', '19/5 = 15', '1+7 = 16', '14*6 = 19']",9,6.0
(((5+x)/(2-15))*3) = (53-(30-18)),18.0,-182.667,"['3*3 = 41', '2-15 = 6', '5+18 = 18']",6,3.0
(8*(x/((14/8)+(8-1)))) = (((7*3)-17)+((50-20)-17)),60.0,18.594,"['8-1 = 4', '14/8 = 2', '9+13 = 80', '17-17 = 9', '7*3 = 17']",10,5.0
((((x+11)**3)+(-2))-12) = (10*4.2),2.0,-7.174,"['7-12 = 42', '3**3 = 9', '2+11 = 3']",5,3.0
((4-6)+x) = (-55-14),19.0,-67.0,"['13+19 = -69', '4-6 = 13']",3,2.0
((x+20)+11) = (((2560/8)/10)-(3+6)),9.0,-8.0,['9+20 = 12'],6,1.0
((x/((3**2)+(2**2)))+52) = ((15/(5-1))-(133/(63/9))),10.0,-874.25,"['10/3 = 12', '4+6 = 3', '2**2 = 6', '3**2 = 4', '15/4 = 83']",10,5.0
((x/(3*7))-(12-1)) = (11-6),430.0,336.0,"['3*7 = 10', '11-6 = 32']",5,2.0
(4-(x+(1**4))) = (19+(72/9)),10.0,-24.0,"['4-3 = 22', '10+7 = 3', '1**4 = 7', '19+8 = 22']",5,4.0
((9+11)-((x*7)+6)) = ((1*((2/7)/10))*6),15.0,1.976,"['5-2 = -19', '9+11 = 5', '17+6 = 2', '15*7 = 17', '19*6 = -19', '1*8 = 19', '2/10 = 8', '2/7 = 2']",8,8.0
((3/(4**4))-x) = ((12+20)-((108/(15-6))/7)),12.0,-30.274,"['16-12 = 11', '3/10 = 16', '4**4 = 10', '7-6 = 11', '12/7 = 6', '12+20 = 7']",8,6.0
(x+(1**(((12+(19+18))-8)-18))) = ((20-(45/3))-15),5.0,-11.0,"['1**2 = 14', '2-18 = 2', '2-8 = 2', '12+20 = 2', '19+18 = 20', '20-15 = 34']",9,6.0
((6*6)*((x+((16/8)+7)))) = ((-31-7)-((9*1.444)*4)),11.0,-11.5,"['11+15 = -5.875', '6*6 = 8', '9+7 = 15', '16/8 = 9', '13*4 = 9']",9,5.0
(496/(11-x)) = (3/4),13.0,-650.333,"['11-13 = 8', '3/4 = 62']",3,2.0
(((1-(x-2))-14)/6) = (((13+71)/7)*3),2.0,-227.0,"['19/6 = -90', '2-14 = 19', '1-11 = 2', '2-2 = 11', '12*3 = -90']",7,5.0
((x*(2**1))/(1+7)) = ((2*0.5)/(13*3)),20.0,0.103,"['15/5 = -46', '1+7 = 5', '20*7 = 15', '2**1 = 7', '1/4 = -46', '13*3 = 4']",7,6.0
(x*(((18/10)-17)+11)) = (5+(7*((90/10)*0.222))),11.0,-4.52,"['11*2 = 35', '3+11 = 2', '18/10 = 20', '7*2 = 30']",8,4.0
(((10+x)**3)*6.333) = ((12/7)/(100/10)),3.0,-9.7,"['5**3 = 6', '10+3 = 5', '5/10 = 38', '12/7 = 5']",6,4.0
((11-(x*7))*((5**1)**2)) = ((2**1)**1),9.0,1.56,"['4**2 = 4.4', '9*7 = 1', '5**1 = 4', '1**1 = 44', '2**1 = 1']",7,5.0
(x-((19/7)/(12-13))) = (8*(-8.625)),7.0,-71.714,"['7-9 = -69', '9/9 = 9', '19/7 = 9', '12-13 = 9']",5,4.0
(((15*x)+13)-9) = (((30-2)-(14+19))/7),10.0,-0.314,"['14-9 = 3', '6+13 = 14', '15*10 = 6', '14+19 = 7']",7,4.0
(3*(11+((6.667-(x+11))))) = (128/4),19.0,-4.0,['19+11 = 7'],5,1.0
(5*(((3-x)-2))) = (((8-17)*(8*1.25))*((1-9))),14.0,-143.0,"['10-2 = -18.6', '3-14 = 10', '1*10 = 8', '1-9 = -11.625', '8-17 = 1']",8,5.0
(((9+(x))-6)-(2**3)) = (10*(-1.7)),-2.0,-12.0,"['7-6 = -10', '2**3 = 7']",5,2.0
((28-(18-12))+((3*x))) = (((21-20)+1)-18),7.0,-12.667,"['3*7 = -109', '18-12 = 16', '2-18 = -97']",7,3.0
(((14+10)-((17+x)-10))/9) = (96-14),16.0,-721.0,"['19-12 = 738', '14-10 = 12', '17+16 = 14', '14+10 = 19']",6,4.0
((25-(5**3))*(14+((x-5)))) = (((1+3)**4)/(16/2)),9.0,-9.32,"['20*8 = 42', '9-5 = -6', '5**3 = 5', '4**4 = 378', '16/2 = 9']",9,5.0
((2-(4*((14/3)-x)))*(-12.667)) = ((10+(-5))-(35-20)),19.0,4.364,"['2-12 = 6', '4*8 = 12', '11-19 = 8', '14/3 = 11', '5-15 = -76']",8,5.0
(3*((14-x)**(18+(-17)))) = ((16*(4*2.25))**(24/(1+20))),18.0,-83.629,"['5**1 = 1', '14-18 = 5', '5**3 = 3', '1+20 = 8', '16*9 = 5']",9,5.0
((5+(x/9))+9) = (2/(((21-(19/10))*6.667)+(-19))),4.0,-125.834,"['20+9 = 76', '4/9 = 15', '2/1 = 76', '19/10 = 18']",8,4.0
(4*((10+6)*(x+12))) = (((7-7)*((6+6)*5))*5),18.0,-12.0,"['16*3 = 20.75', '18+12 = 3', '2*5 = 83', '17*5 = 0.286', '6+6 = 17', '7-7 = 7']",9,6.0
(((19*5)*10)/((1-8)/x)) = (5+34),9.0,-0.287,"['10*10 = 351', '1-8 = 81', '19*5 = 10']",6,3.0
((((13/5)-(19-19))/4)-x) = ((2*7.5)+(17+(-3))),7.0,-28.35,"['13-14 = 212', '13/5 = 13', '19-19 = 14', '15+14 = 46']",8,4.0
(11-(x-9)) = (3**(4**1)),12.0,-61.0,"['11-6 = 18', '12-9 = 6', '3**2 = 18', '4**1 = 2']",4,4.0
(7+((3**4)+x)) = (-455/5),12.0,-179.0,"['7+4 = -91', '19+12 = 4', '3**4 = 19']",4,3.0
(13+(((x*(3**2))/6))) = (-105/(20-15)),8.0,-22.667,"['8*4 = -204', '3**2 = 4']",6,2.0
(x/((18*3)*0.6)) = (((16+9)/7)/5),48.0,23.143,"['18*3 = 10', '16/7 = 40', '16+9 = 16']",6,3.0
(((x/8)-12)/6) = (-16-((26/2)-19)),18.0,-384.0,"['14-12 = -204', '18/8 = 14', '13-19 = 18']",6,3.0
((20+x)*(((7-16)**4)-4)) = ((((5+8)-(16/4))/2)*5),12.0,-19.997,"['3*7 = 22', '16-4 = 7', '4**4 = 16', '7-16 = 4', '20+12 = 3', '5*5 = 22', '19/2 = 5', '13-12 = 19', '16/4 = 12']",10,9.0
((x+5)*(12/(12/10))) = (2**3),16.0,-4.2,"['9*1 = 30', '12/5 = 1', '12/10 = 5', '16+5 = 9', '2**3 = 30']",5,5.0
(x+(5*(1/(3**1)))) = (((5+9)-(3**3))-2),20.0,-16.667,"['20+19 = -6', '1/8 = 3.8', '3**1 = 8', '3**3 = 18']",8,4.0
(x+((19+8))) = (((11+(-7))/6)/6),4.0,-26.889,"['19+8 = -20', '6/6 = -16', '4/6 = 6']",5,3.0
((x+4)*((-26.5-(8-2)))) = (16+((8*(-9.375)))),19.0,-2.185,"['19+4 = 2', '8-2 = 3']",6,2.0
((x-4)+((19+2)*(19/2))) = (17+((2*(-40)))),4.0,-258.5,"['16+11 = -63', '19/2 = 1.1', '19+2 = 10', '4-4 = 16']",7,4.0
((16-(3/8))*((8-13)*x)) = (98-(3**2)),7.0,-1.139,"['10*3 = 94', '8*7 = 3', '8-13 = 8', '3/8 = 6', '3**2 = 4']",7,5.0
((x*5)-(6+12)) = (((9*(1.554/7))-13)/(5**1)),17.0,3.16,"['17*5 = -89', '6+12 = 11', '2-13 = -1000', '5**1 = 10']",8,4.0
(8-(17+(x-13))) = (3**(((3-4)*3)*(1**3))),19.0,3.963,"['8-1 = 75', '17+20 = 1', '19-13 = 20', '3**4 = 75', '16*3 = 7', '1**3 = 0.571', '3-4 = 16']",8,7.0
((((x-18)**1)*0.7)-15) = ((12+19)-(16*(50/5))),15.0,-144.857,"['5**1 = 10', '15-18 = 5', '7-6 = -8', '16*10 = 6', '12+19 = 7']",8,5.0
(20+((x-19))) = (19-(18+16)),19.0,-16.0,"['19-19 = -45', '19-17 = -25', '18+16 = 17']",4,3.0
((15*x)/3) = ((11+11)*(-39)),5.0,-171.6,"['8/3 = -78', '15*5 = 8', '11+11 = 2']",4,3.0
(18-(x-(3-20))) = ((7+15)/(3**2)),5.0,-1.444,"['5-11 = 12', '3-20 = 11', '20/4 = 6', '7+15 = 20', '3**2 = 4']",6,5.0
((((7*(11+9))+(11+x))+(-6))*9.857) = (16-2),13.0,-143.58,"['7*1 = 5', '11+13 = 8', '11+9 = 1', '16-2 = 69']",7,4.0
(x-(14-4)) = (-16-((12-(17-14))/1)),18.0,-15.0,"['18-13 = -24', '14-4 = 13', '9/1 = 8']",6,3.0
((114/6)-((18-x)*1)) = ((10/2)*(8-(9+8))),19.0,-46.0,"['19-11 = 66', '2*1 = 11', '18-19 = 2', '10/2 = 10', '8-17 = 6.6']",8,5.0
((x+(1+16))*(-10.714)) = (((4*2.75)/(15*2))**(6+11)),16.0,-17.0,"['16+11 = 7', '1+16 = 11', '1**2 = -75', '11/3 = 1', '6+11 = 2', '15*2 = 3']",8,6.0
(((x-15)-12)**1) = ((-388-12)/((8+(-3))*0.8)),9.0,-73.0,"['5**1 = -100', '12-12 = 5', '9-15 = 12']",7,3.0
((3-(6-9))*x) = ((12+((16+(-16))/4))+(-40)),8.0,-4.667,"['10*8 = -28', '3-12 = 10', '6-9 = 12']",7,3.0
(x*(4**3)) = (10*(31.2/6)),6.0,0.812,['4**3 = 8.667'],4,1.0
((19+x)*(-30)) = (5*((((9+6)*(7-7))+(-27)))),2.0,-14.5,"['19+2 = 3', '15*3 = 9', '7-7 = 3']",7,3.0
((20-((6/3)*(16+x)))+(-39)) = (3*(-9)),17.0,-12.0,"['20-4 = 12', '10*9 = 4', '16+17 = 9', '6/3 = 10']",6,4.0
((10*(2**2))+(x*5)) = (414/6),11.0,5.8,"['11*5 = 51', '2**2 = 1.8']",5,2.0
((x+5)*(1+8)) = (10*0.7),7.0,-4.222,"['7+5 = 8', '1+8 = 0.875']",4,2.0
((x/7)-(2/10)) = (-252/3),8.0,-586.6,"['2-8 = -84', '2/10 = 8', '8/7 = 2']",4,3.0
((((18-19)-20)-(x-13))+(-76)) = ((-2800/10)/4),9.0,-14.0,"['2-20 = 16', '9-13 = 10', '18-19 = 2']",7,3.0
(((16/(11/x))+14)/6) = (-31-1),4.0,-141.625,"['17+14 = -192', '16/8 = 17', '11/4 = 8']",5,3.0
(x*((1+13))) = (3*((9.333-18))),8.0,-1.857,['1+13 = -3.25'],4,1.0
((8+x)*(211.5/9)) = (9+38),10.0,-6.0,['8+10 = 2'],4,1.0
((x+15)*(((3**4)+17)-13)) = ((18*((5**1)/6))/5),14.0,-14.965,"['14*10 = -67', '3-13 = 10', '14+15 = 14', '16+17 = 3', '3**4 = 16', '18*6 = -335', '6/6 = 6', '5**1 = 6']",9,8.0
(((15+x)-(16+12))**1) = (17+(((15+(-93))-1))),2.0,-49.0,"['1**1 = -62', '16+12 = 16']",7,2.0
(((7*(1-x))+5)/10) = (((15/7)/6)*((10*0.3)**2)),3.0,-2.878,"['3+5 = -160', '1-3 = 0.429', '3*1 = -16', '3**2 = 1', '15/7 = 18']",9,5.0
(((14*1)+(x-1))/9) = (((48/6)-4)*(-20.75)),18.0,-760.0,"['18+14 = -747', '18-1 = 14', '14*1 = 18']",7,3.0
((x/(2-19))*(20*10)) = (14/8),20.0,-0.149,"['20*10 = 2.1', '20/9 = 10', '2-19 = 9', '14/8 = 21']",5,4.0
((8/3)/x) = ((16-(5/9))/((3+33)/6)),9.0,1.036,"['8/3 = -99', '10/6 = -11', '16-3 = 10', '5/9 = 3']",7,4.0
(((2**3)*(3*(x+17)))-14) = (780/((5+3)*3)),8.0,-15.062,"['3*7 = 13.143', '2**3 = 7', '8+17 = 7', '1*3 = 10', '5+3 = 1']",8,5.0
((14-4)+((2**3)*x)) = (940/(((5**1)-19)-12)),5.0,-5.769,"['17+4 = 94', '4*5 = 4', '2**3 = 4', '14-4 = 17', '19-19 = 22', '5**1 = 19']",8,6.0
((4**2)-((x-16)+17)) = ((11+((5*(-0.8))))*((576/8)/9)),17.0,-41.0,"['14+17 = 18', '4**2 = 36', '17-16 = 14', '7*8 = 18']",9,4.0
(((4+16)+10)+((x/1))) = ((-820/((20+(-13))+(4*10)))/5),6.0,-33.489,"['6/1 = -83', '16+10 = 1', '4+16 = 16', '7+16 = 2', '4*10 = 16']",9,5.0
(((20*4)+x)+((4*1)*5)) = ((6*9.333)-((6-2)**4)),3.0,-300.002,"['12+12 = 53', '18*5 = 12', '20*4 = 9', '4*1 = 18', '4**4 = 3']",9,5.0
((14-5)-(7-x)) = (-330/10),16.0,-35.0,"['14-5 = -30', '7-16 = 3']",4,2.0
(((13*6)/x)+18) = ((3400/10)/((10*1.6)/4)),10.0,1.164,"['12+18 = 85', '13*6 = 120']",7,2.0
((16/1)*x) = (85-(((12/4)**1)-2)),18.75,5.25,"['16/1 = 4', '3**1 = 12']",6,2.0
((128/(19/(13*x)))/2) = (-40-(10+10)),7.0,-1.37,"['16/2 = -45', '19/4 = 8', '13*7 = 4', '10+10 = 5']",6,4.0
(8*(x*10)) = (6+(20/10)),19.0,0.1,"['19*10 = 10.375', '6+2 = 83']",4,2.0
(6*(((x-18)-2))) = ((-63/(1**4))-(7*2)),18.0,7.167,"['18-18 = -1.833', '1**4 = 7']",7,2.0
((14+1)+x) = (1**1),27.0,-14.0,"['14+1 = 16', '1**1 = 43']",3,2.0
(x/(2/5)) = (18/(9-7)),18.0,3.6,"['18/7 = -26', '2/5 = 7', '18/2 = -26']",4,3.0
(((2+4)+2)/(56/(x+11))) = (((6-8)/(7*(14/1)))/4),13.0,-11.036,"['20/8 = 52', '13+11 = 7', '13+2 = 20', '2+4 = 13', '3/4 = 52', '14/1 = 1.143', '6-8 = 24']",10,7.0
(((7*x)/4)/2) = (8*(-0.125)),9.0,-1.143,"['2/2 = -1', '7/4 = 2', '7*9 = 7']",4,3.0
((((13+x)+17)*(5+10))-5) = ((16-5)/4),3.0,-29.483,"['3-5 = 50', '8*9 = 3', '17+17 = 8', '13+3 = 17', '5+10 = 9', '5/4 = 50', '16-5 = 5']",7,7.0
((((x*((18/4)*3))/3)-15)-10) = (14-19),16.0,4.444,"['8-10 = -57', '13/3 = 23', '16*8 = 13', '3*3 = 8', '18/4 = 3', '14-19 = -57']",7,6.0
(((3*1)-2)+(x*(20-8))) = (((13+(-2))+(-8))*8.333),16.0,2.0,"['16*9 = 15', '20-8 = 9', '17-2 = 10', '3*1 = 17']",8,4.0
(9+(((6*3)+x))) = (((10*0.8)+5)+(-49)),15.0,-63.0,"['2+15 = -45', '6*3 = 2']",6,2.0
((x*(12-20))+(8+8)) = (99-(14-((45/5)/6))),14.0,-8.812,"['12+18 = 95', '14*2 = 12', '12-20 = 2', '8+8 = 18', '14-16 = 4', '9/6 = 16']",8,6.0
((2-7)+(x/4)) = (-196/(1**(20/10))),12.0,-764.0,"['6+17 = -28', '12/4 = 17', '2-7 = 6', '1**2 = 7']",6,4.0
((12+20)*(x-2)) = ((4/4)+(18/(3**1))),9.0,2.219,"['12+20 = 2', '9-2 = 18', '18/9 = 35', '3**1 = 9']",7,4.0
(2*(10-x)) = ((6*(8+(-2.667)))-16),11.0,2.001,['10-11 = 8'],5,1.0
(((x*7)**2)/6) = (10*(13-(70/10))),19.0,2.711,"['2**2 = 18', '19*7 = 2', '10*6 = 3']",6,3.0
(((5*x)*9)*(-8.6)) = (16*3),7.0,-0.124,"['6*9 = 10', '5*7 = 6', '16*3 = -86']",4,3.0
((1-x)/(19+7)) = (((10*1.1)-12)+4),19.0,-77.0,"['1-19 = 414', '19+7 = 6', '3+4 = 69', '11-12 = 3']",6,4.0
(2+((11-17)/(x*6))) = ((14+19)/((4*10)-(4+17))),16.0,3.8,"['2+11 = -41', '11/9 = 11', '11-17 = 11', '16*6 = 9', '14+19 = -82', '4+17 = 2', '4*10 = 4']",9,7.0
(((x+(20-13))**4)*((104/8)-5)) = (14*(((5-2)+0)/(45/5))),11.0,-6.126,"['9*8 = 63', '4**4 = 9', '11+16 = 4', '20-13 = 16', '14*4 = 63', '3/9 = 4']",11,6.0
((x**1)/((10*5)-10)) = (((8/4)**3)-((2+17)+9)),3.0,-800.0,"['15-10 = 6', '10*5 = 15', '3**1 = 102', '19+9 = 4', '2**3 = 21']",9,5.0
(-8-(x*3)) = ((8*1.125)*5),15.0,-17.667,"['15*3 = 16', '9*5 = -24']",4,2.0
((((x*9)+(20-11))*5)+2) = (6+(-3)),11.0,-0.978,"['9*5 = 1', '20+8 = 9', '11*9 = 20', '20-11 = 8']",6,4.0
(x*((17+15))) = ((5*0.4)*((18/5))),10.0,0.225,"['17+15 = -5.7', '18/5 = -28.5']",5,2.0
((9*x)/(15-8)) = ((5*(1**3))*((4-6)/10)),6.0,-0.778,"['8/1 = -69', '15-8 = 1', '9*6 = 8', '4*8 = -69', '1**3 = 0.8', '4-6 = 80']",8,6.0
(x-((2**1)-(5**2))) = (17/3),15.0,-17.333,"['15-5 = 21', '17-10 = 5', '2**1 = 17', '5**2 = 10', '17/3 = 21']",5,5.0
(7*(((12-x)/8)/6)) = (16+(13+4)),16.0,-214.286,"['14/6 = 3.429', '12-16 = 112', '13+4 = 8']",6,3.0
((x+(14*3))-8) = (((3**3)-14)/(6/(10-7))),17.0,-27.5,"['17+16 = -82', '14*3 = 16', '15/2 = -90', '3**3 = 29']",8,4.0
((1-5)+(((4**2)*((x/10))))) = (((9*0.111)-10)-4),12.0,-5.626,"['12/10 = -2.25', '1-5 = 5', '4**2 = 8']",8,3.0
(12+(((x/(6/5))**3))) = (2**4),25.0,1.905,"['5**3 = -75', '6/5 = 5', '2**4 = -63']",5,3.0
(x*(3/(14/7))) = ((2**4)-17),18.0,-0.667,"['18*10 = 70', '3/9 = 10', '14/7 = 9', '15-17 = 70', '2**4 = 15']",5,5.0
((10-x)/10) = ((3+(12+5))-13),6.0,-60.0,"['11/10 = -18', '10-6 = 11', '13-13 = -18', '12+5 = 10']",5,4.0
((14*(13*(6-x)))-9) = (4+76),17.0,5.511,"['4-9 = 80', '14*9 = 4', '13*7 = 9', '6-17 = 7']",5,4.0
(((x/8)+16)*(4-(16*2))) = (2**(28/7)),9.0,-132.571,"['18*10 = 17', '4-5 = 10', '9/8 = 2', '16*2 = 5', '2**4 = 17']",7,5.0
(((7+x)*((15-12)*(14+4)))-4) = (13/((4*(16-18))/(42/7))),18.0,-7.106,"['2-4 = 31', '5*8 = 2', '1*5 = 8', '7+18 = 5', '15-12 = 1', '14+4 = 5', '13/9 = 31', '4*3 = 54', '16-18 = 3']",11,9.0
((((x+17)-4)-8)**3) = ((((5*5.6)/7)*3.25)/8),16.0,-3.824,"['2**3 = 88', '15-8 = 2', '9-4 = 15', '16+17 = 9', '13/8 = 88']",8,5.0
((((9-20)*x)-17)-(4*9)) = (((180/(10/8))/10)**2),8.0,-23.669,"['10*8 = 82', '9-20 = 10', '4*9 = 2', '2**2 = 63', '18/10 = 2', '10/8 = 10']",9,6.0
(x-((1/1)*(((1/10)-20)+14))) = (((((6+2)+6)-3)**1)-10),39.0,-4.9,"['12*7 = 7', '1/1 = 12', '5+14 = 7', '15-20 = 5', '1/10 = 15', '1**1 = 42', '8+6 = 4']",11,7.0
(x+(13+1)) = ((9-16)*1),3.0,-21.0,"['13+1 = 55', '1*1 = 58', '9-16 = 1']",4,3.0
(x+((8*5)/(9*0.111))) = (1*2),6.0,-38.04,"['16/1 = 22', '8*5 = 16', '1*2 = 28']",5,3.0
(x*((8/4)+8)) = ((-56/7)-((29-20)*(10+(-9.222)))),8.0,-1.5,"['8*1 = -15', '7+8 = 1', '8/4 = 7']",8,3.0
(4-((x-(1/3))+(3**1))) = (((23-8)+((-99/9)))**(15-14)),24.0,-2.667,"['4-13 = -92', '1/3 = 19', '3**1 = 8', '4**1 = -92']",10,4.0
(1+(((1**1)-(10*x)))) = ((7*0.286)+(14*7)),8.0,-9.8,"['10*8 = 7', '1**1 = -31', '2+6 = -37', '14*7 = 6']",7,4.0
(((36/9)*((x*4)))-4) = ((2-(5*(9+8)))+(-79)),6.0,-9.875,"['6*4 = -14.25', '2-11 = 18', '9+8 = 2.2']",8,3.0
(x*(18-4)) = (7+2),6.0,0.643,"['18-4 = 4.167', '7+2 = 25']",3,2.0
(((1+14)+15)/x) = ((40/8)*4.8),9.0,1.25,"['20/9 = 24', '12+15 = 20', '1+14 = 12']",5,3.0
(((4/3)-1)-(x*6)) = ((17-14)-((14-15)*(5**2))),6.0,-4.611,"['6*6 = 4', '1-1 = -77', '4/3 = 1', '6*5 = 16', '5**2 = 5', '14-15 = 6', '17-14 = -65']",9,7.0
((56/x)+(((5-12)/3))) = (19+(3+0)),8.0,2.301,"['13/3 = -102', '5-12 = 13', '19+3 = -95']",6,3.0
(x+(9/9)) = ((2**4)*((1/9))),7.0,0.778,"['7+11 = -40', '9/9 = 11', '1/9 = -8', '2**4 = 5']",5,4.0
((18-17)*(18-x)) = ((342/(13-4))-((18-10)/9)),4.0,-19.111,"['6*6 = 33', '18-17 = 6', '18-4 = 6', '8/9 = 5']",8,4.0
(19+((10+x)+(1-(2**1)))) = (144/6),13.0,-4.0,"['19+8 = 24', '11+20 = 8', '10+13 = 11', '1-8 = 20', '2**1 = 8']",6,5.0
((6/6)-x) = (((42/(17+(-15)))-9)+64),10.0,-75.0,"['12-10 = 76', '6/6 = 12']",6,2.0
(6*(9*((3*1)*x))) = (5+88),10.0,0.574,"['10*10 = 1.722', '3*1 = 10']",5,2.0
(19-(((5+10)-11)+x)) = ((17*(3+14))**1),20.0,-274.0,"['19-10 = -26', '4+20 = 10', '8-11 = 4', '5+10 = 8', '3**1 = -26', '17*9 = 3', '3+14 = 9']",7,7.0
((34-((11/3)**3))-(x/1)) = (11+58),14.0,-84.296,"['16-8 = 69', '14/1 = 8', '1**3 = 18', '11/3 = 1']",6,4.0
((16+19)+((x*(17*4)))) = ((3/((10-6)+10))/(17+2)),13.0,-0.515,"['13*7 = -29', '17*4 = 7', '16+19 = 17', '17+2 = 3', '3/9 = -36', '4+10 = 9']",9,6.0
((14+18)*(x*3)) = ((17/(17/10))*1),9.0,0.104,"['19*7 = -56', '9*3 = 7', '14+18 = 19', '18*1 = -56', '17/4 = 18', '17/10 = 4']",6,6.0
(((13+x)+((7*8)*2))/6) = (((8-1)-15)/5),9.0,-134.6,"['7*2 = 498', '7*8 = 7', '13+9 = 18', '14-15 = 430', '8-1 = 14']",8,5.0
(x+((16+2))) = ((3+7)*((-4.1-(8*(9.125-9))))),15.0,-69.0,['16+2 = -66'],7,1.0
(12+((x/10)*(19+(19+16)))) = (15-(3**4)),16.0,-14.444,"['12+16 = -70', '8*5 = 16', '19+6 = 5', '19+16 = 6', '16/10 = 8', '15-6 = -70', '3**4 = 6']",7,7.0
((x/2)*((9-19)*(16*1))) = (3*((5**2))),5.0,-0.938,"['17*2 = -55', '16*1 = 0.4', '9-19 = 5', '5/2 = 17', '5**2 = -18.333']",7,5.0
(((x-5)+(2**4))+((5**4)+11)) = (13/2),19.0,-640.5,"['17+18 = -92', '4+1 = 17', '19-5 = 4', '20+11 = 18', '2**4 = 1', '5**4 = 20', '13/2 = -92']",7,7.0
(((x-16)/2)*(7/4)) = (10*((3-9))),15.0,-52.571,"['5*10 = -38', '9/2 = 5', '7/4 = 10', '15-16 = 9', '3-9 = -3.8']",6,5.0
(((x/6)*2.111)+(5/2)) = (189/(((10+(-2))*0.75)-7)),17.0,-544.292,"['17/6 = 9', '5/2 = 8', '6-7 = 7']",8,3.0
((4+x)+(16*3)) = (20+(34-(25-9))),13.0,-14.0,"['4+13 = 19', '16*3 = 79', '20+18 = 98']",6,3.0
(((16*x)*10)-6) = (20+1),8.0,0.169,"['1-6 = -73', '6*10 = 1', '16*8 = 6', '20+1 = -73']",4,4.0
(x+((17+15)-17)) = ((10+(-7))**2),17.0,-6.0,"['17+20 = 1', '17+15 = 37', '3**2 = 1']",5,3.0
((10*1)+(((17+x)*((11+5))))) = ((3-16)/2),5.0,-18.031,"['11+5 = -2.875', '10*1 = 13', '17+5 = 8', '2/2 = -10', '3-16 = 2']",7,5.0
(x+(((2**1)/2))) = (5+((-1-2))),16.0,1.0,['2**1 = -28'],5,1.0
((2+x)-(2-(10/4))) = ((-236-16)/6),12.0,-44.5,"['17-1 = -42', '2-5 = 1', '2+12 = 17', '10/4 = 5']",6,4.0
((11/(10-13))-(6-x)) = ((8-(2+18))-((3**1)**4)),2.0,-83.333,"['11/7 = 72', '6-2 = 19', '10-13 = 7', '4-20 = 53', '8-14 = 4', '4**4 = 20', '2+18 = 14', '3**1 = 4']",9,8.0
((19-(1**1))*((x*7)-11)) = ((28-(3*2.667))*(25-20)),12.0,2.365,"['10-11 = 0.75', '12*7 = 10', '1**1 = 11', '20*5 = 6']",9,4.0
(7+((17+x)/3)) = ((4**(14-13))/(12/1)),3.0,-37.0,"['7+15 = 48', '11/3 = 15', '17+3 = 11', '12/1 = 6', '4**1 = 288']",7,5.0
((x+(18+17))**4) = (((20+6)-20)+(3+1)),18.0,-33.222,"['3**4 = 43', '18+20 = 3', '18+17 = 20', '20+6 = 23', '3+1 = 40']",7,5.0
(((9+x)/(3**1))*(19+9)) = ((((12/10)*(6+4))+(-3))-4),12.0,-8.464,"['2/7 = 7', '19+9 = 2.143', '3**1 = 7', '9+12 = 2', '2-4 = 15', '6*4 = 5', '12/10 = 6', '6+4 = 4']",10,8.0
(((16+x)+13)+17) = (1**((13*3)/(17*5))),7.0,-45.0,"['20+17 = 78', '5+13 = 20', '16+7 = 5', '1**3 = 78', '20/9 = 3', '13*3 = 20', '17*5 = 9']",7,7.0
((x+9)-((4+8)-16)) = (-546/((15+(2+9))/9)),2.0,-202.0,"['10-18 = -78', '2+9 = 10', '4+8 = 34', '15+11 = 63']",8,4.0
(((x*7)*10)-(19-6)) = (5**2),10.0,0.543,"['19-6 = 10', '8*10 = 30', '10*7 = 8', '5**2 = 20']",5,4.0
((x/10)+((1/6))) = (((11-(1-16))-14)*(-1.875)),1.0,-226.667,"['1/10 = 16', '1/6 = -31', '11-7 = 22', '1-16 = 7']",7,4.0
(((18+11)+10)*(12-x)) = (((6/(9/6))-(7/7))+22),19.0,11.359,"['14*6 = 42', '8+10 = 14', '12-19 = 6', '18+11 = 8', '12-5 = 20', '7/7 = 5', '6/7 = 12', '9/6 = 7']",9,8.0
((x/(15-20))-(1**4)) = (((16*7)*1)-3),16.0,-550.0,"['9-2 = -33', '1**4 = 2', '16/10 = 9', '15-20 = 10', '13-3 = -33', '9*1 = 13', '16*7 = 9']",7,7.0
((x+15)**1) = (2*3),20.0,-9.0,"['3**1 = 19', '20+15 = 3', '2*3 = 19']",3,3.0
(((x**3)**1)*(((22-8)+((2**3))))) = (((6+15)-13)/(6-13)),5.0,-0.373,"['3**1 = 4', '2**3 = -31', '5**3 = 3', '11/9 = -68', '6+15 = 24', '6-13 = 9']",10,6.0
(x+(((13+(5-12))*(-10)))) = (19+(-77)),12.0,2.0,"['13+18 = 7', '5-12 = 18']",5,2.0
(-49-((2*((x*6)+4))/3)) = (((2**(4**1))+12)/(17+(-14))),6.0,-15.25,"['2*9 = 57', '16+4 = 9', '6*6 = 16', '10+12 = -204', '2**1 = 10', '4**1 = 1']",10,6.0
((9*(9+17))+((x+8))) = ((15+(-1))+((-11-12))),14.0,-251.0,"['14+8 = -23', '9+17 = 1.556']",7,2.0
(x+(14+19)) = ((((3**2)-5)-19)+(-70)),6.0,-118.0,"['6+18 = -68', '14+19 = 18', '3**2 = 26']",6,3.0
(((8*x)+20)+(13-17)) = (8-(39-20)),4.0,-3.375,"['13-17 = 17', '19+20 = 5', '8*4 = 19', '8-19 = 22']",6,4.0
(((x+(1**2))*2.25)+((13*7)+17)) = ((17+(-34))-6),16.0,-59.222,"['9+20 = -23', '13*7 = 3', '16+3 = 4', '1**2 = 3']",8,4.0
(8*(((16-x)/8)/9)) = (16-5),17.0,-83.0,"['6/8 = 4.5', '16-17 = 6', '16-5 = 4']",5,3.0
((x*6)/((21-13)/(11-19))) = (((4-7)/2)*8),8.0,2.0,"['16/1 = -84', '8/10 = 1', '11-19 = 10', '8*6 = 16', '3*8 = -84', '11/2 = 3', '4-7 = 11']",8,7.0
((((6+12)**2)+9)+(x+10)) = (74-(4*2)),4.0,-277.0,"['1+9 = 2', '5**2 = 1', '6+12 = 5', '4+10 = 64']",7,4.0
(x/(6*7)) = (((17/7)-(2*1))-(10*1)),-48.0,-402.0,"['6*7 = 8', '1-10 = -6', '1-2 = 1', '17/7 = 1']",7,4.0
((11-(20/2))-(x-1)) = ((19*((2*(3+1))+8))*0.286),5.0,-84.944,"['8-7 = 2', '5-1 = 7', '11-1 = 8', '20/2 = 1', '19*6 = 7', '18+8 = 6', '3+1 = 9']",9,7.0
((-456-(11*x))/((10+11)/(20*7))) = ((13*1)*9),3.0,-43.05,"['2/4 = 5', '11*3 = 19', '10+11 = 2', '20*7 = 4', '9*9 = -95', '13*1 = 9']",8,6.0
((12*x)**(8-1)) = ((17-(14*8))*((3+(-9.5)))),9.0,0.209,"['3**4 = -26', '8-1 = 4', '12*9 = 3', '17-3 = 4', '14*8 = 3']",7,5.0
(((30/5)-2)-(14*(x*1))) = ((7-(11+14))+2),16.0,1.429,"['6-2 = -28', '14*10 = 17', '16*1 = 10', '9+2 = -45', '7-6 = 9', '11+14 = 6']",8,6.0
(x-(16-(10+4))) = ((3*4.333)+((20-(4**4))-18)),13.0,-239.001,"['13-5 = 71', '10+4 = 11', '13+13 = 71', '10-18 = 13', '4**4 = 10']",8,5.0
(x+(15*7)) = (6-14),14.0,-113.0,"['14+20 = -4', '15*7 = 20', '6-14 = -4']",3,3.0
((x/9)+((8+((19-6)+1)))) = (9*(-4.889)),5.0,-594.009,"['5/9 = 14', '8+18 = -58', '4+1 = 18', '19-6 = 4']",6,4.0
(x+((5**1)/5)) = ((9/1)-(4**3)),20.0,-56.0,"['20+10 = -86', '4/5 = 10', '5**1 = 4', '19-19 = -86', '9/1 = 19', '4**3 = 19']",6,6.0
(3**(x+3)) = ((18+(-11))*(9/7)),16.0,-1.0,"['3**4 = 2', '16+3 = 4', '9/7 = 0.286']",5,3.0
((1/2)*(((1**3)+x))) = (-340/((5**4)**3)),10.0,-1.0,"['14+10 = -7.556', '1/2 = 9', '1**3 = 14', '4**3 = 5', '5**4 = 4']",7,5.0
((6/(4*5))*(x)) = ((6/1)+(-107)),-10.667,-336.667,"['6/8 = 9', '4*5 = 8', '6/1 = 11']",5,3.0
(12*(x+3)) = (13+10),11.0,-1.083,"['12*3 = 23', '11+3 = 3']",3,2.0
((15+x)+(10+12)) = (((17/7)**1)/(3**4)),13.0,-36.97,"['9+10 = -44', '10+12 = 10', '15+13 = 9', '3**4 = 9', '2**1 = -396', '17/7 = 2']",7,6.0
((x+10)/3) = (6+(-36)),7.0,-100.0,['7+10 = -90'],3,1.0
((x+18)-(((17-16)-5)*(15*4))) = (15+(((6*0.667)+(20+(-12)))-8)),18.0,-238.998,"['15*4 = 2', '4-5 = 7', '17-16 = 4', '18+18 = 53', '15+3 = 39', '4+8 = 11']",11,6.0
((x*(18+(9/10)))+19) = (4*14.5),18.0,2.063,"['12+19 = 58', '18*6 = 12', '18+10 = 6', '9/10 = 10']",5,4.0
((12-17)-(7*((2+x)**3))) = ((2+4)-19),14.0,-0.954,"['4**3 = 0.857', '12-17 = 85', '2+14 = 4', '6-19 = 79']",7,4.0
((((20*x)+13)/(14-(20*6)))+11) = (((14-2)+11)*(10-6)),10.0,-429.95,"['4+11 = 24', '14-11 = 10', '9+13 = 40', '20*10 = 9', '20*6 = 11', '4+11 = 6', '14-2 = 4']",10,7.0
((2*(19*x))**(18/6)) = (((12/10)-7)*(((-98.5-14)/5))),8.0,0.133,"['4**1 = -90', '2*4 = 4', '18/6 = 1', '19*8 = 4', '12/10 = 11']",9,5.0
((2-8)-(x-(4-13))) = ((2-4)*7),17.0,-1.0,"['16-7 = -63', '17-18 = 7', '2-8 = 16', '4-13 = 18', '8*7 = -63', '2-4 = 8']",6,6.0
(((2*(x+9))*9)+(90/(4**3))) = (((((9+(-7))**2)-9)-7)**3),14.0,-105.078,"['3+9 = -53', '4**3 = 10', '14*9 = 3', '2*5 = 14', '14+9 = 5', '2**3 = -53', '2**2 = 18']",11,7.0
((((4+11)+(-8))*2.333)-x) = ((16/7)*9.25),17.0,-4.812,"['7-17 = 37', '4+11 = 11', '16/7 = 4']",6,3.0
((x-11)-17) = (4*(-18)),12.0,-44.0,['12-11 = -55'],3,1.0
((x+(-3))+(4+1)) = ((14-13)-((29-13)-16)),15.0,-1.0,"['12+11 = -89', '4+1 = 11', '16-16 = 9', '14-13 = -80']",7,4.0
((5-x)**1) = (((4**1)**4)/(9/10)),18.0,-279.444,"['1**1 = -66', '5-18 = 1', '8/3 = -66', '5**4 = 8', '4**1 = 5', '9/10 = 3']",6,6.0
(((15/6)+x)+((10*7)+13)) = (9*((9+(-16.889)))),13.0,-156.501,"['17+17 = -71', '10+13 = 17', '19+13 = 17', '10*7 = 19', '15/6 = 10']",7,5.0
(x+(4+(4**2))) = (4+(-86)),4.0,-102.0,"['4+8 = -82', '4+17 = 8', '4**2 = 17']",4,3.0
((3**4)-((19+x)**4)) = (24-(24/3)),7.0,-16.161,"['1**4 = 14', '3**4 = 30', '19+7 = 1']",6,3.0
((16+(-11))**(x+2)) = (9+12),6.0,-0.108,"['5**2 = 62', '6+2 = 2', '9+12 = 62']",4,3.0
((12+x)**1) = (444/((10*(5**4))*0.6)),10.0,-11.882,"['4**1 = 74', '12+10 = 4', '5**4 = 1']",6,3.0
((x*9)+((3**4))) = ((17*((6-10)/(6+7)))*(-8.2)),7.0,-4.234,"['7*9 = 16', '3**4 = -57', '17*3 = 5', '6+7 = 10', '6-10 = 30']",8,5.0
((5*((5-x)-((6*1)/6)))-8) = (((4*1.5)-(6/3))+((-138/6))),12.0,6.2,"['20-8 = -9', '15/6 = 17', '5-12 = 21', '6*1 = 15', '6-2 = 14']",11,5.0
(((4**2)*(20*2))/(x-17)) = ((29-(2-(5**2)))/(7-15)),25.0,-81.462,"['15/8 = 60', '20*2 = 7.5', '4**2 = 2', '14/7 = 60', '2-16 = 15', '5**2 = 16', '7-15 = 7']",10,7.0
((6/5)*((x/3))) = ((-18-8)-7),1.0,-82.5,"['6/5 = 10', '1/3 = -3.3']",5,2.0
((9+11)-(19+((x-2)))) = (13/1),4.0,-10.0,"['19-18 = -16', '9+11 = 19', '4-2 = -1', '13/1 = -16']",5,4.0
((26-16)*((((3**4)*x)+((5**2))))) = (7/((16+14)-((17+15)/4))),5.0,-0.308,"['5**2 = -20.8', '2*5 = 14', '3**4 = 2', '7/9 = -68', '16+14 = 24', '17+15 = 60']",11,6.0
((x+(5**1))*(4**(19/1))) = (1**4),1.0,-5.0,"['4**2 = 18.8', '5**1 = 4', '19/1 = 2', '1**4 = 94']",6,4.0
(((18-x)+(2**4))/((6+1)**2)) = (18/(70/10)),14.0,-92.0,"['3**2 = 3', '6+1 = 3', '2**4 = 241', '18-14 = 8', '18/7 = 83']",8,5.0
(((9*x)+4)+(14/5)) = (3+((2*(22.5-15))-(8*3))),4.0,-1.422,"['11+4 = 4', '14/5 = 1', '9*4 = 11', '3+1 = 5', '15-12 = 1', '8*3 = 12']",9,6.0
((3**2)+(20*x)) = ((90/(4*(10/8)))+(9-6)),9.0,0.6,"['16+11 = -70', '20*9 = 11', '3**2 = 16', '18+3 = -70']",8,4.0
(x+((((5**1)*10)/3))) = (2-3),20.0,-17.667,"['3*10 = -306', '5**1 = 3', '2-3 = -82']",5,3.0
((((5**4)*0.833)*x)*(3**3)) = ((14*(7+13))*6),9.0,0.12,"['12*5 = 41', '5*9 = 12', '3**3 = 5', '5**4 = 6', '15*6 = 41', '14*5 = 15', '7+13 = 5']",8,7.0
((x*9)+(7*6)) = (-74/2),7.0,-8.778,"['20+18 = -37', '7*9 = 20', '7*6 = 18']",4,3.0
((x/1)-((12+(-9))-1)) = ((6/(14+(-12)))-13),18.0,-8.0,"['12-2 = -51', '18/1 = 12', '6/2 = -38']",7,3.0
((x+15)*(3+16)) = ((12+11)+86),14.0,-9.263,"['1*10 = 96', '3+16 = 10', '14+15 = 1', '12+11 = 10']",5,4.0
((27/((10*5)+5))-((20+x)*4)) = (((1**2)/1)**1),7.0,-20.127,"['3-8 = 53', '11+5 = 9', '10*5 = 11', '20+7 = 2', '1**1 = 53', '9/1 = 1', '1**2 = 9']",9,7.0
(1-((14+x)-20)) = (((11*1)-(3+5))/6),16.0,6.5,"['1-16 = -2', '4-20 = 16', '14+16 = 4', '15/6 = -2', '3+5 = 10', '11*1 = 25']",7,6.0
((((19+x)**2)/7)**4) = ((((4-3)**4)-11)**2),11.0,-14.295,"['4**4 = 81', '4/7 = 4', '1**2 = 4', '19+11 = 1', '1**2 = 81', '18-11 = 1', '1**4 = 18']",8,7.0
((x+(1*6))-(2/5)) = (6/(3**4)),16.0,-5.526,"['2/5 = 6', '16+2 = 59', '1*6 = 2', '6/1 = 53', '3**4 = 1']",6,5.0
((1*10)-(2+(9*x))) = (2*(((14-1)**1))),6.0,-2.0,"['7-1 = -7', '2+4 = 1', '9*6 = 4', '1*10 = 7', '5**1 = -3.5', '14-1 = 5']",7,6.0
((8*(7*(8*(5**x))))/3) = (1**(12/3)),4.0,-3.111,"['7/3 = -48', '8*6 = 0.125', '5**4 = 6', '1**4 = -48']",7,4.0
(x+((18*9))) = (13+13),3.0,-136.0,"['18*9 = -3', '13+13 = 0']",3,2.0
(((6*(x-8))+(-7))*2.25) = (((171/9)*(15-18))*9),17.0,-28.833,"['6*10 = 15', '17-8 = 10', '19*4 = 2', '15-18 = 4']",8,4.0
(x+(16*6)) = (((14-13)+((22-16)+8))+5),18.0,-76.0,"['16*6 = 62', '17+5 = 80', '14-13 = 3']",7,3.0
((5**3)-((x-14)**2)) = ((14-2)/(((6*1)*1.833)+(-5))),10.0,2.909,"['2-3 = 36', '1**2 = 3', '5**3 = 2', '10-14 = 1', '14-2 = 216']",9,5.0
((19*6)*((15*x))) = (((18-15)*(18+17))*(18+19)),10.0,2.272,"['19*6 = 6', '15*10 = -1.333', '8*6 = -8', '18*9 = 8', '18+19 = 6', '18+17 = 9', '18-15 = 18']",8,7.0
(((x+9)-4)*8) = (((2*(5*0.5))-11)*(5**3)),18.0,-98.75,"['2*8 = -45', '10-4 = 2', '18+9 = 10', '14*3 = -45', '5-11 = 14', '5**3 = 3']",8,6.0
((x/10)*(-23)) = ((16+8)-((5+(11+18))+(-6))),10.0,1.739,"['10/10 = 4', '16+8 = -80', '5+6 = 18', '11+18 = 6']",7,4.0
((((11*x)/9)-(3-2))+15) = (2+(-62)),2.0,-60.545,"['2+15 = -60', '6/9 = 20', '11*2 = 6', '3-2 = 18']",6,4.0
((((4-19)*2.667)*(9*x))/3) = (14+(((84/7)-14))),10.0,-0.1,"['17/3 = 1', '9*10 = 2.125', '4-19 = 3', '12-14 = -13']",8,4.0
(17*((10+x)**(3/2))) = ((4/5)+(1**4)),14.0,-9.776,"['17*10 = -12', '3**4 = 10', '3/2 = 4', '10+14 = 3', '6+8 = -12', '4/5 = 6', '1**4 = 8']",7,7.0
((15*(x/7))*(-30)) = ((8-4)*((20*10))),3.0,-12.444,"['15*1 = 2', '3/7 = 1', '20*10 = -10', '8-4 = 6']",6,4.0
(4*(8-(1/x))) = ((5+((1-3)+20))+7),7.0,2.0,"['4*5 = 24', '1/7 = 3', '5+15 = 17', '15+20 = 15', '1-3 = 15']",7,5.0
((35-(5+3))+x) = (1*9),31.0,-18.0,"['5+3 = 18', '1*9 = 48']",4,2.0
(((13-4)-x)*2) = (((14+5)+((19-10)))-8),5.0,-1.0,"['7*2 = 7', '16-5 = 7', '13-4 = 16', '19-10 = -4']",7,4.0
((x+2)*(14+9)) = (18/(9+7)),13.0,-1.951,"['14+9 = 1', '13+2 = 6', '9+7 = 3']",5,3.0
((34-(9/9))-(x+13)) = (((9*(14-3))+20)/4),18.0,-9.75,"['9/9 = 8', '18+13 = 10', '7/4 = 16', '4+20 = 7', '14-3 = 0.444']",8,5.0
(((x+16)+(7*5))+(9/5)) = (((4*3.5)/4)-(8/6)),8.0,-50.633,"['1+1 = 49', '10+15 = 1', '7*5 = 15', '8+16 = 10', '9/5 = 1', '8/6 = 19', '14/4 = 68']",9,7.0
(x+(1**2)) = ((18-13)-(9+9)),8.0,-14.0,"['8+6 = -28', '1**2 = 6', '18-13 = -10']",5,3.0
((13-(17/(5/8)))-x) = (152/4),7.0,-52.2,"['13-2 = 45', '17/4 = 2', '5/8 = 4']",5,3.0
((((8*3)-3)+x)**3) = ((7+0)/(2*(18-13))),13.0,-20.112,"['4**3 = -57', '3+13 = 4', '1-3 = 3', '8*3 = 1', '7/10 = -57']",8,5.0
((x-(19/(1**2)))/8) = ((6-(12-3))-(20/4)),20.0,-45.0,"['20-1 = 280', '19/10 = 1', '1**2 = 10', '6-9 = 40']",8,4.0
((13+((10+x)))*1) = (13+(-6)),1.0,-16.0,['10+1 = -6'],4,1.0
((3**3)-((9*x)+11)) = ((19+389)/6),5.0,-5.778,"['3**3 = 83', '11+11 = 15', '9*5 = 11']",6,3.0
(3*((11+x)-3)) = ((2436/7)/(14-15)),14.0,-124.0,"['11+14 = 22.333', '14-15 = 6']",6,2.0
((x+(19*(6*8)))+((3+19))) = ((29-10)/((12/4)*3)),17.0,-931.889,"['19*10 = 0', '3+19 = -41', '6*8 = 10', '19/9 = -24']",9,4.0
(x*(3-((18+13)**1))) = (3+(13/4)),14.0,-0.223,"['14*2 = 22', '3-18 = 2', '1**1 = 18', '18+13 = 1', '3+13 = 22', '13/4 = 13']",6,6.0
(((17+(-16))+12)-(x*4)) = ((1296/(2/(29-20)))/(36/4)),14.0,-158.75,"['13-1 = 16', '14*4 = 1', '2/9 = 9']",9,3.0
((18*x)*(8+1)) = ((20+0)+4),6.0,0.148,"['6*9 = 90', '18*6 = 6', '20+4 = 90']",5,3.0
((x+((18-12)**3))-11) = (15-19),11.0,-209.0,"['11+17 = -76', '5**3 = 17', '18-12 = 5', '15-19 = -87']",5,4.0
(11/(6-x)) = ((6*8.667)/((10/2)**2)),9.0,0.712,"['11/6 = 13', '6-9 = 6', '5**2 = 4']",6,3.0
(6+(15+(5+(x*1)))) = ((11+8)/((10+9)*6)),4.0,-25.833,"['6+18 = -53', '5+7 = 3', '4*1 = 7', '19*6 = 10', '11+8 = -530']",8,5.0
((6/((6/x)/2))*8.5) = (1*((4-(7*0.286))-(8*0.875))),10.0,-0.294,"['6/2 = 4', '17/2 = 2', '6/10 = 17', '1*10 = 34', '4-2 = 17']",9,5.0
((2**4)*(x/(6-15))) = ((54-(((12-7)*2)+(-6)))/2),15.0,-14.062,"['5*8 = 25', '2**4 = 5', '15/10 = 8', '6-15 = 10']",9,4.0
((5+6)+(((x+6)*6))) = (((17/((7*0.714)-1))*1)-14),19.0,-9.458,"['5*6 = -5', '19+6 = 5', '5+6 = 7', '9-14 = 2', '17/4 = 9']",9,5.0
(((6-(5**3))-(18+12))-(x+6)) = (20+6),19.0,-181.0,"['18+12 = 18', '19+6 = 10', '6-18 = -5', '5**3 = 18', '20+6 = -33']",7,5.0
((11-20)-x) = (11+((15-15)+1)),4.0,-21.0,"['16-4 = 51', '11-20 = 16', '11+13 = 51', '15+1 = 13', '15-15 = 15']",5,5.0
((8*(3-2))+(x/(15-5))) = (((42-(7*1.286))-(10/1))/7),6.0,-47.146,"['8*2 = 6', '6/9 = 89', '3-2 = 2', '15-5 = 9', '13/7 = 95', '10/1 = 20']",10,6.0
((16+x)+((10/(13+1)))) = ((-9-(3*5))/(42/7)),17.0,-20.714,"['10/6 = -18', '13+1 = 6', '16+17 = 14']",8,3.0
((18+(-13))**(((3**4)/(18+3))+x)) = ((17+((18/9)))+2),5.0,-1.965,"['5**4 = -17', '1+5 = 4', '5/6 = 1', '18+3 = 6', '3**4 = 5', '6+2 = -17', '18/9 = -11']",9,7.0
((x+18)**1) = ((8-(16-15))/(3**(6+(-5)))),7.0,-15.667,"['2**1 = -24', '7+18 = 2', '8-1 = -240', '3**1 = 10']",7,4.0
((((6/9)**3)+5)-(x*10)) = (((1/8)-3)*1.25),15.0,0.889,"['5+5 = 9', '5**3 = 5', '6/9 = 5', '15*10 = 4', '20-3 = 4', '1/8 = 20']",8,6.0
(((5/10)-(11/1))*(4*x)) = ((60/4)/3),7.0,-0.119,"['17-6 = 10', '5/10 = 17', '11/1 = 6', '4*7 = 0.5']",7,4.0
(x-(3/8)) = (1**(8+(9*(3.556/2)))),14.0,1.375,"['14-11 = -17', '3/8 = 11', '1**4 = -17', '8+16 = 4']",6,4.0
((20+(((1**2)-15)))**(4*x)) = ((((6*1.167)*2.143)+(1**4))*3),10.0,0.54,"['4**4 = 36', '4*10 = 4', '8-15 = -16', '1**2 = 8', '2*3 = 36', '15+2 = 2', '1**4 = 2']",10,7.0
(((19+(9*x))**4)+8) = ((12-3)**(7+(-6))),4.0,-2.0,"['16+8 = -81', '3**4 = 16', '19+17 = 3', '9*4 = 17', '2**1 = -81', '12-3 = 2']",7,6.0
((11-(13*x))/7) = ((16+((4-2)+(8-13)))/5),6.0,-0.554,"['8/7 = -63', '11-14 = 8', '13*6 = 14', '16+4 = -315', '9+13 = 4', '4-2 = 9', '8-13 = 13']",8,7.0
((((4**3)*4)-11)+(4+x)) = (9+(-31)),9.0,-271.0,"['1+9 = -22', '4+9 = 9', '13*4 = 12', '4**3 = 13']",6,4.0
((9+x)*12.8) = ((12-13)+4),6.0,-8.766,"['9+6 = 5', '1+4 = 64', '12-13 = 1']",4,3.0
((6/(13-6))*((14-x)+(-7))) = ((1**1)*9),20.0,-3.5,"['1*7 = 22', '14-20 = 14', '6/2 = 1', '13-6 = 2', '13*9 = 22', '1**1 = 13']",7,6.0
((1**1)*(x/1)) = (3*(1-(13+(6*0.833)))),19.0,-50.994,"['18*7 = 34', '19/1 = 7', '1**1 = 18', '1-11 = 11.333', '13+5 = 11']",7,5.0
(((11/1)-((6/6)*(x-4)))/3) = ((1+2)+66),5.0,-192.0,"['20/3 = 77', '6/6 = 3', '5-4 = 2', '11/1 = 26', '1+2 = 11']",8,5.0
(((x-12)+7)+(3**(4**1))) = (84-(((42/6)/3)**2)),12.0,2.556,"['3**1 = 64', '4**1 = 1', '12-12 = 12', '4**2 = 1', '7/3 = 4']",9,5.0
(((8*(x*6))+(13-15))*10) = ((((18+(-12))/7)+16)*(21-2)),16.0,0.709,"['8*10 = 95', '10+5 = 8', '8*6 = 10', '16*6 = 6', '13-15 = 5', '18+16 = 5', '6/7 = 18']",10,7.0
((x/5)*6.5) = ((10*(7*0.086))/9),13.0,0.515,"['13/5 = 10', '6/9 = 65']",5,2.0
((1**2)+((x*10))) = (4*(-13.5)),20.0,-5.5,"['1**2 = 16', '20*10 = -70']",4,2.0
(((1-(19/10))-11)*x) = ((20*6)+(24-(8*2.125))),8.333,-10.672,"['6-11 = 3', '1-3 = 6', '19/10 = 3', '20*6 = 18']",8,4.0
((((5**4)-(4-13))/5)/(x/10)) = ((188/4)-16),50.0,40.903,"['14/5 = 31', '14-17 = 70', '5**4 = 14', '4-13 = 17']",8,4.0
((((9+x)-12)+(288-4))/7) = (1+((11/(1-9))/(3**2))),10.0,-275.069,"['9-12 = 17', '9+10 = 9', '1+18 = 43', '3**2 = 10', '11/2 = 180', '1-9 = 2']",10,6.0
(-16-(x*((12-15)-17))) = (20/10),9.0,0.9,"['12-15 = 17.444', '20/10 = -20']",5,2.0
(((((5/5)+20)/x)*10)/2) = (12*9),9.0,0.972,"['3*10 = -2', '20/9 = 3', '9+20 = 20', '5/5 = 9', '12*9 = -1']",6,5.0
((5-20)-x) = (18+54),12.0,-87.0,"['18-12 = 72', '5-20 = 18']",3,2.0
(-441/(((x**3)/3)-10)) = ((3+9)*(42/(7*10))),4.0,-5.357,"['4-10 = 7', '10/3 = 4', '4**3 = 10', '9*7 = -63', '3+9 = 9', '7*10 = 6']",8,6.0
((((5**4)+x)-19)/(2*10)) = ((64/8)+17),11.0,-106.0,"['2/2 = -59', '2*10 = 2', '20+11 = 21', '5**4 = 20', '8+17 = -59']",7,5.0
(((3/5)*((x+12)**3))-(4**1)) = ((20-10)*(-2.2)),4.0,-15.107,"['4**1 = 6', '14*8 = -16', '3**3 = 8', '4+12 = 3', '3/5 = 14']",8,5.0
(((x*3)*4)**(10/6)) = ((((15-10)**2)*1)+(18*4)),14.0,1.297,"['2**2 = 25', '10*4 = 2', '10/6 = 2', '14*3 = 10', '11*1 = 18', '5**2 = 11', '18*4 = 7']",9,7.0
((10*((16-20)/7))-x) = ((9*0.556)/((33-20)+10)),6.0,-5.932,"['16-6 = -77', '4/7 = 1.6', '16-20 = 4', '5/2 = -77', '13+10 = 2']",8,5.0
(x+((4+1)*(4+20))) = ((24/6)**(17-20)),4.0,-119.984,"['4+1 = -90', '5*2 = 1', '4+20 = 2', '4**2 = -90', '17-20 = 2']",7,5.0
((20-x)+((13/(7+10)))) = ((5**4)+(-78)),17.0,-526.235,"['13/1 = -83', '20-17 = 20', '7+10 = 1', '5**4 = 15']",6,4.0
(((x+13)+(18/3))+8) = (8+10),20.0,-9.0,"['18+8 = -5', '13+17 = 18', '20+13 = 13', '18/3 = 17', '8+10 = -5']",5,5.0
((12+x)*11.625) = (4*23.25),18.0,-4.0,['12+18 = 8'],3,1.0
(1-(x*(4**3))) = (3*((12-9)**3)),19.0,-1.25,"['1-12 = 35', '19*9 = 12', '4**3 = 9', '1**3 = 11.667', '12-9 = 1']",6,5.0
((17/8)*(10*(x-12))) = ((2**3)-(19-(9/3))),20.0,11.624,"['11*8 = 61', '10*9 = 8', '20-12 = 9', '17/8 = 11', '2**3 = 72', '9/3 = 8']",8,6.0
((14-(11-13))*(3/x)) = (((7*5)-16)/1),10.0,2.526,"['8*8 = -70', '14-17 = 8', '11-13 = 17', '3/10 = 8', '17/1 = -70', '7*5 = 33']",7,6.0
((((17-4)+(18+x))+(-3))-1) = ((11+18)-(18/1)),2.0,-16.0,"['5-1 = 22', '17+14 = 8', '18+2 = 14', '17-4 = 17', '18/1 = 7']",8,5.0
((16+11)-((12*(5**2))+x)) = (-440/(20+8)),18.0,-257.286,"['16+11 = -53', '12+18 = 2', '12*7 = 12', '5**2 = 7', '20+8 = 8']",7,5.0
(7*(((x*3)-(8+5)))) = ((7*(-7.143))-17),15.0,1.143,"['4-8 = -9.571', '15*3 = 4', '8+5 = 8']",6,3.0
(((1**2)-(16*x))-3) = (((12+((1+6)))/2)/5),7.0,-0.244,"['4-3 = -98', '19-7 = 4', '1**2 = 19', '16*7 = 7', '1+6 = -992']",8,5.0
(x/((19/4)*3)) = (((1**3)*8)-(10*1.1)),882.0,-42.75,"['19/4 = 3', '14-11 = 98', '10*8 = 14', '1**3 = 10']",7,4.0
((20+(-16))**(x/1)) = (((5**(3/3))+(4*1.5))/4),10.0,0.73,"['4**4 = 35', '10/1 = 4', '4+6 = 140', '5**1 = 4']",8,4.0
((((5**3)/7)-x)/10) = ((54/6)-(32/8)),10.0,-32.143,"['2/10 = -92', '10-10 = 2', '8/7 = 10', '5**3 = 8', '9-4 = -92']",7,5.0
(((5*(x+(3*7)))*3.8)+19) = (9*(22-(126/7))),11.0,-20.105,"['19+19 = -55', '5*8 = 5', '11+15 = 8', '3*7 = 15', '9*4 = -55']",8,5.0
((9+x)*((5**2))) = ((2*(9-6))**(10-9)),19.0,-8.76,"['9+19 = 7', '5**2 = -9.429', '3**1 = -66', '9-6 = 1.5']",7,4.0
((18+(6/9))+((x*1))) = (4**1),19.0,-14.667,"['6/9 = 0', '19*1 = -81', '4**1 = -63']",5,3.0
((30/10)-(18+(17+x))) = (3*(-5.333)),13.0,-16.001,"['18+2 = 19', '17+13 = 2']",5,2.0
(-6-((x**1)/9)) = ((29-15)-(7+(-5))),2.0,-162.0,"['2**1 = 9', '14-2 = -7']",6,2.0
(x/(8+(2-(5**1)))) = (((10*5)-(2*3))-12),360.0,160.0,"['8+20 = 9', '2-6 = 20', '5**1 = 6', '11-12 = 40', '10*5 = 17']",8,5.0
(x/((2/(2**1))*(6-(4-11)))) = ((((8/9)-8)**1)+(-29)),-110.0,-469.444,"['15*2 = 10', '6-13 = 2', '2/8 = 15', '2**1 = 8', '4-11 = 13', '1**1 = 18', '19-8 = 1', '8/9 = 19']",10,8.0
((x*((11+8)/4))+19) = ((1*5)**1),11.0,-2.947,"['3+19 = -92', '11*3 = 3', '11+8 = 12', '1**1 = -92', '1*5 = 1']",6,5.0
((x*(17-18))+(21/(14*4))) = (9+13),14.0,-21.625,"['8+7 = -72', '14*4 = 3', '14*9 = 8', '17-18 = 9', '9+13 = -72']",6,5.0
((((x*7)+((8-8)**1))/2)+56) = ((19+(-11))*((37.75-17)-12)),17.0,4.0,"['17/2 = 14', '3**1 = 8', '17*7 = 9', '8-8 = 3']",10,4.0
((20*10)+((14*x)**(5-2))) = (3*2),5.0,-0.413,"['20+5 = 0', '5**3 = 5', '14*5 = 5', '20*10 = 20', '3*2 = 0']",6,5.0
((19+x)*(((13/8)-20)/(15+9))) = (11-(6*4)),4.0,-2.02,"['13*3 = -14', '12/3 = 3', '11-20 = 12', '15+9 = 3', '13/8 = 11', '19+4 = 13', '11-19 = -14', '6*4 = 19']",8,8.0
((x*(((16*5)/5)-(5**1)))**1) = (((3*6)/6)*((120/10)+(-6))),8.0,1.636,"['4**1 = -75', '8*1 = 4', '5**1 = 13', '1/5 = 14', '16*5 = 1', '3*6 = -75']",11,6.0
((15-(19-x))+((5**2)+14)) = ((2**(9-8))+(17+(6/4))),8.0,-14.5,"['5+14 = 46', '5**2 = 5', '2**1 = 5', '6/4 = 28']",10,4.0
((x+2)*(-8.333)) = (17/6),17.0,-2.34,"['17+2 = 6', '17/6 = -50']",3,2.0
(19+((3-(20+(4*x))))) = (6/(16-8)),7.0,0.312,"['20+5 = 5', '4*7 = 5', '6/2 = 17', '16-8 = 2']",6,4.0
((((13+8)+(-10))*((15+x)))-(4/7)) = ((((8*16)/8)+18)/4),16.0,-14.175,"['15+16 = -5.667', '13+8 = 16', '4/7 = 2', '16+18 = -144']",10,4.0
((x*6)+(19*10)) = ((14-6)+((39-12)/9)),8.0,-29.833,"['19+2 = 60', '19*10 = 2', '8*6 = 19', '8+3 = 60']",7,4.0
(-81-(2-x)) = ((10+8)+((10+(-118)))),18.0,-7.0,"['2-18 = 7', '10+8 = 20']",5,2.0
((x-13)/(5/((17*5)**3))) = (((15*(8*1.125))/2)/2),760.0,13.0,"['5/10 = 9', '3**3 = 10', '17*5 = 3', '2/2 = 166', '15*9 = 2']",9,5.0
(x+(((7*6)-(5/10)))) = ((13-7)*((2-(30-13)))),3.0,-131.5,"['10-8 = -6', '7*6 = 10', '5/10 = 8', '2-17 = -0.5']",8,4.0
((((11/7)**3)-(x*8))/2) = (8/2),20.0,-0.515,"['20*8 = 16', '4**3 = 78', '11/7 = 4', '8/2 = 31']",6,4.0
((19*x)+10) = (16/((27/(14+(-11)))+1)),10.0,-0.442,"['11+10 = 88', '19*10 = 11', '16/10 = 88']",6,3.0
(((4-x)**4)*(((18+15)+(8/3)))) = ((10*8)/6),10.0,3.218,"['11+20 = -4', '18+15 = 11', '4**4 = 5', '4-10 = 4', '8/3 = 20', '10/6 = -20', '10*8 = 10']",8,7.0
((x-1)*(12*1)) = ((16/6)-(5**1)),10.0,0.806,"['12*1 = 3.778', '5**1 = 20', '16/6 = 54']",6,3.0
((11+x)/5) = ((2/(5**2))-(20/6)),20.0,-27.267,"['11+20 = 305', '3-12 = 61', '2/1 = 3', '5**2 = 1', '20/6 = 12']",6,5.0
(x+((10-1)/8)) = (1*((16-14)+2)),19.0,2.875,"['19+1 = 55', '10-1 = 8', '1*4 = 55']",6,3.0
(15+((x/(17+3)))) = ((15/9)+((9-9)*2)),6.0,-266.667,"['6/7 = -94', '17+3 = 7', '2+20 = -79', '9-9 = 10', '15/9 = 2']",7,5.0
((x/5)*(19+13)) = (60/5),25.0,1.875,"['5*1 = 12', '19+13 = 1']",4,2.0
((((x*5)/8)-10)**1) = (((9-20)*7)*3),3.0,-353.6,"['1**1 = -61', '4-10 = 1', '9/8 = 4', '3*5 = 9', '18*3 = -61', '5*7 = 18', '9-20 = 5']",7,7.0
((((16-3)**4)**3)*((8+x))) = (((20+(-9))+(-55))/(12+17)),14.0,-8.0,"['8+14 = -7.333', '3**3 = 3', '3**4 = 3', '16-3 = 3', '12+17 = 2']",9,5.0
(x/(((10+10)/4)/10)) = ((618-18)/6),200.0,50.0,['10+10 = 80'],6,1.0
(((15-(12/1))-x)/(10*9)) = ((39-((600/3)/10))/(13/7)),20.0,-917.769,"['2-20 = -272', '15-18 = 2', '10*9 = 4', '12/1 = 18', '19/10 = -68', '13/7 = 10']",10,6.0
(((x-(6-13))*7)+55) = ((45/((3**4)+4))+65),13.0,-5.496,"['14*7 = 19', '13-9 = 14', '6-13 = 9', '3**4 = 1']",8,4.0
((x+(-15))+(19-5)) = ((17/10)/(4*0.5)),18.0,1.85,"['19-5 = 23', '17/10 = 52']",6,2.0
(9*(x/((9/4)*(3-4)))) = (2+58),16.0,-15.0,"['16/3 = 6.667', '11*7 = 3', '9/4 = 11', '3-4 = 7']",6,4.0
((x*2)*39) = ((5/4)*(27-19)),13.0,0.128,"['13*2 = 2', '7*8 = 78', '5/4 = 7']",5,3.0
((((3*10)*x)-11)**(9+(-8))) = ((8/9)/(19+(-14))),9.0,0.373,"['4**1 = 100', '5*9 = 15', '3*10 = 5', '8/9 = 500']",8,4.0
(((11/9)-(1*x))-(1-(19-11))) = ((16+621)/7),7.0,-82.778,"['4-14 = 91', '11/9 = 7', '1-6 = 14', '19-11 = 6', '1*7 = 3']",8,5.0
(x/(11+12)) = ((2**1)*((4+(-18.667)))),15.0,-674.682,"['15/4 = -88', '11+12 = 4', '2**1 = 6']",5,3.0
((9*(9-x))*(16+9)) = (((7+5)-5)**(7*0.571)),19.0,-1.609,"['16+9 = 21.25', '9-19 = 0.444', '2**4 = 85', '12-5 = 2']",8,4.0
(((20-(13-x))*(7+17))**1) = (((13+12)/4)/8),17.0,-6.967,"['3**1 = 27', '20-13 = 2', '7+17 = 1.5', '13-17 = 13', '8/8 = 27', '13+12 = 32']",8,6.0
(x*((7-19)+(-7))) = ((-225-15)/(13+((6+20)))),19.0,0.324,"['19*10 = -40', '7-19 = 17', '6+20 = -7']",7,3.0
(-42-((x-12)/1)) = (8+(((2*2.5)+19))),4.0,-62.0,"['10/1 = 6', '4-12 = 10', '5+19 = -56']",6,3.0
(((14-x)-14)+(5+10)) = ((49-19)-((84/7)-(3+20))),9.0,-26.0,"['5+19 = 19', '18-14 = 5', '14-9 = 18', '5+10 = 19', '12-2 = 11', '3+20 = 2']",9,6.0
(((x/6)*3)/(9*0.889)) = ((16/(4-(9*1.667)))-6),11.0,-119.281,"['2/8 = -65', '19*3 = 2', '11/6 = 19', '12-6 = -65', '16/5 = 12', '4-15 = 5']",8,6.0
(((2*3)+x)+(18-(2*8))) = (((6/3)-(7*0.571))/3),17.0,-8.666,"['18-16 = 55', '12+17 = 4', '2*3 = 12', '10/3 = 59', '5-4 = 10', '6/3 = 5']",9,6.0
(((18+8)-11)-(x+20)) = (55-11),20.0,-49.0,"['20-11 = 49', '20+20 = 5', '18+8 = 20']",5,3.0
((x/((17+13)+11))**(1**4)) = (9*(-2.667)),6.0,-984.123,"['2**4 = -24', '1**4 = 4', '6/4 = 2', '11+11 = 4', '17+13 = 11']",6,5.0
(103-(((x-19)+20)-9)) = (18*(4+18)),8.0,-285.0,"['15-9 = 18', '8+20 = 15', '8-19 = 8', '18*1 = 85', '4+18 = 1']",6,5.0
((4**2)*(5+x)) = ((3/4)**2),17.0,-4.965,"['4**2 = 10', '5+17 = 0.1', '4**2 = 1', '3/4 = 4']",5,4.0
(((x*(14+5))-2)-19) = ((9*(-4))-((14/7)**2)),7.0,-1.0,"['7-19 = -41', '11-2 = 7', '7*10 = 11', '14+5 = 10', '2**2 = 5']",8,5.0
((7*((6-18)+1))/x) = ((-83-(11-(15*4)))-(7-4)),9.0,2.081,"['7*6 = -882', '11+1 = 6', '6-18 = 11', '7-4 = 14', '15*4 = 10']",9,5.0
((((18+((15-x)/5))/3)+(-2))+19) = (14+(15+(((4*0.25)*3)))),9.0,-120.0,"['17+19 = -7', '18+12 = 57', '5/5 = 12', '15-9 = 5', '14+8 = -7', '1*3 = -7']",10,6.0
(((7-8)**2)*x) = ((14/2)-4),10.5,3.0,"['4**2 = 2', '7-8 = 4', '3-4 = 21', '14/2 = 3']",5,4.0
((13+12)*((2*x))) = (-438/6),10.0,-1.46,"['13+12 = 9', '2*10 = -8.111']",4,2.0
(((18-18)+((9-x)))+11) = (8*(15+(-11.625))),2.0,-7.0,"['9-2 = -2', '18-18 = 18']",6,2.0
(((2+(13+5))-(18-x))*(44/4)) = ((16/6)/5),20.0,-1.952,"['14-8 = 3', '18-20 = 8', '2+8 = 14', '13+5 = 8', '16/6 = 165']",8,5.0
((x-1)+(8-5)) = ((12-(6*2.167))/(4+(2**3))),15.0,-2.083,"['9+16 = -98', '8-5 = 16', '15-1 = 9', '3/9 = -98', '2**3 = 5', '12-13 = 3']",8,6.0
(((x*10)/5)/(1/2)) = (-69-2),16.0,-17.75,"['1/2 = 6', '16*10 = -2130']",5,2.0
(4+((6+(x+(5**1))))) = (3+5),2.0,-7.0,"['6+10 = -46', '2+10 = 10', '5**1 = 10', '3+5 = -42']",5,4.0
((8*(x/(10+13)))+17) = (1**2),14.875,-46.0,"['17+17 = -38', '10+13 = 7', '1**2 = -38']",5,3.0
(((7+(2-14))*(4/7))*(12+(x))) = ((488-11)/9),-4.429,-30.55,"['11*8 = 7', '7+20 = 11', '2-14 = 20', '4/7 = 8']",8,4.0
(16+(x**1)) = ((((7*5.714)/5)*0.25)+5),1.0,-9.0,"['16+8 = -28', '1**1 = 8', '2+5 = -28']",6,3.0
(18*((((14*3)-12)/10)+x)) = ((20+(-132))/2),6.0,-6.111,"['18*8 = -56', '19+6 = 8', '14-12 = 190', '14*3 = 14']",7,4.0
((x+7)/((10/9)*((12-8)-8))) = (164/(17-15)),16.0,-371.444,"['16+7 = 246', '12-8 = 8.333', '10/9 = 9']",8,3.0
((12+(x/3))/(13-(11/(4**4)))) = ((31-15)+(-29)),13.0,-541.324,"['13/9 = -13', '13-2 = 9', '11/1 = 2', '13/3 = 1', '4**4 = 1']",8,5.0
((16-(5-4))+(5+x)) = (3+18),13.0,1.0,"['8+18 = 92', '16-14 = 8', '5-4 = 14', '3+18 = 92']",5,4.0
(((x-(16-9))-(13*8))*(-12.375)) = (((7*8)**2)-(35-(16+(-1)))),7.0,-140.798,"['7-4 = 12', '16-9 = 4', '13*8 = 4', '3**2 = -79', '7*8 = 3']",10,5.0
(((3*6)*(x/7))**3) = (9*(13/1)),19.0,1.902,"['4**3 = -90', '18*10 = 4', '19/7 = 10', '9*6 = -90', '13/1 = 6']",6,5.0
((5*(12/x))*4) = (672/(3+(18/9))),9.0,1.786,"['19*4 = 84', '5*3 = 19', '12/9 = 3', '3+2 = 8']",6,4.0
(((19*x)+(1-1))+10) = (10/(3**3)),6.0,-0.507,"['3+10 = 5', '10+12 = 3', '19*6 = 10', '1-1 = 12', '3**3 = 2']",6,5.0
(((x-15)+(-1))+16) = ((6/5)-(17/2)),10.0,-7.3,"['17+16 = 73', '10-15 = 18', '19-3 = 73', '6/5 = 19', '17/2 = 3']",6,5.0
((16+(x/3))/3) = ((-172-13)/5),5.0,-381.0,"['16/3 = -37', '16+14 = 16', '5/3 = 14']",5,3.0
((5**1)-(6+x)) = ((1-7)**((31-20)-9)),20.0,-37.0,"['6+20 = 14', '5**1 = 3', '2**2 = -11', '1-7 = 2']",7,4.0
((((6*2)/3)/(17+20))-(x-2)) = (1**((50/(6-14))+(4*3.5))),18.0,1.108,"['17-9 = -90', '20/7 = 17', '17+20 = 7', '16/3 = 20', '6*2 = 16', '18-2 = 9', '1**3 = -90', '5+14 = 3', '6-14 = 10']",11,9.0
((x-18)+((19*2)*14.6)) = (20*9),3.0,-356.8,"['3-18 = 19', '19*2 = 5', '20*9 = 92']",5,3.0
((-27-3)-((1*x)/3)) = (12/1),6.0,-126.0,"['1*6 = 24', '12/1 = -38']",5,2.0
((19+x)*(6+2)) = ((9*0.667)*((10*1)*0.2)),2.0,-17.499,"['6*7 = -62', '6+2 = 7', '19+2 = 6', '6*2 = -62']",7,4.0
(20-((8/1)-(11+x))) = ((9*(4+(-3.222)))+((2**1))),18.0,-13.998,"['20-18 = -100', '12-7 = 18', '11+18 = 7', '8/1 = 12', '2**1 = -107']",8,5.0
((9/((5-20)+3))*(x*(3*0.667))) = (800/(2*((2**1)/2))),4.0,-266.533,"['12*8 = 80', '9/3 = 12', '12+3 = 3', '5-20 = 12', '7/2 = 5', '2**1 = 7']",10,6.0
(7+(x-(5+5))) = ((5*((-273.6/9)))/(7*(4/9))),12.0,-45.857,"['7+2 = -76', '12-9 = 2', '5+5 = 9', '4/9 = 0.286']",8,4.0
(60-((x/1)+(10*9))) = (13-((110/10)+15)),2.0,-17.0,"['20+3 = 3', '10*9 = 3', '2/1 = 20', '13-3 = 57', '11+15 = 3']",7,5.0
((3*(3-16))-x) = (2**1),5.0,-41.0,"['15-5 = -63', '3*7 = 15', '3-16 = 7', '2**1 = -63']",4,4.0
(6/(6/(x/(3**2)))) = (((17-15)/3)-15),14.0,-129.0,"['6/10 = -56', '6/3 = 10', '14/2 = 3', '3**2 = 2', '17-15 = -123']",7,5.0
(((14*x)+15)/(((1/10)/1)+(-4))) = (11+8),3.0,-6.364,"['4/1 = 26', '14+15 = 4', '12/1 = 5', '14*3 = 14', '1/10 = 12', '11+8 = 26']",7,6.0
((11-x)-16) = ((13-12)-(12+6)),19.0,12.0,"['11-19 = -10', '1-18 = -26']",5,2.0
((11/3)*(((14-5)-(17-x)))) = (((9-20)-(10*0.6))-(6+11)),9.0,-1.273,"['9-2 = -6.2', '17-9 = 2', '11/3 = 5', '7-17 = -31', '3-6 = 7', '9-20 = 3']",10,6.0
((((3-7)-6)-(x+18))/10) = ((8-6)/2),18.0,-38.0,"['18+18 = 1', '3-6 = 871', '3-7 = 3', '8-6 = 174']",7,4.0
(-7-(x/2)) = (-160/((7*(5+(-1)))+5)),8.0,-4.303,"['8/2 = 13', '16+5 = 8', '7*4 = 16']",6,3.0
((x/(8-18))*(11*9)) = (19+2),21.0,-2.121,"['8-18 = 7', '11*9 = 7']",5,2.0
((5/2)+(((x*3)/8))) = ((-112-14)/(26-(13*(6*1.333)))),14.0,-2.358,"['9/8 = -26', '14*3 = 9', '5/2 = 5', '13*8 = 20']",9,4.0
((x-17)*(1**(2**1))) = (2+(((11+3)-13)-10)),27.0,10.0,"['1**4 = 4.5', '2**1 = 4', '2+8 = 45', '14-13 = 18']",8,4.0
(((3-x)/4)*(-11)) = (6/5),18.0,3.436,"['3-18 = 32', '6/5 = -88']",4,2.0
(19*((9/4)**(1+x))) = (12+5),11.0,-1.137,"['19*2 = 87', '2**3 = 2', '1+11 = 3', '9/4 = 2', '12+5 = 87']",5,5.0
(((x*4)+((14-20)))/8) = (47-(48/((19-18)/(12/4)))),9.0,-192.5,"['2/8 = 31', '9*4 = 17', '14-20 = -15', '12/4 = 6', '19-18 = 18']",9,5.0
(((x/8)+20)**3) = (8+(15/(11+12))),20.0,-143.577,"['4**3 = 80', '6+20 = 4', '20/8 = 6', '15/9 = 72', '11+12 = 9']",6,5.0
(55-(((9*(20-8))/9)-x)) = (10*3),13.0,-13.0,"['12/9 = 23', '9*10 = 12', '20-8 = 10', '10*3 = 45']",6,4.0
((((13*x)-9)*(-8))-(2**3)) = (((1**1)/(80/(4/2)))*(-16.167)),10.0,0.619,"['5-9 = 10', '13*10 = 5', '2**3 = 17', '4/10 = 6', '1**1 = 4', '4/2 = 8']",10,6.0
(2+((x+(18*3)))) = ((((3/3)-3)+((13/1)))-1),1.0,-46.0,"['1+18 = -101', '18*3 = 18', '1-3 = 14', '13/1 = -112']",8,4.0
(6+(((15-(x+15))*9))) = (((60/6)+(-280))/5),16.0,6.667,"['20*9 = -60', '15-9 = 20', '16+15 = 9']",7,3.0
(x*((2*(((11+8)/2)**1)))) = ((8/((9-20)-14))*(-15)),8.0,0.253,"['2*4 = -3.75', '3**1 = 4', '12/2 = 3', '11+8 = 12', '8/7 = 2', '9-20 = 21']",9,6.0
((5-17)/(((7-x)/(18-12))**3)) = ((108/9)*((3-(50/10))+(-1))),18.0,2.84,"['16/10 = 49', '4**3 = 10', '7-18 = 8', '18-12 = 2', '5-17 = 16', '12*10 = 49', '3-5 = 11']",11,7.0
(((((4**3)-15)-x)-10)/5) = ((14+13)-(7+11)),20.0,-6.0,"['15/5 = -5', '5-20 = 25', '15-15 = 5', '4**3 = 15', '14+13 = 13']",8,5.0
(-x-(3**1)) = (((19-3)/8)*(16+(-10))),1.0,-15.0,"['3**1 = 15', '17*6 = -16', '19-3 = 136']",6,3.0
(x/((11/9)*(2**3))) = ((15+(-5))/10),104.0,9.778,"['3*10 = 4', '11/9 = 3', '2**3 = 10', '10/10 = 26']",6,4.0
((x*7)-(13*6)) = (9/(3-(3*5))),20.0,11.036,"['13-15 = -62', '20*7 = 13', '13*6 = 15', '9/6 = -62', '3-20 = 6', '3*5 = 20']",6,6.0
(6+((5**2)+(x*5))) = (8+(5*7)),11.0,2.4,"['6+8 = 28', '9+20 = 8', '11*5 = 20', '5**2 = 9', '8+15 = 28', '5*7 = 15']",6,6.0
(((18+11)-(17+(x-1)))+3) = (9+3),9.0,4.0,"['3+3 = -79', '2-1 = 3', '18+11 = 2', '17+3 = 1', '9-1 = 3', '9+3 = -79']",6,6.0
((x+((14*4)))-(12-8)) = (-55/(14-9)),8.0,-63.0,"['7-13 = -11', '14*4 = -1', '12-8 = 13']",6,3.0
(((x*9)/(5**1))*1.857) = ((39-(10*2))+(-6)),9.0,3.889,"['17/1 = 7', '9*9 = 17', '5**1 = 1']",7,3.0
((3**3)-(16*(x+16))) = (7*(-12.571)),19.0,-8.813,"['10-17 = -88', '3**3 = 10', '16*7 = 17', '19+16 = 7']",5,4.0
((4-20)-((x-3)*9)) = (18*9),10.0,-16.778,"['10-3 = 2', '4-20 = -76', '18*9 = -94']",5,3.0
(((x*5)*(7+2))/(18*4)) = (-((27/3)*9)/8),4.0,-16.2,"['5*6 = -4', '7+2 = 6', '18*4 = 4', '4*5 = 5', '9*9 = 8']",8,5.0
((14-3)+(((13+(x-1))*(-8.875)))) = (7+((7-10))),6.0,-11.211,"['13+19 = 8', '6-1 = 19', '14-3 = 4', '7-10 = -74']",7,4.0
((x-(15-19))*(7+((3**3)-5))) = (3*((9*1)-14)),24.0,-4.517,"['7*6 = -42', '7+14 = 6', '16-5 = 14', '15-19 = 17', '3**3 = 16', '3*7 = -42', '5-14 = 7', '9*1 = 5']",9,8.0
(-567/((5**1)-x)) = ((4**1)-((19/7)+8)),11.0,-79.447,"['2-11 = 9', '5**1 = 2', '17+8 = 10', '19/7 = 17', '4**1 = -53']",7,5.0
(((x+17)/4)*(16+(14/6))) = (-6-20),16.0,-22.673,"['17*5 = -26', '3/4 = 17', '16+17 = 3', '16+8 = 5', '14/6 = 8']",6,5.0
((18-((x+16)*(9-11)))/9) = (6+((((4*(8*0.156))-4)-11))),1.0,-43.036,"['18-9 = -540', '3*9 = 9', '9-11 = 9', '1+16 = 3', '1-11 = -66']",10,5.0
(((x-19)/5)+(18*6)) = ((10+5)-18),2.0,-536.0,"['13+10 = -3', '18/5 = 13', '2-19 = 18', '18*6 = 10']",6,4.0
(5**((x+(16*2))/4)) = ((2/4)**4),10.0,-38.891,"['5**3 = 9', '10+1 = 12', '16*2 = 1', '4**4 = 9', '2/4 = 4']",6,5.0
(x/((3-(13/1))-13)) = ((4*4.5)+18),-648.0,-828.0,"['17-13 = 9', '3-10 = 17', '13/1 = 10', '18+18 = -72']",6,4.0
((13-((2**2)+1))+x) = (17-((84/6)+((3**4)/5))),17.0,-21.2,"['6+17 = 13', '1+1 = 7', '2**2 = 1', '14+14 = 4', '5/5 = 14', '3**4 = 5']",9,6.0
((8*9)*(x-(1-18))) = (4/2),15.0,-16.972,"['15-11 = 37.5', '1-18 = 11', '8*9 = 2', '4/2 = 75']",5,4.0
(((6/x)**1)*0.5) = (18+((8*(-2.125)))),9.0,3.0,"['1**1 = 2', '6/9 = 1']",5,2.0
(((6+(x+20))*(13/8))+3) = ((11*7)/(7*0.714)),11.0,-18.365,"['4+3 = -7', '13/8 = 0.571', '6+8 = 7', '11+20 = 8', '11*7 = -35']",8,5.0
((2*9)*((5-1)**x)) = ((2+14)/(3*(4*4))),4.0,-2.877,"['4**4 = 14.333', '2*9 = 3', '2+14 = 172', '4*4 = 1.333']",8,4.0
((9*x)+(((5**3)/3))) = ((2+1)/(((12*7)/10)*5)),4.0,-4.622,"['5**3 = -147', '9*4 = 4', '18/3 = -45', '3*5 = 3', '12*7 = 30', '2+1 = 18']",9,6.0
((((4+6)+x)-(10/6))+13) = ((5-(24-15))-(5+14)),15.0,-44.333,"['9-11 = 8', '10/6 = 11', '3+15 = 9', '4+6 = 3', '5-9 = 36', '5+14 = 15']",9,6.0
(((14*(6+x))/1)/(18+19)) = (((27-20)+(6-16))/9),19.0,-6.881,"['3/1 = -460', '18+19 = 10', '14*7 = 3', '6+19 = 7', '7+17 = -414', '6-16 = 17']",9,6.0
(-28-((12/(x/10))/4)) = (20+(-53)),14.0,6.0,"['12/5 = 20', '14/10 = 5']",5,2.0
(-89-(5*x)) = (4/4),6.0,-18.0,"['5*6 = 6', '4/4 = -95']",3,2.0
((x-3)-((4-9)-10)) = ((19/(((8/1)/2)**2))-3),1.0,-13.812,"['20-10 = 2', '4-9 = 20', '1-3 = 19', '10-3 = 17', '19/2 = 10', '2**2 = 2', '1/2 = 2', '8/1 = 1']",9,8.0
((6-(3+x))+(((-167-4)/9))) = (16*1),9.0,-32.0,"['6-7 = 16', '3+9 = 7', '16*1 = -3']",6,3.0
(((11*(2-x))+20)/6) = ((20/((16/4)**2))-10),15.0,8.591,"['7/6 = 25', '4+20 = 7', '11*8 = 4', '2-15 = 8', '5-10 = 25', '20/9 = 5', '5**2 = 9', '16/4 = 5']",8,8.0
((11-19)-(x+(18+11))) = ((20+9)-(24-11)),3.0,-53.0,"['11-19 = 28', '3+4 = 12', '18+11 = 4']",7,3.0
((18-10)*(1+(x+12))) = ((8-2)+7),16.0,-11.375,"['1+13 = 2', '18-10 = 6', '16+12 = 13', '3+7 = 12', '8-2 = 3']",6,5.0
((x*(5-(1**1)))*(12+6)) = ((1**(19/3))+(3*10)),6.0,0.431,"['1*7 = 34', '5-13 = 0.167', '1**1 = 13', '12+6 = 7', '1**4 = 2', '19/3 = 4', '3*10 = 32']",9,7.0
((20-((5**2)-(1-x)))-(3/3)) = ((16/4)*3),16.0,-17.0,"['6-1 = 38', '17-15 = 14', '1-16 = 15', '5**2 = 17', '3*3 = 38', '16/4 = 3']",8,6.0
(((12+x)*0.5)+(((16+(13+18))+(-26)))) = (2**2),8.0,-46.0,"['16+3 = 13', '13+18 = 3', '12+8 = 4', '2**2 = -11']",7,4.0
((((x-8)**1)+(9+(7-4)))*26.333) = ((21-19)*(((1+10)-8)+7)),2.0,-3.24,"['4+11 = 3', '2**1 = 4', '2-8 = 2', '9+10 = 11', '7-4 = 10', '12+7 = 39.5', '13-8 = 12', '1+10 = 13']",11,8.0
((2**4)*(x+16)) = ((((12+(-6))*4.833)-17)/8),1.0,-15.906,"['2*8 = 19', '1+16 = 8', '2**4 = 2', '12/8 = 19']",7,4.0
(x/(16/(3-14))) = ((18/6)*(((9*8)/10)-7)),236.0,-0.873,"['16/9 = 4', '3-14 = 9', '9*8 = 266.67']",8,3.0
((16+10)*(x+(18+9))) = ((9+(-8))**((6+(-3))/1)),12.0,-26.962,"['19*5 = -88', '12+11 = 5', '16+10 = 19', '18+9 = 11', '1**4 = -88', '3/1 = 4']",8,6.0
(3**(11/x)) = (50-6),9.0,3.193,"['3**1 = 44', '11/9 = 1']",3,2.0
(((x*9)*10)/(3**3)) = (((30/(6+0))*3.8)-(3/8)),18.0,5.588,"['3*10 = -704', '3**3 = 8', '18*9 = 3', '19-5 = -88', '3/8 = 5']",9,5.0
((15/3)-(9+(5*x))) = ((8*1.5)+(3*5)),7.0,-6.2,"['9-11 = 34', '9+18 = 11', '15/3 = 9', '5*7 = 18', '12+20 = 34', '3*5 = 20']",7,6.0
(x*((5/8))) = ((6-((20/7)-1))*(-28)),8.0,-185.6,"['5/8 = -10.5', '6-8 = 3', '20/7 = 9']",6,3.0
((8*1.75)*(x/(17-20))) = (14*8),10.0,-24.0,"['14*2 = -78', '10/6 = 2', '17-20 = 6', '14*8 = -78']",5,4.0
((((2-x)-13)-8)*14.75) = (6*(14.833-5)),5.0,-23.0,['2-5 = 25'],6,1.0
(((1+(9+x))*3)/2) = (-15/5),15.0,-12.0,"['3*3 = -6', '9+15 = 2']",5,2.0
(((9-20)+8)*(13*(x/4))) = (9*((19-5)/10)),40.0,-1.292,"['19*4 = 47', '13*10 = 4', '9+8 = 19', '9-20 = 9', '1/10 = 5.222', '19-5 = 1']",8,6.0
((x-18)-(((14*1)/8)**3)) = (-266/((24/(54/9))*(15.75-14))),2.0,-14.641,"['3**3 = 6', '2-18 = -32', '17/8 = 3', '14*1 = 17']",10,4.0
(((x/(9/10))+(-5))+(9*9)) = ((8*((3+(4**2))))/(4*1.5)),4.0,-45.6,"['11+13 = -51', '4/10 = 16', '9/10 = 10', '9*9 = 13', '3+6 = -38.25', '4**2 = 6']",10,6.0
(x/(10/(8-20))) = ((2**(2*(5.5-4)))+(5*0.8)),95.0,-10.0,"['10/9 = 5', '8-20 = 9', '2**3 = 15']",8,3.0
(((1+x)+0)*((9*(-1.467)))) = (7*(-9.429)),15.0,3.999,['1+15 = 5'],5,1.0
(((5**3)*3)*(x-5)) = (66-((6/6)-(17/(16*10)))),16.0,5.174,"['18*7 = 64', '15*3 = 18', '16-5 = 7', '5**3 = 15', '3-10 = 2', '17/1 = 10', '16*10 = 1', '6/6 = 3']",9,8.0
((7/3)*((x-10)-15)) = (-49-7),13.0,1.0,"['16*9 = -56', '7/3 = 16', '6-15 = 9', '13-10 = 6']",5,4.0
((7-(x/7))/(2**1)) = (1*8),2.0,-63.0,"['7-1 = -224', '2**1 = 8', '2/7 = 1', '1*8 = -28']",5,4.0
(((120/6)/((9-(20+18))**4))-x) = (((20/(18-11))*(3*0.333))**1),10.0,-2.854,"['7-10 = -44', '20/8 = 7', '2**4 = 8', '9-19 = 2', '20+18 = 19', '3**1 = -44', '20/7 = 3']",11,7.0
(((14*(11-9))+x)-(8-(3**3))) = ((9*0.222)+(-6)),2.0,-51.002,"['6-19 = -4', '14*3 = 4', '8-6 = 19', '3**3 = 6', '11-9 = 3']",8,5.0
(((8*5)/(6-x))/(12-8)) = (((32/8)/4)/(20-(18+(-6)))),2.0,-74.0,"['2/4 = 83', '5/10 = 2', '8*5 = 5', '6-2 = 10', '1/2 = 83', '20-12 = 2']",10,6.0
((4+15)/(x-12)) = (((13/8)+8)-12),16.0,4.0,"['9/5 = -27', '4+15 = 9', '16-12 = 5', '1-12 = -27', '17+8 = 1', '13/8 = 17']",6,6.0
(x-((15/7)*3)) = (((5**1)*3.333)-3),76.0,20.094,"['17*3 = 6', '15/7 = 17', '10-3 = 70', '5**1 = 3']",6,4.0
((11+16)+((x/4))) = (-9-(13-(6+5))),18.0,-152.0,"['18/4 = -29', '11+16 = 18']",6,2.0
(((10-(x+6))+9)*5) = (89-((19*1)-4)),20.0,-1.8,"['15*5 = 87', '16+9 = 15', '10-9 = 16', '20+6 = 9', '19*1 = 6']",7,5.0
((2*((x**1)+14))-((1**1)-13)) = ((2*60)/(((9/9)-19)/2)),1.0,-26.667,"['2-10 = 40', '1**1 = 23', '7+14 = 1', '1**1 = 7', '9/9 = 25']",11,5.0
((x*2)*((14/2)-16)) = (17+(18+18)),18.0,-2.944,"['14/2 = 22.125', '18*2 = 8', '17+1 = 49', '18+18 = 1']",6,4.0
((((16+2)*x)+(1**4))/6) = (-71-(14+5)),7.0,-30.056,"['5/6 = -90', '11+14 = 5', '1*7 = 11', '1**4 = 14', '16+2 = 1']",7,5.0
((8+(((15-15)+14)+8))*x) = ((7*3)/((30/6)*0.8)),9.0,0.175,"['19*9 = 76', '18+14 = 3', '15-15 = 18', '6/4 = 76', '7*3 = 6']",9,5.0
((6-x)*6) = ((10*0.5)+(((8/1)**(7*0.286)))),2.0,-5.544,"['7*6 = -81', '6-2 = 7', '3**2 = -86', '8/1 = 3']",7,4.0
(((13-(10/3))-x)+19) = (3**3),18.0,1.667,"['9+19 = -40', '3-18 = 9', '10/3 = 10', '3**3 = -40']",5,4.0
(((12+x)*(8/4))/6) = (18+(-21)),6.0,-21.0,"['12*8 = -18', '12+6 = 12', '8/4 = 8']",5,3.0
(((14-x)+9)*((18.778-20))) = (1+((18+(-30)))),20.0,13.998,"['5+9 = 9', '14-20 = 5']",6,2.0
(x*((14-18))) = (((7+17)+15)/(17/(60/10))),6.0,-3.441,"['14-18 = -9.333', '11/10 = -56', '13+15 = 11', '17/6 = 10', '7+17 = 13']",7,5.0
(((4**3)+15)+((14/2)*x)) = ((7*0.714)+20),1.4,-7.715,"['5+7 = -22', '20+15 = 5', '14/2 = 5', '4**3 = 20', '5+20 = -22']",7,5.0
((x-17)-3) = ((2*1)+((2*(-42)))),7.0,-62.0,['7-17 = -79'],5,1.0
((3**(x+17))-3) = ((((4**3)/10)*7)-15),18.0,-13.823,"['3**2 = -28', '18+17 = 2', '17-15 = -31', '18*7 = 17', '4**3 = 180']",7,5.0
((x-((1**3)-(6/5)))/(3-8)) = (((6-4)*2)/(3+1)),3.0,-5.2,"['3-9 = 188', '15-9 = 9', '3-8 = 2', '1**3 = 15', '6/5 = 9', '2/4 = 94', '2*2 = 2']",10,7.0
(((x/9)/9)*3) = (((18/9)/(20-10))*(8-15)),1.0,-37.8,"['14*3 = 31', '18/9 = 14', '1/9 = 18', '8-15 = 7.75', '20-10 = 2', '18/9 = 8']",8,6.0
(x*((-21.665/((1**(3-15))**2)))) = (11*10),9.0,-5.077,"['2**2 = 5', '1**2 = 2', '3-15 = 2', '11*10 = -39']",6,4.0
(7*((x+18)*9)) = (10*7.3),6.0,-16.841,"['5*9 = 10.429', '6+18 = 5']",4,2.0
((((x*(1*8))+12)-9)**1) = (((4*3.75)+4)-(105/7)),10.0,0.125,"['5**1 = -85', '10*1 = 2', '1*8 = 1', '15+4 = -70']",9,4.0
(((17+x)-1)*(-1.167)) = (7/(((4**2)*(8/4))/2)),9.0,-16.375,"['15-1 = 6', '17+9 = 15', '7/10 = -7', '8*2 = 20', '4**2 = 8']",8,5.0
(x*(15/(9+(5-5)))) = (7-(((18-7)+3)-6)),15.0,-0.6,"['15*9 = -18', '15/9 = 9', '9+2 = 9', '5-5 = 2', '7-8 = -18']",8,5.0
((7*(5-x))*(3*1.667)) = (19*8),14.0,0.658,"['5*5 = -90', '5-14 = 0.714', '19*8 = -90']",5,3.0
((x*4)*((17-1)+((11*2)))) = (-63-(1/1)),11.0,-0.421,"['17*3 = -77', '11*4 = 17', '17-1 = 6', '11*2 = -3', '1/1 = 14']",7,5.0
((((5**3)-(10-x))/7)+2) = (6*(-4.333)),7.0,-310.986,"['2+2 = -26', '17/7 = 2', '10-7 = 15', '5**3 = 32']",6,4.0
(((x-(8/8))*(18+2))*(-13.75)) = (4**3),14.0,0.767,"['14-7 = 6', '18+2 = 0.667', '8/8 = 7', '4**3 = -55']",6,4.0
(((4-x)**(2+8))+75) = (18+69),17.0,2.718,"['5**2 = 12', '4-17 = 5', '2+8 = 2']",5,3.0
((13*(20+x))-1) = (((15+(-11))*6)-(15/(13*1))),6.0,-18.166,"['13*5 = -61', '20+6 = 5', '4*6 = -59', '13*1 = 5']",8,4.0
(((17*7)**(1**3))*(15+((x*1)))) = (18/1),5.0,-14.849,"['4**3 = 8', '17*7 = 4', '1**3 = 3', '5*1 = -4.625', '18/1 = 83']",7,5.0
((19+x)*((17+6)/9)) = ((10*1)/((40/2)+((9+(-19))))),10.0,-18.609,"['17+6 = 5.4', '19+10 = 5', '10*1 = 30']",9,3.0
((x*0.667)+((18/(4**2)))) = (((13-7)-11)-(3*7)),6.0,-40.667,"['18/2 = -99', '4**2 = 2', '20-4 = -95', '3*7 = 4', '13-7 = 31']",8,5.0
(((6-10)-4)+((x*8))) = (10*((3/10)*7)),11.0,3.625,"['11*8 = -60', '20-4 = 6', '6-10 = 20', '10*5 = -54', '17*7 = 5', '3/10 = 17']",7,6.0
((50/(13+11))-(x**1)) = (((1+(4*(1*10)))+(-5))+6),5.0,-39.917,"['10-16 = 91', '13+11 = 5', '5**1 = 16', '6+6 = 91', '1+13 = 11', '1*10 = 3.25']",9,6.0
((19+19)*(((x/1)*3)-2)) = ((17/(10*(5*0.2)))-(14-6)),8.0,0.611,"['18*8 = 17', '14*3 = 10', '8/1 = 14', '19+19 = 18', '1-6 = 17', '14-6 = 6', '17/8 = 1', '10*1 = 8']",10,8.0
(4+(x*10)) = (((4-14)*9)/7),16.0,-1.686,"['16*10 = 60', '14*9 = 448', '4-14 = 14']",5,3.0
(((x*8)-6)*1) = (((6-7)/3)**(17+(5**4))),13.0,0.75,"['9*1 = 23', '10-6 = 9', '13*8 = 10', '4**1 = 23', '17+8 = 1', '5**4 = 8', '17/3 = 4', '6-7 = 17']",8,8.0
(((1+x)*2)*((20+14)**4)) = ((5-(4-(15-(19+9))))**1),17.0,-1.0,"['4**4 = 14.167', '1+17 = 3', '20+14 = 4', '2**1 = 85', '19+9 = 14']",10,5.0
(4*((19*1)*x)) = (107-((6+6)/(3+8))),7.417,1.394,"['19*1 = 3', '12/7 = 18', '3+8 = 7']",7,3.0
(13*(3/((18/8)+x))) = (((1*(18/7))*10)/6),14.0,6.85,"['13*1 = -26', '3/2 = 1', '5+14 = 2', '18/8 = 5', '6*10 = -156', '1*7 = 6', '18/7 = 7']",8,7.0
(((5+x)*(13-15))+12) = ((9+1)*9),17.0,-44.0,"['13+12 = -38', '12*2 = 13', '5+17 = 12', '13-15 = 2', '10*9 = -38']",6,5.0
(5+((8*x))) = ((-119-7)/7),6.0,-2.875,['8*6 = -23'],4,1.0
(((15-4)**1)*x) = ((1*8)-1),7.0,0.636,"['16*7 = 21', '1**1 = 16', '15-4 = 1', '12-1 = 21', '1*8 = 12']",5,5.0
((x*(15*6))-(((4*3)+14)+16)) = ((1**4)*(5*0.667)),9.0,0.504,"['4+16 = 18', '1+14 = 4', '4*3 = 1', '15*6 = 4.222', '1**4 = 6']",9,5.0
((5-(4**2))*((x+(-17)))) = ((5**4)+(7+((1/7)))),10.0,-40.468,"['5-6 = 3', '4**2 = 6', '20+1 = -21', '1/7 = -6', '5**4 = 20']",8,5.0
((6/8)*(80/(x-(3**3)))) = ((1**4)/(6-(18-(55/5)))),10.0,-33.0,"['13*8 = 57', '10-3 = 10', '6/8 = 13', '3**3 = 3', '20/6 = 57', '6-7 = 6', '1**4 = 20']",10,7.0
(x+(11*((13/8)**1))) = ((8+(-5))**2),6.0,-8.875,"['6+1 = -37', '11*3 = 1', '1**1 = 3', '13/8 = 1', '3**2 = -37']",6,5.0
((x-7)+((5**4)**1)) = (((2**(7-3))-(13/4))*1),24.0,-605.25,"['1**1 = 10', '5**4 = 1', '20*1 = 27', '13-10 = 20', '2**4 = 13', '13/4 = 10']",9,6.0
(((8*(((x**1)+11)/9))-5)**3) = (11/3),4.0,-3.64,"['3**3 = -84', '10/9 = 1', '16+11 = 10', '4**1 = 16', '11/3 = -84']",7,5.0
(x*(63/(18-19))) = ((38-19)-(11-2)),19.0,-0.159,"['19*7 = -75', '18-19 = 9', '19-9 = -75']",6,3.0
(15-(19-(x*8))) = (9+(((10-13)-20))),8.0,-1.25,"['15-7 = -52', '19-7 = 7', '8*8 = 7', '10-13 = -41']",6,4.0
((x+6)*(9+7)) = ((190-(5-1))/2),20.0,-0.188,"['9+7 = 13.286', '20+6 = 7']",6,2.0
((x-(18-7))*((9-15))) = ((10*0.4)**4),14.0,-31.667,"['14-8 = 9', '18-7 = 8', '9-15 = -1.333', '4**4 = -12']",6,4.0
(((6-14)+(x+18))*6) = (17/8),2.0,-9.646,"['12*6 = -83', '19+14 = 12', '2+18 = 14', '6-14 = 19', '17/8 = -83']",5,5.0
(8+(21-(12+x))) = (14+((4*17)-(14-12))),6.0,-63.0,"['8+11 = 63', '12+6 = 10', '14-12 = 19']",7,3.0
((1-x)*(4+(18+17))) = (13+36),6.0,-0.256,"['17*7 = 49', '4+18 = 7', '18+17 = 18', '1-6 = 17']",5,4.0
((9*(19+x))*(-0.333)) = (-6/6),1.0,-18.666,['19+1 = 0.333'],4,1.0
(((((7-5)+(13/10))*5)+(x))*9) = (7+15),-3.0,-14.056,"['2*9 = -32', '18*5 = 5', '15+14 = 18', '13/10 = 14', '7-5 = 15', '7+15 = -32']",7,6.0
((3*(15+(9+x)))-7) = ((13+1)/(14-((17-20)*1.5))),20.0,-21.414,"['3*9 = -73', '15+13 = 9', '9+20 = 13', '14/7 = -80', '14-6 = 7', '17-20 = 4']",9,6.0
((9+x)/(6-20)) = (7*5),20.0,-499.0,"['3/7 = 92', '9+20 = 3', '6-20 = 7', '7*5 = 92']",4,4.0
((x/4)*(15-1)) = (-52-2),4.0,-15.429,"['11*2 = -54', '15-1 = 2', '4/4 = 11']",4,3.0
(((x-3)-8)+(10-1)) = (((14+(-(12-16)))+(9*2.111))/7),16.0,7.286,"['18+9 = 59', '17-8 = 18', '16-3 = 17', '5+19 = 413', '12-16 = 9']",9,5.0
((4**(17/7))-x) = ((990/9)-(19-16)),16.0,-78.017,"['9-16 = 93', '4**1 = 9', '17/7 = 1', '19-16 = 17']",6,4.0
((6-5)+(x/7)) = ((1**(4-(9*(5*0.311))))-7),9.0,-49.0,"['18+5 = -49', '9/7 = 5', '6-5 = 18', '1**3 = -42', '4-14 = 3']",8,5.0
(((16-19)/5)-x) = ((2+20)*(12/7)),2.0,-38.314,"['16-19 = 425', '2+20 = 5', '12/7 = 16.6']",6,3.0
((12+(((x+14)*2)))+(2-4)) = (1**3),17.0,-18.5,"['2+13 = -37', '4*2 = -10', '2-4 = 13', '17+14 = 4', '1**3 = -37']",6,5.0
(((x+17)*8)*(((9*1)+20)*10)) = (1**2),2.0,-17.0,"['15*7 = 70', '17*10 = 7', '15*8 = 15', '15+20 = 17', '2+17 = 15', '9*1 = 15', '1**2 = 70']",7,7.0
(8*((x/3)/3)) = (((12/6)/(6+11))-(10-13)),15.0,3.507,"['8*4 = 45', '9/3 = 4', '15/3 = 9', '4-8 = 45', '10/3 = 4', '6+11 = 3', '10-13 = 8', '12/6 = 10']",8,8.0
((12-x)+(534/(17/(14/7)))) = (99-5),19.0,-19.176,"['17/1 = 6', '14/7 = 1', '12-19 = 5']",6,3.0
(((5/10)/7)+(1+x)) = (12/8),14.0,0.429,"['5/10 = 98', '1+14 = 68', '12/8 = 82']",5,3.0
(((5**3)*((2**3)/5))+x) = (216/((12-20)-(2+13))),31.0,-209.391,"['5**3 = 7', '2**3 = 3.57', '12-20 = 21']",9,3.0
((3*1)-x) = (8/(1**(4*10))),19.0,-5.0,"['11-19 = 70', '3*1 = 11', '8/3 = 70', '1**4 = 3', '4*10 = 4']",5,5.0
((3**3)*(x+18)) = ((10/9)-(5**1)),14.0,-18.144,"['18*3 = -99', '14+18 = 3', '3**3 = 18', '10/9 = -83', '5**1 = 16']",6,5.0
(55-(11-(x-6))) = (59-(5*((6*3)+((7+15))))),6.0,-179.0,"['11-18 = 1', '6-6 = 18', '5*6 = 5', '7+15 = -12']",8,4.0
((14/8)+((17+3)*x)) = ((7+35)-(33-((18/2)+15))),7.0,1.562,"['1*7 = 15', '17+3 = 1', '14/8 = 11', '18/2 = 2']",9,4.0
((3**1)-(13+x)) = ((13-3)+7),7.0,-27.0,"['3**1 = -5', '13+7 = 11', '9+7 = -16', '13-3 = 9']",5,4.0
((x*(11-16))**1) = ((12/3)*17.25),6.0,-13.8,"['3**1 = 69', '6*5 = 3', '11-16 = 5']",5,3.0
(((6*x)+(13*1))+((2*(-25)))) = (-28-(5**2)),9.0,-2.667,"['5+2 = 16', '13*1 = 2', '6*9 = 5', '5**2 = 6']",7,4.0
(x*(15+13)) = (-470/5),20.0,-3.357,"['20*6 = -94', '15+13 = 6']",3,2.0
(((2**4)-x)+((2**2))) = (((1**1)**2)+(15-1)),13.0,5.0,"['2**4 = 14', '2**2 = -11', '17+6 = -10', '15-1 = 6', '3**2 = 17', '1**1 = 3']",8,6.0
(((3+(13-x))-13)-(13*10)) = (((2*5)+(-9))/5),14.0,-127.2,"['2-8 = -92', '13*10 = 8', '3+17 = 15', '13-14 = 17', '1/5 = -92']",8,5.0
((1**4)+(x/3)) = (4**(((16-(2-4))-19)/10)),11.0,-0.388,"['20+13 = -27', '11/3 = 13', '1**4 = 20', '4**3 = -27', '8-19 = 30', '2-4 = 8']",8,6.0
((-46-(13*x))-(6*1)) = (11/7),8.0,-4.121,"['13*8 = 11', '11/7 = -63']",5,2.0
(((17-7)**4)*(20+x)) = ((40/10)*(-15)),15.0,-20.006,"['20*3 = -60', '20+15 = 3', '4**4 = 20', '17-7 = 4']",6,4.0
(((4-(16/(15/2)))+x)+((2*2))) = (-33-(40/((4**3)*(5*2)))),13.0,-38.929,"['12+13 = 11', '4-20 = 12', '16/2 = 20', '2*2 = -64', '15/2 = 2', '10*9 = 2', '4**3 = 10', '5*2 = 9']",11,8.0
(9-((90/(18*3))+x)) = (77-(108/9)),8.0,-57.667,"['9-13 = 65', '15+8 = 13', '18*3 = 6']",6,3.0
((((8*1)-20)*(-40))/(x-4)) = ((7*(-6.429))-(6*(4**1))),13.0,-2.956,"['13-20 = 3', '8*1 = 13', '13-4 = 2', '4**1 = 2.5']",9,4.0
(((1**1)*(20+((18-x))))-20) = (((14/5)**4)-8),11.0,-35.466,"['10*2 = -79', '18-11 = -18', '1**1 = 10', '5**4 = -91', '14/5 = 5']",8,5.0
(8*((x**1)+((13*8)))) = (12+(17/(10*0.4))),1.0,-101.969,"['1**1 = 19', '13*8 = -12.125', '17/4 = 43']",7,3.0
((x/(2**2))/((1**4)/1)) = (((30-10)/(6-4))-(3**3)),4.0,-68.0,"['16/2 = -9', '6/1 = 2', '4/9 = 16', '2**2 = 9', '1**4 = 6', '3**3 = 19']",10,6.0
((18-8)+((x/4))) = (((7*(1*(9-15)))+4)**1),3.0,-192.0,"['3/4 = -79', '18-8 = 4', '1**1 = -75', '13+4 = 1', '1*4 = 1.857', '9-15 = 4']",8,6.0
(x-((11*6)-(12*(12/1)))) = (5+16),-3.0,-57.0,"['12*8 = 2', '11*6 = 21', '12/1 = 8', '5+16 = -22']",6,4.0
(((13-(14-5))+x)*(5-13)) = (((19-13)+17)*((3/2))),16.0,-8.312,"['4*4 = -34', '15+16 = 4', '13-4 = 15', '14-5 = 4', '5-13 = 4', '6+17 = 8', '3/2 = -4.25']",9,7.0
(((9-13)-(3**2))+(10*(11-x))) = (5**1),20.0,9.2,"['9+16 = -32', '9-13 = 29', '10*5 = 16', '11-20 = 5', '3**2 = 20', '5**1 = -32']",7,6.0
(((1+9)*(2-x))*(-3.3)) = ((15-(8*0.625))-(24/4)),13.0,2.121,"['11*6 = 10', '1+9 = 11', '2-13 = 6', '15-5 = -27']",8,4.0
(x/(1+8)) = ((19/3)/((42/(2**1))/5)),208.0,13.571,"['1+8 = 4', '14/5 = 3', '2**1 = 3', '19/3 = 156']",7,4.0
(((16/7)-x)*(17/(9+2))) = ((17+18)+69),11.0,-65.008,"['17*2 = 84', '17/10 = 2', '10-11 = 17', '16/7 = 10', '9+2 = 10', '17+18 = 15']",7,6.0
(((x/10)*(6.2-6))*10) = ((7-15)/2),9.0,-20.0,"['1*10 = 42', '9/10 = 5', '7-15 = 84']",6,3.0
(((19-4)*x)/((6+19)/5)) = (-450/((180/((20+80)/10))-8)),8.0,-15.0,"['11/7 = -45', '2*8 = 11', '19-4 = 2', '6+19 = 35']",10,4.0
((14-x)*12) = ((9+11)*(80/8)),13.0,-2.667,"['14-13 = 4', '10*10 = 48', '9+11 = 10']",5,3.0
(((7+11)+x)+6) = (8+15),5.0,-1.0,"['16+6 = 82', '6+5 = 16', '7+11 = 6', '8+15 = 82']",4,4.0
((6-14)*x) = (4**2),9.0,-2.0,"['10*9 = -84', '6-14 = 10', '4**2 = -84']",3,3.0
(((14*x)-((3**4)/9))-4) = ((3/(19/1))/((77/7)*8)),7.0,0.929,"['3-17 = 33', '7/9 = 17', '3**4 = 7', '14*7 = 3', '11*8 = 10', '3/9 = 290', '19/1 = 9']",10,7.0
((17*(x*(2**3)))-13) = (343/(20+1)),12.0,0.216,"['17*5 = 62', '12*1 = 5', '2**3 = 1', '20+1 = 7']",6,4.0
(((2-(10-8))/(11+1))+((4*x))) = (((8/4)-((10*1.8)*5))/9),7.0,-2.444,"['2-7 = 10', '11+1 = 5', '10-8 = 7', '4*7 = -46', '9/9 = -44', '2-20 = 9', '18*5 = 20']",11,7.0
(((5**4)-13)+(3+x)) = ((23-19)**1),19.0,-611.0,"['11+8 = 1', '9-13 = 11', '3+19 = 8', '5**4 = 9', '4**1 = 1']",6,5.0
((x+15)*(-23.667)) = (-710/(25-15)),8.0,-12.0,['8+15 = 3'],4,1.0
(7*(18*x)) = ((8*(9/4))+8),8.0,0.206,"['18*8 = 9.143', '18+8 = 64']",5,2.0
(((x+9)+92)-(11*9)) = (5/(15*3)),13.0,-1.889,"['13+9 = 11', '11*9 = 15', '5/6 = 88', '15*3 = 6']",6,4.0
((12-(7*x))**(2+11)) = ((8*((16/8)*6))+(-8)),10.0,1.513,"['3**2 = 12', '7*10 = 9', '2+11 = 2', '2*6 = 2.5']",8,4.0
(9+((((x+14)*(18/10))*(10-12)))) = (7*((11-9)**(13+(-12)))),14.0,-15.389,"['3*7 = -99', '10-12 = 7', '18/10 = 0.3', '14+14 = 10', '7*10 = -90', '3**1 = 10', '11-9 = 3']",10,7.0
((14*x)-3) = ((((11+(9+(-3)))+20)+11)+(-62)),5.0,-0.786,"['14*5 = -44', '8+11 = 15', '10+20 = 8', '11+6 = 10']",7,4.0
(x/(11-(13*10))) = (1**(12+(8*(16/8)))),11.0,-119.0,"['11/2 = -11', '11-10 = 2', '13*10 = 10', '1**3 = -11', '12+16 = 3']",7,5.0
(((67-11)/(x-2))*((1+16))) = (6*(-3.5)),1.0,-43.333,"['1-2 = 8', '1+16 = -3']",6,2.0
((((6+1)-12)+16)*((x*3))) = (((7/6)+(-9))*(-19.667)),15.0,4.668,"['15*3 = -7.375', '16+16 = 8', '10-12 = 16', '6+1 = 10', '7/6 = 12']",8,5.0
(((x-6)**4)+38) = (50-5),17.0,4.373,"['4**4 = 7', '17-6 = 4']",4,2.0
(((3+13)+(-34))-x) = (((30/10)+3)*((3**1))),16.0,-36.0,"['3+13 = 12', '3**1 = -6.333']",7,2.0
((x+16)+(5**4)) = (18-(6/((15/9)*1))),16.0,-626.6,"['16+9 = -71', '5**4 = 9', '16+16 = 16', '18-4 = -71', '6/4 = 4', '15/9 = 4']",7,6.0
((2**(5*1))*(14+x)) = ((6*108.333)/(5+5)),9.0,-11.969,"['12*7 = 65', '2**4 = 12', '14+9 = 7', '5*1 = 4']",7,4.0
(16/(13/(x**(6/6)))) = (((19/4)*3)*(-5.125)),3.0,-59.338,"['16/5 = -41', '13/10 = 5', '3**2 = 10', '6/6 = 2', '19*3 = 8', '19/4 = 19']",7,6.0
((((x/8)**1)+15)/3) = (2-1),16.0,-96.0,"['4+15 = 294', '1**1 = 4', '16/8 = 1', '2-1 = 98']",5,4.0
(-153/(5/x)) = ((29-(31-11))*9),10.0,-2.647,"['5/10 = 3', '9*9 = -51']",5,2.0
((((x*5)-3)+7)*2.333) = ((2-19)**(10/10)),3.0,-2.257,"['7-3 = 2', '3*5 = 7', '2**1 = 21', '2-19 = 2']",7,4.0
(((18+((x+9)*4))+0)**4) = ((1**3)/(7*((8-7)/9))),4.0,-13.234,"['2**4 = -88', '18+17 = 2', '19*4 = 17', '4+9 = 19', '7*5 = 10', '1**3 = -880', '8-7 = 45']",10,7.0
(x*(2+(15/1))) = ((64/8)-10),15.0,-0.118,"['15*10 = -14', '2+18 = 10', '15/1 = 18', '8-10 = -14']",5,4.0
(8-((x*6)+(-4))) = (((20/(6*0.833))*1.75)+64),2.0,-9.834,"['8-11 = 71', '2*6 = 15']",7,2.0
(((3*2)+x)+12) = ((9-17)/(2+(20-19))),7.0,-20.667,"['8+12 = -28', '11+7 = 8', '3*2 = 11', '9-17 = -84']",7,4.0
(((x+((14*7)+7))*0.889)*(15+1)) = (20-((11*7)-20)),14.0,-107.601,"['14+18 = 9', '7+7 = 18', '14*7 = 7', '15+1 = 11.5', '20-13 = 92', '11*7 = 33']",9,6.0
(((3/10)+((13*(7*x))-18))-1) = ((6/(4-(52/4)))+((10*(-11.7)))),8.0,-1.088,"['11+2 = -99', '2-18 = 2', '3/10 = 11', '13*4 = 2', '7*8 = 4', '6/10 = 17', '4-13 = 10']",11,7.0
((13+(x/(19*4)))*17) = (((2*(3/2))*3)*3),60.0,-867.294,"['13+15 = 2', '19*4 = 4', '6*3 = 34', '3*3 = 6']",8,4.0
(((((12*4)-x)/1)+5)+(20-6)) = (19+(((3+14)*3)+((4**2)))),11.0,-19.0,"['7/1 = 8', '5-11 = 7', '20-6 = 13', '12*4 = 5', '4**2 = -1', '17*3 = 8']",11,6.0
((x*(16-11))/(12+8)) = (7/((2*25)/10)),17.0,5.6,"['17*3 = -136', '16-11 = 3', '12+8 = 8', '7/5 = -17']",7,4.0
((x*8)-(8+13)) = (12+13),15.0,5.75,"['8+13 = 2', '15*8 = 36', '12+13 = 34']",4,3.0
((6+5)-(30/(10-x))) = ((1/(2**3))+5),14.0,4.894,"['11-3 = -61', '10-14 = 10', '11+5 = -61', '1/9 = 11', '2**3 = 9']",7,5.0
(((2-x)*(18/3))+37) = (1**(16/8)),17.0,8.0,"['1*4 = 2', '18/3 = 4', '2-17 = 1', '1**2 = 39']",6,4.0
(14+((1*(13-x)))) = (((4+14)/2)*((4/2))),18.0,9.0,"['1*8 = -24', '13-18 = 8', '4/2 = -3.333', '4+14 = 6']",7,4.0
((x*((15-5)+(6*9)))+3) = (53-(180/9)),14.0,0.469,"['11+3 = 33', '14*10 = 11', '4+13 = 10', '15-5 = 4', '6*9 = 13']",7,5.0
((x+((4**2)**1))/2) = ((-391-(13*3))/(4+4)),6.0,-123.5,"['6+8 = -100', '2**1 = 8', '4**2 = 2', '13*3 = 9']",8,4.0
(((10-x)*(4**1))-18) = ((35/5)+((19*6))),1.0,-24.75,"['13-18 = -19', '4**1 = 1.444', '19*6 = -26']",7,3.0
((((x-14)+(2**4))*8)+(3**3)) = ((16+7)-13),17.0,-4.125,"['3+17 = 49', '5*8 = 3', '3**3 = 17', '4+13 = 5', '2**4 = 13', '17-14 = 4', '5-13 = 49', '16+7 = 5']",8,8.0
((x+10)/(24/6)) = (1**1),2.0,-6.0,"['11/4 = 99', '2+10 = 11', '1**1 = 99']",4,3.0
((1**1)-x) = (6*(((18*9)/1))),18.0,-971.0,"['1**1 = -44', '1/1 = -10.333', '18*9 = 1']",5,3.0
((5**(x+9))+(-103)) = ((1/2)/10),16.0,-6.12,"['5**1 = 18', '16+9 = 1', '5/10 = -85', '1/2 = 5']",5,4.0
(6*(20+((x+(7/1))))) = ((13-4)+(7*8)),7.0,-16.167,"['6*4 = -6', '7+18 = -16', '7/1 = 18', '6+13 = -6', '7*8 = 13', '13-4 = 6']",7,6.0
(((((7*8)/7)*2)+7)+(x*6)) = (2**2),10.0,-3.167,"['2+7 = 17', '10*6 = 31', '14*2 = 2', '9/7 = 14', '7*8 = 9', '2**2 = 48']",7,6.0
((((x+10)**3)*0.222)*(4+7)) = (2*(11*8)),5.0,-5.838,"['2*9 = 13', '3**3 = 9', '4+7 = 9', '5+10 = 3', '11*8 = 6.5']",7,5.0
(x/((((5+16)+(15/4))+(-5))+0)) = ((15/5)-19),-142.0,-316.0,"['11+11 = 7', '5+16 = 11', '15/4 = 11', '3-19 = -71']",8,4.0
(1+((10+((x*8))))) = ((20/7)*(-5.6)),7.0,-3.375,"['7*8 = -39', '20/7 = 5']",5,2.0
((16/9)*x) = ((40/(64/(8+0)))*((-4.4-2))),10.0,-18.0,"['2*10 = -32', '16/9 = 2']",7,2.0
(((13-(x/4))*3.2)/4) = ((2**(3+1))+(7+7)),12.0,-98.0,"['16/4 = 97', '13-7 = 5', '12/4 = 7', '7+7 = 93', '2**4 = 4']",8,5.0
(13*((x+6)+(19+((18/(16-18)))))) = ((11/10)-((2+20)-(25-5))),12.0,-16.069,"['13*10 = 55', '12+6 = 4', '18/8 = -13', '16-18 = 8', '11/10 = 57']",11,5.0
(((((15+19)*9)-5)-20)+(x*0.5)) = ((6/3)+(70/(4/9))),2.0,-243.0,"['7+1 = -47', '3-20 = 7', '13-5 = 3', '2*9 = 13', '15+19 = 2', '2+7 = -47', '4/9 = 10']",10,7.0
(-830/(9/x)) = (20+(((4*2)+((7+16))))),6.0,-0.553,"['9/6 = 10', '4*2 = 11', '7+16 = -114']",6,3.0
(11+((x+18))) = (16/2),7.0,-21.0,"['7+18 = -89', '16/2 = -78']",3,2.0
((x**1)+((5-14))) = ((10-1)*((-59.165/5))),3.0,-97.497,"['5-14 = -86', '3**1 = 15', '10-1 = 6']",6,3.0
((x/5)-(10-(18+(11-17)))) = (318/((19*8)*8)),3.0,-8.692,"['18+19 = 1', '3/5 = 62', '11-17 = 19', '10*8 = 6', '19*8 = 10']",8,5.0
(((x/1)**3)+(14+19)) = (200/(11-9)),12.0,4.062,"['18+13 = 100', '2**3 = 18', '14+19 = 13', '12/1 = 2']",6,4.0
(((6*1)*((x+12)**1))-(14-5)) = (-61-(16-20)),14.0,-20.0,"['14-5 = 15', '10*4 = -62', '3**1 = 4', '14+12 = 3', '6*1 = 10', '16-20 = 16']",8,6.0
((11+7)-(x+(2**1))) = (18*((4*3.5)-9)),20.0,-74.0,"['20+7 = 10', '2**1 = 7', '11+7 = 62', '18*5 = 52']",7,4.0
((18-x)/(15/(8-4))) = ((1+8)*(18-16)),3.0,-49.5,"['18-3 = -231', '8-4 = 5', '9*2 = -77']",7,3.0
(((5*x)+10)+((9/2)-3)) = ((17+(-2))-((18+8)*1.4)),6.0,-6.58,"['18+13 = 96', '9/2 = 16', '14+10 = 18', '5*6 = 14', '15-14 = 96', '18+8 = 10']",9,6.0
(((x-(4-(18*8)))*(19-15))/4) = (((6*2.333)+((-6/3)))-16),7.0,-144.002,"['7-13 = 4', '19-15 = 62', '4-9 = 13', '18*8 = 9', '12-16 = 62']",10,5.0
(((13-20)+(17-7))*x) = ((16-(13*9))+(2**1)),9.0,-33.0,"['10*9 = 26', '8+3 = 10', '17-7 = 3', '13-20 = 8', '19+8 = 26', '2**1 = 8', '16-1 = 19', '13*9 = 1']",8,8.0
((13+x)*(13+12)) = ((4+20)+(((2**1)-(4**4)))),12.0,-22.2,"['19*4 = -79', '13+12 = 4', '13+12 = 19', '4+20 = 10', '4**4 = 6', '2**1 = -83']",8,6.0
((x/10)+(19-((5-7)/2))) = (4/(21-((2**(18+(-17)))+3))),18.0,-197.5,"['18/10 = 17', '19-9 = 55', '20/2 = 9', '5-7 = 20', '4/10 = 72', '9+3 = 11', '2**1 = 9']",10,7.0
(((11+9)+(6/(7*2)))+x) = ((13/5)/(18+5)),57.0,-20.316,"['6/5 = 4', '7*2 = 5', '11+9 = 11', '18+5 = 9', '13/5 = 648']",8,5.0
((((20-x)-(12/1))-18)+(72/9)) = (10*(((12*5)/10))),8.0,-62.0,"['1+8 = -63', '5-18 = 1', '14-19 = 5', '12/1 = 19', '20-8 = 14', '15/10 = -6.3', '12*5 = 15']",9,7.0
((19+(((x/1)+(-34))))*2) = ((10/5)*((15+(-38.5)))),4.0,-8.5,"['3*2 = -47', '4/1 = 18']",7,2.0
((x*(11/4))+(-73)) = (-43-(13+3)),17.0,5.091,"['17*2 = 17', '11/4 = 2', '13+3 = 13']",5,3.0
(((x*1)+9)-13) = (-57-(7-(20-(34-16)))),6.0,-58.0,"['15-13 = -62', '13+9 = 15', '6*1 = 13']",7,3.0
((3/4)-(x+(10+17))) = ((((16+19)+(-11))*0.5)+10),1.0,-48.25,"['1+18 = 6', '3/4 = -15', '10+17 = 18', '3+10 = -21', '16+19 = 17']",8,5.0
((9*x)*((1**4)*9)) = ((28-20)+(-46)),7.0,-0.469,"['20*10 = -38', '9*7 = 20', '5*9 = 10', '1**4 = 5']",6,4.0
((9-((15*6)*6))/(17/(x+14))) = (1*2),13.0,-14.064,"['9-6 = 350', '11*6 = 6', '15*6 = 11', '17/8 = 10', '13+14 = 8', '1*2 = 35']",7,6.0
((x*(5/3))-3) = (2-(27/((5**3)+2))),9.0,2.872,"['5-3 = 56', '9*6 = 5', '5/3 = 6', '2-3 = 56', '5**3 = 7']",7,5.0
((4/9)-x) = ((15+2)*((((5+(-2))/6)*4))),17.0,-33.556,"['4/9 = 3', '16*4 = -3.5', '15+2 = 4', '3/6 = 16']",7,4.0
(10-(x+5)) = (1*((45/9)-(6*1.167))),14.0,7.002,"['10-11 = -11', '14+5 = 11', '1*9 = -11', '5-7 = 9']",6,4.0
((6*7)+((15*x)+0)) = (17+((1-9))),5.0,-2.2,"['15*5 = 8', '6*7 = 1']",6,2.0
((x+12)+(5-11)) = (-14-18),20.0,-38.0,"['9+18 = -32', '20+12 = 9', '5-11 = 18']",4,3.0
((5+x)-15) = ((10*(-10))/2),18.0,-40.0,['5+18 = -35'],4,1.0
(9*(22.556-(15*(x-((18/6)/8))))) = (((6*7)*1)/9),8.0,1.844,"['15*3 = 14', '8-16 = 3', '10/8 = 16', '18/6 = 10', '19/9 = 77', '3*1 = 19', '6*7 = 3']",9,7.0
(20*((36/(15-1))*(3-x))) = (((75/5)-13)+(13/(29-20))),10.0,2.933,"['20*10 = 72', '12*5 = 10', '3-10 = 5', '15-1 = 3', '15+17 = 72', '13/9 = 17', '15-13 = 15']",10,7.0
(10+((x+(8*7)))) = ((13+(6/8))*(-4.286)),5.0,-124.933,"['5+15 = -40', '8*7 = 15', '13+14 = 7', '6/8 = 14']",6,4.0
((16-(x*5))*(6/9)) = (((16/5)-(3/7))/4),12.0,2.992,"['6/9 = 0.5', '12*5 = 14', '8/4 = 1', '16/5 = 19', '3/7 = 11']",8,5.0
((108/(7-1))-(x**1)) = (((7*2.857)*8)-5),2.0,-136.992,"['18-6 = 5', '2**1 = 6', '20*8 = 10']",7,3.0
((20*9)+(x*1)) = (6/3),13.0,-178.0,"['12+14 = -93', '20*9 = 12', '13*1 = 14', '6/3 = -93']",4,4.0
(15+((5**1)**(11/x))) = ((18*1)*13.8),9.0,3.247,"['2**3 = 54', '11/9 = 3', '5**1 = 2', '18*1 = 5']",6,4.0
((4+x)+(11*(7/(3-1)))) = (3*4.667),11.0,-28.499,"['11+18 = 14', '11*6 = 18', '7/10 = 6', '3-1 = 10', '4+11 = 11']",6,5.0
((19-9)*((x+6)/6)) = ((15+13)-((20-9)*(24/3))),6.0,-42.0,"['16*10 = 26', '19-9 = 16', '2/6 = 10', '6+6 = 2', '7-11 = 26', '11*8 = 11', '15+13 = 7']",9,7.0
(((9+x)+(10-18))*4) = ((12+13)-(((20*9)*1.125)*2.222)),12.0,-107.239,"['11*4 = 21', '2+4 = 11', '9+12 = 2', '10-18 = 4', '2-20 = 21', '20*9 = 8', '12+13 = 2']",9,7.0
((((19*3)*(20-13))+(x-12))/3) = (((6+13)/(45/9))/9),11.0,-385.733,"['6+19 = 3', '11-12 = 19', '3*6 = 6', '20-13 = 6', '19*3 = 3', '19/5 = 9']",10,6.0
(((x-6)/6)*(9/1)) = (5-15),6.0,-0.667,"['4*6 = -15', '9/1 = 6', '14/6 = 4', '6-6 = 14', '5-15 = -15']",5,5.0
((2*((18-3)*(2+x)))-3) = (19*(1/(5**3))),13.0,-1.895,"['12-3 = -98', '14*7 = 6', '2+13 = 7', '18-3 = 14', '19*8 = -98', '1/4 = 8', '5**3 = 4']",8,7.0
(((14*7)+4)/x) = ((28-16)+((11*8))),9.0,1.02,"['12+4 = -540', '14*7 = 12', '11*8 = -72']",6,3.0
(x+((5/2)/(2/(10+12)))) = ((((2*10)+33)/5)-(11-4)),12.0,-23.9,"['12+10 = 12', '19/1 = 10', '5/2 = 19', '2/7 = 1', '10+12 = 7', '8-7 = 12', '2*10 = 7']",10,7.0
(5*((x-12))) = (6*(-14.5)),17.0,-5.4,['17-12 = -17.4'],3,1.0
(8+((x-15)/2)) = (11/(7*((30-16)/(23-15)))),7.0,0.796,"['8+6 = 71', '7-15 = 12', '11/1 = 71', '14/8 = 0.143']",8,4.0
((10*5)*(2**(2**x))) = ((9*7)+6),4.0,-1.106,"['8*7 = 68', '2**1 = 7', '2**4 = 1', '10*5 = 8', '20+6 = 68', '9*7 = 20']",6,6.0
(((15+x)-11)**3) = (2/(7*(8+15))),14.0,-3.768,"['4**3 = -42', '15+14 = 15', '2/1 = -42', '8+15 = 0.143']",6,4.0
((x/(2**3))*(9*3)) = (4/5),170.0,0.237,"['17*9 = -97', '2**3 = 10', '9*3 = 9', '4/5 = -97']",5,4.0
((((x*6)+7)/10)**(18+2)) = ((12-10)**3),12.0,0.683,"['1**1 = -63', '7+7 = 10', '12*6 = 7', '18+2 = 1', '1**3 = -63', '12-10 = 1']",7,6.0
((11*8)+((10*x)+11)) = ((8*(5**1))+(17-15)),5.0,-5.7,"['11+10 = -29', '10+11 = 10', '10*5 = 10', '11*8 = 11', '17+19 = -29', '5**1 = 2.125', '17-15 = 19']",8,7.0
((5+9)/((x/8)/3)) = ((1080/10)-(13+14)),16.0,4.148,"['8/6 = 94', '16/3 = 6', '16/8 = 16', '5+9 = 8', '13+14 = 14']",7,5.0
(11+(3+x)) = (91/((23-20)*(20.997/9))),8.0,-0.998,"['11+4 = 13', '3+8 = 4']",6,2.0
(((3**1)*x)/(13+(-4))) = (13-19),2.0,-18.0,"['15*2 = 558', '3**1 = 15', '13-19 = 62']",5,3.0
(((11*x)/(20+14))*(5+5)) = (1**3),7.0,0.309,"['11*7 = 27', '5+5 = 10.556', '20+14 = 3', '1**3 = 95']",6,4.0
(((x*(12*1))*2.667)-(17+18)) = ((1**4)-(13/6)),11.0,1.057,"['8-14 = -83', '11*10 = 3', '17+18 = 14', '12*1 = 10', '16-15 = -83', '13/6 = 15', '1**4 = 16']",8,7.0
((x/2)+(13*(8+15))) = (-680/10),2.0,-734.0,"['1+1 = -68', '13*5 = 1', '8+15 = 5']",5,3.0
(((20*(x*6))*((8-13)/3))-3) = ((20+(-15))**(18/4)),3.0,-7.003,"['9*3 = -33', '20*10 = 9', '8-13 = 9', '3*6 = 10', '5**1 = -36', '18/4 = 1']",9,6.0
(((4**4)+(x+3))-14) = ((9/5)/(13*((336/7)/8))),11.0,-244.977,"['11+15 = -72', '4**4 = 11', '11+3 = 15', '7/8 = -86', '13*6 = 8', '9/5 = 7']",9,6.0
(((x+5)**3)/2) = (15+((16+(4**2))/9)),13.0,-1.664,"['4**3 = 198', '13+5 = 4', '16+9 = 756', '4**2 = 9']",7,4.0
(((8*5)+x)+10) = (7*(5-17)),15.0,-134.0,"['8+10 = 65', '3+15 = 8', '8*5 = 3', '5-17 = 9.286']",5,4.0
(3*((((15-(5**3))-(15+6))-x))) = ((3+(1+8))-10),12.0,-131.667,"['19-12 = -9', '2-12 = 19', '15-4 = 2', '5**3 = 4', '15+6 = 12', '14-10 = -27', '1+8 = 11']",9,7.0
(6*(x+(3+19))) = ((64/((11-10)-7))-(20*3)),1.0,-33.778,"['3+19 = 1.5', '11-10 = 9', '20*3 = 17']",8,3.0
((19*(15+x))*7) = ((19-(15-1))-(15+5)),9.0,-15.113,"['18*7 = -74', '19*10 = 18', '15+9 = 10', '5-20 = -74']",7,4.0
((x*3.8)+(17+7)) = ((22-12)*((4.7-10))),5.0,-20.263,"['19+20 = -53', '17+7 = 20']",6,2.0
((8-(x+5))/2) = (5*4.2),5.0,-39.0,"['8-12 = 42', '5+5 = 12']",4,2.0
(x*(4-(19-16))) = (-465/5),1.0,-93.0,"['1*3 = -93', '4-16 = 3', '19-16 = 16']",4,3.0
(60-((11-x)/(12*6))) = ((2240/10)/(28/7)),3.0,-277.0,"['11/5 = 4', '11-3 = 11', '12*6 = 5']",7,3.0
((11-(4+1))+x) = (8/9),18.0,-5.111,"['7+18 = -75', '11-17 = 7', '4+1 = 17', '8/9 = -75']",4,4.0
((x*4)-(37-(13-9))) = ((14-18)+(80/((17*9)+(-6)))),19.0,7.386,"['19*4 = -80', '13-9 = 20', '11+20 = -97', '14-18 = 11', '17*9 = 10']",9,5.0
((x-(2*(12-8)))*10.667) = ((3**(16/(19+8)))**1),18.0,8.18,"['18-12 = 9', '2*10 = 12', '12-8 = 10', '1**1 = 96', '3**4 = 1', '19+8 = 4']",8,6.0
((22-(x*4))*(2+(18-(2**4)))) = (801/(14*7)),11.0,4.989,"['11*4 = 15', '18-15 = 10.714', '2**4 = 15', '14*7 = 9']",8,4.0
((14-16)-x) = (((40/10)**(10*0.3))/6),19.0,-12.667,"['4-19 = 23', '14-16 = 4', '4**3 = 138']",6,3.0
((3*(x+1))-3) = (1**(13+(-9))),8.0,0.333,"['3*2 = -40', '8+1 = 2', '1**4 = -43']",5,3.0
((x+69)-(8-13)) = ((1+12)**(((15-17)+3)/7)),20.0,-72.557,"['8-13 = 3', '1**4 = 86', '7/7 = 4', '10+3 = 7', '15-17 = 10', '1+12 = 1']",8,6.0
((19-17)*(x+((9-7)))) = (2*(-18)),18.0,-20.0,"['18*6 = -36', '19-17 = 18', '9-7 = -12']",5,3.0
((15+x)-10) = ((50/((5**4)/8))/1),8.0,-4.36,"['15+8 = -67', '5/1 = -77', '5**4 = 80']",6,3.0
(4**(((x/4)-16)+19)) = (1/8),13.0,-18.0,"['4**3 = -12', '11+19 = 3', '19-16 = 11', '13/4 = 19', '1/8 = -12']",5,5.0
((x*8)-((4-3)/10)) = (((14/8)+((-40-19)))-(6*2.667)),6.0,-9.144,"['4-3 = 170', '6*8 = -39', '14/8 = 19']",9,3.0
((33-x)+((4**2)/2)) = ((30-18)+((18+15))),19.0,-4.0,"['14+13 = 6', '11/2 = 13', '4**2 = 11', '18+15 = -6']",7,4.0
((18/(14+6))-(15*x)) = (19*9),2.0,-11.34,"['18/1 = -60', '15*2 = 10', '14+6 = 1', '19*9 = -70']",5,4.0
(14+(7*(5+x))) = (((1**(9-(14/2)))*4)+11),4.0,-4.857,"['14+4 = -84', '7*6 = 4', '5+4 = 6', '13+11 = -84', '17*4 = 13', '1**2 = 17']",8,6.0
(((x*8)*5)-2) = ((75-18)-((8/2)/3)),13.0,1.442,"['19*5 = 41', '13*8 = 19', '8/2 = 54']",7,3.0
((15/6)+(19-(x/6))) = (5**3),36.0,-621.0,"['18+13 = 45', '15/6 = 18', '5**3 = 45']",5,3.0
(5*(((x+11)*2))) = ((2*10)+(((9*(-10.556))-13))),11.0,-19.8,"['1*2 = -19.8', '11+11 = 1', '2*10 = 9']",7,3.0
((12+(x+1))+(15/8)) = ((2/9)-(4*1.5)),8.0,-20.653,"['9+10 = -53', '12+9 = 9', '15/8 = 10', '2/9 = -47']",7,4.0
(x/((10*1.2)+(12-19))) = ((8*(-3))-11),15.0,-175.0,"['15/5 = -35', '12+2 = 5', '12-19 = 2']",6,3.0
(x+((12+5))) = ((19-((1*8)/1))-(11+(-5))),16.0,-12.0,"['12+5 = -45', '19-8 = -23', '13/1 = 8', '1*8 = 13']",7,4.0
((x/6)**1) = (-86-8),2.0,-564.0,"['4**1 = -94', '2/6 = 4']",3,2.0
((23-7)*((20*(15*x))/(3+11))) = (4**4),10.0,0.747,"['16*6 = 11', '20*4 = 18', '15*10 = 4', '3+11 = 3', '4**4 = 11']",7,5.0
(-740/(7-x)) = ((3+14)*((4.6-12))),9.0,1.118,"['7-9 = 10', '3+14 = 10']",5,2.0
((((15/10)**1)/(28-(18+15)))-x) = ((5**1)/(6+2)),9.0,-0.925,"['4**1 = 90', '15/10 = 4', '18+15 = 19', '5**1 = 9', '6+2 = 9']",9,5.0
((x-13)/6) = (-108/(((13-3)/(2+3))**4)),7.0,-27.5,"['7-13 = -162', '3**4 = 4', '10/5 = 3']",7,3.0
(19+(((x-16)-1))) = (((13+(-8))-2)-10),10.0,-9.0,"['14-1 = -84', '10-16 = 14', '6-10 = -65', '5-2 = 6']",6,4.0
((((4**1)-x)/8)+15) = (105/(2*(9/8))),16.0,-249.333,"['11+15 = 15', '4/8 = 11', '8-16 = 4', '4**1 = 8', '9/8 = 3.5']",7,5.0
((x-(16-20))**(3+((7/(15*5))))) = (3*8),4.0,-1.206,"['1**2 = -97', '7/10 = -1', '16-20 = 3', '15*5 = 10', '3*8 = -97']",7,5.0
((152/(7-18))+((13-x)/8)) = (((8/4)/2)+(8*(8.625-4))),20.0,-401.545,"['7-18 = 8', '1/8 = 19', '13-20 = 1']",10,3.0
(-7-(((x-17)+16)-10)) = (5+16),14.0,-17.0,"['6-10 = 2', '19+16 = 6', '14-17 = 19', '5+16 = -9']",5,4.0
((13*x)/(1+(((12*6)/6)**1))) = (-60-(140/10)),1.0,-74.0,"['13*1 = -370', '5**1 = 4', '16/6 = 5', '12*6 = 16']",8,4.0
((x+((10+19)))*(13+((10/8)))) = ((1**1)+(8*(4**2))),18.0,-19.947,"['1*9 = -39', '10+19 = -17', '10/8 = -4', '12+3 = -39', '1**1 = 12', '4**2 = 0.375']",9,6.0
(((5+15)+(x))-14) = (-180/5),-35.0,-42.0,['5+15 = 13'],4,1.0
(12+((4*(x/(1+19)))*3.5)) = (4-20),1.0,-40.0,"['12+7 = -16', '1/9 = 0.5', '1+19 = 9']",6,3.0
(3+(17/(5/x))) = (17+(52/(12-16))),7.0,0.294,"['3+8 = 68', '17/4 = 8', '5/7 = 4', '17+13 = 68', '12-16 = 4']",6,5.0
(8-(6*x)) = (10*(3*1)),9.0,-3.667,"['8-1 = 67', '6*9 = 1', '3*1 = 6.7']",4,3.0
(x/((1+2)*4)) = ((9*0.333)+((-18/3))),-18.0,-36.036,"['19*4 = 6', '1+2 = 19']",6,2.0
(((((4+9)/(8+3))+x)+4)*3) = ((2*5.5)/9),6.0,-4.774,"['12*3 = 64', '6+6 = 8', '16/4 = 6', '8+3 = 4', '4+9 = 16', '11/9 = 64']",8,6.0
((x+(18+16))-(19-16)) = ((7*0.429)**3),5.0,-3.919,"['5-19 = 3', '19-16 = 19', '18+16 = 0', '3**3 = 3']",6,4.0
(17+((x+7)*9.667)) = (((10/7)-5)**((18+(-14))/4)),15.0,-9.128,"['15+7 = 6', '4**1 = 75', '10/7 = 9']",8,3.0
(((x-14)+2)+(19+((10+6)))) = (((9*((2**2)))-9)/7),1.0,-19.143,"['9+18 = -32', '5+2 = 9', '10+6 = -1', '1-14 = 5', '2**2 = -23.889']",9,5.0
(((4**4)+(((19*x)+5)/7))-19) = (4**3),7.0,-64.0,"['20-19 = 65', '7/7 = 16', '13+5 = 7', '4**4 = 4', '19*7 = 13', '4**3 = 65']",7,6.0
((x-6)*((8+19)-(5**3))) = (1**4),14.0,5.99,"['12*8 = -5', '3-13 = 8', '5**3 = 13', '14-6 = 12', '8+19 = 3', '1**4 = -5']",6,6.0
((16-(10/8))-x) = (117-(20+(-3))),17.0,-85.25,"['16-17 = 117', '10/8 = 17']",5,2.0
((20+x)+((16/(6*7)))) = (1-14),18.0,-33.381,"['16/7 = -101', '6*7 = 7', '20+18 = 13', '1-14 = -88']",5,4.0
((3/7)+(((10/1)-(x+18)))) = (10*(((10-(1**2))/3))),12.0,-37.571,"['12-13 = -116', '3/7 = 20', '12+18 = 13', '10/1 = 12', '10-5 = -28.8', '1**2 = 5']",9,6.0
(((4+10)*x)/6) = (12+(2-(10+(15-7)))),5.0,-1.714,"['6*5 = 234', '4+10 = 6', '2-15 = 27', '10+8 = 15']",7,4.0
(((20*x)-9)+(16/6)) = (-272/(5*1.6)),9.0,-1.383,"['15+17 = -34', '16/6 = 17', '20*9 = 24']",6,3.0
(8*(((x*3)*(1**1)))) = ((9/(9+(-5)))*(-8.167)),18.0,-0.766,"['2*6 = -6.125', '1**1 = 6', '18*3 = 2', '9/4 = 6']",7,4.0
(-48-(x+(18*1))) = (-186/3),3.0,-4.0,"['3+5 = 14', '18*1 = 5']",4,2.0
((x+(2+((13/5)*9)))/8) = (((20/3)-((4-8)+18))/4),8.0,-40.067,"['9/8 = -47', '8+17 = 9', '10*9 = 15', '13/5 = 10', '20/4 = -47', '2+18 = 16', '20/3 = 36', '4-8 = 2']",10,8.0
((16-(8*((9+x)/5)))-2) = (-592/((2+18)*7)),17.0,2.393,"['4-2 = -74', '8*6 = 12', '7/5 = 6', '9+17 = 7', '20*7 = 8']",8,5.0
((5**(x+9))-(10+6)) = ((20*2)-(26-13)),16.0,-6.663,"['10-17 = -78', '5**2 = 10', '10+6 = 17', '16+9 = 2', '20*2 = -65']",7,5.0
((6*7)+x) = (9*(-6.444)),16.0,-99.996,"['4+16 = -58', '6*7 = 4']",3,2.0
(5+(((x/(19+2))*(-20.667)))) = ((3**3)+((15-14))),7.0,-23.371,"['7/1 = 3', '19+2 = 1', '3**3 = 12', '15-14 = -69']",7,4.0
((x+(11*7))-20) = ((15+(-12))+((5+9)+(-13))),15.0,-53.0,"['10-20 = -62', '15+4 = 10', '11*7 = 4', '3+1 = -62']",7,4.0
(-333/(((x*1)/3)+11)) = (19+(-56)),15.0,-6.0,"['19+11 = 9', '4/3 = 19', '15*1 = 4']",5,3.0
((x+(-3))-((20+20)/6)) = (31-((17*7)+(1/4))),17.0,-78.583,"['14-16 = 20', '20+20 = 96', '15+10 = 11', '1/4 = 10', '17*7 = 15']",8,5.0
(x+(10+16)) = ((4*30)/10),19.0,-14.0,"['19+11 = 12', '10+16 = 11']",4,2.0
(-480/(11/x)) = ((31-11)*8),2.0,-3.667,"['11/2 = 8', '20*8 = -60']",4,2.0
((x+474)/((6/((2**3)/6))**2)) = (2**2),6.0,-393.0,"['5**2 = 10', '6/3 = 5', '11/6 = 3', '2**3 = 11', '2**2 = 48']",7,5.0
(((15-17)/(18/8))-x) = (6*((75/(19-14))+(-11))),7.0,-24.889,"['7/2 = 102', '15-17 = 7', '18/8 = 2', '6*4 = 95']",8,4.0
((10+x)*(20*(15-19))) = (8*(2*(14+15))),19.0,-15.8,"['9*10 = -58', '20*5 = 10', '15-19 = 5', '10+19 = 9', '8*1 = -58', '14+15 = 0.5']",7,6.0
((45/5)+(x/((10/5)*7))) = (-180/(14+(5/5))),13.0,-294.0,"['9+19 = -60', '13/4 = 19', '20*7 = 4', '10/5 = 20', '14+1 = 3']",8,5.0
(((x+(4+8))+7)*((20+(12/6)))) = (-62-(4-6)),6.0,-21.727,"['20+15 = -10.857', '8+7 = 7', '6+3 = 8', '4+8 = 3', '12/6 = 15', '4-6 = 14']",8,6.0
(((x+18)+5)+(9*7)) = (11/1),4.0,-75.0,"['4+18 = 5', '9*7 = 64', '11/1 = 74']",5,3.0
(x*((16-1)-(19*9))) = ((4-2)+14),7.0,-0.103,"['7*9 = 16', '16-1 = 19', '19*9 = 10']",6,3.0
((1/7)*(((x-(20-15))*3))) = ((3**2)-17),14.0,-13.667,"['2*3 = -8.6', '14-10 = 2', '1/7 = 10', '20-15 = 10', '3**2 = -69']",7,5.0
((8+3)+(x+15)) = (13/9),15.0,-24.556,"['15+10 = 74', '15+15 = 10', '8+3 = 15', '13/9 = 74']",4,4.0
(((20+1)*(x+1))+6) = ((3**(11+(-10)))*(-18)),11.0,-3.857,"['11+6 = -90', '3*3 = 11', '20+1 = 3', '11+1 = 3', '3**1 = 5']",7,5.0
((13-((1+1)*x))-((5*8)/2)) = ((100/(26-16))*9.9),4.0,-53.0,"['20-15 = 99', '13-7 = 20', '7*4 = 7', '1+1 = 7', '5*8 = 30']",9,5.0
(x+((((10*7)/3)/9)+(9-13))) = ((5**2)/9),10.0,4.185,"['19/3 = 126', '9-13 = 43', '10*7 = 19', '14/9 = 67', '5**2 = 14']",8,5.0
((441/x)/(19+16)) = (8*2.625),7.0,0.6,['19+16 = 3'],4,1.0
((13+x)/((3**1)/7)) = ((8*(20/9))/4),14.0,-11.095,"['13+14 = -378', '9/7 = 9', '3**1 = 9', '8*9 = -168', '20/9 = 9']",7,5.0
(((2*7)-x)*(((4/10)*1))) = ((9+(2**1))+(9/2)),20.0,-24.75,"['2*7 = 30', '8*1 = -7.8', '4/10 = 8', '19+20 = -78', '9/2 = 20', '9+19 = 19', '2**1 = 19']",9,7.0
((2-x)+((5+10))) = (((10+(6*3.167))-2)*1),10.0,-10.002,"['5+10 = -52', '2-10 = 4', '16*1 = -48', '4-2 = 16', '10+19 = 4']",7,5.0
(((7*x)-6)*(-0.5)) = (19*(1/2)),8.0,-1.857,"['7*8 = 12', '19*10 = -3', '1/2 = 10']",5,3.0
(((5/10)-1)-(48/(17/(x-2)))) = (3**4),8.0,-26.865,"['17/9 = 6', '8-2 = 9', '5/10 = -40', '3**4 = -49']",7,4.0
(((1**1)*((x/1)+8))*7) = ((10+(-92))-(26/2)),2.0,-21.571,"['7*7 = -95', '7*9 = 7', '20+8 = 9', '2/1 = 20', '1**1 = 7']",8,5.0
((13-7)/(21/((8*10)+x))) = ((16-14)-(((3*2.333)+8)/3)),17.0,-90.499,"['20+17 = 3', '13-7 = 196', '8*10 = 20', '11-5 = 28', '16-14 = 11']",10,5.0
(x*((17/9))) = ((8*((-24.375/(2**2))))-19),9.0,-35.868,"['17/9 = -6.444', '2**2 = 5']",6,2.0
((x*9)+(8+10)) = (((6/5)/6)-(3*5.667)),3.0,-3.867,"['8+10 = 33', '3*9 = 16', '10-17 = 49', '6/5 = 60']",7,4.0
((10/x)*(2*(18+(-15.5)))) = (((7*0.143)**4)+(18+17)),7.0,1.389,"['1*5 = 49', '10/7 = 1', '1**4 = 14']",8,3.0
(((1-((5/5)-17))-11)+(x**3)) = (460/((34-(19*5))+2)),4.0,-2.398,"['4**3 = 80', '17-11 = 12', '1-6 = 17', '14-17 = 6', '5/5 = 14', '16+2 = 5', '19*5 = 18']",10,7.0
(((1**4)*x)*6) = ((7*(-11.571))-2),10.0,-13.833,"['15*6 = -83', '13*10 = 15', '1**4 = 13']",5,3.0
(((x-14)/7)*18) = (((48/6)-12)+(9*(4-9))),15.0,-5.056,"['16/7 = 2', '15-14 = 16', '14+6 = 36', '8-12 = 14', '4-9 = 0.667']",8,5.0
((13-(19-x))-(20/2)) = ((1-8)-(17+((11-4)))),9.0,-15.0,"['13-8 = 108', '19-9 = 8', '1-8 = 111', '11-4 = -4']",8,4.0
(14+(14-x)) = ((15*(21-13))+16),20.0,-108.0,"['14-20 = 29', '10+16 = 43', '15*8 = 10']",5,3.0
((((9+8)*x)/4)/(5-11)) = ((7/2)*(23-14)),6.667,-44.471,"['15/10 = 45', '5-11 = 10', '9+8 = 9', '7/2 = 5']",8,4.0
((10*(x+1))**2) = ((2+(192/2))-(34/2)),5.0,-0.1,"['2**2 = 81', '5+1 = 0.2']",7,2.0
((8/4)-x) = (16*(9*0.333)),15.0,-45.952,"['8/4 = 85', '16*3 = 70']",4,2.0
(((5-(x/7))+15)-10) = (720/(12*5)),4.0,-14.0,"['19+15 = 100', '5-12 = 19', '4/7 = 12', '12*5 = 8']",6,4.0
(((4/3)*x)+7) = (-488/8),10.0,-51.0,"['11+7 = -61', '19*10 = 11', '4/3 = 19']",4,3.0
(x+((5**3))) = (14*(40/10)),2.0,-69.0,"['5**3 = -102', '14*4 = -100']",4,2.0
((((x-18)+17)-(19/9))+((4**3))) = (8+((7-5)*(11+(-9.5)))),1.0,-49.889,"['18-3 = 7', '4**3 = -89', '19/9 = 3', '4+17 = 18', '1-18 = 4', '8+9 = -82', '7-5 = 6']",10,7.0
(((7*10)/(4/x))+(3*7)) = (9+71),9.0,3.371,"['2+13 = 80', '3*7 = 13', '7*10 = 16', '4/9 = 8']",6,4.0
((12-19)+(9*((9*(x+10))-16))) = ((6/6)+15),18.0,-7.938,"['9*2 = 67', '12-19 = 15', '16-16 = 2', '9*1 = 16', '18+10 = 1', '1+15 = 82']",8,6.0
((15+((5/2)-x))-17) = ((4**2)*2),17.0,-31.5,"['13-17 = 6', '15+6 = 13', '17-17 = 6', '5/2 = 17', '4**2 = 3']",6,5.0
(x/((5-13)+((20-9)-4))) = ((12/((17+15)-17))+16),16.0,-16.8,"['16/3 = 12', '11+17 = 3', '1-4 = 17', '5-13 = 11', '20-9 = 1', '19+16 = 12', '12/10 = 19', '17-17 = 10', '17+15 = 17']",9,9.0
((31-19)*((x+8)-(1/2))) = ((((6/(14-7))-7)/6)+34),12.0,-4.752,"['12*5 = 48', '10-7 = 5', '1/2 = 7', '12+8 = 10', '16/6 = 14', '6/7 = 23']",10,6.0
(((x/(3+13))*9)*((8/6)-13)) = (((14/7)**4)/(2**3)),12.0,-0.305,"['3*9 = 2', '12/9 = 3', '3+13 = 9', '11-13 = 27.5', '8/6 = 11', '13/6 = 55', '2**4 = 13', '2**3 = 6']",10,8.0
((x**1)/(17+3)) = (3-(7/(7+(-6)))),1.0,-80.0,"['17/5 = 53', '17+3 = 5', '1**1 = 17', '3-20 = 53', '7/1 = 20']",6,5.0
((x*10)+16) = (11/((13/5)*0.667)),20.0,-0.966,"['6+16 = 28', '20*10 = 6', '11/2 = 28', '13/5 = 3']",5,4.0
(((5**2)*x)-6) = (100/(4**(12-(50/10)))),6.0,0.24,"['3*6 = 56', '5**2 = 3', '4**3 = 2', '12-5 = 3']",7,4.0
((13+(((2*x)+3)*3))/(14/9)) = ((5/8)/5),3.0,-3.634,"['13+17 = -24', '14*3 = 17', '14/9 = 2', '9+3 = 14', '2*3 = 9', '1/5 = -12', '5/8 = 1']",8,7.0
(((3+10)*(9+x))*4) = (19+27),4.0,-8.115,"['3*4 = 46', '9+4 = 0.75', '3+10 = 4']",5,3.0
((x*(8+19))+((16+(-69)))) = ((13+2)/(4*0.75)),19.0,2.148,"['19*4 = 4', '8+19 = 4', '15/3 = -49']",7,3.0
((9+(19*x))+((2**1)+(-7))) = ((4-13)-((14-5)*1.889)),7.0,-1.579,"['3+3 = 22', '9+4 = 3', '2**1 = 10', '19*7 = 4', '4-13 = 39']",9,5.0
((1-20)/(x-5)) = ((9*0.889)*0.25),7.0,-4.499,"['9/9 = 2', '1-20 = 9', '7-5 = 9']",5,3.0
((20*(14+x))*(6*6)) = (((1824/3)/8)-9),19.0,-13.907,"['20*9 = 5', '6*6 = 13.4', '14+19 = 9']",7,3.0
(((3/x)+7)*(-6.556)) = ((8*(-22.125))/3),9.0,1.5,['3/9 = 2'],5,1.0
(((17+12)/x)+((15+5)+18)) = ((4**3)+18),6.0,0.659,"['6+14 = 15', '17+12 = 36', '1+18 = 14', '15+5 = 1', '2+18 = 15', '4**3 = 2']",7,6.0
((8*((3/9)-13))-x) = (16-(((5*1)**1)/9)),4.0,-116.778,"['5-4 = -41', '8*4 = 5', '3-13 = 4', '3/9 = 3', '16-15 = -41', '2**1 = 135', '5*1 = 2']",8,7.0
((x-6)*(8/9)) = (-46/2),9.0,-19.875,"['13*6 = -23', '8/9 = 6', '9-6 = 13']",4,3.0
(((8-19)-1)*((14*x)+((-71.4/7)))) = (3**1),10.0,0.711,"['14*10 = 19', '1-1 = 10', '8-19 = 1', '3**1 = 88']",7,4.0
((7/7)+((x+19))) = (2+5),3.0,-13.0,"['3+19 = -4', '2+5 = -3']",4,2.0
((((3-x)*10)+(-85))-9) = (4+(-92)),11.0,2.4,"['1*10 = 6', '3-11 = 1']",5,2.0
(x+(2**3)) = ((18/9)-((2+19)/(19-18))),7.0,-27.0,"['7+12 = 72', '2**3 = 12', '18/1 = 15', '2+19 = 18', '18/9 = 87']",7,5.0
((18+x)*((10+16))) = ((5-20)*(4/(4*0.5))),13.0,-19.154,"['18+13 = 4', '10+16 = -6.5', '13*2 = -26', '5-20 = 13']",7,4.0
((20+((16-(5-x))))**2) = (((19-(1**4))/(7*0.286))**2),19.0,-22.009,"['3**2 = 84', '16-9 = -17', '5-19 = 9', '2**2 = 84', '1**4 = 15']",9,5.0
(17/((4**1)/(x*(4/4)))) = (8-(16-12)),7.0,0.941,"['17/1 = 53', '10/8 = 1', '4**1 = 10', '7*3 = 8', '4/4 = 3', '8-9 = 53', '16-12 = 9']",7,7.0
((((x+12)/5)+((11/3)))+(9*10)) = ((10/(17/5))/7),3.0,-478.232,"['9*10 = 50', '11/3 = -3', '3+12 = 75', '10/7 = 434', '17/5 = 7']",9,5.0
(((x+1)-(20-(8*9)))*8) = (-14-12),20.0,-56.25,"['10*8 = -26', '20-13 = 11', '8*9 = 13']",6,3.0
((20+((x/3)))+(((8-11)**3)/2)) = (29-(14*(16/(9/3)))),9.0,-156.5,"['2**3 = 36', '8-11 = 2', '9/3 = -10', '14*7 = 1', '16/3 = 7']",10,5.0
((3*(x-(19/9)))+17) = ((17*6)/((5**1)**3)),5.0,-3.284,"['15+17 = -11', '5-14 = 5', '19/9 = 14', '3/5 = -11', '1**3 = 5', '17*6 = 3', '5**1 = 1']",8,7.0
(((9/6)+x)+((6-2)-9)) = (6/((5*(11-13))**(7*9))),11.0,3.5,"['20+19 = 36', '11+11 = 20', '6-2 = 28', '9/6 = 11', '6/2 = 36', '5**3 = 2', '11-13 = 1', '7*9 = 3']",10,8.0
(3-(((11-5)+12)+(1+x))) = (16+8),9.0,-40.0,"['3-17 = -65', '7+12 = 12', '1+9 = 5', '11-5 = 7', '16+8 = -65']",6,5.0
((95-(x*8))-20) = (9*7.556),20.0,0.874,['20*8 = 7'],4,1.0
((14*6)+((x/6))) = (((5/(7*5))*(9/10))-7),12.0,-545.229,"['14*6 = 11', '12/6 = -64', '10*2 = -46', '5/9 = 10', '9/10 = 2', '7*5 = 9']",8,6.0
(12-(x-4)) = (2*35),5.0,-54.0,"['12-9 = 70', '5-4 = 9']",3,2.0
(x-((7+18)+((9+4)-6))) = ((2+(-434))/6),10.0,-40.0,"['10-15 = -72', '19+17 = 15', '7+18 = 19', '3-6 = 17', '9+4 = 3']",7,5.0
((x*1)/2) = (14+(-40)),7.0,-52.0,"['9/2 = -26', '7*1 = 9']",3,2.0
((x*6)/((1**1)+3)) = (6+(-18)),16.0,-8.0,"['9/8 = -12', '16*6 = 9', '1**1 = 5']",5,3.0
((3*x)-(8-15)) = ((7+8)-13),10.0,-1.667,"['9-11 = 43', '3*10 = 9', '8-15 = 11', '15-13 = 43']",5,4.0
((x-(1*6))+((4**4)*1)) = ((10-(4+11))*3.429),3.0,-267.145,"['14+19 = 24', '3-4 = 14', '18*1 = 19', '1*6 = 4', '4**4 = 18', '10-2 = 7', '4+11 = 2']",8,7.0
(((x*(11+12))-9)*((5*8)**3)) = ((6*(2-6))/(9*(4*5))),12.0,0.391,"['16*4 = 39', '1**3 = 4', '8-9 = 16', '12*4 = 8', '11+12 = 4', '5*8 = 1', '7/4 = 39', '4*5 = 0.444', '2-6 = 1.167']",11,9.0
(((16*1)+(x/3))+(10*6)) = ((2*19)-(4-(1+7))),18.0,-102.0,"['8+5 = 12', '10*6 = 20', '16*1 = 8', '18/3 = 5', '4-5 = 6', '1+7 = 5']",9,6.0
(17+((4**3)*x)) = (110-20),7.0,1.141,"['5*7 = 73', '4**3 = 5']",4,2.0
(13+(((2**3)+x)*1.556)) = ((8-3)**2),7.0,-0.288,"['13+14 = -77', '17+7 = 9', '2**3 = 17', '5**2 = -77']",6,4.0
((x+7)/(17+5)) = (12+(-57)),2.0,-997.0,"['17+5 = 2', '2+7 = -90']",4,2.0
((17+(-3))+((-49-(x-8)))) = ((10-(6-11))+3),15.0,-45.0,"['15-8 = 4', '2+3 = -39', '6-11 = 8']",7,3.0
(x-(3**1)) = ((4-20)-(3**3)),20.0,-40.0,"['20-9 = -57', '3**1 = 9', '13-19 = -57', '3**3 = 19', '4-20 = 13']",5,5.0
((20*x)-(2**(7-10))) = (6-13),7.0,-0.344,"['4-11 = 81', '2**4 = 11', '20*7 = 4', '7-10 = 4', '6-13 = 81']",5,5.0
((((8+7)*10)+(18+17))+(8+x)) = ((9*(13+(-11.889)))+(-30)),2.0,-213.001,"['15+10 = -20', '18+17 = 2', '5*10 = 13', '8+7 = 5']",9,4.0
(((1**1)-(x-16))-12) = ((8+(-7))**(((9+11)-2)-11)),20.0,4.0,"['15-12 = -47', '9-6 = 15', '1**1 = 9', '20-16 = 6', '1**3 = -47', '20-2 = 14']",9,6.0
((x*6)*((3**4))) = ((3*10)**(8/4)),7.0,1.852,"['7*6 = 8', '3**4 = -1.875', '3**2 = -15', '3*10 = 3']",6,4.0
(((11+(-(x+4)))/(1+7))+3) = ((14+12)/(20/(4+0))),12.0,-10.6,"['11+3 = -8', '8/7 = 11', '12+4 = 3', '1+7 = 7', '14+12 = -40']",9,5.0
((16+x)**4) = (((4*3)+5)+(4-19)),11.0,-14.811,"['4**4 = 62', '16+11 = 4', '4-19 = 45']",6,3.0
((20+6)/x) = (15-(6/3)),7.0,2.0,"['14/7 = -95', '20+6 = 14', '15-12 = -95', '6/3 = 12']",4,4.0
(((4**2)*(6-x))+(-4)) = ((12+(9*0.444))*7),20.0,-1.248,"['3*6 = 3', '6-20 = 6', '4**2 = 3', '16*7 = -1']",7,4.0
((1**1)-((7+((x*10)**3))*10)) = ((7*(15+(7+3)))*(-3.7)),15.0,0.387,"['18*10 = 17', '5**3 = 11', '1**1 = -20', '15*10 = 5', '15+1 = 1.429', '7+3 = 1']",10,6.0
((16/(5**3))*((6*6)-x)) = (28-(((5-17)*4.8)/4)),4.0,-295.25,"['9*4 = 16', '7-4 = 4', '16/4 = 9', '5**3 = 4', '6*6 = 7', '5-17 = 10']",9,6.0
((x+8)**3) = ((6+7)-(5*2)),17.0,-6.558,"['2**3 = 70', '17+8 = 2', '6+7 = 71', '5*2 = 1']",5,4.0
((x+2)/((2**4)-11)) = ((3*(9+(-8.333)))/(16/(2**3))),11.0,3.002,"['18/9 = -22', '11+2 = 18', '14-11 = 9', '2**4 = 14', '2/8 = -22', '2**3 = 2']",9,6.0
((16*7)+x) = (-128/(10*(1.2/(60/10)))),8.0,-176.0,"['13+8 = -64', '16*7 = 13']",6,2.0
((x*9)+((13+19)*1)) = ((194/2)-(32-(14/10))),17.0,3.822,"['17*9 = 6', '2*1 = 73', '13+19 = 2', '14/10 = 14']",8,4.0
((13+(4**1))+x) = (-536/8),18.0,-84.0,"['4+18 = -67', '13+17 = 4', '4**1 = 17']",4,3.0
(((x*4)+(3+3))*2) = ((15-13)/4),12.0,-1.438,"['2*2 = 100', '12*4 = 1', '3+3 = 1', '20/4 = 100', '15-13 = 20']",6,5.0
(14+((14-(7-(x+6))))) = ((11+13)-((13+(22-20))**2)),11.0,-228.0,"['14-19 = -4', '7-11 = 19', '11+6 = 11', '4**2 = 14', '13+2 = 4']",9,5.0
((x/6)+8) = (15/4),9.0,-25.5,"['9/6 = 11', '15/4 = 19']",3,2.0
((10+1)/((4+x)/10)) = (9*2),9.0,2.111,"['11/2 = -51', '3/10 = 2', '4+9 = 3', '9*2 = -51']",5,4.0
(20-(100/(x*1))) = (((7/9)*4)+(5**1)),16.0,8.411,"['20-10 = 32', '16*1 = 10', '4*4 = 18', '7/9 = 4', '5**1 = 14']",7,5.0
(15+(x*5)) = ((30-(4**3))-(4+7)),2.0,-12.0,"['15+5 = -47', '2*5 = 5', '11-11 = -47', '4**3 = 19']",6,4.0
(14*((x*7)-(6*(2**1)))) = (6*((((18/(13-3))**4)/8))),15.0,1.795,"['14*7 = -89', '15*7 = 22', '2**1 = 2.5', '4/8 = -14.833', '5**4 = 4', '18/2 = 5', '13-3 = 2']",10,7.0
((10+5)+(20*(20+x))) = ((14+6)*13.25),12.0,-7.5,"['9+5 = 53', '20*6 = 5', '20+12 = 6', '10+5 = 9', '14+6 = 4']",6,5.0
(-11-(((3-x)*8)-5)) = (16-((16+15)/(18*(5**1)))),14.0,5.707,"['13*8 = 8', '3-14 = 13', '16-13 = -14', '18*10 = 8', '5**1 = 10', '16+15 = 104']",9,6.0
(((x*3)*(4*8))/(9/1)) = ((4+(8*32.5))/8),9.0,3.094,"['9/1 = 6', '4*1 = 198', '4*8 = 1', '9*3 = 4']",8,4.0
(x+(10/(6*2))) = ((1*2)-16),13.0,-14.833,"['10/8 = 1', '6*2 = 8', '1-16 = 14', '1*2 = 1']",5,4.0
(((4*4)+((x+11)))-2) = ((10*1.4)+((-74/(6-(8+5))))),15.0,-0.429,"['4*4 = 1', '15+11 = -22', '6-13 = 2']",9,3.0
(((x/3)*((4**4)+16))-17) = (((1*(18+(-16)))/(3*2))/2),11.0,0.189,"['16-17 = 40', '7*8 = 16', '16+16 = 8', '4**4 = 16', '11/3 = 7', '9/6 = 80', '1*2 = 9']",10,7.0
(x/(2**1)) = (378/6),504.0,126.0,['2**1 = 8'],3,1.0
((x+3)+14) = (((9*1.667)/6)/((16+(-2))/3)),8.0,-16.464,"['8+3 = 2', '3/4 = 16', '15/6 = 3', '14/3 = 4']",7,4.0
((20/7)+(x/2)) = (1/((9-2)*(5+(16+18)))),68.0,-5.707,"['20/7 = 20', '1/6 = 54', '19*5 = 6', '9-2 = 19', '16+18 = 0']",8,5.0
(19+(((x/1)-(9*10)))) = ((6+(78/6))*(-4.111)),2.0,-7.109,"['15-4 = -56', '9*10 = 4', '2/1 = 15', '6+13 = 9']",7,4.0
((x+(15+7))/1) = (((54/6)*(((-24/4)-2)))/6),5.0,-34.0,"['8/1 = -12', '15+7 = 3']",8,2.0
(((8+x)-1)-(2**2)) = (-56/(21-(12/9))),14.0,-5.847,"['2**2 = 11', '6-1 = -3', '8+14 = 6', '12/9 = 17']",7,4.0
(x-((((17*1)-5)/6)/4)) = (11-(8+(((4*4)+11)))),23.0,-23.5,"['8/4 = 18', '19/6 = 8', '3-5 = 19', '17*1 = 3', '16+11 = -2']",9,5.0
(((20/5)+3)+x) = ((2*2)*((15/2)-19)),29.0,-53.0,"['12+3 = 6', '20/5 = 12', '4*1 = 35', '5-19 = 1', '15/2 = 5']",7,5.0
((x+((13+(7/8))))+(-32)) = (7+((7+(-37)))),20.0,-4.875,"['13+14 = -11', '7/8 = 14']",6,2.0
((9+x)+((6+6)-8)) = (8*(-1.5)),2.0,-25.0,"['4+2 = -12', '2-8 = 2', '6+6 = 2', '9+2 = 4']",5,4.0
(18/(x/7)) = ((5+15)-11),19.0,14.0,"['18/3 = 9', '19/7 = 3']",4,2.0
((4*(((20*x)*5)))-(48/(17-2))) = ((5*1.6)*((20+17)-5)),7.0,0.648,"['17-2 = 8', '16*5 = -9', '20*7 = 16', '8*7 = -42', '20+17 = 12']",10,5.0
((95/(x+(10+16)))-6) = (5/((31-16)-8)),2.0,-11.851,"['19-6 = 80', '2+12 = 5', '10+16 = 12', '5/7 = 80']",7,4.0
(((x*2)-10)+(20+7)) = (8-20),12.0,-14.5,"['1+1 = 70', '13-10 = 1', '12*2 = 13', '20+7 = 1', '8-20 = 70']",5,5.0
(((79-x)/(13/2))+(12*1)) = (4*(10+14)),16.0,-467.0,"['9+6 = 3', '13/2 = 7', '12*1 = 6', '10+14 = 0.75']",7,4.0
((4*x)+((17-4)*7)) = ((19*10)/(12+16)),8.0,-21.054,"['14+5 = -80', '18*7 = 5', '4*8 = 14', '17-4 = 18', '12+16 = 8', '19*10 = -640']",7,6.0
(38-(12-(x*7))) = (74/2),7.0,1.571,"['12-19 = 1', '7*7 = 19']",4,2.0
(((13-7)+14)+(x*(9*10))) = ((3*2)/2),9.0,-0.189,"['3+4 = 46', '3+14 = 3', '13-7 = 3', '9*10 = 0.444', '9/2 = 46', '3*2 = 9']",7,6.0
(17+(((x/9)-(7*0.857)))) = (-31-((15*2)+3)),2.0,-675.009,"['11-6 = -68', '2/9 = 11', '15*2 = 17']",7,3.0
(((x-(2**2))**4)+(1-7)) = (18+(-9)),20.0,2.032,"['4**4 = 1', '2**2 = 16', '1-7 = 8']",6,3.0
((x+20)*((20-12)+(19*2))) = ((20-5)+70),8.0,-18.152,"['7+10 = 8.5', '20-12 = 7', '8+20 = 10', '19*2 = 10']",7,4.0
((3*(x**1))*9.125) = (78-((2+(15+0))**3)),1.0,-176.621,"['3*10 = 8', '1**1 = 10', '1**3 = 5', '2+15 = 1']",7,4.0
(((x-10)*(14-17))/7) = (19-((7/7)/(7+3))),17.0,-34.1,"['16*2 = -413', '17-10 = 16', '14-17 = 2', '19-17 = -59', '7/7 = 68', '7+3 = 4']",8,6.0
((x-((4**3)+6))/(11-3)) = (1*((34/2)-(3**4))),17.0,-442.0,"['6/10 = -15', '17-8 = 6', '9+6 = 8', '4**3 = 9', '11-3 = 10', '1*7 = -15', '3**4 = 10']",9,7.0
((12-11)+((6*10)-(x**1))) = (16*4),4.0,-3.0,"['5+6 = -77', '19-12 = 6', '4**1 = 12', '6*10 = 19', '12-11 = 5', '16*4 = -77']",6,6.0
((18*(x*5))-(13*5)) = ((33-19)+17),16.0,1.067,"['18*9 = 6', '16*5 = 9', '13*5 = 9', '14+17 = -3']",6,4.0
((5-x)*((4**2)/2)) = (16+(10*9)),19.0,-8.25,"['4**2 = 10.666', '5-19 = 9', '10*9 = 32']",6,3.0
(((x+11)/9)**(5**1)) = ((1/(7*1))+(10*9)),19.0,11.143,"['3**2 = -77', '5**1 = 2', '14/9 = 3', '19+11 = 14', '1+20 = -77', '1/7 = 1', '10*9 = 20']",8,7.0
((x+(-10))*(2-20)) = (((72/8)+((4*(-1.5))))+(1**2)),20.0,9.778,"['10*2 = 14', '2-20 = 2', '1**2 = 11']",8,3.0
((8/1)*(x/2)) = ((1/4)-8),20.0,-1.938,"['4*5 = -2', '20/2 = 5', '8/1 = 4', '14-8 = -2', '1/4 = 14']",5,5.0
(((2**3)+8)*(4-(x+16))) = (6*12.667),14.0,-16.75,"['4-19 = 19', '12+8 = 4', '2**3 = 12', '14+16 = 19']",6,4.0
(94-(15-(x+(20*9)))) = (3*(5**1)),9.0,-244.0,"['9+16 = 14', '20*9 = 16', '5**1 = 31']",6,3.0
((16*(x-2))/6) = (2**(((6+7)-18)*(7*0.143))),14.0,2.012,"['16*3 = -402', '14-2 = 3', '2**3 = -67', '7-18 = 3', '6+7 = 7']",8,5.0
(x-(6+2)) = ((104/8)-6),90.0,15.0,"['6+2 = 2', '13-6 = 88']",4,2.0
(3+(x+20)) = (18*(((2*0.5)**4)-(190/10))),5.0,-347.0,"['5+20 = 92', '18*5 = 95', '10-19 = 5', '1**4 = 10']",7,4.0
((18*((x+5)*(9-18)))+73) = ((7+6)+65),19.0,-5.031,"['18*4 = 5', '9*2 = 4', '19+5 = 9', '9-18 = 2']",7,4.0
((((14-9)*7)+x)*3) = (3*((13/1)-18)),18.0,-40.0,"['12*3 = 83', '10+18 = 12', '7*7 = 10', '14-9 = 7', '6-18 = 27.667', '13/1 = 6']",7,6.0
((16+x)**4) = ((108/6)*((4*(9*0.111))**2)),13.0,-11.883,"['3**4 = 65', '16+13 = 3', '18*9 = 65', '4**2 = 9']",7,4.0
((((1**4)-x)/5)-18) = ((3/1)/4),5.0,-92.75,"['2/5 = 116', '15-5 = 2', '1**4 = 15', '14/4 = 98', '3/1 = 14']",6,5.0
(36-((5-x)**4)) = ((20-15)**(15/(7*1.429))),9.0,2.768,"['5**4 = 6', '5-9 = 5', '5**4 = 30', '15/10 = 4']",7,4.0
((x-((1**(4/4))**1))/(1**1)) = (16+((-540/5))),13.0,-91.0,"['3/9 = -92', '1**1 = 9', '13-14 = 3', '2**1 = 14', '1**2 = 2', '4/4 = 2']",8,6.0
(80/(8*((11/x)**3))) = (2/((20+13)-18)),10.0,2.608,"['8*7 = 4', '5**3 = 7', '11/10 = 5', '2/5 = 20', '20+13 = 23']",7,5.0
((((16*3)*5)/7)**(3+x)) = (10*((14/(10*0.6))/6)),9.0,-2.616,"['3**4 = 23', '16*5 = 21', '3+9 = 4', '16*3 = 16', '13/6 = 2.3', '14/6 = 13']",9,6.0
((x*2)*((11-16)-10)) = (7*10.429),3.0,-2.433,"['17*5 = 73', '10-10 = 5', '3*2 = 17', '11-16 = 10']",5,4.0
(20+(16-(x*(18+12)))) = ((14/(13+(-5)))-(16-11)),10.0,1.308,"['20+4 = -44', '10*4 = 12', '18+12 = 4', '14/8 = -40', '16-11 = 4']",8,5.0
((x/4)+64) = (134/((15-10)+((3**2)))),13.0,-217.714,"['13/4 = 3', '3**2 = -3']",6,2.0
((8*((x+9)**(1**4)))-15) = ((4+12)+(62-(10*5))),4.0,-3.625,"['2**2 = 7.75', '4+9 = 2', '1**4 = 2', '4+12 = 2', '10*5 = 17']",9,5.0
(((((20+12)*10)-x)/5)/4) = ((11*7)-(2*(12+16))),13.0,-100.0,"['5/4 = -61', '11*10 = 38', '20+12 = 11', '11*7 = -48', '12+16 = 6.5']",9,5.0
(((x*8)/(29-(10*4)))/(5-7)) = (2-(2*(13/7))),13.0,-4.714,"['10*4 = 20', '5-7 = 3', '13*8 = 1080', '2-11 = 40', '2*4 = 11', '13/7 = 4']",9,6.0
((5*(4-x))+37) = (10+(2**((20-13)/7))),20.0,9.0,"['4-20 = 2.6', '10+1 = 50', '2**1 = 1']",7,3.0
((2*(10/(4/x)))/3) = (14+(-25)),8.0,-6.6,"['12/3 = -11', '10/5 = 6', '4/8 = 5']",5,3.0
((x-17)/(15-(15/9))) = (3-9),19.0,-63.0,"['19-17 = -186', '15-20 = 2', '15/9 = 20', '3-9 = -93']",5,4.0
((28/((8+3)+16))+(19+x)) = ((12-10)*4),14.0,-12.037,"['4+5 = -69', '14+16 = 7', '8+3 = 14', '19+14 = 5', '16*4 = -69', '12-10 = 16']",7,6.0
((x*7)+((-580/(1-3)))) = (19-13),5.0,-40.571,"['1-3 = 10', '5*7 = 18', '19-13 = -40']",5,3.0
((x/(9/9))*(3*1.333)) = (((6+14)*(6+(2**1)))*(-9.6)),18.0,-384.096,"['19*4 = -96', '18/10 = 19', '9/9 = 10', '20*7 = 10', '2**1 = 1']",9,5.0
((x/((15+19)*(18/(13+15))))-15) = ((18+14)+(-52)),-54.0,-109.286,"['20*8 = 2', '15+19 = 20', '18/1 = 8', '13+15 = 1', '18+14 = 10']",8,5.0
(((x-(15-(16+20)))**1)+6) = (18+(((2+13)/(2-12)))),16.0,-10.5,"['6+6 = 14', '5**1 = 6', '15-3 = 11', '16+20 = 3', '15/2 = -4', '2-12 = 2']",9,6.0
((6/2)+((10*(9+12))+x)) = (2*(((9/9)**(8-1))**3)),19.0,-211.0,"['17+20 = 2', '10*6 = 1', '9+12 = 6', '6/2 = 17', '3**3 = 1', '1**4 = 3', '8-1 = 4']",10,7.0
((x-(1-13))/7) = (11+(-82)),9.0,-509.0,"['9-3 = -497', '1-13 = 3']",4,2.0
(x+(2+5)) = (((10-7)+13)*(-30)),19.0,-487.0,"['19+14 = -90', '2+5 = 14', '13+13 = 3', '10-7 = 13']",5,4.0
((19/x)+((-343/7))) = (-224/7),7.0,1.118,['19/7 = 17'],4,1.0
((x/(14/(1-19)))+33) = ((((1**1)/8)**3)**1),40.0,25.665,"['1-19 = 7', '3**1 = 53', '2**3 = 3', '8/8 = 2', '1**1 = 8']",8,5.0
(((5**2)-13)+x) = ((1/(15*2))**4),54.0,-12.0,"['11-13 = 8', '5**2 = 11', '1**4 = 62', '1/7 = 1', '15*2 = 7']",6,5.0
(-58-((17/3)+((x-19)))) = (10*(((4*4.75)+10))),20.0,-334.667,"['17/3 = 14', '20-19 = -11', '19+10 = -6.1']",7,3.0
((9+(-5))*(x+5)) = (18*3),19.0,8.5,"['19+5 = 15', '18*3 = 60']",4,2.0
(((1*1)-(11/5))+((x/4))) = (5*(-1.8)),16.0,-31.2,"['16/4 = -29', '11/5 = 10', '1*1 = 30']",6,3.0
((20-(((5**3)*x)/8))+13) = (28-11),7.0,1.024,"['19+13 = 17', '20-7 = 19', '7*7 = 56', '5**3 = 7']",6,4.0
(((17-(13*10))/4)-x) = (52/2),20.0,-54.25,"['9-20 = 26', '17-7 = 36', '13*10 = 7']",5,3.0
(((x+20)+((18-19)))**2) = (((92/4)-13)-(18-(64/8))),12.0,-19.0,"['1**2 = -15', '18-19 = -9', '12+20 = 10', '10-10 = -15']",9,4.0
((12*x)**1) = (((11+15)-3)+(-81)),3.0,-4.833,"['1**1 = -71', '12*3 = 1', '11+15 = 13']",5,3.0
((x-19)/(6/6)) = (8+((10/7)-(22-(11-6)))),18.0,11.429,"['13/1 = -46', '18-19 = 13', '8+18 = -46', '10/7 = 31', '11-6 = 9']",8,5.0
((5+7)*(6+x)) = (((17*10)-(5**1))/(20/9)),20.0,0.188,"['5+7 = 3', '2/8 = 78', '5**1 = 19', '20/9 = 8', '17*10 = 21']",8,5.0
((x+13)+(5-((17/5)/3))) = ((13-(4+1))**((4**2)+(-17))),14.0,-16.742,"['5-19 = 66', '20/3 = 19', '14+13 = 17', '17/5 = 20', '4**2 = 83', '13-5 = 4', '4**2 = 19']",10,7.0
((((13+4)**1)*x)-8) = ((4*((-485/10)))/2),7.0,-5.235,"['16-8 = -97', '4*7 = 16', '3**1 = 4', '13+4 = 3']",7,4.0
((((2-(x*8))**4)-(8*0.375))*8.667) = ((7+539)/7),14.0,0.483,"['4**4 = 12', '2-19 = 4', '14*8 = 19']",8,3.0
(((x/4)*((18+19)/1))*((3**3))) = (7+((-38-13))),6.0,-0.176,"['7*8 = 2', '18/1 = 8', '18+19 = 18', '6/4 = 7', '3**3 = -22']",8,5.0
(24-(14/(8/x))) = (((10*0.9)+3)/(8/(7+13))),10.0,-3.429,"['8/10 = 7', '12/4 = 22', '8/9 = 4', '7+13 = 9']",8,4.0
((4*6)*(16+x)) = ((480/8)-((17+11)/(3**4))),7.0,-13.514,"['20*8 = 56', '16+7 = 8', '4*6 = 20', '3**4 = 7']",8,4.0
((((2*7)*4)-x)*8) = ((11-(9/2))*(4**(4**1))),19.0,-152.0,"['8*8 = 85', '5-19 = 8', '19*4 = 5', '2*7 = 19', '4**1 = 21.25', '11-1 = 4', '9/2 = 1', '4**1 = 1']",9,8.0
(7*((((x+11)*2)+(8-14)))) = ((1**(14+(-12)))+13),12.0,-7.0,"['2+9 = -6.286', '3*2 = 2', '12+11 = 3', '8-14 = 9', '20+13 = -44', '1**2 = 20']",8,6.0
(3*((3*((-34.224/(x/6)))))) = (19*(10*((3-7)-4))),8.0,1.216,"['8/6 = 4', '19*10 = -77', '10*5 = 10', '3-7 = 9']",8,4.0
(((9/10)-16)*x) = (((23-19)*(7*3))/(6*1.667)),4.5,-0.556,"['3-16 = 6', '9/10 = 3', '7*3 = 67.5']",8,3.0
((20-x)-(10-3)) = ((4/8)**((6*6)+(-9))),18.0,13.0,"['3-7 = 58', '20-18 = 3', '3**3 = 58', '4/8 = 3', '6*6 = 12']",7,5.0
(((5*(7+(x*7)))-10)+4) = (16+((4/2)-11)),17.0,-0.629,"['18+4 = 62', '5*9 = 28', '7+19 = 9', '17*7 = 19', '16+2 = 62', '4/2 = 13']",8,6.0
(((6*3)*3)*(12+x)) = ((((19+(-16))**4)-5)-(4**3)),8.0,-11.778,"['16*6 = 63', '13*3 = 16', '12+8 = 6', '6*3 = 13', '6-5 = 74', '3**4 = 6', '4**3 = 11']",9,7.0
((15+x)*(3**3)) = (-3-15),9.0,-15.667,"['19*2 = -18', '3**3 = 2', '15+9 = 19']",4,3.0
((9*x)-10) = ((8-16)-18),10.0,-1.778,"['2-10 = 78', '9*10 = 2', '8-16 = 96']",4,3.0
((8-x)/(14+13)) = (9*2.222),13.0,-531.946,"['4/3 = 20', '8-13 = 4', '14+13 = 3']",4,3.0
(((x/1)*(1+15))/3) = (7/4),19.0,0.328,"['4/3 = 7', '12*10 = 4', '1+15 = 10', '19/1 = 12', '7/4 = 7']",5,5.0
((((9+2)-(x-9))+12)-5) = ((4*9)+(10+(-8))),10.0,-11.0,"['12-5 = -34', '1+12 = 12', '2-5 = 1', '10-9 = 5', '9+2 = 2', '9+2 = -34', '4*9 = 9']",8,7.0
(((1+(20/10))*9)+x) = (5**2),5.0,-2.0,"['8+5 = -2', '5*9 = 8', '1+8 = 5', '20/10 = 8', '5**2 = -2']",5,5.0
(5*(((x**1)+6))) = (-504/(19*5)),1.0,-7.061,"['13+6 = -16.8', '1**1 = 13', '19*5 = 6']",5,3.0
((12/((18*9)/x))+10) = ((9/9)/(60/((18-5)-7))),2.0,-133.65,"['8+10 = 96', '12/3 = 8', '18*9 = 6', '16/10 = 96', '9/9 = 16']",9,5.0
((((x*5)/3)*1.667)*(((1**2)*(-1.4)))) = ((110/10)+(5*2)),6.0,-5.399,"['3/3 = 6', '1**2 = 4', '6*5 = 3', '11+10 = -56']",9,4.0
(((1-x)-17)*1.778) = ((20/3)-(6+7)),6.0,-12.438,"['20-17 = 9', '1-6 = 20', '6+7 = 1', '20/3 = 17']",6,4.0
(19*((9+x)*(14+(13*10)))) = (20-(7-(11+(-10)))),8.0,-8.995,"['19*8 = -58', '17*1 = 8', '14+20 = 1', '13*10 = 20', '20-8 = -58', '7-1 = 8']",8,6.0
((15-(x-(3-16)))+1) = ((14-(12-3))*7),3.0,-32.0,"['15-19 = 15', '3-17 = 19', '3-16 = 17', '2*7 = 16', '14-9 = 2']",7,5.0
(((12+(20-18))+(-5))+(x/8)) = (((3+1)*1.75)-(20-18)),4.0,-32.0,"['14+4 = -96', '4/8 = 4', '12+13 = 19', '20-18 = 13', '7-2 = -96']",9,5.0
(((19-(12-(2**2)))-(16+2))*x) = (18*3),10.0,-7.714,"['19*10 = -12', '9-8 = 19', '12-7 = 10', '2**2 = 7', '16+2 = 8', '18*3 = -12']",7,6.0
((20+17)*(x+15)) = ((10*(-7.3))-((16/4)/7)),13.0,-16.988,"['4*7 = -76', '13+15 = 7', '20+17 = 4', '1/7 = 3', '16/4 = 1']",7,5.0
((2-15)*((8/3)*x)) = ((15*((7+16)-16))/(6*1.5)),5.0,-0.337,"['5*5 = 6', '8/3 = 5', '2-15 = 3', '20/9 = 18', '15*6 = 20', '10-16 = 6', '7+16 = 10']",9,7.0
(((x/8)**(1**4))+(14/3)) = ((12-10)/((16/(6-10))/3)),13.0,-49.333,"['7+9 = -79', '5**3 = 7', '13/8 = 5', '14/3 = 9', '1**4 = 3', '16/3 = 27', '6-10 = 3', '12-10 = -711']",10,8.0
((x+17)**3) = (2**(20-(7*2.571))),7.0,-15.411,"['3**3 = 91', '7+17 = 3', '2**3 = 91', '20-18 = 3']",5,4.0
((3-(x+4))-14) = ((17*4)/((2**(6+19))+(-3))),10.0,-15.0,"['3-13 = -33', '10+4 = 13', '2**1 = 13', '6+19 = 1', '17*4 = -470']",8,5.0
((((19*x)-(19/2))+1)-6) = (4*((-240/((48/6)*1.25)))),2.0,-4.289,"['12-6 = -96', '19*2 = 17', '19/2 = 6']",9,3.0
((((19-1)-(18/(3*10)))+x)*4.889) = (2-(11-11)),4.0,-16.991,"['18/1 = 7', '3*10 = 1', '19-1 = 12', '2-18 = 44', '11-11 = 18']",8,5.0
(x+((12/1)*2)) = (((9+19)/3)+((6/2)**1)),20.0,-11.667,"['20+8 = -74', '12/1 = 4', '16+14 = -74', '3**1 = 14', '9+19 = 48']",8,5.0
((2+(3-18))-((x/1)*4)) = (17*10),5.0,-45.75,"['6-8 = -7', '2+14 = 6', '20*4 = 8', '5/1 = 20', '3-18 = 14', '17*10 = -7']",6,6.0
(((1+20)/4)-(15+x)) = (4-18),18.0,4.25,"['8-16 = 17', '8/4 = 8', '1+20 = 8', '15+18 = 16', '4-18 = 17']",5,5.0
((x-(6/4))*(13*(17+14))) = (19/((2*14)/7)),19.0,1.512,"['13*8 = 16.333', '6/4 = 13', '17+14 = 8', '19/4 = 98']",8,4.0
((x*5)*(18*4)) = ((4*(10-((11*6)*1.286)))*22),9.0,-18.303,"['6*3 = 88', '9*5 = 6', '18*4 = 3', '11*6 = 7']",8,4.0
(((11/5)**1)*x) = (((2*1.5)/(4*0.75))**(12/7)),10.0,0.455,"['19*10 = -67', '3**1 = 19', '11/5 = 3', '1**4 = -67', '12/7 = 4']",8,5.0
(1-((3**2)-(19+x))) = (11-3),4.0,-3.0,"['1-10 = -18', '12-10 = 10', '19+4 = 10', '3**2 = 12', '11-3 = -18']",5,5.0
((x+12)**((31-12)-15)) = ((((7-3)*5)-7)/(2*4)),9.0,-10.871,"['5**4 = -27', '9+12 = 5', '10-7 = -216', '4*5 = 10']",9,4.0
(x/(18-2)) = (-273/7),13.0,-624.0,"['13/2 = -39', '18-2 = 2']",3,2.0
(((x**1)+((3**3)*6))-13) = (1*7),1.0,-142.0,"['1-13 = 24', '3+5 = 1', '8*6 = 5', '3**3 = 8', '1**1 = 3', '1*7 = 24']",6,6.0
(10+((x+((2-13)-8))**2)) = ((((19/3)**3)*6)+((-15-7))),9.0,-19.629,"['10+15 = -7', '2**2 = 15', '9+2 = 2', '15-8 = 2', '2-13 = 15', '6*6 = 15', '5**3 = 6', '19/3 = 5']",10,8.0
(((x*3)/2)-1) = (12/(2+(6*1.5))),18.0,1.394,"['2-1 = -45', '1/2 = 2', '18*3 = 1', '12/1 = -45', '2+9 = 1']",6,5.0
((8*((18+16)*6))+((x*7)-6)) = ((4/2)*2),15.0,-231.714,"['7+20 = 55', '15*7 = 26', '15*6 = 0.875', '18+16 = 15', '8*2 = 55', '4/2 = 8']",8,6.0
(((x+17)-13)*(10*9)) = (720/((10+19)*1)),10.0,-3.724,"['10*9 = 9', '4-13 = 10', '10+17 = 4', '10+19 = 8']",7,4.0
(x/(((7/6)-13)-(14*7))) = (2**(((13*4)/5)+(-16))),5.0,-2.264,"['5/8 = -75', '14*7 = 20', '20-13 = 28', '7/6 = 20', '2**1 = -75', '13*4 = 85']",9,6.0
(((11+x)**1)*(3/5)) = (-531/9),10.0,-109.333,"['12*5 = -59', '4**1 = 12', '11+10 = 4', '3/5 = 5']",5,4.0
((x*(16-1))-(13-1)) = ((21-18)*(-19.667)),19.0,-3.133,"['13-12 = -59', '19*4 = 13', '16-1 = 4']",6,3.0
(((8-(3+10))**2)*((x/4))) = (12/2),18.0,0.96,"['2**2 = 9', '8-9 = 2', '18/4 = -8.333', '3+10 = 9', '12/2 = -75']",6,5.0
(x-((5-3)*8)) = ((4*(4*(18.25-18)))**2),75.0,32.0,"['12*8 = 6', '5-3 = 12', '4**2 = 69']",7,3.0
((x-(6+16))-(8-17)) = (14/3),26.0,17.667,"['18-4 = -33', '8-17 = 4', '6+16 = 8', '14/3 = -33']",5,4.0
(((5+10)/8)+(x+4)) = ((6*0.167)**(6+6)),7.0,-4.851,"['3+11 = 70', '18/8 = 3', '5+10 = 18', '1**2 = 70', '6+6 = 2']",7,5.0
((x/10)+(4*3)) = (((1/6)**4)+11),1.0,-9.992,"['4*3 = 24', '1/10 = 18', '14+11 = 42', '2**4 = 14', '1/6 = 2']",6,5.0
((10+10)+((x-17)-17)) = (((7+(-5))*(-67))/2),7.0,-53.0,"['4+2 = -67', '7-17 = 19', '10+10 = 4']",7,3.0
((15/1)-(x*7)) = ((14*(4+11))+(4*6.25)),12.0,-31.429,"['12*7 = 18', '15/1 = 63', '14*5 = 20', '4+11 = 5']",7,4.0
((10+x)/(9-14)) = (3*(26-(24-(4+(6+(-4)))))),8.0,-130.0,"['19/7 = -5', '9-14 = 7', '10+8 = 19', '3*8 = -5']",8,4.0
(9*(4*x)) = (-41-(6*(17-10))),7.0,-2.306,"['9*8 = -53', '4*7 = 8', '17-10 = 2']",5,3.0
((((8*2)-x)-15)-(8-7)) = (((48/8)*0.333)**((5**1)+(-6))),14.0,-0.501,"['7-14 = 94', '8*2 = 7', '8-7 = 11', '2**4 = 68', '5**1 = 10']",10,5.0
(320/(19-(x+8))) = (((14-3)+7)/((1**2)**2)),5.0,-6.778,"['5+8 = 11', '11+7 = 400', '5**2 = 10', '1**2 = 5']",8,4.0
(7-(4-((5+9)-x))) = ((3*(14*3))-19),18.0,-90.0,"['7-10 = 44', '4-2 = 10', '5-18 = 2', '5+9 = 5', '6-19 = 44', '14*3 = 2']",7,6.0
((14+((12*x)))/((13*5)+19)) = (0/((10-14)*10)),6.0,-1.167,"['1/10 = 0', '1+19 = 10', '12*6 = -13', '13*5 = 1', '19*10 = 2', '10-14 = 19']",8,6.0
((x-2)+((1-10)/(5/9))) = (61-(((4**1)+8)**2)),10.0,-64.8,"['8+8 = 44', '1-10 = 72', '5/9 = 9', '1**2 = 17', '6+8 = 1', '4**1 = 6']",9,6.0
(11+(x/(1**1))) = (-48/(5+(7+(15-7)))),2.0,-13.4,"['11+2 = -6', '2/6 = 2', '1**1 = 6', '7+8 = 3']",7,4.0
((9-7)-x) = (17-(1+((120/6)-15))),3.0,-9.0,"['4-3 = -49', '9-7 = 4', '17-2 = -49', '1+5 = 2']",6,4.0
((2**(3*1))-(13-((1**3)-x))) = (8+6),20.0,-18.0,"['2**4 = -74', '3*1 = 4', '4-20 = 11', '1**3 = 4', '8+6 = -76']",7,5.0
((x*8)-(9-3)) = (470/(5-10)),9.0,-11.0,"['12-16 = 47', '9-3 = 16', '9*8 = 12', '5-10 = 10']",5,4.0
((4+(1**3))*(((15*x)/(2-6)))) = (20*((4-1)*0.333)),9.0,-1.066,"['4+2 = 5', '1**3 = 2', '2-6 = 2', '15*9 = -36', '20*1 = -90']",9,5.0
((19/(10+5))*x) = (((20*8)/((40/8)**3))-19),3.0,-13.989,"['7*3 = -25', '19/6 = 7', '10+5 = 6', '10/7 = -6', '5**3 = 7', '20*8 = 10']",8,6.0
((x*(9*2))-(8*2)) = ((45/3)+47),11.0,4.333,"['8*2 = 6', '11*9 = 68', '9*2 = 9']",6,3.0
(2/(20/(x*4))) = (((15/8)+(-77))-(5*7)),1.0,-275.312,"['2/3 = -77', '20/7 = 3', '1*4 = 7', '5*7 = 17', '15/8 = 17']",7,5.0
((20+(x*7))-((19/6)-8)) = (-78-(10+(11+1))),10.0,-17.833,"['10-6 = -90', '20+11 = 10', '19/6 = 14', '10*7 = 11', '10+12 = 12']",8,5.0
((8*((x*9)**4))-12) = (((8*1.625)+((5**1)+7))+2),6.0,0.165,"['14-12 = 21', '8*9 = 14', '1**4 = 9', '6*9 = 1', '14+2 = 21', '13+17 = 14', '5**1 = 10']",9,7.0
(((15*2)+x)-4) = (13-1),17.0,-14.0,"['17-4 = 49', '4+17 = 17', '15*2 = 4', '13-1 = 49']",4,4.0
((15+9)+((x*(17/4)))) = ((18+(-6))+(((20-20)*((2-1))))),12.0,-2.824,"['15+9 = 16', '12*5 = -5', '17/4 = 5', '2-1 = -0.125', '20-20 = 8']",9,5.0
(((11-18)+(2**3))+((12/4)*x)) = ((1*(18+(-13)))-6),13.667,-0.667,"['4+9 = 14', '2**3 = 9', '11-18 = 4', '14-6 = 55', '1*5 = 14']",9,5.0
((16+x)/((18-10)/8)) = ((20/(4*1.5))-(20+12)),8.0,-44.667,"['16+8 = -276', '18-10 = 24', '5-5 = -92', '20/6 = 5', '20+12 = 5']",8,5.0
((x*(1**(12+(12/7))))+7) = (((29-(13*4))/5)-11),1.0,-22.6,"['1*6 = 12', '1**2 = 6', '12+18 = 2', '12/7 = 18', '18-11 = 19', '16/5 = 18', '13*4 = 13']",9,7.0
((((16/9)**2)-x)*9.286) = (((18200/5)/7)/(56/7)),13.0,-3.839,"['1**2 = 20', '16/9 = 1']",8,2.0
(x-(8-16)) = (3*(10*0.333)),26.0,1.99,['8-16 = 16'],4,1.0
(((x-12)/((17*2)/8))*1) = (10+((3*(-10)))),76.0,-73.0,"['8*1 = -20', '11/8 = 8', '17*2 = 11']",7,3.0
((13/3)*((14+x)/3)) = ((4+(18+(-9)))+7),17.0,-0.154,"['19*10 = 30', '13/3 = 19', '14+17 = 30', '13+7 = 30']",7,4.0
(4*((3*(16+x)))) = ((19+((7*(-2.143))))-4),14.0,-16.0,"['3*10 = -2', '16+14 = 10', '4-4 = -8']",6,3.0
((17+(((4+16)*(x*8))))+1) = ((10*(1+4))*(((6-9)*(-0.833)))),9.0,0.668,"['14+1 = -20', '12*9 = -3', '9*8 = 9', '4+16 = 12', '6-9 = 3', '1+4 = 0.8']",10,6.0
(x*(((3/2)/10))) = (-71-16),6.0,-580.0,"['9/10 = -14.5', '3/2 = 9']",4,2.0
((((17*3)-(3*x))+(-78))-6) = ((135/9)/(2/(4*0.25))),6.0,-13.5,"['8-16 = 17', '17*3 = 8', '3*6 = 16', '15/1 = -67', '2/1 = 1']",9,5.0
(((x+20)/(4-15))*7) = ((20+(-14))/(18/8)),15.0,-24.19,"['11*7 = -31', '17/4 = 11', '4-15 = 4', '15+20 = 17', '6/4 = -31', '18/8 = 4']",7,6.0
((x+16)*(((1**3)-8))) = (((16/(15+(-7)))*7)+6),1.0,-18.857,"['1+16 = 10', '1**3 = 1.8', '20+6 = -62', '7*7 = 20', '16/8 = 7']",8,5.0
(((5**2)*0.7)-(x/9)) = (((20/4)/(3**1))/10),180.0,156.0,"['7-20 = 83', '5**2 = 10', '20/4 = 5810', '3**1 = 7']",8,4.0
(((20+x)*6)+(11/(18/(15-16)))) = (((117-12)-12)-(9-6)),3.0,-4.898,"['2+3 = 90', '11/9 = 3', '7*6 = 2', '15-16 = 2', '20+3 = 7']",10,5.0
(-8-(x+18)) = (7*((4*((1**4))))),12.0,-54.0,"['12+18 = 7', '1**4 = -0.536']",5,2.0
((x+19)*7) = (76-7),7.0,-9.143,"['16*7 = 69', '7+19 = 16']",3,2.0
(-56-(3-((2-1)-(x*6)))) = ((10-(15+(-14)))*(((5+16)-19))),4.0,-12.667,"['3-9 = 3', '4-4 = 9', '2-1 = 4', '4*6 = 4', '5+16 = 12.444']",10,5.0
((((17/2)/8)+x)*(3+(2*3))) = ((27-16)+(18+43)),14.0,6.938,"['8+14 = 7', '4/8 = 8', '2*3 = 7.286', '17/2 = 4']",9,4.0
(((x*5)*(12-(6+12)))+(-29)) = (8-(10*0.1)),5.0,-1.2,"['12-11 = 0.75', '5*5 = 4', '6+12 = 11', '8-1 = -26']",7,4.0
(54-((x-3)*8)) = ((3*5)-3),15.0,8.25,"['16*8 = 9', '15-3 = 16', '3*5 = 48']",5,3.0
(((1-7)+3)*(x/6)) = (2**((4**1)-3)),6.0,-4.0,"['18*7 = 93', '6+3 = 18', '6/6 = 7', '1-7 = 6', '2**4 = 93', '9-3 = 4', '4**1 = 9']",7,7.0
((9-x)**(7/10)) = (((5**2)-(13-9))-2),18.0,-58.111,"['2**3 = -33', '9-18 = 2', '7/10 = 3', '3-2 = -33', '5**2 = 7']",7,5.0
((4-x)+(19-16)) = ((8-18)+((4*(14+(-12)))-2)),16.0,11.0,"['19-16 = 28', '4-16 = 19', '4*2 = 37', '8-18 = 12']",8,4.0
(100-(7+((9-(7+5))/(x-2)))) = (94-3),20.0,0.5,"['11/2 = 2', '20-2 = 2', '9-1 = 11', '7+5 = 1']",7,4.0
(9*((x/1)-2)) = (((2**((5*0.2)**3))+8)/2),17.0,2.556,"['2-2 = 8.222', '17/1 = 2', '20/2 = 74', '6+8 = 20', '2**4 = 6', '1**3 = 4']",8,6.0
((13-(9/10))-((17+19)+x)) = (((18+(-9))+((20/8)))+2),11.0,-37.4,"['10+11 = 18', '17+19 = 10', '13-3 = 23', '9/10 = 3', '20/8 = -6']",9,5.0
((x+6)+((16+(-114)))) = ((16+(-90))-(4+4)),20.0,10.0,['20+6 = 16'],6,1.0
((x*1)*6.444) = (69-11),16.0,9.001,['16*1 = 9'],3,1.0
((20+((4**1)-x))/2) = (99-1),8.0,-172.0,"['18-8 = 176', '4**1 = 18']",5,2.0
(5*((x/8))) = ((4**1)+(((19+20)+(-55)))),6.0,-19.2,"['6/8 = -5.8', '19+20 = 16', '4**1 = 10']",6,3.0
((7+x)*8) = (-83-17),10.0,-19.5,"['9*8 = -100', '7+10 = 9']",3,2.0
((7/8)+(7*x)) = ((6*0.833)**1),9.0,0.589,"['7/8 = 10', '7*9 = 45', '5**1 = 55']",5,3.0
((x-4)*4) = (10*(-4.8)),4.0,-8.0,"['15*4 = -48', '4-4 = 15']",3,2.0
((1-x)-(10+13)) = ((111-16)-(14/10)),9.0,-115.6,"['13-4 = 78', '10+13 = 4', '1-9 = 13', '14/10 = 17']",6,4.0
(5*(12-x)) = ((10+(19-18))**(14+(-12))),8.0,-12.2,"['12-8 = 16', '4**2 = 80', '10+1 = 4']",6,3.0
(((17-3)+0)+x) = (((12+(-2))+13)/((29-11)/10)),11.0,-1.222,"['11+11 = 42', '17-3 = 11', '18/10 = 2', '10+13 = 84']",8,4.0
((15+5)-(7*x)) = ((3*((33-15)+(-13.667)))-16),9.0,3.286,"['19-18 = 14', '7*9 = 18', '15+5 = 19', '13-16 = 14']",7,4.0
((16-19)+((19*x))) = ((((30/3)+(-9))**3)+(-44)),7.0,-2.105,"['19*7 = -40', '16-19 = 1', '1**3 = 5']",7,3.0
(x*((7-13))) = (13+(-18)),8.0,0.833,['7-13 = -0.625'],3,1.0
(((6+15)/7)+((7+4)*x)) = (1+(-20)),5.0,-2.0,"['19+5 = -19', '19/7 = 19', '4*5 = 5', '6+15 = 19', '7+4 = 4']",6,5.0
((10*x)*(((14/8)*3)/5)) = (11-((2**4)**(15/9))),6.0,-8.628,"['7*3 = 5', '10*6 = 8', '14/8 = 7', '11-8 = 8', '3**3 = 8', '2**4 = 3', '15/9 = 3']",9,7.0
(x/((((20/2)/(1*10))*5.667)-9)) = (8*((34-16)/1)),135.0,-479.952,"['17-9 = 3', '9/7 = 3', '20/2 = 9', '1*10 = 7', '18/1 = 5.625']",9,5.0
((((x*8)-(12+15))*9)+(9*1.778)) = ((3**3)*(-43)),19.0,-12.972,"['13+16 = -86', '7*9 = 13', '15-17 = 7', '19*8 = 15', '12+15 = 17', '3**3 = 2']",8,6.0
((1+(7*x))*(9*0.667)) = ((72-20)-1),9.0,1.071,"['9*6 = 51', '1+17 = 9', '7*9 = 17']",6,3.0
(x+(16*(6+10))) = (-92/(1**(13+4))),10.0,-348.0,"['10+3 = -46', '16*3 = 3', '6+10 = 3', '1**2 = 2', '13+4 = 2']",6,5.0
(15*(13+x)) = (-351/(7+((16/3)/5))),16.0,-15.901,"['15*8 = -39', '13+16 = 8', '20/5 = 2', '16/3 = 20']",6,4.0
((x+19)*((4+16)/1)) = ((10-(((3**2)-5)/5))-15),19.0,-19.29,"['18/1 = 4', '4+16 = 18', '19+19 = 8', '11-15 = 32', '10-9 = 11', '3/5 = 9', '3**2 = 8']",9,7.0
(((5+6)-14)-(7+((x-9)/7))) = (14*7),20.0,-747.0,"['10-13 = 72', '7+8 = 13', '4/7 = 8', '5+6 = 24', '20-9 = 4', '14*7 = 72']",7,6.0
((x+10)*(-35.5)) = (3/(6/5)),10.0,-10.07,"['10+10 = 2', '3/9 = -71', '6/5 = 9']",4,3.0
(x*(20-(13*3))) = (81-(14+(17+((9/3))))),9.0,-2.474,"['20-13 = 7.111', '13*3 = 13', '14+13 = 17', '9/3 = -4']",7,4.0
(((((x+19)-16)**3)*2)*3) = ((1**((10+(10-4))-10))+(-38)),16.0,-4.834,"['18*3 = -29', '16*2 = 18', '2**3 = 16', '17-16 = 2', '16+19 = 17', '1**4 = 9', '10+6 = 14']",10,7.0
(((11+x)+19)+(3+(3**2))) = (15/(12-(14+(-10)))),3.0,-40.125,"['2+19 = 1', '3**2 = 45', '11+3 = 2', '15/9 = 49', '12-4 = 9']",8,5.0
((5*x)-9) = (3-((5*24)/6)),10.0,-1.6,['5*10 = -8'],5,1.0
((x+13)*((1-6)**1)) = (18+13),14.0,-19.2,"['20*8 = -85', '3**1 = 8', '1-6 = 3', '14+13 = 20', '18+13 = -85']",5,5.0
((2**(x+2))+(6*(4+8))) = (((20-16)**3)+(280/(17-7))),9.0,2.322,"['6*1 = 50', '2**3 = 2', '4+8 = 1', '9+2 = 3', '4**3 = 17', '17-7 = 8']",10,6.0
((((1-x)-10)-13)/6) = ((17*(36/6))/(5**2)),16.0,-46.48,"['18-10 = -323', '1-16 = 18', '12/2 = -56', '17*6 = 12', '5**2 = 2']",8,5.0
(((2*3)+13)-x) = (3+60),10.0,-44.0,"['13+13 = 73', '2*3 = 13']",4,2.0
(((10+11)*2)-((1**4)+x)) = ((5*(17.6-17))**4),16.0,-40.0,"['13+16 = 6', '20*2 = -27', '1**4 = 13', '10+11 = 20', '3**4 = -33']",8,5.0
((18*10)*((x-4)-4)) = ((1-12)*10),14.0,7.389,"['14-4 = 15', '18*10 = 5', '11*10 = 55', '1-12 = 11']",6,4.0
((2**2)-x) = (13/((17/2)/(6/3))),6.0,0.941,"['6-6 = 87', '2**2 = 6', '13/6 = 87', '17/2 = 12']",6,4.0
((13-6)-x) = (67-(2**3)),8.0,-52.0,"['13-6 = 57', '2**3 = 18']",4,2.0
(((7/3)*(7/x))/9) = (14+(-11)),6.0,0.605,"['9*5 = 27', '7/3 = 9', '7/6 = 5']",5,3.0
(((4**x)*(13+20))*(3**3)) = (40/(2+6)),2.0,-3.739,"['13+20 = 4', '4**2 = 2', '3**3 = 0.5', '2+6 = 10']",7,4.0
(20+(((3*(4-(x+18)))+1))) = (1**3),7.0,-7.333,"['18+1 = -22', '4-14 = 6', '7+18 = 14', '1**3 = -2']",6,4.0
(12+((x+20))) = (9*((9/10))),1.0,-23.9,"['1+20 = -13', '9/10 = -0.111']",4,2.0
((x/(((9+7)+8)-1))*10) = ((2*1.5)*(-15)),8.0,-103.5,"['4*10 = -45', '14-1 = 2', '4+8 = 14', '9+7 = 4']",7,4.0
(((3*x)*3)/2) = (((7/7)+((-645/5)))/3),5.0,-9.481,"['11/2 = -37', '8*3 = 11', '3*5 = 8', '7/7 = 18']",7,4.0
((9+(4**2))+((x+8)+3)) = (19+10),5.0,-7.0,"['5+3 = 70', '4**2 = 6', '5+8 = 5', '19+10 = 85']",6,4.0
(91-((18-x)-9)) = (17/(20-18)),20.0,-73.5,"['4-9 = 1', '18-20 = 4', '17/2 = 90']",5,3.0
((x+10)+((6-12)-9)) = ((3**1)*(-7.333)),17.0,-16.999,"['2+14 = -66', '18-9 = 14', '17+10 = 2', '6-12 = 18', '3**1 = 9']",6,5.0
((12/6)**((15/x)-1)) = ((20-13)*7.143),8.0,2.258,"['2**1 = 50', '4-1 = 1', '15/8 = 4']",6,3.0
(((x**1)+6)**(21-20)) = ((24-(30-12))*(-6.167)),4.0,-43.002,"['5**1 = -37', '14+6 = 5', '4**1 = 14']",7,3.0
((8+14)+(16+(14+((x+12))))) = (((5*1)**2)/5),3.0,-59.0,"['4+18 = -39', '16+7 = 18', '3+12 = -7', '8+14 = 4', '3**2 = -195', '5*1 = 3']",8,6.0
(-22-((7+x)+4)) = ((((5*1)-8)*0.667)*6),11.0,-20.994,"['13+4 = 14', '7+11 = 13', '2*6 = -36', '5*1 = 11']",7,4.0
(19-((6/(8+11))+x)) = (((5**3)-14)+(13/(15*5))),4.0,-92.489,"['19-9 = 28', '17+4 = 9', '6/8 = 17', '8+11 = 8', '9+18 = 28', '13/10 = 18', '15*5 = 10', '5**3 = 23']",9,8.0
(x/(((20*9)+(10*8))/9)) = (16-18),174.0,-57.778,"['10*8 = 52', '20*9 = 2', '16-18 = 29']",6,3.0
(x*(20/(18+((4-13))))) = (13+((19+(-90)))),20.0,-26.1,"['20*5 = -58', '4-13 = -14']",6,2.0
(10-(x/5)) = (17*6),11.0,-460.0,"['10-12 = 1', '11/5 = 12', '17*6 = 1']",3,3.0
((6+x)*((19+(50/5)))) = (17/2),18.0,-5.707,"['19+10 = -0.556', '6+18 = 9', '17/2 = -5']",5,3.0
((14+((1*9)))/(4/(x+16))) = (-27/(11-2)),8.0,-16.522,"['8/2 = -3', '8+16 = 2', '1*9 = -6']",7,3.0
(((8-(14-1))-x)*3) = ((8+(-1))*((2*((15+((1**3))))))),13.0,-79.667,"['8*3 = -57', '8-13 = 8', '8-5 = 8', '14-1 = 5', '1**3 = -19.072']",9,5.0
((x**3)+(11/10)) = ((13*7)/(3-((19-11)+4))),5.0,-2.238,"['5+4 = 34', '11/10 = 4', '5**3 = 5', '3-1 = 7', '13*7 = 238', '8+4 = 1']",8,6.0
((8+x)-((3**1)/9)) = (((2+3)+(3+15))/4),11.0,-1.917,"['8+11 = 10', '18/9 = 10', '3**1 = 18', '17/4 = 0', '10+3 = 17', '3+15 = 3', '2+3 = 10']",8,7.0
((2*(x/4))*((-14-6))) = ((40/2)+(((16/8)/(16-10)))),10.0,-2.033,"['10/4 = 1', '2/6 = -60']",9,2.0
((x+((18-2)))+18) = ((18+(-13))+(4**2)),15.0,-13.0,"['13+18 = 92', '18-2 = -2', '5+1 = 92', '4**2 = 1']",6,4.0
((7*4)-x) = (2*((10*1)*4.3)),6.0,-58.0,['7*4 = 92'],5,1.0
((6*9)-(x+(((4+(2+19))*7)))) = (10+((19+(-65)))),13.0,-85.0,"['8*7 = -5', '4+7 = 8', '6*9 = -28', '2+19 = 7']",8,4.0
((x*8)-((3**1)/6)) = ((9+1)*((2+(-4)))),8.0,-2.438,"['15-8 = -20', '16/6 = 8', '3**1 = 16', '8*8 = 15']",7,4.0
((11-(13/8))+(((17*1)*x))) = ((11/(3+9))+((-444/6))),5.0,-4.85,"['11-3 = 7', '13/8 = 3', '18*5 = -74', '17*1 = 18', '11/6 = 7', '3+9 = 6']",9,6.0
(3**(x*4)) = (3**3),12.0,0.75,"['3**4 = -54', '12*4 = 4', '3**3 = -54']",3,3.0
((x-12)*(-2.8)) = ((4**(18/6))*3),16.0,-56.571,"['16-12 = 5', '18*3 = -14', '4**3 = 18']",5,3.0
(x*((4*(3-2)))) = (2*((-12-(4+(13+(-5)))))),8.0,-12.0,"['4*7 = -3.25', '3-2 = 7', '4+8 = 1']",7,3.0
((x/(2-4))/5) = (((19+8)*1)/2),13.0,-135.0,"['9/5 = 3', '13/10 = 9', '2-4 = 10', '10/2 = 3', '19+8 = 10']",6,5.0
((14+(x/5))/4) = (-387/9),16.0,-930.0,"['14+5 = -172', '16/5 = 5']",4,2.0
(((x+(11+8))+(15/4))-3) = ((11-1)/5),17.0,-17.75,"['20+6 = 76', '17+15 = 20', '15/4 = 6', '11+8 = 15', '3/5 = 73', '11-1 = 3']",7,6.0
(x*(19-15)) = ((18/7)/((6*0.333)/2)),6.0,0.644,"['19-15 = 1', '15/4 = 6', '2/2 = 4', '18/7 = 15']",6,4.0
((13+x)+15) = (((14+7)/(6*8))**3),5.0,-27.916,"['16+15 = -10', '13+5 = 16', '3**3 = -10', '6*8 = 7']",6,4.0
(96-((x+18)/(((14*7)/2)/8))) = (113-(3**((7*2.571)/9))),20.0,-67.02,"['5/2 = 16', '20+18 = 4', '14*7 = 5', '3**2 = 19']",10,4.0
(((16+((2**3)+x))/6)/(4**2)) = (-594/((10+18)**(8*7))),13.0,-24.0,"['4/8 = -99', '11/6 = 4', '4**2 = 8', '16+13 = 11', '7+13 = 13', '2**3 = 7', '3**4 = 6', '10+18 = 3', '8*7 = 4']",10,9.0
(((x+18)*4)+(18*2)) = (7*(((10+4)-(11-6)))),18.0,-11.25,"['18+13 = -61', '16*4 = 18', '18+18 = 16', '18*2 = 13', '10+4 = -3.714']",8,5.0
(639/(29-(2*x))) = (1**(((9*2.222)+11)/3)),6.0,-305.0,"['2*6 = 20', '1**4 = 71', '20+11 = 12']",7,3.0
((18-x)-11) = (6+16),20.0,-15.0,['18-20 = 33'],3,1.0
((1**2)-x) = (2*(((14*(21-14))/7))),16.0,-27.0,"['2-16 = -30', '1**2 = 2', '14*7 = -105']",6,3.0
(((8+2)-13)-((7/5)*x)) = (((17-15)*10.5)-5),1.0,-13.571,"['16-19 = 16', '10*1 = 19', '8+2 = 29', '7/5 = 10']",8,4.0
(((x**1)-19)+(5**3)) = (1+((8-14)/(5**3))),2.0,-105.048,"['6-19 = 17', '5**3 = 37', '2**1 = 6', '8-14 = 477', '5**3 = 9']",8,5.0
((29-((x/3)**1))-5) = (((6*1.167)*(2**2))+(18+15)),16.0,-111.024,"['14-5 = 72', '1**1 = 15', '16/3 = 1', '2**2 = 1.571', '18+15 = 61']",9,5.0
((18*((19+x)*(18/7)))*9) = ((((20/3)/3)-18)-(9*2.222)),8.0,-19.086,"['8*9 = 53', '18*4 = 8', '7*3 = 4', '19+8 = 7', '18/7 = 3', '18-20 = 53', '12/3 = 36', '20/3 = 12']",10,8.0
((x*8)*((15-(7-(19/10))))) = (((8/8)+(9-20))*(3+3)),6.0,-0.758,"['15-4 = -8.6', '6*8 = 5', '7-17 = 4', '19/10 = 17', '10*6 = -43', '8/8 = 5', '9-20 = 5']",10,7.0
((4-13)*x) = ((((2/10)/2)**(5+12))+9),20.5,-1.0,"['4-13 = 4', '13+9 = 82', '1**1 = 13', '7/2 = 1', '2/10 = 7', '5+12 = 1']",7,6.0
((14+10)*((15+(20*x))**3)) = ((28/7)+((8-(11+18)))),8.0,-0.795,"['16*5 = -55', '3**3 = 5', '15+3 = 3', '14+10 = 16', '20*8 = 3', '8-12 = -59', '11+18 = 12']",9,7.0
(160/((40/(x+19))*1)) = ((12-5)+9),18.0,-15.0,"['18+19 = 5', '7+9 = 20']",6,2.0
((11*(x+(((15/1)-(6/4)))))*5) = ((5**1)*4.2),10.0,-13.118,"['14*5 = 42', '11*5 = 14', '5-3 = -5', '15/1 = 5', '6/4 = 3', '5**1 = 10']",8,6.0
((((9+4)-15)*0.333)*((20-12)+x)) = ((7+(1+2))-10),33.5,-8.0,"['6-15 = 6', '9+4 = 6', '20-12 = 16', '7+18 = 109', '1+2 = 18']",9,5.0
((20+(x/1))**1) = (((18/6)*2.667)*(((-176/8)/4))),4.0,-64.005,"['5**1 = -44', '20+9 = 5', '4/1 = 9']",8,3.0
(17-((8-11)-x)) = ((8-1)+10),7.0,-3.0,"['17-3 = 17', '4-7 = 3', '8-11 = 4']",5,3.0
((x-(20-11))+((14*8))) = ((7-(6*4))+((16-(3+9)))),15.0,-116.0,"['15-14 = 16', '14*8 = -64', '20-11 = 14', '16-12 = -64', '7-1 = 16', '6*4 = 1']",9,6.0
((x-14)-(150/(3*8))) = (((4-(3**4))/3)/2),14.0,7.417,"['2-15 = -58', '3*8 = 10', '14-14 = 2', '2/3 = -116', '3**4 = 2']",8,5.0
(65/((19-4)*x)) = (3**(4/5)),9.0,1.799,"['20*9 = 5', '19-4 = 20', '3**4 = 13', '4/5 = 4']",5,4.0
(4**((x+14)*1)) = ((5**2)*5),3.0,-10.517,"['4**3 = -11', '1*1 = 3', '3+14 = 1', '4*5 = -11', '5**2 = 4']",5,5.0
(18+((5**3)-(x+13))) = (((12*6)*8)+69),12.0,-515.0,"['18+15 = 82', '12-5 = 15', '12+13 = 5', '5**3 = 12', '1*8 = 13', '12*6 = 1']",7,6.0
(x+(99-(5+(3**3)))) = (((3**3)-4)+14),1.0,-30.0,"['5+20 = 2', '3**3 = 20', '17+14 = 98', '3**3 = 21']",7,4.0
((x-6)+(-24)) = (12-((9-4)*(2**4))),11.0,-38.0,"['11-6 = 4', '12-10 = -20', '2**4 = 2']",6,3.0
((20+((4**4)))*((18*4)+((x/3)))) = (19+14),3.0,-215.641,"['3/3 = -1', '18*4 = 2', '4**4 = -11', '19+14 = 9']",7,4.0
(44-(21-((10*(14*x))-1))) = (12/((3*3.667)+((8-(31-14))))),6.0,-0.114,"['7-1 = 13', '10*5 = 7', '14*6 = 5', '12/2 = 36']",10,4.0
((14+x)*((3/8)+13)) = ((419-19)/(19*4)),3.0,-13.606,"['5+13 = 40', '14+3 = 2', '3/8 = 5', '19*4 = 5']",7,4.0
((19+(((x-(6*9))+14)))+5) = (((3-20)+(-(3**3)))+5),8.0,-23.0,"['12+5 = -42', '8+14 = -7', '8-5 = 8', '6*9 = 5', '5+5 = -42', '3-20 = 10', '3**3 = 5']",9,7.0
(-204/(x-12)) = (20+16),20.0,6.333,"['20-12 = 6', '20+16 = -34']",3,2.0
((x*0.4)**(12-19)) = ((5**2)-(9*(9*0.049))),10.0,1.618,"['4**2 = -63', '12-19 = 2', '5**2 = -59']",7,3.0
((((15+15)/8)-10)+((x*8)+8)) = (((5-14)-2)*3),14.0,-4.344,"['14+18 = -82', '15+8 = 18', '11-10 = 14', '14*8 = 15', '14/8 = 11', '15+15 = 14', '20*3 = -82', '5-2 = 20', '5-14 = 5']",9,9.0
((73-19)-(x*((13*1)-1))) = (66-15),20.0,0.25,"['20*7 = 3', '9-1 = 7', '13*1 = 9']",6,3.0
((x+6)/9) = (((13/9)*2)-20),13.0,-160.0,"['13+6 = 171', '17-20 = 19', '12*2 = 17', '13/9 = 12']",5,4.0
(((6+11)+x)-4) = (3**1),12.0,-10.0,"['2+12 = 62', '6+11 = 2', '3**1 = 58']",4,3.0
((x-(4+14))+((5**(12/6))+(-5))) = ((9-7)/3),11.0,-1.333,"['14+4 = -39', '5**3 = 9', '11-2 = 14', '12/6 = 3', '4+14 = 2', '2/3 = -39']",8,6.0
((((x**1)+(-7))*6)/3) = (20+(-87)),5.0,-26.5,"['2*6 = -201', '5**1 = 9']",5,2.0
((x-(8-(9-11)))*(4**1)) = (10+(((12/2)/(6/2))**3)),23.0,14.5,"['4**1 = 19.25', '8-6 = 19', '9-11 = 6', '2**3 = 67']",10,4.0
(17-((15/10)-(18-x))) = ((2**4)*6),3.0,-62.5,"['17-12 = 85', '4-4 = 12', '15/10 = 4', '18-3 = 4', '19*6 = 85', '2**4 = 19']",6,6.0
((7+4)+x) = (((1**4)/10)*3),18.0,-10.7,"['7+4 = 6', '9*3 = 24', '1**4 = 90']",5,3.0
(x/(11-(18+20))) = (11/((20+15)/3)),20.0,-25.457,"['20/4 = -49', '18+20 = 7', '11/3 = -49', '13/3 = 3', '20+15 = 13']",6,5.0
((x-2)*(-24.25)) = ((5*0.8)*6),13.0,1.01,"['13-2 = 4', '4*6 = -97']",4,2.0
(((7-7)-(32/8))*x) = (4**4),1.0,-64.0,"['8*1 = -86', '7-7 = 12', '4**4 = -86']",5,3.0
(((2**2)-x)-16) = ((5*(14-18))/(18/3)),20.0,-8.667,"['17-16 = 20', '12-20 = 17', '2**2 = 12', '5*1 = 120', '14-18 = 1']",7,5.0
(42-((17-8)**(x/2))) = (11-(8-5)),13.0,3.21,"['2**2 = 3', '17-8 = 2', '13/2 = 2', '11-3 = 39']",6,4.0
((((1/2)-x)-16)+(-37)) = ((13-9)-(31-(11-6))),12.0,-30.5,"['1/2 = 36', '10-14 = -29', '13-9 = 10', '11-6 = 17']",8,4.0
((14+x)/(19-17)) = (((14-(6*9))/(16+(-15)))/10),8.0,-22.0,"['8/7 = 66', '14+8 = 8', '19-17 = 7', '9/1 = 660', '6*9 = 5']",8,5.0
((x*1)/(7*1)) = (((140/7)-(3*4))+(-97)),18.0,-623.0,"['3/7 = -79', '18*1 = 3', '20-12 = 18']",7,3.0
((10+x)+(-5)) = (15/((1*(17-9))/3)),18.0,0.625,"['10+18 = 18', '15/8 = 13', '1*9 = 24', '17-9 = 9']",6,4.0
((15*6)-((13/7)/(x/5))) = (87-((8+(-1))-5)),20.0,1.857,"['19-15 = 75', '12/4 = 15', '15*6 = 19', '13/7 = 12', '7-5 = 12']",8,5.0
(((7*(17+x))*(16*7))*10) = (215/5),2.0,-16.995,"['19*10 = 43', '11*6 = 19', '7*4 = 11', '16*7 = 6', '17+2 = 4']",6,5.0
(((12+(4*3))+18)+x) = (((4**1)/6)-16),8.0,-57.333,"['16+8 = -22', '9+18 = 16', '12+8 = 9', '4*3 = 8', '13/6 = -6', '4**1 = 13']",7,6.0
((2-9)-(x-10)) = (((11*10)*6)/2),20.0,-327.0,"['20-10 = 4', '2-9 = -11', '18*6 = -30', '11*10 = 18']",6,4.0
((x*(15*1))*10) = ((9+14)+(8/9)),7.0,0.159,"['20*10 = 25', '15*1 = 2.857', '18+11 = 25', '8/9 = 11', '9+14 = 18']",6,5.0
(((16*6)+x)*5.125) = ((6+(18+345))/(4**(17-14))),17.0,-94.875,"['1+17 = 8', '16*6 = 1', '4**3 = 9']",8,3.0
(18+(8-(x*8))) = (((2*((17-16)-17))-5)+14),17.0,6.125,"['18+2 = 91', '17*8 = 6', '7+14 = 91', '10-5 = 7', '14-17 = 5', '17-16 = 14']",8,6.0
((5*x)*(10/1)) = (17+(-8)),10.0,0.18,"['11*4 = 9', '5*10 = 11', '10/1 = 4']",4,3.0
(82-((16*x)+(10/10))) = (((63/9)*10.571)-(3*4)),10.0,1.188,"['18+4 = 20', '16*10 = 18', '10/10 = 4']",8,3.0
((((19+x)/2)-((2-2)*10))**3) = ((3+((1**2)+(6*71.167)))/8),13.0,-11.446,"['4**3 = 54', '16*10 = 11', '2-2 = 16', '12/2 = 15', '19+13 = 12', '1**2 = 2']",11,6.0
((11+x)-(6-1)) = (15-(5*(4**(19+(-16))))),1.0,-311.0,"['7-17 = -62', '6-1 = 17', '11+1 = 7', '15-18 = -62', '4**3 = 3.6']",7,5.0
((11+(4**(x+8)))/5) = (((18+2)/3)*41.5),17.0,-2.789,"['11+15 = 415', '4**3 = 15', '17+8 = 3', '11/3 = 2', '18+2 = 11']",7,5.0
((8*1)-(x+20)) = (((112/8)+((12/3)*0.5))/3),17.0,-17.333,"['4-2 = -72', '17+20 = 2', '8*1 = 4', '5/3 = -72', '14+2 = 5']",8,5.0
(((19+x)+(3*2.333))*(14*2)) = ((11/4)*(20*10)),3.0,-6.356,"['8*10 = 75', '11+7 = 8', '19+3 = 11', '14*2 = 10', '11/4 = 10', '20*10 = 7.5']",8,6.0
((x*(3**4))/3) = (-700/(14/2)),15.0,-3.704,"['6/3 = -100', '15*2 = 6', '3**4 = 2']",5,3.0
(x*((5**2)**1)) = (18-((20-(112/7))*2)),14.0,0.4,"['14*10 = 6', '2**1 = 10', '5**2 = 2', '18-8 = 6']",7,4.0
(5**(((4**1)/6)+((16*(x/9))))) = ((16/5)/(6*(7*0.429))),19.0,-0.979,"['5**2 = -8', '16*3 = -2', '4**1 = 24', '19/9 = 3', '15/1 = -8', '6*3 = 1', '16/5 = 15']",10,7.0
((x+(3**3))-(9+10)) = ((72/((5+(-2))**3))-2),7.0,-7.333,"['13-19 = 86', '3**3 = 6', '18-2 = 86', '3**3 = 4']",8,4.0
((3**(x+6))/(2**4)) = (4+1),7.0,-2.011,"['3**1 = -150', '7+6 = 1', '2**4 = 2', '4+1 = -75']",5,4.0
((x+16)/(20/2)) = ((3/4)*((18+(-12))-(6*2))),8.0,-61.0,"['16/2 = 42', '20/2 = 2', '8+16 = 16', '14*8 = 42', '3/4 = 14', '6-12 = 8']",8,6.0
((6/x)-1) = ((6*0.667)*((6/6))),10.0,1.2,"['6/10 = -8', '6/6 = -2.25']",5,2.0
((12-x)+(19/((7/7)*10))) = ((16-11)+12),7.0,-3.1,"['12-7 = 6', '19/3 = 38', '10*10 = 3', '7/7 = 10', '5+12 = 44']",7,5.0
((x+((11*6)))+34) = ((2*20)-4),15.0,-64.0,['11*6 = -13'],5,1.0
((x**1)+(4**4)) = (152/4),4.0,-218.0,"['4**1 = 3', '4**4 = 35']",4,2.0
(((x+20)-17)*8) = (44-(19*6)),14.0,-11.75,"['16*8 = 38', '20-17 = 16', '14+20 = 20', '19*6 = 6']",5,4.0
((4+8)*((x/9))) = (2*(-26)),5.0,-39.0,"['4+8 = 7', '5/9 = -7.429']",4,2.0
(7-((2*x)/2)) = (((5+8)*6)/(6/5)),3.0,-58.0,"['7-1 = -64', '2*3 = 2', '19/7 = -64', '14*6 = 19', '5+8 = 14', '6/5 = 7']",7,6.0
((1+9)+((9-6)-(x-11))) = (7+60),2.0,-43.0,"['2-11 = 18', '9-6 = 75']",6,2.0
((19+(19*x))/10) = (-74-5),3.0,-42.579,"['13/10 = -79', '19+10 = 13', '19*3 = 10']",4,3.0
((((12+9)**3)+13)-(3**(14+x))) = ((((14+(-11))**3)/3)+10),10.0,-5.687,"['10-6 = -94', '3**4 = 6', '14+10 = 4', '18+13 = 10', '2**3 = 18', '12+9 = 2', '16+10 = -94', '4/3 = 16', '3**3 = 4']",10,9.0
(((19+(x-12))-9)+92) = ((3**2)+(90-17)),12.0,-8.0,"['19+1 = 10', '12-12 = 1', '3**2 = 20']",7,3.0
((20+(x/4))+(((2**3)+7))) = (10*1.4),12.0,-84.0,"['4+7 = -2', '2**3 = 4', '20+16 = 16', '12/4 = 16']",6,4.0
((40/5)*(2/(x-3))) = (-65/5),9.0,1.769,"['8*4 = -13', '2/9 = 4', '9-3 = 9']",5,3.0
((((17-16)*(16*x))/10)+4) = (-670/10),4.0,-44.375,"['6+4 = -67', '12/10 = 6', '10*8 = 12', '16*4 = 8', '17-16 = 10']",6,5.0
(((11*8)+(x/7))*2) = ((4-5)/(19*5)),3.0,-616.037,"['3+20 = 2', '3/7 = 20', '11*8 = 3', '4-5 = 12', '19*5 = 3']",7,5.0
(((x*5)**2)/8) = ((8+(-4))**(14-16)),9.0,0.141,"['5**2 = -520', '9*5 = 5', '4**1 = -65', '14-16 = 1']",6,4.0
(100-(9-((20/x)-19))) = (6+(7*12.571)),7.0,0.909,['20/7 = 22'],6,1.0
((x+19)*(((10*8)+(-16.75)))) = ((-105/5)-(12/(17+13))),4.0,-19.338,"['4+19 = 8', '10*8 = 12', '12/8 = 17', '17+13 = 8']",8,4.0
(((13*x)-18)+(19+4)) = ((7+10)-3),7.0,0.692,"['16+20 = -61', '17-18 = 16', '19+4 = 20', '13*7 = 17', '17-3 = -61']",6,5.0
((10*8)**((x*2)/3)) = ((4**4)-11),13.0,1.883,"['5**1 = 88', '10*8 = 5', '15/3 = 1', '13*2 = 15', '4**4 = 99']",6,5.0
(((19*1)/2)+x) = ((20-10)/(5+(26-12))),17.0,-8.974,"['1+17 = -1', '19*1 = 2', '10/8 = -1', '5+14 = 8']",7,4.0
((x*2)-(5**2)) = (((5*5.6)-19)*((-90/9))),4.0,-32.5,"['7-14 = -90', '5**2 = 14', '4*2 = 7']",7,3.0
((7*((x+14)*9))-12) = (((32/4)*6)*(18-8)),13.0,-6.19,"['12-12 = 100', '12*9 = 1.714', '13+14 = 12', '8*6 = 10']",8,4.0
(-41-(x+(15-19))) = (6-((33-(15+10))+(11+(-10)))),20.0,-34.0,"['20+6 = 4', '15-19 = 6', '6-14 = -45', '14+1 = 14', '15+10 = 19']",8,5.0
(((8+x)-14)+((1/2))) = (-63-10),14.0,-67.5,"['1/2 = -75', '8+14 = 16']",5,2.0
(-79-(13/(11/(x*10)))) = (-176/(2+0)),14.0,0.762,"['13/2 = 9', '11/4 = 2', '14*10 = 4']",6,3.0
(12*((10/x)-1)) = ((1**2)+((4+(3**4)))),9.0,1.224,"['12*1 = 2', '10/9 = 2', '4+10 = -18', '3**4 = 10', '1**2 = 20']",7,5.0
(15/(x-7)) = (4*((4-5)/(10-(5**1)))),16.0,-11.75,"['15/10 = 41', '16-7 = 10', '10-3 = 5', '5**1 = 3', '4-5 = 51.25']",7,5.0
((16*1)-(13+x)) = ((3**1)/2),12.0,1.5,"['13+12 = 16', '16*1 = 94', '3**1 = 156']",5,3.0
(79-(x-(2*2))) = (10*((10*4)+0.9)),32.0,-326.0,"['2*2 = 12', '10*4 = 5']",6,2.0
(((14+x)+(9*(3**2)))-8) = (196/2),20.0,11.0,"['12-8 = 98', '9+17 = 12', '3**2 = 1.889', '14+20 = 9']",6,4.0
((x*(13*10))+(-64)) = (-570/(15/(35/5))),5.0,-1.554,"['13*10 = 1.4', '15/7 = 10']",6,2.0
(x+(((6-20)-7))) = ((3*(-24.667))-((40/(2+2))*0.6)),7.0,-59.001,['6-20 = -80'],8,1.0
((x*4)+(-10)) = (13-(((2/2)**(5-2))/10)),15.0,5.725,"['15*4 = 8', '13-11 = -2', '1**3 = 110']",7,3.0
((20*(19/8))+(14*x)) = (((4/8)**(16*(10-8)))/9),4.0,-3.393,"['14+9 = -62', '14*4 = 9', '20*2 = 14', '19/8 = 2', '4**2 = -558', '16*2 = 2', '4/8 = 4']",9,7.0
(x-(((1-(9*8))/3)-(8-17))) = (((11/4)+(-189))/8),4.0,-37.948,"['4-17 = -22', '20-20 = 17', '8-17 = 20', '1-20 = 60', '9*8 = 20', '11/4 = 13']",9,6.0
((2+8)+((17-(13+(x*6))))) = ((-228-12)/6),19.0,9.0,"['17-12 = -51', '13+1 = 12', '19*6 = 1', '2+8 = 11']",7,4.0
((((13*7)+(18/8))+7)-(5-x)) = ((((72/9)*0.25)-9)+(-64)),17.0,-166.25,"['20+7 = -32', '8+18 = 20', '18/8 = 18', '5-17 = 20', '13*7 = 8', '2-9 = 12']",10,6.0
((4*1)+((x+20)+3)) = (-145/5),9.0,-56.0,"['17+6 = -29', '6+3 = 6', '4*1 = 17', '9+20 = 6']",5,4.0
(((x-10)*((12/9)**1))**1) = ((-40-4)-(9+(7-4))),19.0,-32.0,"['2**1 = -56', '3*1 = 2', '5**1 = 1', '19-10 = 3', '12/9 = 5']",9,5.0
((1-12)*((x-8)/8)) = ((((2/7)*(6*10))+17)*18.5),10.0,-451.377,"['19/8 = 9.25', '1-12 = 8', '10-8 = 19', '16+17 = 4', '12*8 = 16', '2/7 = 12', '6*10 = 8']",9,7.0
(18+(15-(((10-17)/1)*(3/x)))) = (13+37),8.0,1.235,"['15-13 = 32', '20*9 = 13', '16/1 = 20', '3/8 = 9', '10-17 = 16']",7,5.0
((x*((5**1)+((20/9)/1)))*(-6.333)) = ((8+(-312))/8),8.0,0.831,"['14+17 = 0.75', '18/1 = 17', '20/9 = 18', '5**1 = 14']",8,4.0
(x*((4**3))) = ((((120/8)+(-5))+(-2))*((9.625-11))),8.0,-0.172,['4**3 = -1.375'],7,1.0
((19*4)+((x/(5/5))-14)) = ((((11/4)-18)/4)/(15-7)),3.0,-62.477,"['19*4 = 4', '3/9 = 44', '5/5 = 9', '8/8 = 34', '2-18 = 32', '11/4 = 2']",10,6.0
(((5**2)/(14*(6/4)))+((x/5))) = ((19-(15*7))-(16+7)),-245.0,-550.952,"['14*2 = 2', '6/4 = 2', '5**2 = 14', '19-20 = -24', '15*7 = 20', '16+7 = 18']",10,6.0
((15*((10+(11*9))/5))+x) = (61-((20-12)+((10*1)**2))),24.0,-374.0,"['15*9 = 19', '9/5 = 9', '10+5 = 9', '11*9 = 5', '4**2 = 10', '10*1 = 4']",10,6.0
(((x*5)+9)+((16-3)**(11/10))) = (1+20),8.0,-0.96,"['1**1 = 0', '16-3 = 1', '11/10 = 1', '8*5 = 11', '1+20 = 20']",7,5.0
((((5**2)/9)/3)-(x/7)) = ((115-16)-((153/9)*5)),19.0,-91.519,"['1-10 = 85', '20/3 = 1', '9/9 = 20', '5**2 = 9', '19/7 = 10', '17*5 = 14']",9,6.0
(784/(5/x)) = (8+11),6.0,0.121,"['5/6 = 8', '8+11 = 98']",3,2.0
(x+((((10*6)**1)*3))) = (-30-11),19.0,-221.0,"['14*3 = -60', '5**1 = 14', '10*6 = 5']",5,3.0
((18+4)+x) = (1**4),9.0,-21.0,"['8+9 = 63', '18+4 = 8', '1**4 = 63']",3,3.0
((((17*(x+18))/9)+((8*(-0.375))))+60) = (600/8),20.0,-8.471,"['16/9 = 18', '17*5 = 16', '20+18 = 5']",7,3.0
((8*(x-9))+(7*10)) = (18*3),18.0,7.0,"['10+9 = 62', '7*10 = 9', '18-9 = 1.25', '18*3 = 62']",5,4.0
((19+x)-10) = (-50-(4+(15-13))),16.0,-65.0,"['19+16 = -46', '4+8 = 6', '15-13 = 8']",5,3.0
(((3/9)/4)-(11-x)) = (((19-3)*2)*(-21.75)),1.0,-685.083,"['11-1 = 13', '16/4 = -74', '3/9 = 16', '16*2 = 4']",7,4.0
(((x*2)+(12/7))+11) = (((2-9)/7)/((4**4)-2)),7.0,-6.359,"['11+10 = 19', '12/7 = 10', '7*2 = 11', '6/6 = 30', '2-9 = 42', '4**4 = 8']",9,6.0
((x-(26-(8*7)))*4) = (17+(2*38.5)),16.0,-6.5,"['8*4 = 94', '8*7 = 18']",6,2.0
((5*10)/x) = (10+(231/(4-1))),9.0,0.575,['5*10 = 783'],5,1.0
((15-x)+16) = (16+((4+(6*9)))),1.0,-43.0,"['10+16 = -50', '15-1 = 10', '4+11 = -66', '6*9 = 11']",5,4.0
(x-(17-15)) = (18+1),39.0,21.0,['17-15 = 20'],3,1.0
((3+(-x))/((2**1)-1)) = (6+14),1.0,-17.0,"['2/8 = 25', '13-1 = 8', '2**1 = 13', '6+14 = 25']",5,4.0
((x-4)/((9+(16-15))*1)) = ((10*1.1)-(3+16)),4.0,-76.0,"['4-4 = 150', '14*1 = 5', '9+13 = 14', '16-15 = 13', '11-19 = 30']",8,5.0
((3**1)+(x*(17/3))) = ((2**4)-14),16.0,-0.176,"['13+8 = 3', '16*10 = 8', '17/3 = 10', '3**1 = 13', '2**4 = 17']",6,5.0
((6-(x*(2**3)))*24.333) = (12-(5**(20-(38/2)))),15.0,0.714,"['6-20 = 3', '15*4 = 20', '2**3 = 4', '12-13 = 73', '5**2 = 13', '20-19 = 2']",8,6.0
(((5**(x*1))/9)-(3*2.667)) = (10-18),3.0,-2.927,"['14-8 = -95', '5/9 = 14', '5**4 = 5', '3*1 = 4', '10-18 = -95']",6,5.0
((16*x)+((18*3)+4)) = (-91/7),8.0,-4.438,"['11+20 = -13', '18+4 = 20', '18*3 = 18', '16*8 = 11']",5,4.0
((((x-17)/3)/(11-12))+46) = ((((14*5)-16)+(12*5))+1),15.0,-190.0,"['3/1 = 18', '1/3 = 3', '15-17 = 1', '11-12 = 1', '16+1 = 64', '7+16 = 16', '12*5 = 16', '11-16 = 7', '14*5 = 11']",10,9.0
(16-((16*(13+x))-20)) = (11-((4**3)-13)),20.0,-8.25,"['16-18 = 62', '16*1 = 38', '13+20 = 1', '11-4 = 62', '4**3 = 17']",7,5.0
(9*((2.222-((18*(2-x))-12)))) = (((18+(-16))*(19-19))/(4+9)),11.0,1.21,"['16-12 = 8', '18*10 = 16', '2-11 = 10', '16/9 = -52', '4+9 = 9', '2*5 = 16', '19-19 = 5']",10,7.0
((x-5)/4) = ((4*0.25)**((13-6)/2)),14.0,9.0,"['14-5 = -252', '1**3 = -63', '13-6 = 6']",6,3.0
((x*3)-(12*2)) = ((10*0.2)*(((5/5)/2))),20.0,8.333,"['17-2 = -19', '12*2 = 2', '20*3 = 17', '5/5 = -19']",7,4.0
(((1**3)/5)*(x)) = ((2*3.5)*((5+3)+(-12))),-3.5,-140.0,"['20/5 = 8', '1**3 = 20', '7*6 = -28', '5+3 = 18']",7,4.0
(3*(4-x)) = ((14/2)+20),2.0,-5.0,"['3*1 = 89', '4-2 = 1', '7+20 = 89']",4,3.0
(-57-((11+(1-4))/x)) = (-58-2),9.0,2.667,"['1/9 = 3', '11+4 = 1', '1-4 = 4']",5,3.0
((14+(x+2))-(8/4)) = (15+(-28)),8.0,-27.0,"['3-2 = -13', '14+13 = 3', '8+2 = 13']",5,3.0
((15-(x+4))/3) = ((16-17)+((20+3)+(17+3))),19.0,-115.0,"['15-6 = 66', '19+4 = 6', '11+20 = 22', '4+2 = 20', '16-17 = 11', '20+3 = 4', '17+3 = 2']",8,7.0
(((45/((5+19)+15))/5)*(x*9)) = ((((4/8)+16)-11)*((-4.5-18))),2.0,-59.583,"['1*2 = -45', '2*9 = 2', '9+15 = 9', '5+19 = 9', '10+16 = 13', '4/8 = 10']",11,6.0
(((x*7)*0.222)*(2**(5/1))) = ((3*(6/6))*(4**2)),13.0,0.965,"['2**3 = 41.5', '13*7 = 9', '5/1 = 3', '4**2 = 13.833', '6/6 = 2']",9,5.0
((5**3)+(x*(1/4))) = (15+((70/10)*((3**4)*0.127))),1.0,-151.964,"['15+11 = 84', '1*10 = 11', '1/4 = 10', '5**3 = 15', '15+8 = 84', '3**4 = 9']",9,6.0
(19-((12+x)*(13*1))) = (63/(10*3)),3.0,-10.7,"['19-16 = 7', '18*1 = 16', '12+3 = 18', '13*1 = 1', '10*3 = 9']",6,5.0
(33-(((8*x)**4)/1)) = (9+6),9.0,0.257,"['10/1 = 18', '1**4 = 10', '8*9 = 1']",5,3.0
((13/9)+x) = ((9*(7-9))/5),16.0,-5.044,"['13+16 = 36', '13/9 = 13', '4/5 = 36', '7-9 = 0.444']",5,4.0
((x+((7/6)**4))*2) = (8/2),7.0,0.147,"['7+15 = 8', '3**4 = 15', '7/6 = 3', '8/2 = 16']",5,4.0
((3+((18/8)-x))+(3**1)) = (3/2),20.0,6.75,"['9+12 = 10', '3+13 = 9', '3**1 = 12', '18/8 = 33', '3/2 = 10']",6,5.0
((17-x)-(6*(2+19))) = (6*16.167),12.0,-206.002,"['17-12 = 100', '6*5 = 3', '2+19 = 5']",5,3.0
(((8/1)+10)+(((x/1)-(20+8)))) = (-144/((2*0.5)**1)),4.0,-134.0,"['20+8 = 12', '1+10 = 17', '8/1 = 1', '4/1 = -29', '1**1 = 6']",9,5.0
((19*x)-19) = (((3+10)/(8/1))-(1+2)),8.0,0.928,"['19*8 = 28', '1+2 = 5', '8/1 = 10', '3+10 = 140']",7,4.0
((x+(4**1))*(3+18)) = (4*(((11+((-85/5)))/(8-6)))),18.0,-4.571,"['9*10 = -12', '3+18 = 10', '18+3 = 9', '4**1 = 3']",9,4.0
(x*(18-5)) = (-455/5),12.0,-7.0,"['12*3 = -91', '18-5 = 3']",3,2.0
(((5-15)+14)+(x+16)) = (((4**((3**1)*0.125))/5)-2),3.0,-21.664,"['3+16 = 31', '1+14 = 16', '5-15 = 1', '12-2 = 47', '4**1 = 60', '3**1 = 8']",9,6.0
((5-x)*((((5+3)/5)/9))) = (8/((20/6)*0.5)),7.0,-22.0,"['3/9 = -8.6', '5-7 = 5', '5+3 = 15', '8/5 = -43', '20/6 = 10']",8,5.0
(10-(18/x)) = (((14+(-3))/(5+7))-19),6.0,0.641,"['10-16 = 92', '18/6 = 16', '11/1 = 111', '5+7 = 1']",6,4.0
((x-((17-14)-18))/4) = (-80-((59-14)/(16*(3**3)))),17.0,-335.417,"['16/4 = -85', '13-18 = 1', '17-14 = 13', '16*1 = 9', '3**3 = 1']",9,5.0
(x-(20-(7*10))) = (((30/(14+(-4)))**3)-(48/3)),-24.0,-39.0,"['20-15 = 10', '7*10 = 15', '3**3 = -18']",8,3.0
((x*3)-(4*3)) = (-78-9),16.0,-25.0,['16*3 = -75'],4,1.0
(((16*x)*7)+71) = (((15-(10*0.3))+3)/2),9.0,-0.567,"['5*7 = 6', '16*9 = 5', '4+3 = 154', '15-3 = 4']",7,4.0
(((x*(17*6))/4)+(6*3)) = (-602/7),17.0,-4.078,"['1+16 = -86', '1/4 = 1', '6*3 = 16', '17*3 = 1', '17*6 = 3']",6,5.0
((19*(4+x))*(2**4)) = (((4/(2+6))*0.5)*(10*2)),2.0,-3.984,"['12*4 = -13', '2**4 = 4', '19*4 = 12', '4+2 = 4', '1*1 = -13', '4/8 = 2', '10*2 = 1']",9,7.0
(9*((x-(18-19)))) = ((8+((3*(16*8))))/5),18.0,7.711,"['18-12 = -8.333', '18-19 = 12', '3*10 = -383', '16*8 = 10']",7,4.0
((x*9)+20) = ((6-5)-(17-20)),15.0,-1.778,"['13+20 = -61', '15*9 = 13', '1-3 = -61', '17-20 = 3']",5,4.0
(((x+(-(11/3)))-15)**2) = (((((180/10)-9)*4)*10)+(-48)),19.0,1.003,"['2**2 = -35', '11/3 = 2', '16*10 = 13', '18-9 = 4']",9,4.0
(19*(15+x)) = ((30/(15+10))*(20*(45/5))),20.0,-3.632,"['19*8 = 71', '15+20 = 8', '20*9 = 14.2', '15+10 = 6']",7,4.0
((6*3)*x) = (60-(90/(2/9))),22.5,-19.167,"['6*3 = 2', '2/9 = 6']",5,2.0
((16+20)*(x*(7-8))) = (106-7),9.0,-2.75,"['12*4 = 99', '7-8 = 0.444', '16+20 = 12']",5,3.0
((x+14)-(13/2)) = (((13-8)/6)+(-49)),16.0,-55.667,"['16+14 = -31', '13/2 = 11', '13-8 = 42']",6,3.0
((x-4)+(((4/5)**4))) = (-74-(((4*(12.5/5))-7)*3.667)),2.0,-81.411,"['3**4 = -91', '2-4 = 6', '4/5 = 3']",9,3.0
(((x**(1**1))/7)-17) = (-25-8),3.0,-112.0,"['7-17 = -33', '5/7 = 7', '3**4 = 5', '1**1 = 4']",5,4.0
(x*((19/(10/10)))) = ((10-16)+14),10.0,0.421,"['19/3 = -3.9', '10/10 = 3', '15+14 = -39', '10-16 = 15']",5,4.0
(11-((1*5)+((12-1)+x))) = (13-17),18.0,-1.0,"['11-18 = 16', '1*5 = 16', '9+18 = 2', '12-1 = 9', '13-17 = 16']",6,5.0
((17+10)/x) = (11+15),9.0,1.038,"['17+10 = 36', '11+15 = 4']",3,2.0
((x+14)-(9/1)) = (((11+17)/5)/(10*(15/1))),8.0,-4.963,"['8+14 = 101', '9/1 = 12', '11+17 = 3115', '15/1 = 0.7']",8,4.0
((x*(((19+7)+((12-5)))))-14) = (((10-7)+(-81))/3),9.0,-0.364,"['12-5 = -3.333', '19+7 = 2']",8,2.0
((12-x)*((3**(13*5)))) = (10*((((8/4)*(-21.3))/(20+1)))),20.0,12.0,"['3**4 = -11.833', '12-20 = 6', '13*5 = 4', '20+1 = 6']",9,4.0
(((x*9)*3)*2.5) = (8+((7*(14*9))/(5+10))),20.0,0.99,"['15*3 = 4', '20*9 = 15', '8+17 = 10', '1/2 = 17', '5+10 = 2', '7*9 = 1', '14*9 = 9']",8,7.0
(14+(7*(3+x))) = ((144/8)-(108/6)),12.0,-5.0,"['14+2 = -66', '7*3 = 2', '3+12 = 3', '18-18 = -66']",6,4.0
((((x*4)+7)+5)/10) = ((6*0.333)/6),5.0,-2.167,"['19+5 = 320', '13+7 = 19', '5*4 = 13', '2/6 = 32']",6,4.0
(19-((17*(x*10))/(22-(19+12)))) = ((780/((17-9)**2))/(15*8)),5.0,-1.001,"['19-3 = 26', '12/9 = 3', '19+12 = 13', '17*9 = 12', '5*10 = 9', '2**2 = 5', '17-9 = 2', '15*8 = 6']",11,8.0
(((10-((19/9)+9))**4)+((x/1))) = (8+((1**4))),14.0,7.476,"['4**4 = 2', '14/1 = -43', '4+9 = 6', '19/9 = 4', '1**4 = -49']",8,5.0
(((x*9)+(-29))-(4-19)) = (2/(26-20)),13.0,1.593,"['13*9 = 7', '4-19 = 18', '2/6 = -40']",6,3.0
((14*x)/(12/(17-16))) = ((7+(42/3))/((9*1)+(-3))),10.0,3.0,"['6/10 = 92', '12/6 = 10', '14*10 = 6', '17-16 = 6', '19/2 = 92', '9*1 = 5', '7+14 = 19']",9,7.0
((2+(x+6))*11.5) = (4**(2/2)),8.0,-7.652,"['2+16 = 2', '8+6 = 16', '4**1 = 23']",5,3.0
(((x+13)**3)/(26-(16*9))) = (14/(18*7)),8.0,-15.358,"['4**3 = 210', '16*9 = 19', '8+13 = 4', '14/1 = 30', '18*7 = 1']",7,5.0
((14-((11-(5*x))-4))**3) = ((10+((11*3)))/3),6.0,-0.914,"['1**3 = 94', '11-3 = 17', '5*6 = 3', '3/3 = 94', '11*3 = -7']",8,5.0
((4*(1*(x/7)))+40) = ((54/3)+28),16.0,10.5,"['1*3 = 1.5', '16/7 = 3']",6,2.0
((((7*x)*5)+(-7))*(-6.875)) = (2*(((-71.5-(15+16))/3))),10.0,0.484,"['7*10 = 3', '15+16 = 11']",8,2.0
((x+9)*(16/3)) = (2/9),11.0,-8.958,"['16*6 = -18', '11+9 = 16', '16/3 = 6', '2/9 = -18']",4,4.0
(((13-1)*(8*1))*(x*4)) = (78-15),18.0,0.164,"['11*8 = 63', '13-1 = 7', '18*4 = 8', '8*1 = 1.571']",6,4.0
((x/7)/3) = ((13/9)/6),19.0,5.056,"['19/7 = 51', '13/9 = 102']",4,2.0
(((x-14)**3)+73) = (((1**((14+(-6))-5))/8)+5),20.0,9.921,"['1**3 = 15', '20-14 = 1', '19+5 = 88', '1**3 = 152']",8,4.0
(((16*10)*(x+19))+17) = ((16/(35/(63/9)))/2),9.0,-19.096,"['8+17 = -83', '12*1 = 8', '9+19 = 1', '16*10 = 12', '17/2 = -83', '16/5 = 17']",8,6.0
(((4*4)*9)/(x*7)) = (((19+121)/7)+((1/7)*5.125)),11.0,0.992,"['18/3 = 61', '12*9 = 18', '4*4 = 12', '11*7 = 3', '1/7 = 8']",9,5.0
(((9-(18+19))-x)*(8-6)) = (837/(54/(8*0.75))),13.0,-74.5,"['4*2 = 93', '9-13 = 4', '9-17 = 9', '18+19 = 17']",8,4.0
((1/2)*((90-x)/8)) = ((17+18)+(18-6)),6.0,-662.0,"['1/2 = 6', '20+12 = 63', '17+18 = 20']",7,3.0
(x*(6/(2-10))) = ((6-(5-9))+(1**4)),17.0,-14.667,"['17*2 = 68', '6/7 = 2', '2-10 = 7', '12+14 = 68', '6-20 = 12', '1**4 = 14', '5-9 = 20']",7,7.0
((5**4)+x) = ((1+1)/7),3.0,-624.714,"['7+3 = -17', '5**4 = 7', '1+1 = -119']",4,3.0
((x-(1**4))+7) = ((14/(7+6))-7),6.0,-11.923,"['6+7 = -20', '6-14 = 6', '1**4 = 14', '15-7 = -20', '14/3 = 15', '7+6 = 3']",6,6.0
((17*(x/(1**2)))*4.333) = ((20*10)-2),20.0,2.688,"['17*1 = 9', '20/2 = 1', '1**2 = 2', '20*10 = 41']",6,4.0
((5**3)+x) = (((1/9)*58)/6),17.0,-123.926,"['10+17 = 58', '5**3 = 10', '1/9 = 6']",5,3.0
((2**2)*((x*3)/5)) = (15+(-113)),15.0,-40.833,"['14*4 = -98', '2**2 = 14', '16/5 = 4', '15*3 = 16']",5,4.0
((((1*x)*(16*10))+(-16))**2) = (17+((4*6.75)-(12+6))),9.0,0.132,"['4**2 = 15', '16*4 = 20', '16*10 = 4', '1*9 = 16', '17+11 = 15', '12+6 = 16']",9,6.0
(11+(17+x)) = (7/(((9*0.333)**3)-5)),20.0,-27.681,"['11+8 = 11', '17+20 = 8', '7/6 = 11', '3**3 = 11']",6,4.0
(4**(8+x)) = ((2**3)+(4**2)),19.0,-5.708,"['4**1 = 51', '8+19 = 1', '2**3 = 10', '4**2 = 41']",5,4.0
(x-((3+9)/(5+3))) = (8-19),11.0,-9.5,"['11-4 = -2', '3+9 = 40', '5+3 = 10', '8-19 = -2']",5,4.0
(((x*6)*(6.003/(5*1)))/9) = ((7-14)-((7*11.429)/8)),1.0,-21.24,"['6/9 = 62', '1*6 = 9', '5*1 = 9', '7-14 = 72']",9,4.0
(((11-13)+((x/1)**3))+28) = (132/(16/(6/9))),10.0,-2.737,"['1**3 = 12', '11-13 = 4', '10/1 = 1', '16/2 = 3', '6/9 = 2']",8,5.0
((11-9)*((1*3)*x)) = (((15-14)+6)/(5*2)),7.0,0.117,"['18*7 = 20.5', '11-9 = 4', '1*3 = 18', '10+6 = 820', '15-14 = 10']",8,5.0
(4-(((5+(x/2))+17)+(13*4))) = ((10+(-388))/(3+4)),2.0,-32.0,"['4-12 = -54', '18+6 = 12', '14+17 = 18', '5+19 = 14', '2/2 = 19', '13*4 = 6']",9,6.0
((11+(9*x))-(5+15)) = ((8*(-63))/6),5.0,-8.333,"['17-17 = -84', '11+10 = 17', '5+15 = 17', '9*5 = 10']",6,4.0
((8-(7+12))-(4+x)) = ((160/(19*9))+(10-12)),9.0,-13.936,"['7-1 = 89', '8-19 = 7', '4+9 = 1', '10-12 = 69', '19*9 = 8']",8,5.0
((12+20)**(2-(x-4))) = (3/1),13.0,5.683,"['2**4 = 78', '12+20 = 2', '2-16 = 4', '13-4 = 16', '3/1 = 78']",5,5.0
(x-(6-8)) = ((9+(7*(10-16)))/(11+(-1))),38.0,-5.3,"['6-8 = 13', '10-16 = 34.429']",7,2.0
(x+(8+(13+12))) = (776/((15/8)+(-4))),20.0,-398.176,"['13+12 = 69', '15/8 = 12']",6,2.0
((((18*2)+x)/8)**4) = (((14/2)*(11/9))/9),13.0,-28.101,"['5**4 = 47', '18/8 = 5', '13+13 = 18', '18*2 = 13', '3/9 = 47', '11/9 = 0.429']",8,6.0
(((x+15)+12)/(8/4)) = ((3*2.333)-1),4.0,-15.002,"['11/2 = -78', '6+12 = 11', '4+15 = 6', '7-1 = -78']",6,4.0
((x*9)+(-23)) = (((19-5)/((90/5)*8))**1),10.0,2.566,"['10*9 = 12', '4**1 = -11', '18/6 = 4', '19-5 = 18', '18*8 = 6']",7,5.0
((9+(x-9))+(20+5)) = (18-(9/(13/9))),3.0,-13.231,"['5+2 = -2', '9+4 = 5', '3-9 = 4', '20+5 = 2', '9/1 = 20', '13/9 = 1']",7,6.0
((7*(13-(x*6)))**3) = ((54/(17/(18+(-8))))*10),20.0,2.004,"['1**3 = 4', '7*4 = 1', '13-1 = 4', '20*6 = 1', '18*10 = 4', '17/10 = 3']",8,6.0
(((14*x)/9)**3) = (5*3),10.0,1.585,"['3**3 = -83', '18/9 = 3', '14*10 = 18', '5*3 = -83']",4,4.0
(17-((x+17)-(2**2))) = (((11+4)+(-2))*10),16.0,-126.0,"['17-4 = 99', '1-13 = 4', '2**2 = 13', '16+17 = 1', '13*10 = 99']",7,5.0
((3*3.667)+(x+((16-4)/3))) = ((19/(9*0.222))*(2*0.555)),10.0,-4.445,"['11+8 = 10', '10+17 = 8', '16/3 = 17', '16-4 = 16', '19/2 = 9']",9,5.0
(2*((8-x)-(7*(9-2)))) = (20/(14-13)),7.0,-51.0,"['2*8 = -10', '7*6 = 4', '9-2 = 6', '8-7 = 12', '20/1 = -10']",7,5.0
(((15*5)+5)+(x/2)) = (((6/3)+3)+69),114.0,-12.0,"['18+5 = 18', '15*5 = 18', '16+3 = 6', '6/3 = 16']",7,4.0
((x*5)+(14-11)) = ((9/9)*((4/(19*2)))),5.0,-0.579,"['12+4 = -2', '14-11 = 4', '5*5 = 12', '4/6 = -0.286', '9/9 = 7', '19*2 = 6']",7,6.0
((9+x)+9) = (((5**1)*5.667)+((8*(-12.75)))),16.0,-91.665,"['5+9 = -85', '9+16 = 5', '5**1 = 3']",6,3.0
((11-x)+3) = (((3*((8*3)+(-13.667)))-4)*10.333),15.0,-264.981,"['4+3 = 93', '11-15 = 4', '8*3 = 18']",7,3.0
(-21-(9*((x/1)**1))) = (6-18),14.0,-1.0,"['5**1 = 1.111', '14/1 = 5', '6-18 = -31']",5,3.0
(((2*2)*10)+(7+x)) = ((17/((11+2)/7))+(-15)),1.0,-52.846,"['20+11 = 3', '7+1 = 11', '2*2 = 2', '17/4 = 18', '9/7 = 4', '11+2 = 9']",8,6.0
(((10*4)/6)+(9*(x*8))) = ((5*(-2.2))-(9+5)),17.0,-0.44,"['13+3 = -25', '9*5 = 3', '17*8 = 5', '10*4 = 78']",8,4.0
(45-(x/2)) = ((7*(18/2))+9),4.0,-54.0,"['4/2 = 5', '2+9 = 40', '7*9 = 2']",5,3.0
(((72/8)-7)+((15-x))) = (5+((8*2.375)-20)),19.0,13.0,"['9-7 = 13', '15-19 = -92', '5+18 = -79', '19-20 = 18']",7,4.0
(3*((((x/8)-4)-4))) = (((3*2)-13)+(-93)),17.0,-202.667,"['10-4 = -24.667', '17-4 = 10', '17/8 = 17', '6-13 = 19']",7,4.0
(((15/((7*10)**1))-7)*x) = (44-4),4.0,-5.895,"['15/7 = 17', '1**1 = 7', '7*10 = 1']",6,3.0
((8*10)+x) = (5+(-37)),2.0,-112.0,"['18+2 = -32', '8*10 = 18']",3,2.0
(((18-((19/6)*x))+(-7))*1) = (1+(((128/8)+15)*4.667)),3.0,-42.53,"['1*1 = 94', '18-1 = 8', '14*3 = 1', '19/6 = 14', '1+14 = 94', '16+15 = 3']",9,6.0
((15/4)*((6+x))) = ((6*((5**2)/7))**1),19.0,-0.286,"['6+19 = -5.889', '15/4 = 9', '4**1 = -53', '6*10 = 4', '13/7 = 10', '5**2 = 13']",7,6.0
((9-x)*2) = ((17-(4*0.75))-14),14.0,9.0,"['7*2 = -53', '9-14 = 7', '14-14 = -53']",5,3.0
(((16-x)+14)/(11/5)) = (8+((((17/8)+19)+10))),17.0,-56.075,"['11/6 = -29', '17+14 = 11', '16-17 = 17', '11/5 = 6', '2+10 = -37', '1+19 = 2', '17/8 = 1']",8,7.0
(((19/(2-16))-x)/3) = ((7/9)*(3*5)),17.0,-36.357,"['19/2 = 26', '2-16 = 2', '3*5 = 1.5', '7/9 = 2']",7,4.0
((x/10)-4) = (10+(-17)),15.0,-30.0,"['4-4 = -7', '15/10 = 4']",3,2.0
(((12+1)*((7-x)/5))*(8/1)) = ((10*((17+16)))-((1-11)/5)),4.0,-8.962,"['6*10 = -43', '14*10 = 6', '8/1 = 10', '7-4 = 50', '12+1 = 14', '5/5 = 6', '1-11 = 5', '17+16 = -3.7']",11,8.0
((x*(3*6))*(9-(9+8))) = (616/(10*(5.6/8))),12.0,-0.611,"['9-17 = 9.778', '12*6 = 9', '3*6 = 6']",8,3.0
(((x+9)**1)/(5*1.2)) = ((4/8)/3),3.0,-8.0,"['1**1 = 558', '3+9 = 1', '4/8 = 279']",6,3.0
(((x*7)+((10/1)))/(17/8)) = (2**2),11.0,-0.214,"['17/8 = 3', '10/1 = -101', '11*7 = 5', '2**2 = -32']",6,4.0
((x*(1**3))/6) = ((20+(-83))-(3*0.333)),20.0,-383.994,"['20*10 = -384', '1**3 = 10']",6,2.0
(x/(17-15)) = (((99/9)-16)/(10*0.4)),125.0,-2.5,"['17-15 = 5', '6/4 = 25', '11-16 = 6']",6,3.0
(x*(12-3)) = (32-(7-4)),12.0,3.222,"['12*6 = 22', '12-3 = 6', '7-4 = 10']",4,3.0
((18/(9-11))-(x/1)) = (14+(9-17)),4.0,-15.0,"['9-13 = 85', '18/1 = 9', '9-11 = 1', '4/1 = 13', '9-17 = 71']",6,5.0
((x+(17/5))*(3*((20-19)/10))) = ((((5*0.4)+(7/1))-14)-1),20.0,-23.4,"['1*10 = 52', '3*4 = 10', '20+13 = 1', '17/5 = 13', '2/10 = 4', '20-19 = 2', '2+9 = 67', '7/1 = 9']",11,8.0
(((14-(x-13))+(-1))-9) = (9*6),6.0,-37.0,"['14-9 = 20', '14-9 = 15', '6-13 = 9', '9*6 = 20']",5,4.0
(20+((-342/((x+(19-13))+14)))) = (17/((14*4)+((14/4)))),3.0,-2.652,"['7+14 = 9', '3+16 = 7', '19-13 = 16', '17/10 = -18', '14*4 = 18', '14/4 = -8']",9,6.0
((x+12)+(15+9)) = ((4**1)*(3-2)),20.0,-32.0,"['20+12 = 19', '15+9 = 65', '16*6 = 84', '3-2 = 6', '4**1 = 16']",6,5.0
((x+9)*((((1+5)**1)/5))) = ((40/8)**((16/(2*2))/4)),20.0,-4.833,"['20+9 = 5', '2**1 = -93', '1+5 = 2', '5**1 = -93']",10,4.0
((5+19)-(x-1)) = (10*2),10.0,5.0,"['14-7 = 91', '5+19 = 14', '10-1 = 7', '10*2 = 91']",4,4.0
((x+384)/(10-12)) = (10+(((18-18)/(10+3))-16)),12.0,-372.0,"['10-12 = 6', '19-16 = 56', '10+3 = 8', '18-18 = 152']",8,4.0
(((((6/2)**2)*8)-x)/(1*8)) = ((2880/9)/4),12.0,-568.0,"['15*8 = 412', '2**2 = 15', '6/2 = 2', '1*8 = 5']",8,4.0
((25-x)+(11-(15*7))) = (((17-6)/(17+1))+(18*6)),11.0,-177.611,"['11-15 = 39', '15*7 = 15', '11/10 = 10', '17+1 = 10', '18*6 = 43']",9,5.0
((11-6)*((6+x))) = ((3*(-(9+(20*8))))-(5-12)),17.0,-106.0,"['6+17 = -6.8', '11-6 = 10', '9+4 = 17', '20*8 = 4', '5-12 = 17']",8,5.0
((x/10)*((2**4))) = (-400/((30-11)*(8*(5*0.075)))),20.0,-4.386,"['2**4 = -50', '19*3 = 4']",8,2.0
(((7*(x/4))*5)-1) = ((-120/(6+0))-(24/2)),11.0,-3.543,"['17-1 = -32', '8*5 = 17', '7*4 = 8', '11/4 = 4']",8,4.0
((17*7)+(x+(12*10))) = ((2**((11-6)+(-12)))+((12+7))),16.0,-219.992,"['10+18 = -70', '16+17 = 18', '12*10 = 17', '17*7 = 10', '12+7 = -79', '2**4 = 9', '11-6 = 16']",9,7.0
((8/9)*((15-3)-(x*6))) = (((1**1)+9)+19),6.0,-3.438,"['15*8 = 76', '7-19 = 8', '6*6 = 19', '8/9 = 15', '15-3 = 7', '20+19 = 76', '1**1 = 11']",8,7.0
(x/(18/6)) = (6+((10*1.6)/(13+(-10)))),70.0,34.0,"['18/6 = 2', '6+5 = 35', '16/3 = 5']",6,3.0
(((((1/7)-19)+x)/3)-7) = ((19/(11+9))-((20+16)+6)),17.0,-83.293,"['12+17 = -87', '19-19 = 12', '1/7 = 19', '14-18 = -36', '19/5 = 14', '11+9 = 5', '20+16 = 12']",10,7.0
((5**3)/x) = ((14+(-9))**3),6.0,1.0,"['5**3 = 258', '5**3 = 43']",4,2.0
((16-x)-(9-4)) = ((4+31)-3),9.0,-21.0,"['6-14 = 32', '9-4 = 14', '16-9 = 6']",5,3.0
(x*(17-(((1**3)*3)-7))) = (9+15),11.0,1.143,"['11*5 = -60', '17-9 = 5', '2-7 = 9', '7*3 = 2', '1**3 = 7', '9+15 = -60']",6,6.0
((5+(18-x))-(2**2)) = ((10+2)+12),3.0,-5.0,"['19-1 = 19', '2**2 = 1', '18-3 = 14', '12+12 = 19']",6,4.0
(15+(16+(x*(7+(13-3))))) = ((10*1.2)+(480/6)),17.0,3.588,"['17*5 = 61', '7+11 = 5', '13-3 = 11']",8,3.0
(8/(x+19)) = ((25/(4*5))/4),19.0,6.6,"['8/4 = 42', '19+19 = 4', '5/4 = 42', '4*5 = 5']",5,4.0
((((1/3)/8)+(2*1.5))+((x*9))) = (11+(-28)),16.0,-2.227,"['16+3 = 15', '11/8 = 16', '16*9 = -32', '1/3 = 11']",7,4.0
((x/(2**2))+((16/9)+7)) = (-66-(26-9)),2.0,-367.111,"['10+15 = -83', '4+7 = 15', '16/9 = 4', '2/7 = 10', '2**2 = 7']",7,5.0
((x*2)/(2**4)) = (6+(-93)),11.0,-696.0,"['17/7 = -87', '2**4 = 7', '11*2 = 17']",4,3.0
(((20-x)/6)+17) = (13+((18+(8/4))*8)),14.0,-916.0,"['1+17 = 68', '19/6 = 1', '20-14 = 19', '20*8 = 55', '18+8 = 20', '8/4 = 8']",7,6.0
((x+17)+(17+(-7))) = (12-5),12.0,-20.0,"['17+10 = 61', '12+17 = 17', '12-5 = 61']",4,3.0
((4+((13+7)-14))+((x*10))) = ((((2/7)-15)*0.333)/(9*0.111)),18.0,-1.49,"['4+8 = 13', '18*10 = -96', '10-14 = 8', '13+7 = 10', '2/1 = -83', '2/7 = 21']",10,6.0
(17*(4/((1/x)**3))) = (((5*6)+3)-((3+65)/4)),6.0,0.617,"['17*8 = -81', '4/7 = 8', '5**3 = 7', '1/6 = 5', '17+3 = -64', '5*6 = 17']",9,6.0
((x/6)-(2+((6*9)/4))) = ((((1**3)+(-10))*(22.167-20))*8),2.0,-843.144,"['19-12 = -56', '2/6 = 19', '1/4 = 10', '6*9 = 1', '13*8 = -56', '1**3 = 16']",10,6.0
((15/2)*((13*x)+(10/6))) = ((2-3)-16),9.0,-0.303,"['10+1 = 4.111', '10/6 = 1', '13*9 = 10', '15/2 = 9', '5-16 = 37', '2-3 = 5']",7,6.0
((((1*3)-x)+(15/3))*(-7.714)) = (1+(-55)),7.0,1.0,"['6+10 = 7', '15/3 = 10', '15-7 = 6', '1*3 = 15']",6,4.0
((11/10)-((((15-18)**2)*10)+(x))) = (5*12.8),-9.0,-152.9,"['10-4 = 64', '2*10 = 13', '1**2 = 2', '11/10 = 10', '15-18 = 1']",7,5.0
((20*7)+x) = ((21-18)*25.333),18.0,-64.001,"['17+18 = 76', '20*7 = 17']",4,2.0
(4*((10+x))) = (-61-8),8.0,-27.25,['10+8 = -17.25'],3,1.0
(x-(((2/1)*4)*6)) = ((9*0.556)*(-15.8)),17.0,-31.063,"['17-13 = -79', '1*6 = 13', '8*4 = 1', '2/1 = 8']",6,4.0
((18+x)+((4*(5**3)))) = ((8/9)/3),5.0,-517.704,"['4*2 = -79', '18+5 = 11', '5**3 = 2', '8/9 = -204']",6,4.0
(((18-((19/2)*(x/10)))**1)+1) = (3**4),8.0,-65.263,"['18+1 = 70', '5**1 = 18', '4*7 = 13', '19/2 = 4', '8/10 = 7', '3**4 = 70']",7,6.0
((19+(x-20))/(19-10)) = ((-395-(10+(1**(11+(-7)))))/9),12.0,-405.0,"['13/9 = -45', '19+10 = 13', '12-20 = 10', '1**4 = 0']",9,4.0
((20-15)-x) = ((14+(-5))*(3**4)),14.0,-724.0,"['11-14 = -41', '20-15 = 11', '9*2 = -41', '3**4 = 2']",5,4.0
(((17-(1/5))-8)+(80-(4-x))) = (525/(9+4)),9.0,-44.415,"['15-8 = 9', '4-9 = 14', '17-3 = 15', '1/5 = 3', '9+4 = 7']",8,5.0
((3*x)/(32/(5**1))) = ((13-15)*(2**2)),5.0,-17.067,"['20/4 = 97', '3*5 = 20', '5**1 = 8', '13-15 = 6', '2**2 = 16.167']",7,5.0
((24/(40/(3**4)))-(2+(1-x))) = ((8+(16+(-10)))+(14-(3**2))),13.0,-26.6,"['3-12 = 62', '2+20 = 12', '3**4 = 5', '1-13 = 20', '10+5 = 62', '8+6 = 10', '14-19 = 5', '3**2 = 19']",11,8.0
((140/(3**2))+((20-x))) = (13+((16+(-12))*(16*5))),1.0,-297.444,"['3**2 = 10', '20-1 = -19', '13+2 = -5', '16*5 = 0.5']",8,4.0
((x-15)+(((16/3)+(4**3)))) = (((5-17)+(17-14))*(7-6)),34.0,-63.333,"['9+18 = -11', '16/3 = 9', '4**3 = 18', '5-17 = 5']",10,4.0
((3**1)-(x/(13-7))) = ((5*13.4)-3),13.0,-366.0,"['12-18 = 64', '13/2 = 18', '13-7 = 2', '3**1 = 12']",6,4.0
((13+x)*(-10.556)) = (7+(((20*1)+(18/1)))),8.0,-17.263,"['13+8 = 9', '4+12 = -102', '20*1 = 4', '18/1 = 12']",6,4.0
(((((5**3)+x)*1)+((14-3)))*3) = ((13+7)+(-107)),14.0,-165.0,"['4*3 = -87', '20*1 = 7', '14+14 = 20', '5**3 = 14', '14-3 = -3']",8,5.0
((1**1)-((20*x)+14)) = ((28-(2**2))+16),8.0,-2.65,"['20+14 = 4', '20*8 = 20', '1**1 = -69', '12+16 = -73', '2**2 = 16']",7,5.0
(7-((3*8)*x)) = ((3+(29-13))-16),10.0,0.167,"['7-10 = 94', '18*10 = 10', '3*8 = 18', '3+16 = 110']",6,4.0
(((1**2)-x)*2) = (18+5),12.0,-10.5,"['14*2 = 2', '20-12 = 14', '1**2 = 20', '18+5 = 2']",4,4.0
(x*(18*9)) = (38-(10*(3/3))),18.0,0.173,"['18*1 = 28', '18*9 = 1']",5,2.0
(((6+(15-6))*x)-(5**1)) = (((1-11)+(-28))-4),5.0,-2.467,"['6-14 = -16', '19*5 = 6', '6+10 = 19', '5**1 = 14', '15-6 = 10', '1-11 = 16']",8,6.0
(17-((x+2)+11)) = (6*5.333),11.0,-27.998,"['17-11 = 32', '5+11 = 11', '11+2 = 5']",4,3.0
(x-(4**2)) = (((6+(12-(15*3)))/6)+(-92)),12.0,-80.5,"['12-14 = -90', '4**2 = 14', '9/6 = 2', '15*3 = 9']",7,4.0
(((13+17)/3)-x) = ((5**4)-12),10.0,-603.0,"['9-10 = -45', '13+17 = 27', '6-12 = -45', '5**4 = 6']",5,4.0
((2-x)/9) = ((5*10)+(17+36)),5.0,-925.0,"['6/9 = 62', '2-5 = 6', '5*10 = 9']",5,3.0
(17+(7*(18+x))) = ((9*(16-(15+3)))+(4**2)),15.0,-20.714,"['18+15 = 11.571', '4**2 = 91', '16-2 = 0.778', '15+3 = 2']",8,4.0
(((16+18)-x)-(11+2)) = (17*3),11.0,-30.0,"['5-6 = -93', '11+2 = 6', '16+18 = 16', '17*3 = -93']",5,4.0
((((x*4)+14)+20)+11) = (4+(-25)),17.0,-16.5,"['1+11 = -21', '20+20 = 1', '20+14 = 20', '17*4 = 20']",5,4.0
((((8+x)+(-2))*9)-10) = ((5*(-16.6))-((70/5)/6)),15.0,-14.37,"['17*9 = -79', '8+15 = 19', '14/6 = 6']",8,3.0
((17/4)-x) = (15*((7+(-5))+(-1))),14.0,-10.75,"['17/4 = -81', '15*1 = -95']",5,2.0
((2-x)+19) = (234/(4*1.5)),8.0,-18.0,"['14+19 = 39', '2-8 = 14']",4,2.0
(((x/1)/(13+17))-(4*(4**1))) = (8*((6*(-0.417)))),13.0,-120.48,"['9/3 = -2', '13+17 = 3', '13/1 = 9', '4**1 = 4.5']",8,4.0
((x-14)/7) = ((6-(2+7))*11.5),12.0,-227.5,"['12-14 = 322', '6-9 = 4']",5,2.0
(((1/1)-x)-(5**4)) = (6-15),2.0,-615.0,"['5**4 = 4', '5-2 = -10', '1/1 = 5', '6-15 = -14']",5,4.0
((((5**1)+x)+12)+14) = (((3**2)/8)*(-10.571)),14.0,-42.892,"['7+14 = -74', '8+12 = 7', '14+14 = 8', '5**1 = 14', '3**2 = 56']",7,5.0
((10-x)**1) = ((9/7)+(3**3)),4.0,-18.286,"['1**1 = 77', '10-4 = 1', '11+12 = 77', '9/7 = 11', '3**3 = 12']",5,5.0
(((4**1)*10)+x) = (17-(((17-9)*0.75)+10)),72.0,-39.0,"['17*10 = 17', '4**1 = 17', '17-16 = 89']",7,3.0
(14-((11-x)-18)) = (-37-(13+(-3))),16.0,-68.0,"['14-13 = -47', '11-16 = 31']",5,2.0
(((x*(14*2))/2)+81) = ((5-3)/(4*0.5)),11.0,-5.714,"['11*1 = 28', '14*2 = 1', '8/2 = 95', '5-3 = 8']",7,4.0
(3+((11+x)*4)) = ((10/10)+(1*4)),20.0,-10.5,"['19*4 = 25', '11+20 = 19', '1+18 = 28', '1*4 = 18']",6,4.0
(x-(4/6)) = (((48/8)+7)-(112/7)),12.0,-2.333,"['4/6 = 3', '6+7 = 25']",6,2.0
(x*(17-((20/10)/10))) = (3+8),10.0,0.655,"['10*1 = 1', '20/10 = 160', '3+8 = 1']",5,3.0
(3-((6-x)+18)) = (-55-(2+(32-17))),17.0,-51.0,"['3-12 = -59', '11+18 = 12', '6-17 = 11', '2+15 = 4']",6,4.0
((x/2)-((9/3)**3)) = (-602/7),17.0,-118.0,"['13-18 = -86', '17/2 = 13', '1**3 = 18', '9/3 = 1']",5,4.0
((x-(6+6))**4) = (19-1),23.0,9.94,"['3**4 = -61', '6+6 = 20', '19-1 = -61']",4,3.0
((14*6)-(x+(-7))) = ((36/9)*((56/4)*5)),13.0,-189.0,"['14*6 = 55', '14*5 = 12.25']",7,2.0
((x*5)+(3*5.333)) = (-48/8),6.0,-4.4,"['1+16 = -6', '6*5 = 1']",4,2.0
(x*(((2+14)/4)**2)) = (6*((4*(-2.625)))),15.0,-3.938,"['15*8 = -63', '3**2 = 8', '5/4 = 3', '2+14 = 5']",6,4.0
(4**(x-8)) = ((4/10)/((5**4)-20)),13.0,2.719,"['4**2 = 40', '13-8 = 2', '8/5 = 40', '4/10 = 8', '5**4 = 25']",6,5.0
((x+10)/(1**(10+10))) = (2*(-3)),18.0,-16.0,"['17/5 = -6', '1**2 = 5', '10+10 = 2', '18+10 = 17']",5,4.0
(11*((x+(10+5))*6)) = (6*(((9*0.333)**2))),16.0,-14.183,"['11*2 = -85', '4*6 = 2', '16+18 = 4', '10+5 = 18', '3**2 = -14.167']",7,5.0
((11-3)-(x**1)) = (8+14),2.0,-14.0,"['2**1 = 9', '11-3 = 1', '8+14 = -8']",4,3.0
((12-17)-x) = (((14+4)+(-3))+((16-5)-6)),8.0,-25.0,"['12-17 = 106', '6+17 = 98', '14+4 = 9', '1-6 = 17', '16-5 = 1']",7,5.0
((18+(11/10))-(x*10)) = (((1**1)**3)/(1/10)),17.0,0.91,"['16-3 = 100', '17*10 = 3', '18+9 = 16', '11/10 = 9', '13/10 = 100', '1/10 = 10', '3**3 = 13', '1**1 = 3']",8,8.0
(3+(34-(1-x))) = ((10*1.2)/((20/(20/6))/8)),13.0,-20.0,"['3+17 = -48', '1-13 = 17', '12/7 = -48', '20/2 = 56', '20/6 = 2']",8,5.0
(-345/(x*10)) = ((96/((35-18)+14))-(6*2.667)),13.0,2.673,"['13*10 = 5', '16-16 = -69', '17+14 = 6']",7,3.0
(6*(x*(18/7))) = (9*(-4.444)),4.0,-2.592,"['6*4 = -40', '4*3 = 4', '18/7 = 3']",4,3.0
((310/(8-x))-(3+(4-12))) = (2*(60/5)),12.0,-8.316,"['8-12 = 10', '3+13 = 7', '4-12 = 13']",7,3.0
((((3+9)-6)*x)/(6*8)) = (-53-12),8.0,-520.0,"['11*8 = -260', '6*8 = 4', '13-6 = 11', '3+9 = 13']",6,4.0
(8*(x+3)) = (7*(((11+0.143)-20))),14.0,-10.75,"['8*6 = -62', '14+3 = 6']",5,2.0
(((4**1)*x)**(10/1)) = (((17+(-7))+((13-(4**1))))-12),10.0,0.304,"['5**2 = 10', '10/1 = 2', '6*10 = 5', '4**1 = 6', '4-12 = 10', '4**1 = 19']",9,6.0
(((x-(14/2))-(17+2))-11) = (3*((-24-((20/8)**2)))),4.0,-53.75,"['9-10 = -82', '4-17 = 9', '17+2 = 10', '14/2 = 17', '1**2 = 7', '20/8 = 1']",9,6.0
((x/3)+((5**2)-16)) = ((7+((4**1)))*(((7/5)/5))),18.0,-17.76,"['6+16 = -23', '16-16 = 16', '5**2 = 16', '5/5 = -11.5', '4**1 = -5', '7/5 = 5']",9,6.0
((13/(x/6))/2) = ((25-20)+12),17.0,2.294,"['19/2 = -22', '13/2 = 19', '17/6 = 2', '5+12 = -22']",5,4.0
((x+7)*(19+22)) = ((10/9)-6),7.0,-7.119,"['7+7 = 2', '10/9 = 88']",5,2.0
(((x*3)**4)+(14+14)) = (18+(8+9)),6.0,0.542,"['4**4 = 18', '14+14 = 68', '6*3 = 4', '18+17 = 86']",6,4.0
(x-(7-20)) = (((2*7.5)+(-12))*32.333),110.0,83.999,['7-20 = 13'],5,1.0
(((x*9)/10)*(2**3)) = (((3*6.333)*10)*(-18.25)),14.0,-481.572,"['11*2 = -73', '13/10 = 11', '14*9 = 13', '2**3 = 2', '19*10 = 4']",7,5.0
((48/(9*10))-(19-x)) = (-576/((6*(4+(-3.667)))*3)),16.0,-77.629,"['8-11 = -96', '9*10 = 6', '19-16 = 11']",8,3.0
((2/(3**2))-x) = (12+((6/7)+2)),10.0,-14.635,"['20-10 = 31', '2/6 = 20', '3**2 = 6', '6/7 = 17']",6,4.0
((x*5)+(16/6)) = ((5**2)*(((9+4)-11))),15.0,9.467,"['11+14 = -82', '15*5 = 11', '16/6 = 14', '13-11 = -10.25', '5**2 = 8']",7,5.0
(((9*9)-x)+((8+(-94)))) = (17+3),8.0,-25.0,"['9*9 = 19', '17+3 = -75']",5,2.0
((7*10)*((2**4)+x)) = ((3/8)*4),15.0,-15.979,"['14*8 = -70', '7*10 = 14', '20+15 = 8', '2**4 = 20', '4*4 = -70', '3/8 = 4']",6,6.0
(-((((10+11)-18)*5)+x)-10) = (((11*2)/(15+4))*5),4.0,-30.789,"['14+4 = 10', '5*5 = 14', '10-18 = 5', '10+11 = 10', '8*5 = -20', '11*2 = 56', '15+4 = 7']",9,7.0
(8+(6-x)) = (3*17.333),13.0,-37.999,['6-13 = 44'],3,1.0
((6+x)*7) = ((4*0.5)**(10-8)),7.0,-5.429,"['3*7 = 14', '6+7 = 3', '2**2 = 14']",5,3.0
(13*(9*(x*2))) = (9*(8+5)),7.0,0.5,"['13*7 = 75', '9*7 = 7', '7*2 = 7', '9*10 = 75', '8+5 = 10']",5,5.0
(((x-10)**1)*(-8.333)) = (5-((21/(5**(8/4)))/3)),17.0,9.434,"['2**1 = 9', '17-10 = 2', '5-2 = -75', '7/3 = 2', '5**2 = 3']",8,5.0
((((3/10)+0)+(x))-16) = (3+(-56)),-10.0,-37.3,"['4-16 = -53', '3/10 = 14']",5,2.0
((1-12)+(((5+x)-17))) = (((28/4)-(9*8))-(12*9)),18.0,-150.0,"['1-17 = -55', '5+18 = 1', '1-12 = 10', '16-19 = -45', '7-13 = 16', '9*8 = 13', '12*9 = 19']",9,7.0
((6/6)-(x+5)) = ((126/7)+10),1.0,-32.0,"['1-20 = 60', '1+5 = 20', '18+10 = 60']",5,3.0
((7*(((14*(x+9))**3)+(-1.286)))+12) = (5*6),2.0,-8.888,"['3**3 = 3', '14*1 = 3', '2+9 = 1', '5*6 = 24']",7,4.0
((x/(16*(15+6)))*4) = (12-16),4.0,-336.0,"['3*4 = -14', '4/9 = 3', '16*9 = 9', '15+6 = 9', '12-16 = -14']",5,5.0
((x**1)+(((8+(18*9))/5))) = (15-3),4.0,-22.0,"['13/5 = -82', '8+3 = 13', '18*9 = 3', '4**1 = 6', '15-3 = -76']",6,5.0
((9-(x-8))-(70/(19*8))) = (71-(98/((2/10)+7))),8.0,-40.849,"['15-10 = 57', '9-16 = 15', '8-8 = 16', '19*8 = 7', '14+7 = 7', '2/10 = 14']",9,6.0
((x+5)*((19+((5**2))))) = ((2+(-695))/(22-15)),4.0,-7.25,['5**2 = -30'],7,1.0
(-67-((x*(3/2))+(7/9))) = ((9+(-444))/5),19.0,12.815,"['13+2 = 20', '7/9 = 2', '19*8 = 13', '3/2 = 8']",7,4.0
((17*4)*(x+(19-3))) = ((9*(10*0.111))+(-70)),2.0,-16.883,"['13*2 = -60', '2+19 = 2', '17*4 = 13', '19-3 = 19']",7,4.0
(x-(((1-18)/4)-12)) = (-36-9),-31.0,-61.25,"['6/4 = 26', '1-18 = 6']",5,2.0
(((1/9)+x)*(((14-10)*5.667)-5)) = (17+(144/9)),17.0,1.757,"['17-5 = 10.75', '14-10 = 3', '7+17 = 8', '1/9 = 7', '17+16 = 86']",8,5.0
((126/9)*(5+x)) = ((3*(10.667-4))*(3-8)),11.0,-12.143,"['14*7 = 56', '5+11 = 7', '20*6 = 56', '3-8 = 6']",7,4.0
(x-(8-5)) = ((((18-10)-(17+14))-18)/6),11.0,-3.833,"['11-18 = -89', '8-5 = 18', '8-7 = -516', '17+14 = 7']",7,4.0
(((12*10)+(x))*10) = ((7/(24/8))/8),-14.0,-119.971,"['1*10 = 76', '12*10 = 15', '2/8 = 76', '7/3 = 2']",6,4.0
(((x*(17+8))+17)+((16/2))) = ((11*8)**((10-14)/5)),14.0,-0.999,"['5+17 = 6', '16/2 = -77', '14*3 = 5', '17+8 = 3', '2**4 = -71', '11*8 = 2', '10-14 = 20']",9,7.0
(((13-14)**(9-19))+(3*x)) = ((10-(1**1))-(64/(15/8))),4.0,-8.711,"['16+17 = -18', '4**1 = 16', '3*4 = 17', '13-14 = 4', '9-19 = 1', '15/8 = 4', '1**1 = 12']",10,7.0
(((19*10)+x)*(12+(-5))) = (108-((630/10)/7)),7.0,-175.857,"['8*7 = 99', '19*10 = 1']",7,2.0
(x+((18+10))) = (11-5),13.0,-22.0,"['18+10 = -37', '11-5 = -24']",3,2.0
((80/10)-(x*1)) = ((((95/5)-14)*1.8)-(32/8)),8.0,3.0,"['8-3 = -68', '8*1 = 3', '9-4 = -68']",8,3.0
((x*8)+4) = (8/(6+(-1))),19.0,-0.3,"['10+4 = -64', '19*8 = 10', '8/5 = -64']",4,3.0
(x/(((20*2)-15)-9)) = ((6*(8.333-7))*(-1.375)),-99.0,-175.956,"['6-15 = 18', '20*2 = 6']",7,2.0
((17-((10*10)+x))-5) = (((28-20)*1)/2),18.0,-92.0,"['5-5 = 30', '18+18 = 12', '10*10 = 18', '5/2 = 30', '8*1 = 5']",7,5.0
((12-16)-(x*6)) = (10*((8+(-3))**((1+19)/7))),18.0,-166.208,"['18*6 = 1', '12-16 = 70', '5**4 = 6.9', '20/7 = 4']",8,4.0
(((1/2)+(x+8))*(-8.4)) = ((14+(21-((180/10)*4)))/10),15.0,-8.06,"['10+19 = 10', '15+8 = 19', '1/2 = 10', '14+10 = -840', '18*4 = 11']",9,5.0
((((10*5)*(x/4))**3)+5) = (-85-13),13.0,-0.375,"['2+5 = -98', '5**3 = 2', '13/4 = 1.25', '10*5 = 4']",6,4.0
(((16/9)-3)-x) = (15+11),13.0,-27.222,"['19-13 = 12', '20-3 = 19', '16/9 = 20', '15+11 = 12']",4,4.0
((x**(3**1))+(16*2)) = ((114/6)+4),5.0,-2.08,"['16+19 = 32', '5**2 = 16', '16*2 = 19', '3**1 = 2', '19+4 = 32']",6,5.0
((10+x)*(((12/3)+12))) = (9+(-38)),19.0,-11.812,"['10+19 = 2', '5+12 = -14.5', '12/3 = 5']",5,3.0
((10*x)/9) = (((7*2.571)+(-222))/((3+6)+6)),5.0,-12.24,"['10*5 = -612', '14+6 = 3', '3+6 = 14']",7,3.0
(x+(((16*2)*((14+5)*1.25)))) = (((9*0.333)*9)+((9*((8*(-1.111)))))),16.0,-813.019,"['2*10 = -91', '14+5 = 8', '16*2 = 2', '3*9 = 5']",10,4.0
((1**(13-3))+x) = (222/(19+20)),64.0,4.692,"['1**2 = 10', '13-3 = 2', '19+20 = 3']",5,3.0
(18+((((18+x)**1)-8)-3)) = (4+(-101)),3.0,-122.0,"['18+17 = -97', '17-3 = 17', '20-8 = 17', '1**1 = 20', '18+3 = 1']",6,5.0
(x*(((14/9)+1)/2)) = (6*((-58.664/(16/7)))),9.0,-120.516,"['9*5 = -44', '19/2 = 5', '11+1 = 19', '14/9 = 11', '16/7 = 8']",7,5.0
((1*(10-x))-(5**3)) = (((22-(2*1))-16)/9),5.0,-115.444,"['1*8 = 4', '10-5 = 8', '5**3 = 20', '13/9 = -16', '9-16 = 13', '2*1 = 13']",8,6.0
(((x*8)*2)*10) = ((10*1.1)+((14*10)-16)),9.0,0.844,"['9*8 = 2', '14*10 = 45']",7,2.0
(((4**(x*9))*2)/2) = (((20-18)*(4*7))+3),10.0,0.327,"['9/2 = -9', '3*2 = 9', '4**2 = 3', '10*9 = 2', '18+3 = -9', '4*7 = 6', '20-18 = 3']",8,7.0
((((x*6)+5)-(11/7))+14) = (8*9),15.0,9.095,"['16+14 = -67', '11/7 = 4', '8+5 = 20', '15*6 = 8', '8*9 = -67']",6,5.0
(((2+1)*19)-x) = (((11*6)*2.5)+(7*6.143)),18.0,-151.001,"['2+1 = 4', '11*6 = 6']",7,2.0
(((x*3)+19)+(5**2)) = (9*(34.002/6)),20.0,2.334,"['5+9 = 51', '14+19 = 5', '20*3 = 14', '5**2 = 9']",6,4.0
(((13+x)-6)*4) = (((17-12)/5)+16),8.0,-2.75,"['9*4 = -51', '20-6 = 9', '13+8 = 20', '6+16 = -51', '17-12 = 30']",6,5.0
(16*(3/(18*(17/x)))) = (((3+(-43))/(13+16))-(9*10)),5.0,-582.543,"['16*3 = -22', '3/6 = 3', '18*7 = 6', '17/5 = 7', '9*10 = 2', '13+16 = 2']",9,6.0
(6*(12.667-(x/1))) = ((5*(15.4-14))*9.143),13.0,2.0,['13/1 = 2'],6,1.0
((x-(8-5))+21) = ((2**2)-(9-9)),4.0,-14.0,"['4-1 = 10', '8-5 = 1', '9-3 = 31', '2**2 = 9', '9-9 = 3']",6,5.0
((14-(x*7))*((2*7))) = ((((15-5)+0)-(13+(-3)))+2),19.0,1.98,"['2*7 = -3.167', '14-13 = 6', '19*7 = 13', '2+2 = -19', '6-10 = 2', '15-5 = 6']",9,6.0
((((2**2)-x)/7)-5) = (((7+(-3))+1)**(10-8)),9.0,-206.0,"['10-5 = -37', '18/7 = 10', '9-9 = 18', '2**2 = 9', '2**2 = -37', '4+1 = 2']",8,6.0
(2*(20-(x*(10/6)))) = (4*(4**4)),7.0,-295.2,"['10/6 = 0.714', '4**4 = 7.5']",6,2.0
(((20+13)-x)/(6+(17-20))) = ((16/4)+75),8.0,-204.0,"['6+3 = 10', '6-8 = 790', '17-20 = 3', '20+13 = 6']",7,4.0
((270/((3-8)+(-3)))-x) = (20-7),11.0,-46.75,"['3-8 = 9', '20-7 = 34']",5,2.0
((12+(16*x))/((8/6)**4)) = (5*(-7.6)),2.0,-8.256,"['20/10 = -38', '12+10 = 20', '16*2 = 10', '4**4 = 10', '8/6 = 4']",6,5.0
(18+(4/x)) = ((((16+(-4))+18)+(-11))**(7*0.143)),9.0,3.788,"['18+9 = -58', '4/9 = 9', '3**1 = -58', '12+18 = 14']",7,4.0
((10*(3/1))-((5*(6-x))/6)) = (1*4),2.0,-25.2,"['5*1 = 96', '6-2 = 1', '3/1 = 3.5', '1*4 = 19']",7,4.0
(14/((x*10)/10)) = (12-6),12.0,2.333,"['14/1 = -94', '12*10 = 10', '12-6 = -94']",4,3.0
(((4-x)**3)/3) = ((9*2)*45),3.0,-9.444,"['5**3 = 270', '4-3 = 5', '9*2 = 2']",5,3.0
(7+((5/x)**4)) = ((16+(11+((2**2))))*(1**2)),8.0,2.259,"['4**4 = 54', '5/8 = 4', '1**2 = 6.778', '16+7 = 9', '2**2 = -4']",8,5.0
(19-(18-(8-((13+(16*x))-6)))) = ((2*2.5)*7),4.0,-2.062,"['19-1 = 94', '18-6 = 1', '20-6 = 2', '13+10 = 20', '16*4 = 10', '5*7 = 94']",8,6.0
(-72-(((14+17)*((12+x)-2))**3)) = (20*10),16.0,-10.209,"['3**3 = 20', '16-2 = 0.75', '14+17 = 4', '12+16 = 16', '20*10 = -92']",7,5.0
((7*2.286)-(x-(3*4))) = (94-(5*(1-((11+9)-12)))),38.0,-100.998,"['16-20 = 79', '3*4 = 18', '1-8 = 3']",9,3.0
((9-x)*3.125) = ((19/8)*(10+(12-8))),18.0,-1.64,"['9-18 = 8', '19/8 = 5', '10+4 = 5']",6,3.0
(6*((((x+(6/7))*9)+19))) = (((4/3)*(5*2))-7),9.0,-2.851,"['1+19 = -1.167', '2*9 = 1', '9+5 = 2', '6/7 = 5', '18*10 = 0', '4/3 = 18']",9,6.0
((13+x)*24) = ((3+1)-(22-12)),15.0,-13.25,"['13+15 = 3', '16-10 = 72', '3+1 = 16']",5,3.0
((2*x)*1.625) = ((5-4)*((4*3.25)-14)),10.0,-0.308,"['2*10 = 8', '5-4 = 10', '13-14 = 1.3']",6,3.0
(((9-(13-5))+x)/3) = (-378/6),1.0,-190.0,"['3+1 = -189', '13-5 = 6']",5,2.0
((1-(x-20))/(12/3)) = ((3**4)/7),14.0,-25.286,"['19/8 = 57', '1-6 = 19', '14-20 = 6', '12/3 = 8', '3**4 = 399']",6,5.0
(((x*(11/3))*(9+((18/3))))+(-29)) = (16+2),11.0,0.855,"['11*4 = 7', '18/3 = -7.571', '11/3 = 4', '16+2 = -19']",7,4.0
((6-x)*7) = ((7+(22-(2*10)))*10),16.0,-6.857,"['9*7 = 43', '6-16 = 9', '9*10 = 43']",6,3.0
((20-3)+((x/3))) = (((40/10)+10)+((10*(-8.6)))),5.0,-267.0,"['20-3 = 19', '5/3 = -101', '4+10 = 4']",7,3.0
(((15-12)/7)*((4*(4-x))+5.5)) = (4**(20-19)),11.0,3.042,"['17/7 = 8', '15-12 = 17', '4*5 = 5', '4-11 = 5', '4**1 = 84']",8,5.0
((x/((20/5)**1))+(-33)) = (-16-((21-20)+19)),4.0,-12.0,"['4/9 = 4', '1**1 = 9', '20/5 = 1', '1+19 = 13']",7,4.0
(6+(((8*x)/(11+3)))) = (((14-9)/7)-(6-11)),10.0,-0.5,"['8*10 = -192', '11+3 = 2', '5/7 = -71', '6-11 = 19']",8,4.0
((x**1)+6) = ((84/(2**4))/2),3.0,-3.375,"['13+6 = 38', '3**1 = 13', '12/2 = 38', '2**4 = 7']",5,4.0
(((18*6)+x)-((11/3)-5)) = ((3*3)*((16+(19+(-5)))/9)),40.0,-79.333,"['8-5 = 11', '18*6 = 9', '11/3 = 8', '9*1 = 38', '16+14 = 9']",10,5.0
(x-((6*1)/(48/8))) = ((13+4)-(8+(-7))),35.0,17.0,"['6*1 = 36', '6-1 = 29', '13+4 = 6']",7,3.0
((x+(3**2))*(11+((17+16)))) = ((((16-11)*6)/5)*10),17.0,-7.636,"['17+2 = 10', '17+16 = -3.2', '3**2 = 2', '20*10 = 78', '5*6 = 100']",9,5.0
((3*(x/4))*((5*5))) = (1+((((8*0.25)**4)/4))),40.0,0.267,"['3*10 = 9', '5*5 = -2.111', '2**4 = -80']",8,3.0
((((x*1)**1)**2)*(-6)) = (-19-(((16+16)/7)**3)),10.0,4.369,"['3**2 = 5', '2**1 = 3', '10*1 = 2', '1**3 = 11', '16+16 = 7']",8,5.0
((15+(4+x))-6) = (-74-13),6.0,-100.0,"['15+19 = -81', '4+6 = 19']",4,2.0
((1**4)/x) = (2/(13+(-8))),9.0,2.5,"['1**4 = -216', '2/5 = -24']",4,2.0
((1-(x-19))-5) = ((509-19)/10),5.0,-34.0,"['3-5 = 49', '1-3 = 3', '5-19 = 3']",5,3.0
(((x*9)+((11*6)**1))+91) = (15*(1/1)),16.0,-15.778,"['7+10 = 1', '1**1 = 10', '11*6 = 1', '16*9 = 7', '15*6 = 92', '1/1 = 6']",7,6.0
(8-(5*(x/9))) = ((20/10)*5),3.0,-3.6,"['8-20 = -18', '3/9 = 4', '17*5 = -18', '20/10 = 17']",5,4.0
(100/((7*(5**1))/((14*x)/6))) = (200/(16+(((17*1)*3.5)/2))),10.0,0.656,"['7*9 = 8', '5**1 = 9', '3/6 = 4', '14*10 = 3', '16+14 = 4', '17*1 = 8']",11,6.0
(6*(9+x)) = (((11-(1**(8-3)))/10)**3),8.0,-8.833,"['9+8 = 15.833', '2**3 = 95', '11-13 = 20', '1**3 = 13', '8-3 = 3']",7,5.0
(4*(x*(1**1))) = ((1+((200/10)/2))-10),8.0,0.25,"['4*6 = 33', '8*7 = 6', '1**1 = 7', '16-10 = 33', '1+10 = 16']",7,5.0
((x+20)*9.7) = ((11+(((15+(-14))**1)))*(13-19)),1.0,-27.423,"['1+20 = 10', '1**1 = -1', '13-19 = 9.7']",7,3.0
((((x/5)*2)**(15/8))/4) = (1**4),18.0,5.236,"['3**1 = -164', '15/8 = 1', '4*2 = 3', '18/5 = 4', '1**4 = -41']",6,5.0
(((x+7)**3)*(((14-11)/3))) = (-192/((15+(10-5))/4)),5.0,-10.374,"['10/3 = -8', '2**3 = 3', '14-11 = 10', '5+7 = 2', '15+5 = 32']",9,5.0
(18+((x+(12/10))+(6/2))) = (((2**1)-(26-7))-8),12.0,-47.2,"['18+13 = -17', '10+10 = 13', '12+9 = 10', '6/2 = 10', '12/10 = 9', '8-19 = -9', '2**1 = 8']",9,7.0
(-21-((8/10)*x)) = (((7-(54/9))*0.714)+(105/7)),3.0,-45.892,"['12*3 = 9', '8/10 = 12', '5+15 = -30', '7-6 = 7']",8,4.0
(12-((x-5)/(16+20))) = ((180/10)+(((7/3)/5)/8)),65.0,-213.1,"['12-10 = 27', '16+20 = 6', '7/3 = 360']",9,3.0
(x*((2-(10/2)))) = ((19+(19-3))/(19-7)),5.0,-0.972,"['2-4 = -18.2', '10/2 = 4', '12/10 = -91', '19+10 = 12', '19-3 = 10', '19-7 = 10']",7,6.0
((x/8)*(18-(18*3))) = ((17-(1-((20/3)+(-6))))/10),17.0,-0.37,"['11*5 = 4', '17/8 = 11', '18-12 = 5', '18*3 = 12', '7/10 = 4', '17-7 = 7', '1-12 = 7', '20/3 = 18']",9,8.0
((5*(20+x))+(14/3)) = ((-80/(12-10))-(7-(7-4))),15.0,-29.733,"['17+17 = -51', '5*7 = 17', '20+15 = 7', '14/3 = 17', '7-3 = 11']",9,5.0
(103-((((x+10)*3)*2.111)*(7-11))) = ((14-4)/(30/10)),18.0,-13.934,"['19*4 = 8', '15*3 = 9', '7-11 = 4', '18+10 = 15', '19/3 = 95', '14-4 = 19']",9,6.0
((9*(8-(15+12)))*(13+((x-2)))) = ((6*(-15.833))-(20-((18+(-1))-8))),18.0,-10.38,"['10*3 = -97', '18-2 = -10', '8-17 = 1.111', '15+12 = 17', '20-9 = 2']",11,5.0
(((7*x)-9)-(5**2)) = ((3**1)-(20*8)),4.0,-17.571,"['7*4 = 75', '5**2 = 8', '20*8 = 6', '3**1 = 64']",7,4.0
(((7*0.286)*(14+(10-x)))/9) = (2+(38-20)),19.0,-65.91,"['10/9 = 33', '14+10 = 5', '10-19 = 10', '2+18 = 33']",7,4.0
((19-16)-((x+16)-(1/6))) = (750/10),2.0,-87.833,"['20-6 = 75', '19-16 = 20', '2+16 = 21', '1/6 = 15']",6,4.0
(((5**2)*(14/4))+(x)) = (15+(-53)),-42.0,-125.5,"['5**2 = 6', '14/4 = 0.667']",5,2.0
(((20+x)**2)*(13+((10*2)))) = (6*3),15.0,-19.261,"['4**2 = 9', '10*2 = -12.222', '20+15 = 4', '6*3 = 7']",6,4.0
((18*(x-5))*((5-18))) = ((-175/(3*3))-(15+1)),16.0,5.151,"['18*4 = 3', '5-18 = -9.333', '16-5 = 4', '15+1 = 3', '3*3 = 7']",8,5.0
(((5**2)+(x/6))*(-1.75)) = ((19-19)*((12-8)/(10*4))),19.0,-150.0,"['10+9 = 4', '5**2 = 10', '19/6 = 9', '2*10 = -7', '4/9 = 10', '10*4 = 9', '19-19 = 2']",9,7.0
(((5+x)+(15+7))/8) = ((4*(-18.25))-(10/(24/3))),7.0,-621.0,"['11/8 = -86', '10+3 = 11', '15+7 = 3', '5+7 = 10', '10/8 = 13']",8,5.0
(x*((((7/8)+14)-(2**4)))) = ((6+0)+(((2/2)*((1-5))))),7.0,-1.778,"['8+14 = 9.143', '2**4 = 15', '7/8 = 8', '2/2 = 4', '1-5 = -11.75']",10,5.0
((1**(17*3))+((x*(-2.667)))) = (16+((19-4)-8)),9.0,-8.249,"['1**3 = 4', '17*3 = 3', '16+7 = -20']",7,3.0
((7-12)+(7+x)) = (-62-8),14.0,-72.0,"['14+12 = -70', '7+14 = 12', '7-12 = 14']",4,3.0
(((2**2)+((x-19)+15))*4) = (6+((-520/8))),4.0,-14.75,"['9*4 = -59', '4+15 = 6', '2**2 = 3', '4-19 = 4']",7,4.0
((17-(17-x))/(1-(10-5))) = (13+(30-15)),1.0,-112.0,"['1/5 = 67', '1-2 = 5', '10-5 = 2', '13+15 = 67']",7,4.0
((5**4)*((x+((5**3))))) = (16-10),15.0,-124.99,"['5**3 = -16.2', '5**4 = 5', '16-10 = -6']",5,3.0
(((1-9)/((x+20)/2))/2) = ((1/6)/(6/(20-(18+16)))),14.0,0.571,"['9/2 = 166', '1-9 = 9', '14+20 = 4', '6/10 = 2', '1/6 = 166', '18+16 = 10']",10,6.0
((6*((14-13)+x))*((6+(-12.667)))) = (-240/((16+8)+15)),16.0,-0.846,"['6*9 = 6', '9+16 = 9', '14-13 = 9', '2+15 = 6', '16+8 = 2']",8,5.0
((2**3)-((x+16)-11)) = ((((10*0.1)+9)*0.1)/4),10.0,2.75,"['2**3 = 6', '8-11 = 12', '10+16 = 8', '1/4 = -6']",8,4.0
((14*9)*x) = ((4-5)-(5*(2**2))),9.444,-0.167,"['14*9 = 9', '14-6 = 85', '2**2 = 1.2', '4-5 = 14']",6,4.0
((15-(12+12))*(((x/3)*3))) = (12*8),6.0,-10.667,"['12+12 = 13', '14*3 = -22.5', '6/3 = 14', '12*8 = -45']",6,4.0
(((15*x)+(19/1))*(20*4)) = (232/((18+1)+3)),4.0,-1.258,"['4*9 = 29', '19/1 = 3', '15*4 = 1', '20*4 = 9', '18+1 = 5']",8,5.0
(((20/4)**2)*(x+((4**4)))) = ((17-4)-(70/(19-12))),19.0,-255.88,"['4**4 = -6', '1**2 = 6', '20/4 = 1', '13-10 = 78']",9,4.0
(((1/3)+(34-20))*x) = (8*(3/(14-17))),8.0,-0.558,"['18*8 = 86', '1/3 = 4', '3/2 = 10.75', '14-17 = 2']",7,4.0
((5**1)+(x-10)) = (((8/4)*3)*((3*(-1.944)))),6.0,-29.992,"['13+11 = -35', '6-10 = 11', '5**1 = 13']",7,3.0
((x+14)*10) = (9/1),7.0,-13.1,"['7*10 = -66', '7+14 = 7', '9/1 = -66']",3,3.0
((12+(x-(8-20)))*(-9.556)) = ((-1720/(3*0.667))/(4**4)),16.0,-23.649,"['12+7 = 9', '16-4 = 7', '8-20 = 4', '4**4 = 10']",8,4.0
(((10*7)*(8-x))*((15-3))) = (((1*3)/3)*((7-9))),16.0,8.002,"['8*7 = 10', '15-3 = -3.7', '8-16 = 7', '10*7 = 8', '8/3 = 7', '1*3 = 8', '7-9 = -5.286']",9,7.0
(8+(23-(6/((1/x)**3)))) = ((6*0.833)+56),9.0,-1.71,"['8+10 = 61', '6/7 = 13', '2**3 = 7', '1/9 = 2']",7,4.0
((x/2)+(105/(9+15))) = (((18+10)-14)/(21-14)),36.0,-4.75,"['18+15 = 25', '9+15 = 7', '18+10 = 189']",8,3.0
(((6-7)*0.3)-(x*4)) = ((5*0.8)**1),19.0,-1.075,"['3-13 = -11', '19*4 = 13', '6-7 = 10', '4**1 = -11']",6,4.0
((x-12)-15) = ((((153/9)+((17*8)))/3)*(-9)),7.0,-432.0,"['7-12 = -39', '3/3 = 6', '17*8 = -14']",7,3.0
(((x-(7/2))**1)+18) = ((8*1.625)-8),10.0,-9.5,"['1+18 = -8', '4**1 = 1', '7/2 = 6', '13-8 = -8']",6,4.0
(4+((x+7)-10)) = (-170/10),8.0,-18.0,"['4+14 = -17', '11-10 = 14', '8+7 = 11']",4,3.0
(91-((9-5)*(6-(7+x)))) = (3/9),17.0,-23.667,"['9-5 = 3', '6-10 = 1.667', '7+17 = 10', '3/9 = 86']",6,4.0
((2/8)-(5+((x*(20+19))/9))) = (4/4),10.0,-1.327,"['12-8 = -78', '2/8 = 12', '10*7 = 27', '20+19 = 7', '4/4 = -78']",7,5.0
((x+8)+((7-9)+((1*(19*7))))) = (8*((15+(-19.5)))),11.0,-175.0,"['7+4 = -36', '11+8 = 7', '1*4 = -14', '19*7 = 4', '7-9 = 18']",8,5.0
(((4+(x+5))+14)+(19-13)) = (10/((9-12)*1.2)),17.0,-31.778,"['13+12 = -79', '10+14 = 13', '19-13 = 12', '17+5 = 6', '10/6 = -79', '9-12 = 5']",8,6.0
(16+(x+(((11*7)+(1**4))/4))) = (((4/2)-1)**2),6.0,-34.5,"['16+7 = 57', '9/4 = 1', '12+17 = 9', '1**4 = 17', '11*7 = 12', '1**2 = 57']",9,6.0
((15+x)+19) = ((2*(-127.5))/(2**((4**2)*0.167))),16.0,-74.012,"['2+19 = -85', '15+16 = 2', '2**1 = 3', '4**2 = 6']",7,4.0
(((13+(x*3))-18)/5) = ((16/(4-17))-3),5.0,-5.385,"['16/5 = 44', '18-18 = 16', '13+8 = 18', '5*3 = 8', '16/3 = 47', '4-17 = 3']",7,6.0
((6*(7/4))*(20+((x/3)))) = ((12/6)*6.5),19.0,-56.286,"['8*4 = 13', '7/4 = 1.333', '19/3 = -16']",7,3.0
((3**(2/10))-(x/7)) = (52-7),12.0,-306.28,"['12-5 = 45', '12/7 = 5', '3**4 = 12', '2/10 = 4']",5,4.0
(((x+16)/(14/(16/1)))*(5**3)) = ((20/(50/5))**(5/2)),7.0,-15.96,"['18*2 = -48', '9/3 = 18', '5**3 = 2', '14/10 = 3', '7+16 = 9', '16/1 = 10', '2**1 = -48', '5/2 = 1']",10,8.0
((9-(3+(x-2)))**2) = (6-(((8/9)/10)*3)),20.0,5.606,"['1**2 = -9', '9-2 = 1', '3+20 = 2', '20-2 = 20', '8/9 = 50']",8,5.0
((((x/9)+(18+14))+((12+15)))+9) = ((17-7)/((30-11)/(17+(-14)))),13.0,-597.789,"['7+9 = -36', '12+15 = -6', '10+2 = 13', '18+14 = 2', '13/9 = 10', '10/5 = -36', '19/3 = 5']",11,7.0
(11*((x+19)+(3/8))) = (-86-(25-15)),19.0,-28.102,"['11*7 = -96', '16+8 = 7', '19+19 = 16', '3/8 = 8']",6,4.0
(((3+4)-((15+x)+19))*(8*2)) = (4*(19+13)),10.0,-35.0,"['3*3 = -9', '15+19 = 7', '15+10 = 15', '8*2 = 3', '3+4 = 10', '4*10 = -9', '19+13 = 10']",8,7.0
((((x*4)-10)*((3**1)+14))*10) = (-37-((4*6)*((12+15)*0.571))),16.0,1.901,"['6*10 = -53', '12+14 = 0.6', '16*4 = 20', '3**1 = 12', '11*4 = 16', '4*6 = 11', '12+15 = 7']",11,7.0
(((x*9)/9)*(2*((16/9)*6))) = (4+(5+8)),9.0,0.797,"['16*6 = 4.4', '16/9 = 16', '9*9 = 90', '4+13 = 88']",8,4.0
((7+(18/(20*3)))+x) = (74-9),63.0,57.7,"['7+20 = 2', '18/3 = 20', '20*3 = 3']",5,3.0
(3*((4**3)*x)) = (5**4),9.0,3.255,"['18*9 = 1.667', '4**3 = 18', '5**4 = 5']",4,3.0
((x/(17/5))+(((18*10)-(2**1)))) = (4*(((7/7)**(10/10)))),15.0,-591.6,"['15/6 = 12', '2**1 = 11', '18*10 = -30', '17/5 = 6', '1**1 = -7.25']",10,5.0
(-((x+18)+((19*10)))/8) = (4-(2**(19-19))),7.0,-232.0,"['19*10 = -2', '7+18 = 10', '2**3 = 5', '19-19 = 3']",7,4.0
((((x*10)*3)+5)-((5-8)/4)) = ((((8*4.5)/9)*(2/8))-4),15.0,-0.292,"['9/4 = 13', '5+5 = 60', '5-8 = 9', '4*3 = 5', '15*10 = 4', '1-4 = 47']",11,6.0
(((4/1)-x)*((18*6))) = ((((6-12)+13)/7)-9),12.0,4.074,"['8-12 = 5', '18*6 = -10', '4/1 = 8', '14-9 = -50', '15/7 = 14', '6-12 = 2']",8,6.0
(((162/(5**1))+12)+(((11*2)*x))) = ((13+10)-(9*1)),7.0,-1.382,"['18+12 = 1', '4*7 = -87', '5**1 = 9', '11*2 = 4', '19-11 = -86', '13+10 = 19', '9*1 = 11']",9,7.0
((((20*9)+x)*(20-12))*10) = ((48/8)+(7*12)),13.0,-178.875,"['16+13 = 10', '20*9 = 16', '20-12 = 0.9']",8,3.0
((x-1)+(19-5)) = (17+(10/(10-2))),17.0,5.25,"['17+19 = 23', '17-1 = 17', '19-5 = 19', '10/4 = 6', '10-2 = 4']",6,5.0
(12+(((x/2)**1))) = ((1/3)+(-113)),14.0,-249.333,"['1**1 = -112', '14/2 = 1', '1/3 = 13']",5,3.0
((5-6)+((x-20))) = ((4*(-2))-15),11.0,-2.0,"['11-20 = -32', '5-6 = 9']",5,2.0
(((x-17)/(16/4))+4) = ((17/(16-2))/(5+16)),17.0,1.231,"['3/4 = 6', '17-17 = 3', '4/3 = 10', '5+16 = 3', '17/3 = 4', '16-2 = 3']",8,6.0
((11+x)/8) = (7-((2**1)+18)),16.0,-115.0,"['19/8 = 78', '11+16 = 19', '7-11 = 78', '18+18 = 11', '2**1 = 18']",5,5.0
(-6-((x/1)/(7+3))) = (((29-20)+(-7))**2),10.0,-100.0,"['11/7 = 5', '7+3 = 7', '10/1 = 11', '2**2 = -11']",7,4.0
((x/6)*(5-9)) = ((13*9)+((5*((5*((5*(-0.2)))))))),5.0,-138.0,"['9*6 = -20', '5-9 = 6', '5/6 = 9', '13*9 = 5']",8,4.0
(x-(1**1)) = ((84/7)-3),90.0,10.0,"['1**1 = 12', '12-3 = 78']",4,2.0
((x+7)+(14-2)) = ((144/9)/7),13.0,-16.714,"['19+5 = 55', '13+7 = 19', '14-2 = 5', '16/7 = 55']",5,4.0
((((12/2)**(15-x))-10)+(3*17)) = ((5**((19-9)-3))/(30/6)),20.0,9.612,"['3-10 = 4', '1**1 = 3', '12/2 = 1', '15-20 = 1', '13/5 = 55', '5**4 = 13', '2-3 = 4', '19-9 = 2']",11,8.0
((18+(x/3))*(-3)) = (2+(-26)),7.0,-30.0,"['18+12 = 8', '7/3 = 12']",4,2.0
(((10+x)*3)+68) = ((33/(5*0.6))+(72-(3**3))),6.0,-14.0,"['19*3 = 14', '10+6 = 19', '3**3 = 1']",8,3.0
((13-(14*7))-x) = (1**((120/(14+(-4)))+5)),16.0,-86.0,"['13-20 = 25', '14*7 = 20', '1**3 = 9', '12+5 = 3']",7,4.0
(((10-7)*9)*(11+x)) = ((17*5)+(((24-16)/10))),3.0,-7.822,"['19*5 = -10', '11+3 = 5', '8*9 = 19', '10-7 = 8', '8/10 = -22', '17*5 = 12']",8,6.0
((4*2)-x) = (9+12),19.0,-13.0,"['4*2 = -67', '9+12 = -86']",3,2.0
(((x+6)/3)/(8-14)) = (5+(7*1.143)),4.0,-240.018,"['8-14 = 8', '14/3 = -448', '4+6 = 14', '5+8 = -56']",6,4.0
(x+(6*4)) = (((18/7)+(-2))-(5+3)),12.0,-31.429,"['12+17 = -18', '6*4 = 17', '5+3 = 20', '18/7 = 4']",6,4.0
(((14/9)*(8-x))-10) = (66/(11-9)),10.0,-19.643,"['14/9 = 6', '8-10 = 5.333', '11-9 = 3']",6,3.0
((x*((10+14)+((8*1))))-6) = (13/2),8.0,0.391,"['12-6 = 42', '8*1 = -4.5', '10+14 = 6', '13/2 = 42']",6,4.0
((3**2)*((x*4)**1)) = (-171/(12+((((58-18)/8)**2)))),16.0,-0.128,"['15*9 = -19', '1**1 = 9', '16*4 = 1', '3**2 = 15', '5**2 = -3']",9,5.0
((x+(((6/8)/9)))-5) = (10*((4/(16*10)))),16.0,5.167,"['3-5 = -82', '8/9 = -13', '6/8 = 8', '4/8 = -8.2', '16*10 = 8']",7,5.0
((5*x)+((6+19)+(2*5))) = (((8+1)*5)*((2.286-5))),0.6,-31.426,"['3+7 = -19', '4+18 = 7', '2*5 = 18', '6+19 = 4', '2*5 = 7', '8+1 = 2']",9,6.0
(23-(((x/2)+7)*(16/(1**2)))) = ((18+(((1**4)*4)))*1),17.0,-13.875,"['20+7 = 8', '16/8 = 1.875', '1**2 = 8', '17/2 = 20', '2*1 = 8', '2*4 = -16', '1**4 = 2']",10,7.0
(((x+7)-7)+((12*10))) = ((10-(2*4.5))/6),4.0,-119.833,"['15-7 = 14', '12*10 = -80', '4+7 = 15', '7/6 = -66', '10-9 = 7']",7,5.0
(((x*9)+(6*(3*2)))/4) = ((8+(16/4))-16),18.0,-5.778,"['18*9 = 4', '3*2 = 8', '16/4 = 21']",8,3.0
((16+(x))+((11+10))) = (16/(15-(126/(11+14)))),-1.0,-35.394,"['11+10 = -81', '16/1 = -66', '11+14 = 9']",7,3.0
(((12-1)+(1-x))/(1*(6+12))) = (11-((21-18)**2)),13.0,-24.0,"['1+14 = 147', '12-1 = 1', '1-13 = 14', '1*4 = 3', '6+12 = 4', '11-7 = 49', '3**2 = 7']",9,7.0
((x/10)+((3+11)-8)) = (7/3),8.0,-36.667,"['16+20 = 26', '3+11 = 28', '8/10 = 16', '7/3 = 26']",5,4.0
((2+x)*18.5) = ((30-13)*5),9.0,2.595,"['2+9 = 4', '17*5 = 74']",4,2.0
((((18-x)/6)**4)+((15+(-67)))) = (-312/(64/(7*1.143))),17.0,6.608,"['1**4 = 13', '2/6 = 1', '18-17 = 2']",8,3.0
(((2**4)-(x*(12+9)))-6) = ((2**(4+(-1)))/(35/7)),10.0,0.4,"['6-17 = 20', '10*6 = 17', '2**4 = 6', '12+9 = 6', '2**3 = 70']",9,5.0
((11+x)*(((6/9)*9))) = (-96-(3+(54/3))),13.0,-30.5,"['9*9 = -48.5', '6/9 = 9', '11+13 = 2', '3+18 = 1']",7,4.0
((x+20)+(9*2)) = (14-14),12.0,-38.0,"['5+4 = 7', '9*2 = 4', '12+20 = 5', '14-14 = 7']",4,4.0
(5+(((16+(1-10))+(x)))) = ((((8*1.125)-19)*9)-(7*2.571)),-88.0,-119.997,"['16+1 = 15', '1-10 = 1', '20*9 = -50', '9-19 = 20']",9,4.0
(((19-17)**4)-(3-(x/(1**1)))) = (((((135/9)+11)-8)+15)/7),12.0,-8.286,"['4**4 = 53', '3-19 = 19', '12/10 = 19', '1**1 = 10', '19-17 = 4', '7/7 = 34', '18+15 = 7']",11,7.0
(((x+13)*8)*9) = (-570/(4-7)),8.0,-10.361,"['16*9 = -57', '14*8 = 16', '8+13 = 14', '4-7 = 10']",5,4.0
(((1**3)*x)+(12*(2/7))) = ((4**1)-15),7.0,-14.429,"['6*7 = 4', '12*5 = 83', '1**3 = 6', '2/7 = 5', '4**1 = 102']",7,5.0
(((8*1.75)-x)-(1**4)) = (5+((4**4)/9)),5.0,-20.444,"['2-15 = 64', '14-5 = 2', '1**4 = 15', '4**4 = 531']",7,4.0
((6*((x-14)/4))**1) = ((9+(-264))/(19-((11-10)+15))),10.0,-42.667,"['2**1 = -85', '6*4 = 2', '4/4 = 4', '10-14 = 4']",9,4.0
((2+x)*((20+(5**4))/(4**3))) = ((15-2)/((14/1)+(-11))),4.0,-1.57,"['12*1 = -3', '2+4 = 12', '20+16 = 9', '4**3 = 9', '5**4 = 16', '10/9 = -3', '15-2 = 10', '14/1 = 20']",10,8.0
(13+(((x*10)-8))) = (5*((16+(-2))+1)),14.0,7.0,"['15-8 = -4', '14*10 = 15', '5*4 = 9', '14+1 = 4']",6,4.0
((15+x)/((19/(3**2))*(6-8))) = (((5*1.8)/(1**(7+3)))**2),9.0,-357.0,"['20/3 = -60', '7*6 = 3', '6-8 = 6', '15+9 = 20', '19/5 = 7', '3**2 = 5', '2**2 = -60', '9/2 = 2', '1**2 = 2', '7+3 = 2']",11,10.0
((x-10)*((6/6))) = (-31-(85/(9+(4*2.5)))),14.0,-25.474,"['6/6 = -8', '14-10 = 6', '9+10 = 5']",7,3.0
(((20+15)+(((17+x)*5)))+(13*8)) = ((3**4)+((-86-(4*(15.25-12))))),16.0,-48.4,"['7+19 = -80', '20+15 = 9', '4*5 = -2', '13*8 = 19', '17+16 = 4', '3**4 = 19']",11,6.0
(18-(7/x)) = ((2+(8*2.25))+(-11)),10.0,0.778,['7/10 = 9'],5,1.0
((15+(((3**1)-8)))*(x+10)) = ((7+(-5))*27),12.0,-4.6,"['7*9 = 54', '12+10 = 9', '4-8 = -8', '3**1 = 4']",7,4.0
((1+(x*7))/10) = (2+((5*(-5)))),13.0,-33.0,"['1+6 = -230', '13*7 = 6']",5,2.0
((11*4)*x) = (12+(9+8)),9.6,0.659,"['11*4 = 10', '12+10 = 96', '9+8 = 10']",4,3.0
(1-(x+((4**3)/7))) = (18+41),7.0,-67.143,"['1-3 = 59', '7+20 = 3', '13/7 = 20', '4**3 = 13']",5,4.0
(x+(((17/7)/(3*3))-16)) = ((-243/3)-11),8.0,-76.27,"['8+6 = -92', '17/7 = 220', '3*3 = 10']",7,3.0
(11/(4*(x/9))) = (7+((4*36)/9)),15.0,1.076,"['11/4 = 26', '4*2 = 4', '15/9 = 2', '7+16 = 26']",6,4.0
((x/1)*(14*(19*4))) = (7*(10+(2*4.5))),14.0,0.125,"['5*2 = 22', '14*5 = 2', '14/1 = 5', '19*4 = 5', '10+9 = 3.143']",7,5.0
(((7*4)/2)/(16/x)) = (6/((1**1)*3)),9.0,2.286,"['16/9 = 6', '18/2 = -78', '7*4 = 18', '6/9 = -13', '1**1 = 3']",7,5.0
((7+11)*(x/10)) = (-140/(13/(7+19))),12.0,-155.556,"['1*3 = -20', '7+11 = 1', '12/10 = 3', '13/4 = 7', '7+19 = 4']",6,5.0
((x*8)/2) = (3/(6*0.333)),8.0,0.375,"['8*8 = -132', '3/2 = -66']",4,2.0
(((x*2)+((7+16)))-5) = ((13-((14-1)+16))*(4/4)),8.0,-17.0,"['6-5 = 20', '7+16 = -10', '11*1 = 20', '13-15 = 11', '1+16 = 15', '14-1 = 1']",9,6.0
((x/(9-13))-12) = (38-12),1.0,-152.0,"['19-12 = 26', '1/2 = 19', '9-13 = 2']",4,3.0
(7*(x/(5/(6*9)))) = (25-(12+1)),6.0,0.159,"['6/8 = 1.143', '5/10 = 8', '6*9 = 10', '12+1 = 17']",6,4.0
(((13*4)/((2*9)**1))+x) = (((24-11)-20)-11),6.0,-20.889,"['16+6 = 93', '2**1 = 8', '2*9 = 2', '13*4 = 128', '15-11 = 93', '13-20 = 15']",8,6.0
(15-(((16*9)+(x/1))+2)) = ((3*0.667)*1),1.0,-133.001,"['15-13 = 72', '3+14 = 11', '1/1 = 14', '16*9 = 3', '2*1 = 72']",7,5.0
(((11*2)/2)*(x+20)) = (6*13),9.0,-12.909,"['9+20 = 7.8', '15/2 = 10', '11*2 = 15']",5,3.0
(((17/(1/x))/3)+18) = (((17-14)*0.3)**(9/4)),7.0,-3.037,"['13+18 = -55', '6/3 = 13', '17/4 = 6', '1/7 = 4', '3**3 = -55', '9/4 = 3', '17-14 = 10']",8,7.0
(20-(17*x)) = (6*5),6.0,-0.588,"['20-14 = 52', '17*6 = 14', '6*5 = 52']",3,3.0
((19+x)*((((18-3)/8)+8))) = (((15*4)*(15.778-14))+(180/9)),5.0,-6.172,"['18+8 = -2', '1/8 = 18', '19+5 = 8', '18-3 = 1', '16+20 = -16', '15*4 = 9']",10,6.0
((((8+x)**1)*(5**4))*4) = (6+30),14.0,-7.986,"['3**1 = 2', '8+14 = 3', '5**4 = 4.5']",6,3.0
((6/(3-5))-x) = (1**(9+(7*((4**3)/7)))),9.0,-4.0,"['6/5 = 94', '3-5 = 5', '1**3 = 85', '9+5 = 3', '4**3 = 4.998']",8,5.0
((15-7)*((4**x)*7)) = ((13/(4**(10/(19+(-14)))))/5),2.0,-4.214,"['4*5 = -97', '13*7 = 5', '15-7 = 4', '4**2 = 13', '20/5 = -97', '13/10 = 20', '4**3 = 10', '10/5 = 3']",9,8.0
((((2**4)+3)+x)*((5+(-7.571)))) = ((-118-(27-19))/(8*(18.875-18))),1.0,-11.999,"['3+1 = 7', '7+3 = 3', '2**4 = 7']",10,3.0
(((15+1)*(x+11))/((5/3)*4)) = (222/(7-20)),3.0,-18.115,"['1*4 = 9', '3+11 = 166.5', '5/3 = 1', '15+1 = 2', '7-20 = 6']",8,5.0
(x/((5-6)*((12+20)+10))) = (17+((11-7)/1)),18.0,-882.0,"['18/6 = -65', '2*6 = 6', '9+10 = 6', '12+20 = 9', '5-6 = 2', '17+14 = -65', '4/1 = 14']",8,7.0
(18+((((13/(11-17))*x)/10)**1)) = (((44/2)-(1+(20-8)))+80),10.0,-327.692,"['18+4 = 99', '5**1 = 4', '20/10 = 5', '14*10 = 20', '13/6 = 14', '11-17 = 6', '20-8 = 2']",11,7.0
((x*(2**1))+((4**1)+(-6))) = ((2/6)-((19+(-14))**(7/9))),11.0,-0.582,"['17+9 = -97', '11*4 = 17', '4**1 = 15', '2**1 = 4', '2/6 = -89', '5**3 = 8', '7/9 = 3']",10,7.0
(((x*3)*(10*2))+15) = ((7+12)+(-103)),14.0,-1.65,"['11+15 = -91', '3*6 = 11', '10*2 = 6', '14*3 = 3', '7+12 = 12']",6,5.0
(4*(x*4)) = (102/6),14.0,1.062,"['4*2 = 17', '14*4 = 2']",3,2.0
((18+16)-(x-20)) = ((((7-13)**2)*3)*8.4),20.0,-853.2,"['18-19 = 42', '18+16 = 18', '20-20 = 19', '1*3 = 5', '4**2 = 1', '7-13 = 4']",7,6.0
((x*(8*6))/(5/4)) = ((4*2)/((81/9)-8)),8.0,0.208,"['3/7 = -93', '5/4 = 7', '8*6 = 3', '8*6 = 6', '2/1 = -93', '4*2 = 2']",8,6.0
((((x-3)/6)+3)-(3**3)) = ((13+(-245))/(28-20)),19.0,-27.0,"['18+3 = -16', '3**3 = 13', '14/6 = 18', '19-3 = 14']",8,4.0
((8*x)+(4**4)) = (18*8),4.0,-14.0,"['4**4 = 87', '8*4 = 4', '18*8 = 91']",4,3.0
(14+(80/((3**3)*(8/x)))) = ((12+(10/2))/(3**2)),10.0,-32.7,"['14+20 = -26', '10*2 = 4', '8/10 = 2', '3**3 = 10', '18/8 = -26', '10/2 = 6', '3**2 = 8']",9,7.0
((16*(3+(x/2)))-2) = ((11-20)*2),7.0,-8.0,"['16*8 = 98', '3+13 = 8', '7/2 = 13', '8*2 = 96', '11-20 = 8']",6,5.0
(((2*4)-((x/1)-(18*3)))-16) = (17+((2-19)+70)),12.0,-24.0,"['20-18 = 105', '2-16 = 18', '12/1 = 2', '18*3 = 16', '2*4 = 20', '2-19 = 2']",9,6.0
(((4**(15-18))*(x*10))*(-2.286)) = (((13+18)-2)/10),6.0,-8.119,"['6*10 = 1', '4**3 = 7', '15-18 = 3', '8/10 = -16', '13+18 = 10']",8,5.0
((((4+16)+13)+x)-(1**1)) = (((14*(14/9))-12)+83),102.0,60.778,"['19+13 = 1', '4+16 = 19', '1**1 = 19', '14*1 = 13', '14/9 = 1']",9,5.0
(((12-13)+x)/1) = (-335/5),8.0,-66.0,"['6/1 = -67', '9+8 = 6', '12-13 = 9']",4,3.0
(13+((4*x))) = (5*(-13)),2.0,-19.5,['4*2 = -78'],3,1.0
((13-x)-(2+(15-(9/5)))) = ((1**2)+(150/(50/(6*0.833)))),9.0,-18.194,"['13-9 = -76', '15-18 = 15', '9/5 = 18', '9+15 = -93', '1**2 = 9']",10,5.0
(((5+x)**2)*1) = ((20-15)**((6/2)**(1**1))),12.0,6.18,"['10*1 = -29', '1**2 = 10', '5+12 = 1', '5**3 = -29', '2**3 = 3', '1**1 = 3', '6/2 = 2']",8,7.0
((13/(x/3))/6) = ((15+(9*2.111))-(4*6)),19.0,0.65,"['6/6 = -42', '13/3 = 6', '19/3 = 3', '5-6 = -42', '15+19 = 5', '4*6 = 6']",7,6.0
((((4**2)-x)-9)+(-8)) = (35/7),6.0,-6.0,"['8-6 = 22', '4**2 = 8']",5,2.0
((13*x)/1) = (38-13),8.0,1.923,"['20/1 = 25', '13*8 = 20']",3,2.0
(x*(9+9)) = (-45-(133/((15+2)+20))),5.0,-2.7,"['5*3 = -64', '9+9 = 3', '18+20 = 7', '15+2 = 18']",6,4.0
(((3+x)-8)*8.667) = ((8-1)*11.143),19.0,14.0,"['7-8 = 9', '3+19 = 7']",5,2.0
(((4/6)-1)-(x-18)) = (15+(8*9.375)),12.0,-72.333,"['5-1 = 103', '4/6 = 5', '12-18 = 13']",6,3.0
((4+x)-(18-4)) = (-378/(7+(2*9))),11.0,-5.12,"['4+11 = -40', '2*9 = 0']",6,2.0
((34-((x+16)*4))+23) = (((8*1.25)*2)/1),5.0,-6.75,"['5+16 = 4', '20/1 = 41']",7,2.0
(10*((16*((1*x)**3)))) = (1*1),7.0,0.184,"['16*2 = -8.1', '3**3 = 2', '1*7 = 3', '1*1 = -81']",5,4.0
(((17+x)-2)*(3**1)) = (7*(-13.714)),4.0,-46.999,"['1*4 = -96', '3**1 = 4', '1-2 = 1', '17+4 = 1']",5,4.0
((18/5)-((13+x)/(50/5))) = (13/8),12.0,6.75,"['9-15 = -45', '18/5 = 9', '13+12 = 150', '13/8 = -45']",6,4.0
(9*((x/(16-11)))) = (7+((-72-(((15+1)-12)*2)))),6.0,-40.556,"['6/1 = -8.333', '16-11 = 1', '13*2 = 10', '15+1 = 25']",8,4.0
(8*((((4/5)+20)+x))) = (3**(((14-5)*0.444)+(-3))),13.0,-20.427,"['20+13 = -9.75', '10+20 = 20', '4/5 = 10', '3**1 = -78']",8,4.0
((5-(20+((6/8)+x)))-(21-17)) = ((16*(6-3))/(9-2)),16.0,-26.607,"['5-10 = -61', '20+2 = 10', '7+16 = 2', '6/8 = 7', '16*3 = -455']",10,5.0
((16-20)-(x/8)) = (9*7),96.0,-536.0,"['16-20 = -42', '9*7 = -54']",4,2.0
((x*10)+(6*9)) = (7+(12+2)),16.0,-3.3,"['6*9 = 39', '16*10 = 9', '12+2 = 41']",5,3.0
(((6/(x+5))*3)+(-62)) = ((180/10)+(-77)),19.0,1.0,"['7*3 = 3', '6/3 = 7', '19+5 = 3']",6,3.0
((20+x)/7) = ((-720/(14*9))/(1-(5+8))),14.0,-16.667,"['1/7 = -10', '20+14 = 1', '14*9 = 9', '1-20 = 8', '5+8 = 20']",7,5.0
(((20*(10*x))+4)/6) = (14+(15/7)),9.0,0.464,"['3/6 = 88', '10+4 = 3', '20*1 = 10', '10*9 = 1', '15/7 = 74']",6,5.0
(2-(16+((x*5)))) = (3+16),10.0,-6.6,"['2-5 = 6', '10*5 = -11', '3+16 = 6']",4,3.0
((x*6)*7) = ((((9/9)*2)*19.2)-13),6.0,0.605,"['7*7 = 83', '6*6 = 7', '11*2 = 5', '9/9 = 11']",6,4.0
(8*((x*(4*9))-20)) = ((21-(9/(2*2.5)))-(7*0.571)),20.0,0.608,"['7-20 = 5.5', '20*7 = 7', '4*9 = 7', '16-4 = 44', '9/5 = 5']",9,5.0
(((18+x)**1)*(-0.444)) = ((4**1)*(((3*3)-9))),12.0,-18.0,"['3**1 = 9', '18+12 = 3', '4**1 = 8', '9-9 = -0.5']",7,4.0
((6+x)+((20+18)-6)) = ((-379-1)/(15-(7*(15*9)))),19.0,-37.591,"['7+5 = -38', '7-6 = 5', '6+19 = 7', '20+18 = 7', '15*9 = 0.714']",9,5.0
((14*(19/10))+(x-10)) = (17*(8-(17-1))),13.0,-152.6,"['6+10 = 24', '13-10 = 10', '14*7 = 6', '19/10 = 7', '17*5 = 24', '8-16 = 5']",7,6.0
(x-(((7+6)+15)*(1**2))) = (3*((-176.67/10))),18.0,-25.001,"['18-1 = -53', '10*10 = 1', '12+15 = 10', '7+6 = 12', '1**2 = 10']",7,5.0
(((3-17)*((x-10)+13))+49) = (((100/10)*10)+((2*144)/6)),10.0,-10.071,"['12+13 = 0.833', '3-17 = 6', '10-10 = 12', '10*10 = 6']",10,4.0
(((14*(3**4))/8)+(12*x)) = (-90/(10-(26-18))),6.0,-15.562,"['16+9 = -45', '14*5 = 128', '3**4 = 5', '12*6 = 9']",8,4.0
(x+(5**4)) = (((6-1)/6)-15),4.0,-639.167,"['4+2 = 73', '5**4 = 2', '9-15 = 73', '11/6 = 9', '6-1 = 11']",5,5.0
(((14+11)-(x+9))-20) = ((21-(4**1))+((3**2)+(-17))),7.0,-13.0,"['7-20 = -78', '7+9 = 2', '14+11 = 9', '12+3 = -78', '3**2 = 20', '4**1 = 9']",9,6.0
(((4-4)+11)+((1**1)-x)) = ((12+2)+(((12-3)+(-6))+3)),9.0,-8.0,"['20+15 = 60', '5-9 = 15', '1**1 = 5', '4-4 = 9', '14+15 = 60', '3+3 = 15']",10,6.0
((x/5)-17) = (((1/9)/7)-16),20.0,5.079,"['20/5 = 56', '5/7 = 55', '1/9 = 5']",5,3.0
((20+(7*x))*(-11.111)) = ((16+2)+(-118)),4.0,-1.571,"['20+1 = 9', '7*4 = 1']",5,2.0
((x-12)/(3/5)) = ((-132/3)-(10/(9+(-4)))),5.0,-15.6,"['10/1 = -53', '3/5 = 1', '5-12 = 10', '10/5 = 9']",7,4.0
(((8/x)*(9-1))+5) = (7*(((6*0.333)*3))),7.0,1.732,"['8+5 = -100', '9-1 = 1.6', '8/7 = 5', '2*3 = -14.286']",7,4.0
((x-(2/4))-(11/5)) = ((2**(6*0.5))+((7-15)-4)),16.0,-1.3,"['11/5 = 9', '16-17 = 95', '2/4 = 17', '2**3 = 19', '7-15 = 71']",9,5.0
((x/10)+(6*(8+(-6.667)))) = ((9/(15/5))*(-7.667)),9.0,-309.99,"['11+8 = -23', '9/10 = 11']",7,2.0
((10-x)**(18/(15-8))) = ((19-10)*(((80/(10*1))+14))),9.0,2.181,"['1**4 = -88', '18/3 = 4', '15-8 = 3', '8+14 = -9.778']",9,4.0
((x-18)*(((20-10)-(4*2))-12)) = ((12+(6*(4**4)))*(10/4)),18.0,-369.0,"['4*2 = 15', '20-10 = 28.7', '18-18 = 10', '11*4 = 17', '10/4 = 4', '12+1 = 11', '4**4 = 0.167']",11,7.0
((13+x)/((18/9)/(2/1))) = (((49-19)/10)*((1+(-8.333)))),9.0,-34.999,"['10/3 = -22', '13+9 = 10', '18/9 = 12', '2/1 = 4']",9,4.0
(x*(((16/2)/1))) = (9*(-4.556)),9.0,-5.125,"['1/1 = -4.556', '16/2 = 1']",4,2.0
(19*(x+12)) = (((5+51)/(25-17))-13),17.0,-12.316,"['19*7 = -70', '17+12 = 7', '7-13 = -70']",6,3.0
(x+(((1-1)-4))) = (-87-((14-(11-15))+(10/10))),8.0,-102.0,"['9-4 = -96', '1-1 = 9', '5+17 = 1', '14-7 = 5', '11-15 = 7', '10/10 = 17']",8,6.0
((((19-(x+1))*2)/(5*1))**1) = (3*10),8.0,-57.0,"['5**1 = 90', '20/3 = 5', '19-6 = 10', '5*1 = 3', '8+1 = 6', '3*10 = 90']",7,6.0
((x*(1*7))**2) = ((9*1.667)*((5*3.2)-15)),16.0,0.553,"['3**2 = -34', '16*9 = 3', '1*7 = 9', '15*1 = -34']",7,4.0
((3-4)-(x-(6/2))) = ((13+((10-(190/10))))*(6*2.417)),32.0,-56.008,"['6/2 = 14', '3-4 = 76']",9,2.0
((12/3)-(19+(x*3))) = (3+17),20.0,-11.667,"['6-15 = -64', '19+14 = 15', '20*3 = 14', '12/3 = 6', '3+17 = -64']",5,5.0
(10-(8-(x+(5+11)))) = (-6/2),7.0,-21.0,"['10-18 = -3', '8-3 = 18', '7+12 = 3', '5+11 = 12']",5,4.0
(((7/(14*1))-(x*5))/5) = (((10-20)/(16/8))+2),13.0,3.1,"['4/5 = 22', '13*5 = 16', '7/5 = 20', '14*1 = 5', '10-20 = 40']",9,5.0
(6*(x+17)) = (((15+16)/7)*(3*7)),14.0,-1.5,"['6*9 = 77', '14+17 = 9', '20*2 = 77', '3*7 = 2', '15+16 = 140']",6,5.0
(x+(11+3)) = (((9+9)/5)**((1**1)/9)),11.0,-12.847,"['11+4 = -54', '11+3 = 4', '4**1 = -54', '13/5 = 4', '1**1 = 9', '9+9 = 13']",7,6.0
(((x-13)+19)*(20-13)) = ((30/6)/(7*0.429)),19.0,-5.762,"['14*7 = -61', '9+19 = 14', '19-13 = 9', '5/3 = -61']",7,4.0
((x*(9-14))+(4**1)) = ((1**1)/3),6.0,0.733,"['13+5 = -57', '6*2 = 13', '4**1 = 5', '9-14 = 2', '6/3 = -57', '1**1 = 6']",6,6.0
((5-(19*x))+(-114)) = ((15+17)/6),9.0,-6.018,"['5-6 = 16', '19*9 = 6', '15+17 = -588']",5,3.0
((x*10)+6) = ((24-((41-13)-20))+(-40)),18.0,-3.0,"['8+6 = -24', '18*10 = 8']",6,2.0
((3**(x/2))/(4/2)) = ((1**2)/10),8.0,-2.93,"['13/1 = -38', '3**4 = 13', '4/2 = 1', '1**2 = -380']",6,4.0
((5*x)**4) = ((4**3)-9),6.0,0.545,"['5**4 = -78', '5*6 = 5', '4**3 = -69']",4,3.0
(((16+(x-8))*(4**3))-(18/2)) = ((3/4)*((4/7))),7.0,-7.853,"['2*3 = -48', '18/2 = 17', '16+7 = 2', '7-8 = 7', '4**3 = 3', '4/7 = -13', '3/4 = 5']",9,7.0
(12*((x+8)-(6-12))) = ((5*0.2)**(24/8)),8.0,-13.917,"['12*4 = 22', '6-12 = 17', '8+8 = 21', '1**3 = 22']",7,4.0
((x+10)/(14+(-6))) = (((23-(19-(6/6)))/10)/9),4.0,-9.556,"['4+10 = 240', '5/9 = 30', '5/10 = 5']",8,3.0
(x-((3*8)/7)) = (13-(((4*7.5)/3)*1.9)),74.0,-2.571,"['3*8 = 84', '13-19 = 62']",7,2.0
(-(17/7)-(((x+7)*7)*5)) = (8*((3*7))),16.0,-11.869,"['13*5 = 7', '17/7 = 13', '19*7 = 13', '16+7 = 19', '3*7 = -2.5']",7,5.0
((7+9)+((((1-10)**3)-x))) = (19*(6*0.667)),2.0,-789.038,"['2**3 = -9', '1-10 = 2', '19*4 = 5']",7,3.0
((14+(13+x))*(41.5-11)) = (68-7),7.0,-25.0,"['14+18 = 2', '13+7 = 18']",5,2.0
((5*(6+x))+(710/10)) = ((9*28.333)/3),19.0,-3.2,"['5*8 = 14', '6+19 = 8']",6,2.0
(((3**4)+((x/6)))-15) = ((15/(17/7))+((-5-(7/6)))),7.0,-395.941,"['3**4 = 11', '7/6 = -8', '17/7 = 3', '7/6 = 12']",9,4.0
(((x/1)**2)*(10+10)) = ((7+((15/5)+2))+26),10.0,1.378,"['10*2 = 31', '10+10 = 2', '2**2 = 10', '10/1 = 2', '7+6 = 5', '3+2 = 6']",8,6.0
(((13+((3-16)))+x)+17) = (15+(-27)),10.0,-29.0,"['19+17 = -12', '3-16 = -4']",5,2.0
((((7+15)**2)/4)+x) = ((16-(18+(-5)))+(18+((10*(-1.1))))),5.0,-111.0,"['10+5 = -21', '8/4 = 10', '5**2 = 8', '7+15 = 5', '3+7 = -21']",9,5.0
(((13-x)/5)**2) = (((3*40)-3)/9),4.0,-5.028,"['3**2 = 13', '13/5 = 3', '13-4 = 13']",6,3.0
(((65/(14+11))-6)*x) = ((11-10)*9.833),29.5,-2.892,"['13-6 = 2', '14+11 = 5', '11-10 = 6']",6,3.0
(((13+18)-(15+2))-x) = ((75/5)*(2**2)),1.0,-46.0,"['4-1 = 88', '8-7 = 4', '13+18 = 8', '15+2 = 7', '15*6 = 88', '2**2 = 6']",7,6.0
((2-(6+2))-((x+5)/4)) = ((3**2)-(7*2.143)),3.0,-4.996,"['18-20 = -36', '6/4 = 20', '2-5 = 18', '3+5 = 6', '6+2 = 5', '7-15 = -36', '3**2 = 7']",8,7.0
(((14-x)-(12/5))*1) = ((13+(((4**3)+2)))**1),12.0,-67.4,"['2*1 = -38', '7-9 = 2', '12/5 = 9', '14-12 = 7', '4**1 = -38', '20+2 = -9', '4**3 = 20']",8,7.0
(x+((1**2)*5.5)) = ((2/(3**4))-(30/2)),18.0,-20.475,"['18+11 = 10', '1**2 = 2', '8-15 = 10', '2/8 = 8', '3**4 = 8']",7,5.0
(x-((13/3)+(12/1))) = (9-(7*(2+((8/7))))),22.0,3.333,"['18+13 = 15', '12/1 = 13', '13/3 = 18', '9-12 = 7', '8/7 = -0.286']",8,5.0
((4*(x+((10*1))))-20) = (((1440/9)/10)+(3**3)),20.0,5.75,"['4*3 = 74', '10*1 = -17', '16+7 = 54', '3**3 = 7']",8,4.0
(8+(14+x)) = (-38-1),15.0,-61.0,"['8+2 = -39', '14+15 = 2']",3,2.0
((((x+(13*6))+7)/9)-(1**1)) = (((12+14)+(-13))/(2*3)),1.0,-56.5,"['11-10 = -1', '18+7 = 99', '1+15 = 18', '13*6 = 15', '1**1 = 10', '5/6 = -1', '12+14 = 18']",10,7.0
(x-((2/6)**2)) = (5/(12*2)),56.0,0.319,"['2**2 = 13', '2/6 = 2', '5/8 = 43', '12*2 = 8']",5,4.0
((9-((x/3)+(-13)))*9.6) = ((136/(2**1))*(8-3)),4.0,-40.25,"['4/3 = 17', '17*4 = 48', '8-3 = 4', '2**1 = 8']",8,4.0
(((15+(12-7))/(13+9))+(10-x)) = ((12-(11/6))-4),19.0,4.742,"['19+2 = -27', '10-19 = 2', '13+9 = 2', '15+8 = 38', '12-7 = 8', '9-4 = -27', '12-17 = 9', '11/6 = 17']",9,8.0
((((15+x)/8)*9)*((4**4)*4)) = ((5**((15+(-3))/5))*1),3.0,-14.959,"['11*9 = 10', '16/8 = 11', '7*4 = 0.3', '15+3 = 16', '4**4 = 7', '5**2 = 3', '12/5 = 2']",10,7.0
(((20*9)-15)*(x-1)) = (4**(27/9)),11.0,1.388,"['1*10 = 43', '13-15 = 1', '20*9 = 13', '4**3 = 43']",6,4.0
(x*(10-7)) = (12+(((13/7)/10))),17.0,4.062,"['17*2 = 0', '10-7 = 2', '13/10 = -12', '13/7 = 13']",5,4.0
((2*x)*(-4.625)) = ((18-((11/2)-14))*(12*4)),5.0,-137.514,"['2*5 = 8', '17*4 = -37', '12*4 = 4', '11/2 = 15']",7,4.0
(6-((16/2)*(x-2))) = (5-(33-19)),14.0,3.875,"['6-5 = 42', '8*8 = 5', '14-2 = 8', '5-14 = 42']",6,4.0
(12/((3/x)/(14+20))) = ((1/4)+(-33)),8.0,-0.241,"['12/7 = -17', '3/2 = 7', '14+20 = 2', '3/8 = 3', '1/4 = 16']",6,5.0
((1**(14*2))*(x+0)) = (3*((6.667-16))),8.0,-27.999,"['11*8 = -28', '1**2 = 11', '14*2 = 2']",6,3.0
(((18+16)-12)-(19*x)) = (3-1),9.0,1.053,"['14-2 = 2', '18+16 = 26', '19*9 = 2']",5,3.0
((19/3)+(26-(8-x))) = (29-9),20.0,-4.333,"['4+20 = 20', '8-20 = 6', '19/3 = 4']",5,3.0
((x-(1-6))/(11-7)) = ((7*(-14.143))-1),2.0,-405.004,"['14/4 = -100', '2-19 = 14', '1-6 = 19']",6,3.0
(((18+(x+16))*1)*20.25) = (((3/4)/((38-16)-18))*13.5),19.0,-33.875,"['1*1 = 4', '18+16 = 1', '19+16 = 16', '20/4 = 6', '3/4 = 20']",9,5.0
((8/x)+(20/2)) = (9+10),9.0,0.889,"['8/9 = 4', '20/2 = 53', '9+10 = 57']",4,3.0
((20+5)*x) = (270/(9+(-6))),15.0,3.6,['20+5 = 6'],4,1.0
(((((x*4)+3)/(3**2))*5)*(-8.714)) = ((15+7)/5),10.0,-0.977,"['17*5 = 7', '1+3 = 34', '3**2 = 2', '10*4 = 1', '15+7 = -305']",8,5.0
(34/(12/((17+16)+x))) = (((13+17)-17)*((14-3)/8)),2.0,-26.691,"['12/5 = 2', '17+16 = 3', '11/8 = 4.25', '13+17 = 21']",9,4.0
((((2**3)-4)/6)+x) = ((18+(-87))-(10/(10*0.5))),19.0,-71.667,"['2+19 = -70', '9-4 = 12', '2**3 = 9', '10/5 = 1']",8,4.0
((14+((1**1)-18))*x) = ((6*((15*2)+12))**(9/9)),9.2,-84.0,"['14+8 = 10', '17-18 = 8', '1**1 = 17', '5**1 = 92', '6*10 = 5', '18+12 = 10', '15*2 = 18']",9,7.0
(20+(((14*(7/3))-x)+6)) = (102-3),12.0,-40.333,"['20+8 = 99', '9-12 = 2', '14*3 = 9', '7/3 = 3']",6,4.0
((23-(5**(x*5)))-2) = (18-15),16.0,0.359,"['5**2 = 7', '16*5 = 2', '18-15 = 14']",5,3.0
((x*(20/2))-(2*(13+7))) = (4*(((5+(-7.25))-((28-18)*10)))),2.0,-36.9,"['17-6 = -21', '13+7 = 3', '20/2 = 8.5', '10*10 = 3']",10,4.0
((14+x)/8) = (16+(-106)),8.0,-734.0,['14+8 = -720'],3,1.0
(x*(9+((18*4)))) = ((12*4)-(17+(-7))),18.0,0.469,"['18*3 = 18', '18*4 = -6', '19-10 = 18', '12*4 = 19']",6,4.0
(((20+2)+x)/9) = (((11-17)*1)+4),11.0,-40.0,"['11+11 = -810', '20+2 = 11', '8+4 = -90', '7*1 = 8', '11-17 = 7']",6,5.0
(((11+19)**1)+x) = ((4**1)*((4+16)+(-8))),46.0,18.0,"['5**1 = 12', '11+19 = 5', '10*8 = 58', '4+16 = 16', '4**1 = 10']",7,5.0
(x-(((7*4)-7)+1)) = (((55-20)-(9*10))-1),48.0,-34.0,"['17+1 = 17', '7*4 = 24', '9*10 = 3']",8,3.0
(((1**4)-2)+(11+x)) = ((20-16)**((1+6)-20)),5.0,-10.0,"['12+16 = 47', '17-2 = 12', '1**4 = 17', '4**4 = 47', '8-20 = 4', '1+6 = 8']",8,6.0
(((x*9)/10)+2) = (((7*0.286)**(2/2))/4),6.0,-1.666,"['18+2 = -79', '10/10 = 18', '6*9 = 10', '2**1 = -316']",7,4.0
((7*7)+(14+x)) = (-216/((25-18)*1.286)),10.0,-86.995,"['12+14 = -24', '7*7 = 12', '14+10 = 14']",6,3.0
((x/7)*((10-3))) = (-54-6),13.0,-60.0,"['13/7 = 8', '10-3 = -7.5']",4,2.0
(((2**1)*4)*(5/x)) = ((((5-1)**4)+12)/5),10.0,0.746,"['20*1 = -92', '5/10 = 1', '2**1 = 5', '15+12 = -460', '4**4 = 15']",8,5.0
(x*((13/3)/10)) = (-296/((3+13)-(7+5))),2.0,-170.769,"['2*1 = -74', '3/10 = 1', '13/3 = 3']",7,3.0
((2+((x/7)*(5**2)))*10.667) = ((2*(19*2))*(9/2)),15.0,8.417,"['2+8 = 6', '7*1 = 8', '5**2 = 1', '15/7 = 7', '7*9 = 64', '9/2 = 9', '2*1 = 7', '19*2 = 1']",9,8.0
((14-(x+9))-(10*10)) = (((20-(23-10))*2.286)+(4+13)),2.0,-128.002,"['14-12 = 29', '10*10 = 18', '2+9 = 12', '16+2 = 11', '4+13 = 2']",9,5.0
(((4-x)/3)/((12-7)**1)) = (7/1),19.0,-101.0,"['4-19 = 435', '1**1 = 5', '12-7 = 1', '7/1 = 29']",6,4.0
((((2**3)**2)+x)+(13/10)) = (((5+12)+(-14))+(4**3)),14.0,1.7,"['1**2 = 6', '13/10 = 9', '2**3 = 1', '4**3 = 26']",9,4.0
(48-(x*2)) = ((11*(13-9))*7),6.0,-130.0,"['6*2 = 9', '5*7 = 39', '11*3 = 5', '13-9 = 3']",5,4.0
(((6-x)-5)-((1-2)+13)) = (13+(-9)),3.0,-15.0,"['5-7 = 4', '10+13 = 7', '6-3 = 10', '1-2 = 10']",6,4.0
(2*(11*((11/4)-x))) = (11+(4*1.5)),7.0,1.977,"['11*10 = 18.5', '11/4 = 17', '11+6 = 37']",6,3.0
(-94-(((7+19)/8)*(x**1))) = (3-(15+(2**4))),2.0,-20.308,"['13/8 = 10', '2**1 = 0.4', '7+19 = 13', '3-6 = -98', '15+11 = 6', '2**4 = 11']",8,6.0
(31-((5/4)-(14*x))) = ((5*1.8)+(34-(18*10))),6.0,-11.911,"['6-12 = 18', '5/4 = 6', '14*6 = 12', '9+17 = 13', '18*10 = 17']",8,5.0
((18/8)-((x*2.6)+5)) = ((13*7)+32),5.0,-48.365,"['18/8 = 61', '13*7 = 11']",6,2.0
((16/(3*x))*((4**2)-9)) = ((12+2)+(10*0.2)),10.0,2.333,"['2*10 = 19', '16/2 = 2', '4-9 = 10', '3*10 = 2', '4**2 = 4', '14+2 = 19']",8,6.0
(((14-13)**4)-(x*9)) = ((((3+2)/3)+(-154))/9),20.0,1.992,"['4-15 = -15', '20*9 = 15', '2**4 = 4', '14-13 = 2', '6/3 = 19', '3+2 = 6']",8,6.0
((19+((1**2)+(9*x)))+14) = (((10+(2**4))-20)+(-62)),3.0,-10.0,"['14+14 = -54', '19+14 = 14', '9*3 = 5', '1**2 = 9', '4-20 = 8', '10+18 = 4', '2**4 = 18']",9,7.0
((2-12)*((x*8)/(17/(2/2)))) = ((7*(6/(19-17)))*(19/7)),5.0,-12.113,"['6*2 = 84', '7/6 = 2', '5*8 = 7', '2-12 = 6', '17/6 = 6', '2/2 = 6', '19/7 = 16.8', '6/2 = 0.714']",11,8.0
((3**(6+x))/(18-14)) = ((((5*(19/9))*10)*4)*2),11.0,1.396,"['3**2 = -192', '18-14 = 6', '6+11 = 2', '3*2 = -32', '18*4 = 3', '9*10 = 18', '19/9 = 1.8']",9,7.0
(x+((10+16)+78)) = ((4-3)+((11+17)*0.556)),11.0,-87.432,"['10+16 = 5', '1+5 = 94', '11+17 = 9']",7,3.0
(3*(((x+(10*1))+6))) = (3*(-12.333)),17.0,-28.333,"['15+6 = -12.333', '17+2 = 15', '10*1 = 2']",5,3.0
(64/((x-(1-5))**3)) = ((2**2)/(7*2)),14.0,2.073,"['4**3 = 8', '14-15 = 4', '1-5 = 15', '2**2 = 48', '7*2 = 6']",7,5.0
(-87-(((2*x)*9)*2)) = (13+((13*10)**1)),6.0,-6.389,"['1*2 = 1', '9*9 = 1', '2*6 = 9', '13+18 = -88', '5**1 = 18', '13*10 = 5']",7,6.0
((11+x)*(-3.1)) = ((((16*8)*0.7)/6)-4),15.0,-14.527,"['11+15 = 10', '13-4 = -31', '7/6 = 13', '16*8 = 10']",6,4.0
(12+((5**2)+x)) = ((4+((10/8)))**(1**(6*0.333))),19.0,-31.75,"['12+6 = -55', '18+19 = 6', '5**2 = 18', '2**4 = -55', '1**2 = 4', '10/8 = -2']",8,6.0
((x*((((2**3)-2)+18)))-19) = ((((5*3.4)+(-6))-1)-1),9.0,1.167,"['18+18 = -5.444', '19-2 = 18', '2**3 = 19', '13-1 = -68', '11-1 = 13']",9,5.0
(-220/(((8-x)**2)/5)) = (5+(-60)),20.0,3.528,"['4/5 = 4', '5**2 = 4', '8-20 = 5']",5,3.0
(((((x-11)**2)/6)-2)**2) = ((10+((((160/8)-15)+17)))*13.5),11.0,-0.692,"['1**2 = 81', '8-2 = 1', '17/6 = 8', '4**2 = 17', '11-11 = 4', '5+17 = -4']",10,6.0
(((4*x)*0.8)+86) = (4*23.5),9.0,2.5,['4*9 = 10'],4,1.0
(-252/(((11*8)+x)+2)) = ((15+(-13))-((630/7)/(11+2))),5.0,-38.812,"['20+2 = 9', '17+5 = 20', '11*8 = 17', '2-18 = -28', '11+2 = 5']",9,5.0
(((15/5)-((6*6)*(x-11)))+26) = (5*(2*((56.7/7)-5))),18.0,10.944,"['3-1 = 5', '3*8 = 1', '6*6 = 3', '18-11 = 8']",10,4.0
((x-20)*((17+(11+19))*(19*8))) = (2*49),37.0,20.014,"['17*1 = 98', '19*8 = 0.125', '17+11 = 8', '11+19 = 11']",7,4.0
((4**3)-(5**(6-x))) = ((4-(20+10))/(21-14)),14.0,3.381,"['5**2 = 3', '4**3 = 10', '6-14 = 2', '14/7 = 7', '4-1 = 14', '20+10 = 1']",8,6.0
((70/(15/2))-(7-x)) = (((20-9)-19)*3),16.0,-26.333,"['7-14 = 8', '15/2 = 10', '7-16 = 14', '19*3 = 8', '20-9 = 38']",7,5.0
((x*((6*(4**1))**2))+1) = (3**4),6.0,0.139,"['16+1 = 19', '2**2 = 2.667', '6*9 = 2', '4**1 = 9', '3**4 = 19']",6,5.0
((4+x)+1) = (200/((5*2.4)*(4*(8-7)))),7.0,-0.833,"['12+1 = 25', '4+7 = 12', '12*9 = 8', '4*1 = 9']",7,4.0
(14*((17/(x*6))*2)) = (4*(18+(-11.75))),10.0,3.173,"['14*6 = 25', '12*2 = 6', '17/3 = 12', '10*6 = 3']",6,4.0
(3+(((x*8)-4))) = (9+((-385/5))),14.0,-8.375,"['13-4 = -71', '14*8 = 13']",5,2.0
(((3**((12+14)/5))-14)+x) = (5**3),28.0,-163.713,"['3**2 = 17', '12/5 = 2', '12+14 = 12', '5**3 = 31']",6,4.0
(((x-2)**3)*((13*8)-1)) = ((16*(10*0.4))-11),8.0,2.801,"['19*10 = -72', '13*8 = 11', '3**3 = 19', '8-2 = 3', '16*4 = -61']",8,5.0
(5/(5/x)) = (((7-6)*((16+3)))/(3+6)),9.0,2.111,"['5/3 = -29', '5/9 = 3', '7-6 = 4', '16+3 = -65.25']",7,4.0
((9/9)-(x+(5-(1/5)))) = ((13+(-11))*(2*(17+10))),5.0,-111.8,"['5-3 = 12', '9/9 = 109', '1/5 = 3', '17+10 = 23']",9,4.0
((10-x)+((2**4)+3)) = (((1772/4)-(1**4))/(7-1)),5.0,-44.667,"['7+3 = 52', '2**4 = 7', '10-5 = 3', '7-1 = 8', '1**4 = 3']",9,5.0
(((5*10)+x)*((13+((18*4)))*3.95)) = ((10-6)**1),13.0,-49.988,"['18*4 = -3', '1+13 = 2', '5*10 = 1', '4**1 = 79']",8,4.0
((x/5)*((((8+17)*4)+11))) = ((2*9.5)+9),45.0,1.261,"['1+11 = -5.556', '12*4 = 1', '8+17 = 12', '19+9 = -50']",7,4.0
((16+(((16/x)+(-32))))**4) = ((14+3)*9.857),8.0,1.29,"['4**4 = 69', '16/8 = 20', '14+3 = 7']",6,3.0
((19+(13+x))+((8*10))) = (((5*0.2)-((1**3)/8))**4),20.0,-111.414,"['19+5 = 1', '13+20 = 5', '8*10 = -90', '1**4 = -89', '1-17 = 1', '11/8 = 17', '1**3 = 11']",9,7.0
((28-x)/((1-6)/2)) = ((-30-18)-((4*9)*(2-2))),14.0,-92.0,"['14/4 = -54', '1-6 = 8', '2-2 = 1.5', '4*9 = 4']",9,4.0
((20+((9/2)))*(x/(13/5))) = ((8*2.375)+(-10)),7.0,0.955,"['7/6 = 2.25', '13/5 = 6', '9/2 = -16']",7,3.0
(((13+(20/8))/10)+(x-5)) = (1**2),15.0,4.45,"['10+2 = -50', '18/10 = 10', '15-5 = 2', '13+7 = 18', '20/8 = 7', '1**2 = -50']",6,6.0
((x+15)/(2**1)) = (3**(19-18)),11.0,-9.0,"['2**1 = 5', '11+15 = -180', '3**1 = -36']",5,3.0
(x-(5/7)) = (15+((-425/5))),-60.0,-69.286,['5/7 = 10'],4,1.0
(((18*6)/x)*7) = (((13+(3+19))/3)*16.6),9.0,3.904,"['20*7 = 83', '4/9 = 20', '18*6 = 4', '14/3 = 5', '13+4 = 14', '3+19 = 4']",7,6.0
((4+(16+17))+x) = (4+(-39)),14.0,-72.0,"['15+14 = -35', '4+2 = 15', '16+17 = 2']",4,3.0
((1-((3+20)*x))/7) = (16/5),10.0,-0.93,"['1-16 = 511', '15*10 = 16', '3+20 = 15', '16/5 = 73']",5,4.0
((5+15)-x) = (16+6),11.0,-2.0,"['5+15 = -49', '16+6 = -60']",3,2.0
(17+((15+x))) = ((5*7)/(12+18)),4.0,-30.833,"['15+4 = -97', '5*7 = -320', '12+18 = 4']",5,3.0
((42/(4-6))*(x/(4**3))) = ((8/3)*(22-6)),7.0,-130.032,"['7/1 = 11.429', '4**3 = 1', '4-6 = 6', '8/3 = 5']",8,4.0
((x+9)*(-0.143)) = ((2**(5+(-4)))*4),9.0,-64.944,"['9+9 = 7', '14*4 = -1', '2**1 = 14']",5,3.0
(((x+15)/8)*8.4) = (((19+9)-(10*1.7))*(2-11)),11.0,-109.286,"['1/8 = 10', '11+15 = 1', '6*7 = 84', '19+9 = 23', '2-11 = 7']",8,5.0
((x/(6/(1*8)))+11) = (((360/3)/8)+((13/9))),12.0,4.083,"['12+11 = 1', '12/2 = 12', '1*8 = 3', '13/9 = -14']",8,4.0
((5-(x+4))-(2/2)) = (12+(60/4)),11.0,-27.0,"['5-17 = 5', '11+4 = 17', '12+15 = 4']",6,3.0
((x*(10+2))+((9-6))) = (-368/8),17.0,-4.083,"['17*2 = 11', '10+2 = 2', '9-6 = -57']",5,3.0
((4+14)+(6*x)) = ((12-11)-16),1.833,-5.5,"['6+11 = -94', '4+14 = 6', '6-16 = -94', '12-11 = 6']",5,4.0
(((2**(4-7))+(1/6))+x) = (((17+(-3))+10)+(-38)),13.0,-14.292,"['18+13 = -18', '2**1 = 8', '4-7 = 1', '1/6 = 10', '14+10 = 20']",8,5.0
((x*(-10.25))-((19+(4**3))/(1*2))) = (((13-17)/(2**2))**(5+(-2))),4.0,-3.951,"['19+15 = 51', '1*2 = 3', '4**3 = 15', '3**3 = -58', '13-17 = 9', '2**2 = 3']",11,6.0
((12-(x**3))*((5/10))) = (2*7),4.0,-2.52,"['5/10 = -29', '4**3 = 10', '2*7 = -58']",5,3.0
(((15-20)+12)*(x/(17/10))) = (16/2),90.0,1.943,"['5+12 = 6', '15-20 = 5', '17/10 = 10', '16/2 = 54']",6,4.0
((3*(x+14))*(7-15)) = ((12+((8*1)*0.75))*(16/8)),13.0,-15.5,"['12*9 = 97', '7-15 = 9', '13+14 = 4', '18*2 = 97']",9,4.0
((x/(2/2))-8) = (((7/5)**1)*(-5.1)),16.0,0.86,"['3-8 = -51', '16/8 = 3', '2/2 = 8', '3**1 = 10', '7/5 = 3']",6,5.0
(((20-(16*6))-x)-((2*3)*1)) = ((8+4)*8),3.0,-178.0,"['11-3 = 64', '8*1 = 10', '2*3 = 8', '20-2 = 11', '16*6 = 2', '12*8 = 54']",8,6.0
(15+(x+(3**4))) = (423/9),13.0,-49.0,"['13+12 = 32', '3**4 = 12']",4,2.0
((10/(4/6))*(11-x)) = (((30-(6*3.333))+14)/9),20.0,10.822,"['5*1 = -53', '10/6 = 5', '11-20 = 1', '4/6 = 6', '20/9 = -53', '10+14 = 20']",8,6.0
(7-(x**((1**2)**4))) = (((10/5)*0.444)+10),2.0,-3.888,"['7-14 = 61', '2**4 = 14', '5**4 = 4', '1**2 = 5', '4+10 = 61', '10/5 = 9']",7,6.0
((9-7)-x) = ((4*1.25)+(21/3)),4.0,-10.0,"['9-7 = 66', '5+7 = 62']",5,2.0
((7+7)+(2*(x*10))) = ((18+(-6))+19),20.0,0.85,"['20*10 = 12.5', '7+7 = 20', '12+19 = 45']",6,3.0
((((7*1)+(-10))*(18+x))/(5/9)) = (19+((10*8)*1.714)),14.0,-46.911,"['4/3 = 31', '7*1 = 12', '5/9 = 3', '18+14 = 2', '10*8 = 7']",9,5.0
((9*x)+((20-12)-14)) = (((19+(-10))/9)-18),6.0,-1.222,"['7+11 = 60', '9*6 = 7', '19-14 = 11', '20-12 = 19', '14-18 = 60', '9/9 = 14']",7,6.0
((30-16)+((x*5))) = ((4-2)*((1/7))),14.0,-2.743,"['14*5 = -86', '1/7 = -36']",6,2.0
((19+x)*((2/3)-5)) = (-68-(5+1)),20.0,-1.923,"['15*10 = -84', '16-5 = 10', '19+20 = 15', '2/3 = 16', '5+1 = 16']",6,5.0
(((2/((5-2)**3))-8)-x) = ((14+13)*(7*(1/7))),6.0,-34.926,"['16-8 = 74', '2/3 = 16', '4**3 = 3', '5-2 = 4', '7*9 = 17', '1/7 = 9', '14+13 = 4']",9,7.0
(50-(x*1)) = ((9+(14*1))-(22-(20*6))),17.0,-71.0,"['17*1 = 15', '20*6 = 2', '14*1 = 46']",7,3.0
(((x-3)*0.429)**3) = ((1**1)*(-1.833)),12.0,0.147,"['3**3 = -11', '12-3 = 7', '1**1 = 6']",5,3.0
((x*(2**3))*(3*4)) = (14+(5*3.8)),16.0,0.344,"['12*6 = 26', '3*4 = 6', '16*1 = 12', '2**3 = 1', '14+19 = 26']",6,5.0
(x-(((5/(15*7))/4)*(18-20))) = ((3-(15+0))-(2**4)),12.0,-28.024,"['12-3 = -97', '14*9 = 3', '18-20 = 9', '5/3 = 56', '15*7 = 3', '6-7 = -97', '3-15 = 6', '2**4 = 7']",10,8.0
(7*(((9*(x/10))+(-3.429)))) = (((90/(4/1))-18)-8),11.0,3.254,"['9*5 = 1', '11/10 = 5', '15-18 = -9', '4/1 = 6']",8,4.0
(((16+6)+(x))*((20-13))) = (((4**3)*0.5)/5),-1.0,-21.086,"['16+6 = 8', '20-13 = -6.714', '5/5 = -47', '4**3 = 10']",7,4.0
(3*((4-x))) = ((8/6)-5),15.0,5.222,"['4-15 = -16.667', '8/6 = -45']",4,2.0
((20*(x+20))-9) = ((((27-(11+8))-17)*2.5)*(-2.8)),6.0,-16.4,"['20*6 = -19', '6+20 = 6', '11+8 = 6']",8,3.0
(16+(((x*1)*8)/2)) = (((6*5.333)-(4/5))+13),20.0,7.05,"['16+11 = 61', '4/2 = 11', '8*8 = 4', '20*1 = 8', '18+13 = 61', '4/5 = 14']",8,6.0
(((13/4)-14)*(x*2)) = ((18-8)/(15/(2+(7-5)))),16.0,-0.124,"['20*7 = 71', '16*2 = 7', '8-14 = 20', '13/4 = 8', '18-8 = 426', '15/5 = 6', '7-5 = 3']",9,7.0
(((6+1)*3)+(3-x)) = (((5*(3/5))+4)+64),8.0,-47.0,"['20+13 = 76', '8*3 = 20', '6+1 = 8', '3-8 = 13', '3+4 = 12']",8,5.0
((((x+14)+10)*4)+(2**2)) = ((4*1)+(55/(4**3))),14.0,-23.785,"['8+17 = 63', '4+10 = 2', '2**2 = 17', '14+14 = 4', '4+11 = 63', '4**3 = 5']",9,6.0
(((x+(14*8))-1)*43) = ((110-11)-(5**(4-(5**2)))),18.0,-108.698,"['18+1 = 3', '14*8 = 1', '5**2 = 13', '4-3 = 2', '5**2 = 3']",9,5.0
((x/((2**1)+4))*(-15.667)) = ((88/(64/8))/(13-4)),42.0,-0.468,"['4+4 = 7', '2**1 = 4', '11/4 = -94', '13-4 = 4']",8,4.0
(-837/((x+11)-4)) = (1+(-94)),11.0,2.0,['11+11 = 13'],4,1.0
((15-(2-(10*9)))+((7+x))) = (8*((9*6)/10)),11.0,-66.8,"['15-1 = 19', '2-8 = 1', '10*9 = 8', '7+11 = -48', '8*10 = -29', '16/10 = 10', '9*6 = 16']",8,7.0
((12-(5**(9-12)))*(x*5)) = (14*9),8.0,2.101,"['8*5 = 4.5', '12-20 = 2', '5**1 = 20', '9-12 = 1', '14*9 = 9']",6,5.0
((3/6)-(4+(x-(6-19)))) = (12-(64/4)),19.0,-12.5,"['3/6 = 6', '19-14 = 1', '6-19 = 14', '12-16 = 1']",7,4.0
(((17-3)-x)*4) = ((13/4)*(4**2)),15.0,1.0,"['20*4 = -98', '15-15 = 20', '17-3 = 15', '13*1 = -98', '4**2 = 1', '13/4 = 13']",6,6.0
(((13-(5*4))*(x**1))/5) = (20*5),3.0,-71.429,"['3**1 = 33.75', '13-3 = 8', '5*4 = 3', '20*5 = 54']",6,4.0
(x+((6/8))) = ((-3672/6)/(2+(126/(9*6)))),8.0,-141.981,"['6/8 = -76', '2+18 = 9', '9*6 = 7']",7,3.0
((x+2)+((11-7))) = (7/(6+(-2))),12.0,-4.25,"['12+2 = 9', '11-7 = -55', '7/4 = -46']",5,3.0
((6*((7*5)/5))*x) = ((648/8)-(7*9)),24.333,0.429,"['6*2 = 3', '5/5 = 2', '7*5 = 5', '7*9 = 8']",7,4.0
((((x+4)**1)**3)+(-47)) = (((5-12)+11)/(8+(-5))),10.0,-0.357,"['5**3 = 11', '3**1 = 5', '10+4 = 3', '16/3 = -36', '5-12 = 5']",8,5.0
(3*(((x*8)+14))) = (8+(-86)),11.0,-5.0,"['20+14 = -26', '11*8 = 20']",4,2.0
(x/(3/((3-2)+((11/5))))) = (536/(9-3)),402.0,83.75,"['3/1 = 6', '3-2 = 4', '11/5 = -3', '9-3 = 8']",7,4.0
((144/9)+(((x-13)-7))) = (-17-3),7.0,-16.0,['7-13 = -29'],5,1.0
((1-14)/(3/x)) = (((4**4)/3)/3),4.0,-6.564,"['1-14 = 520', '3/4 = 10', '2/3 = 156', '4**4 = 2']",6,4.0
((18+5)/(6/(x*(12-7)))) = ((144/8)+(((8-3)/5))),14.0,0.991,"['18/2 = -15', '18+5 = 18', '14*3 = 3', '12-7 = 3', '8-3 = -165']",9,5.0
((x/(12/6))+(9*(12+16))) = (7*8.286),10.0,-387.996,"['5+12 = 58', '9*3 = 12', '10/3 = 5', '12/6 = 3', '12+16 = 3']",6,5.0
(((6-x)/2)*(11/8)) = ((((1*2)**3)+0)-3),4.0,-1.273,"['1*5 = 64', '4/2 = 1', '6-4 = 4', '11/8 = 5', '8-3 = 64', '3**3 = 8', '1*2 = 3']",8,7.0
(((15+x)-3)+(2/5)) = (13+((4*(-15.5)))),13.0,-61.4,"['18+13 = -49', '18-3 = 18', '2/5 = 13', '15+13 = 18']",6,4.0
(x/(8/(2-(10*8)))) = ((13-(8-(1+1)))+(-5)),10.0,-0.205,"['10/4 = -4', '8/6 = 4', '2-6 = 6', '10*8 = 6', '8-3 = 12', '1+1 = 3']",8,6.0
((19+x)*2.5) = (7-((3-9)**1)),11.0,-13.8,"['19+11 = 2', '1**1 = 2', '3-9 = 1']",5,3.0
(90-((12-x)*6)) = ((11+(20/10))*2),8.0,1.333,"['1*6 = 18', '12-8 = 1', '13*2 = 72']",6,3.0
(26-((x+14)-(9-14))) = (9*10),14.0,-83.0,"['3-2 = 18', '9-14 = 2', '14+14 = 3', '9*10 = 8']",5,4.0
((x+13)+((4+10))) = (15/(3*3)),4.0,-25.333,"['4+13 = 14', '4+10 = -1', '15/9 = 13']",5,3.0
(2-((20*x)+15)) = ((20-2)+16),6.0,-2.35,"['2-11 = 17', '17+15 = 11', '20*6 = 17', '20-2 = 1']",5,4.0
(-86-(x-((4*3)+12))) = (((18+(-11))*1.143)+19),16.0,-89.001,"['16-6 = 7', '6+12 = 6', '4*3 = 6', '8+19 = -93']",7,4.0
((x+((8-1)))/(14/(13+15))) = (-24-18),12.0,-28.0,"['8/8 = -42', '14/10 = 8', '13+15 = 10', '8-1 = -4']",6,4.0
((8/2)+x) = ((12-5)*(-13.75)),5.0,-100.25,"['17+5 = -55', '8/2 = 17', '12-5 = 4']",4,3.0
(5+((((x-10)-14)-3))) = ((-792/4)/6),16.0,-11.0,"['15-3 = -38', '15-14 = 15', '16-10 = 15']",6,3.0
(7*((((19-12)-x)-19)+5)) = ((101-8)-9),5.0,-19.0,"['18+5 = 12', '16-5 = 37', '19-12 = 16']",7,3.0
((2**(7-18))+(x+19)) = ((((108/6)/1)/9)/2),11.0,-18.0,"['20+8 = -9', '2**1 = 20', '11+19 = 8', '7-18 = 1', '18/1 = -162']",8,5.0
((8-13)+(16+x)) = ((18/3)+(((17/2)*(-4.2)))),10.0,-40.7,"['8+3 = -36', '8-13 = 8', '16+10 = 3', '17/2 = 10']",7,4.0
(13-(x-1)) = (14+2),16.0,-2.0,"['13-11 = 16', '16-1 = 11']",3,2.0
(((10-x)+5)-((3+14)+3)) = (225/((12+(11-19))-2)),18.0,-117.5,"['13-19 = 25', '12+3 = 19', '3+14 = 12', '3+5 = 13', '10-18 = 3', '9-2 = 9', '12+17 = 9', '11-19 = 17']",9,8.0
((((x+2)/8)+10)+16) = (3+10),10.0,-106.0,"['8+16 = -49', '5+10 = 8', '16/8 = 5', '10+2 = 16', '3+10 = -49']",5,5.0
(x-(3*7)) = (-43-12),17.0,-34.0,"['17-18 = -55', '3*7 = 18']",3,2.0
(((x*4)*2.222)-((10*8)/3)) = (3*((10*((13+(-14.733)))))),8.0,-2.849,"['20-14 = -52', '18/3 = 14', '10*8 = 18', '8*4 = 9']",8,4.0
((15+x)-((16-18)/1)) = (((20/5)+(14-13))**1),3.0,-12.0,"['12-13 = -71', '15+3 = 12', '4/1 = 13', '16-18 = 4', '5**1 = -71']",8,5.0
((2**1)+(((x+17)*(-6.333)))) = (-280/((24/2)-9)),8.0,-1.947,"['8+17 = 6', '2**1 = 10', '12-9 = 10']",7,3.0
(((4+x)**4)/((1**4)/4)) = (1**(11+(-9))),18.0,-3.293,"['2**4 = -12', '4+18 = 2', '5/4 = 2', '1**4 = 5', '1**2 = -6']",7,5.0
(x*((7+2))) = (14/4),10.0,0.389,"['7+2 = -6.3', '14/4 = -63']",3,2.0
(((x/5)/5)-9) = (((1**1)*2.167)-(12+18)),13.0,-470.825,"['13/5 = -435', '13-20 = -96', '1**1 = 6', '12+18 = 20']",7,4.0
((x+(19*8))/((18/5)/9)) = (4+(7*3.143)),19.0,-141.6,"['19+15 = 130', '9/9 = 5', '18/5 = 9', '19*8 = 15']",7,4.0
((18-8)+((((11-15)/9)*((8*x))))) = (10*0.3),7.0,1.969,"['18-8 = 5', '15/9 = 6', '8*7 = -0.333', '11-15 = 15']",7,4.0
((15*x)+(312/(2**2))) = ((4400/10)/8),4.0,-1.533,"['15*4 = 3', '2**2 = 6']",6,2.0
((x+(20+14))-(36/2)) = (-36/((19-15)-(6*1.333))),20.0,-6.995,"['15-18 = -6', '20+9 = 15', '20+14 = 9', '19-15 = 14']",8,4.0
((x+((19-9)))*((18+19))) = (-6-(22-2)),12.0,-10.703,"['19-9 = -10', '18+19 = -13']",6,2.0
(((x**3)/5)*9) = ((((1*5)**(17+(-15)))/8)*(-8.375)),4.0,-2.441,"['1*9 = -67', '4**3 = 5', '2/8 = 8', '3**2 = 2', '1*5 = 3']",8,5.0
((10+16)+(((1+x)-19))) = (-776/(12+1)),14.0,-67.692,"['10+16 = 20', '1+14 = -98', '12+1 = 8']",6,3.0
((x+(17+(16*7)))*(2*4)) = ((21-3)+(-101)),7.0,-139.375,"['11*8 = -83', '17+14 = 4', '16*7 = 14']",7,3.0
(16*(((x*2)*4)*1)) = ((162/(5*1.8))*(2**2)),9.0,0.562,"['16*1 = 100', '11*1 = 1', '12*4 = 11', '9*2 = 12', '18*10 = 100', '2**2 = 10']",8,6.0
(x+((4**2)-(1**2))) = ((-123-12)/(20/(7/6))),1.0,-22.875,"['1+9 = -27', '13-15 = 9', '1**2 = 15', '4**2 = 13', '7/6 = 4']",8,5.0
((20+(11/9))*(11-(x+18))) = (-67-((1+41)/6)),7.0,-3.513,"['11*5 = -74', '20+18 = 11', '7+18 = 6', '11/9 = 18']",8,4.0
((7/(4-18))-x) = (9+((19/((2*(64/8))-3)))),11.0,-10.962,"['7/6 = -31', '4-18 = 6', '19/10 = -51', '2*8 = 13']",8,4.0
((4**2)-(2**(x+17))) = ((10-7)/(14*6)),8.0,-13.003,"['2**4 = 11', '8+17 = 4', '4**2 = -77', '4/2 = -88', '14*6 = 2', '10-7 = 4']",7,6.0
(((2**(1/x))*9)*2) = ((20/1)+17),9.0,0.962,"['17*2 = 35', '2*9 = 17', '2**3 = 2', '1/9 = 3', '20/1 = 18']",6,5.0
((1+((x*3)/1))*(-1.889)) = (3*((20*10))),13.0,-106.209,"['1+3 = 9', '14/1 = 3', '13*3 = 14', '20*10 = -5.667']",6,4.0
((11-x)-(9/9)) = ((17+((10*(((30.9-18)-13)))))*2),15.0,-22.0,"['16-1 = 65', '11-15 = 16', '16*2 = 65']",8,3.0
((((3+19)-14)+17)+(x)) = (-67-1),-86.0,-93.0,"['7+17 = 18', '5-14 = 7', '3+19 = 5']",5,3.0
((17+(x-6))/(11-19)) = (10+(7*0.429)),28.0,-115.024,['11-19 = 3'],6,1.0
((x*10)+((8*4))) = (((8-(18/5))+13)+(-39)),4.0,-5.36,"['8*4 = -49', '4*10 = 19', '6+13 = 9', '18/5 = 2']",7,4.0
(x*(14/((3+6)/3))) = (((20+11)-(16/6))+9),14.0,8.0,"['14*3 = 76', '14/8 = 3', '10/3 = 8', '3+6 = 10', '12+9 = 76', '16/6 = 19']",8,6.0
(((1-(x**1))-9)-12) = (17-(20+(-14))),5.0,-31.0,"['14-12 = -59', '5-9 = 14', '1-18 = 5', '5**1 = 18', '17-6 = -59']",6,5.0
((x-19)+(-29)) = (-12-(5+(3**(24/6)))),17.0,-50.0,"['17-19 = 1', '3**4 = 11']",6,2.0
((((x+17)*3)+19)*(-7.1)) = (1**((11+(8*(6-13)))-18)),19.0,-23.38,"['1+19 = 10', '1*3 = 1', '19+17 = 1', '1**2 = -71', '11+13 = 20', '8*6 = 13', '6-13 = 6']",9,7.0
(((11/4)*10)+(x+6)) = ((8/(70/10))-(12+(-7))),15.0,-37.357,"['5+9 = 92', '12*10 = 5', '15+6 = 9', '11/4 = 12', '18-5 = 92', '8/7 = 18']",8,6.0
(((x-9)-9)**(8/8)) = ((24-((2*8)*3))-17),8.0,-23.0,"['1**1 = -32', '8-9 = 10', '14-17 = -32', '4*3 = 10', '2*8 = 4']",8,5.0
(x/(((2+2)*6)/7)) = (((4**(21-20))-13)*11.333),15.0,-349.704,"['15/1 = 34', '9*6 = 7', '2+2 = 9', '13-13 = 3', '4**1 = 13']",8,5.0
((10-6)+(x+6)) = (11+((2+20)/6)),11.0,4.667,"['10-6 = 1', '11+6 = 15', '2+20 = 30']",6,3.0
((x+((5**2)**2))+15) = (2**4),9.0,-624.0,"['12+15 = -14', '9+16 = 12', '1**2 = 16', '5**2 = 1', '2**4 = -14']",5,5.0
((1**(11*9))+((x-(18/3)))) = (-40-((((6/9)/6)*9)+(-12))),12.0,-24.0,"['1**4 = 6', '11*9 = 4', '12-18 = -52', '18/3 = 18', '6/9 = 12']",10,5.0
((5**2)*((15-(x*10)))) = (((11-3)/7)*(-4.2)),20.0,1.519,"['15-7 = -5.25', '20*10 = 7', '5**2 = 4', '2/7 = 5', '11-3 = 2']",7,5.0
((9-2)*((x+(-8))+14)) = (5*(18+(-5.6))),14.0,2.857,"['6+14 = 6.889', '9-2 = 9']",6,2.0
(20/((18/(20*(x**3)))/1)) = ((19+4)*((7*(-1.952)))),3.0,-2.418,"['20/6 = -82', '7/1 = 6', '18/4 = 7', '20*1 = 4', '3**3 = 1', '19+4 = 6']",8,6.0
(8+(38-((7*((16*x)**4))/10))) = ((3**4)/2),10.0,0.105,"['8+18 = -64', '7*3 = 200', '1**4 = 3', '16*10 = 1', '2/2 = -64', '3**4 = 2']",8,6.0
((15/7)+(2*x)) = ((14/1)-((30-(22-2))*1.6)),3.0,-2.071,"['8+9 = 80', '2*3 = 9', '15/7 = 8', '14/1 = 96']",8,4.0
((2-3)*(x*6)) = (13+(4**3)),6.0,-12.833,"['6*6 = 10', '2-3 = 6', '4**3 = 47']",5,3.0
(x/((2/4)-((7/8)*1))) = (13-(120/(32/4))),130.0,0.75,"['1*1 = 7', '2/4 = 17', '7/8 = 1', '13-15 = 13']",8,4.0
((17-(18/x))*(3*4)) = (20+12),8.0,1.256,"['16*10 = -8', '17-12 = 16', '18/8 = 12', '3*4 = 10', '20+12 = -8']",5,5.0
(((14*1)+(16+x))*(-8.111)) = (9/((5**(3-17))-13)),8.0,-29.915,"['7+11 = 9', '14*1 = 7', '16+8 = 11', '9/5 = -73', '5**1 = 18', '3-17 = 1']",8,6.0
(x/((11-(1+9))-14)) = ((17+13)+(7*(13/4))),900.0,-685.75,"['2-14 = 10', '11-14 = 2', '1+9 = 14', '17+13 = 11', '13/4 = 11.286']",8,5.0
(15+((9*(((12*x)-7))))) = (9*((10-18))),10.0,-0.222,"['18-7 = -4.667', '12*10 = 18', '10-18 = -3']",6,3.0
((20-11)-(20*x)) = (5+(3**3)),8.0,-1.15,"['3-5 = -35', '20*8 = 5', '20-11 = 3', '5+11 = -35', '3**3 = 11']",5,5.0
((15+(14*x))/8) = (((7-20)/7)-3),6.0,-3.847,"['15+3 = -656', '14*6 = 3', '12-3 = -82', '8/7 = 12', '7-20 = 8']",6,5.0
(10*((((5*x)/5)+(11*9)))) = (((10/7)**2)*10),6.0,-96.959,"['1+1 = -7.4', '11*9 = 1', '5*6 = 5', '16*10 = -74', '1**2 = 16', '10/7 = 1']",8,6.0
(((x**3)*0.833)*(2+(18/6))) = (((5-4)/2)-1),5.0,-0.493,"['5*2 = 66', '5**3 = 6', '2+19 = 2', '18/6 = 19', '5-4 = 134']",8,5.0
((13*9)/(x/(1**3))) = ((10*72.9)/((18/10)+7)),7.0,1.412,"['13*9 = 243', '7/8 = 3', '1**3 = 8', '19+7 = 9', '18/10 = 19']",8,5.0
((9/7)-(x-8)) = ((8*(20-11))-16),3.0,-46.714,"['15-16 = -96', '9/7 = 15', '3-8 = 16', '8*10 = -80', '20-11 = 10']",6,5.0
(((4-9)/6)-x) = ((16+(-3))-(7*(1**4))),5.0,-6.833,"['14-5 = 2', '1/6 = 14', '4-9 = 1', '13-6 = 2', '7*6 = 6', '1**4 = 6']",7,6.0
((5*x)-((1**1)/5)) = (13-((13+3)*5.5)),1.0,-14.96,"['3-13 = 26', '19/5 = 13', '5*1 = 3', '1**1 = 19', '13-11 = 26', '13+3 = 2']",7,6.0
((x-9)-(5**1)) = ((18/9)*(-37.5)),18.0,-61.0,"['18-9 = -65', '5**1 = 10']",5,2.0
((2+(x/(14+17)))+13) = (8*(((20-18)*(-0.062)))),4.0,-495.752,"['13+13 = -1', '2+8 = 13', '4/6 = 8', '14+17 = 6']",7,4.0
((17*(2**4))*((8/(x/10)))) = ((5-(9-17))**(10+(-6))),16.0,0.762,"['8/10 = -4', '16/10 = 10', '17*10 = 6', '2**4 = 10', '4**4 = -24', '5-19 = 4', '9-17 = 19']",9,7.0
(x+(4**1)) = ((20-19)/4),17.0,-3.75,"['17+11 = 90', '4**1 = 11', '19/4 = 90', '20-19 = 19']",4,4.0
(2*((-211.5/((2**1)/(x+17))))) = ((5**2)*(-4.7)),15.0,-16.444,"['11/7 = 9', '2**1 = 11', '15+17 = 7', '5**2 = 10']",7,4.0
(((1**4)*x)/2) = ((1**1)**(22-18)),10.0,2.0,"['17/2 = -25', '11*10 = 17', '1**4 = 11', '3**4 = -25', '1**1 = 3']",6,5.0
(((17+(1**(2/6)))+(x+15))/7) = (15+(-111)),4.0,-705.0,"['14+5 = -672', '4+15 = 5', '17+4 = 14', '1**4 = 4', '2/6 = 4']",7,5.0
(((x+1)/10)/((6-4)-4)) = ((9-1)*0.75),18.0,-121.0,"['9/1 = 6', '14/10 = 9', '18+1 = 14', '6-4 = 5']",7,4.0
((((18-14)+3)+(20-x))-15) = (15+((22-(19/6))-2)),2.0,-19.833,"['19-15 = -3', '3+3 = 11', '18-14 = 3', '20-2 = 8', '15+4 = -3', '20-2 = 4', '19/6 = 2']",9,7.0
(((12+x)**1)-13) = (((1-12)/(8/4))*((1/7))),8.0,0.214,"['3**1 = -38', '12+8 = 3', '1/2 = 5', '1/7 = -10.2', '1-12 = 1']",8,5.0
((5/x)*(6*(1**3))) = (((174/6)-11)+(5*1.6)),7.0,1.154,"['4*9 = 93', '5/7 = 4', '6*10 = 9', '1**3 = 10', '18+8 = 93']",8,5.0
((6+19)/((6-9)/x)) = (((15/3)/2)+71),3.0,-8.82,"['6/1 = 90', '6+19 = 6', '10/3 = 1', '6-9 = 10', '5/2 = 19']",7,5.0
(x+((10-20)-(10+13))) = (-35-5),10.0,-7.0,"['10+15 = -40', '10+13 = 15', '10-20 = 30']",5,3.0
((5**(4+(x/5)))+(8*0.375)) = ((5**1)*7),7.0,-9.233,"['4+3 = -5', '5**3 = 4', '4+8 = 3', '7/5 = 8', '15*7 = -5', '5**1 = 15']",7,6.0
(((x*8)*1)-((3-8)*4)) = ((17-(16*6))+(-58)),16.0,-19.625,"['14-15 = -39', '9*1 = 14', '9*4 = 15', '16*8 = 9', '3-8 = 9', '17-19 = 19', '16*6 = 19']",8,7.0
((((8/4)/(12*8))+(x))-11) = (4*((11+(-24.25)))),-1.0,-42.021,"['11-11 = -53', '12*8 = 10', '8/4 = 120']",7,3.0
(1-(x+(8*5))) = ((8*1.125)*3.778),15.0,-73.002,"['1-18 = 34', '15+8 = 18', '8*5 = 8']",5,3.0
((x-(9-12))*(-17.75)) = ((14*4)*((16*5))),2.0,-255.394,"['2-5 = 4', '9-12 = 5', '16*5 = -17.75', '14*4 = 4']",6,4.0
((12*3)+((7+7)+((20+(x-8))))) = ((3*1.667)*(-1.6)),18.0,-70.002,"['18+8 = -8', '12*3 = 18', '20+17 = -8', '7+7 = 16', '18-8 = 17']",8,5.0
(2*(x-(10/8))) = (17-11),18.0,4.25,"['18-12 = 30.5', '10/8 = 12', '17-11 = 61']",4,3.0
(((x+16)+10)+(3*10)) = ((12-((7/3)/2))+(27-8)),1.0,-26.167,"['15+15 = -37', '7+10 = 15', '1+16 = 7', '3*10 = 15', '14+19 = -37', '12-15 = 14', '7/2 = 15', '7/3 = 7']",9,8.0
((5-x)*(7*3)) = (((12+(-(12+(-(3+(-1))))))/2)*10),12.0,4.524,"['1*4 = 97', '5-12 = 1', '7*3 = 4', '1*10 = 97']",8,4.0
((8+9)-x) = (3+20),2.0,-6.0,"['8+9 = 64', '3+20 = 62']",3,2.0
(5-((12*x)+20)) = (448/((12/(17+(-15)))+16)),4.0,-2.947,"['5-1 = 56', '19+20 = 1', '12*4 = 19', '8+16 = 8', '12/2 = 8']",7,5.0
((x/8)*(((3+6)**1)/3)) = (((2*(3**1))/(2-18))*8),160.0,-8.0,"['20*6 = 91', '5/3 = 6', '1**1 = 5', '3+6 = 1', '10*8 = 91', '3**1 = 40', '2-18 = 8']",10,7.0
(12-(11+x)) = ((76/4)*((11+(-8))**3)),3.0,-512.0,"['12-15 = 23', '11+3 = 15', '19*3 = 23', '3**3 = 3']",6,4.0
((((1*6)*3)-x)+((14+3)+13)) = ((14+(11+19))-6),17.0,10.0,"['16+4 = 79', '7-17 = 16', '1*3 = 7', '7+13 = 4', '1*6 = 1', '14+3 = 7', '3-6 = 79', '14+7 = 3', '11+19 = 7']",9,9.0
((x*2)**1) = (9+(2**(1-3))),18.0,4.625,"['5**1 = -2', '18*2 = 5', '9+6 = -2', '2**1 = 6', '1-3 = 1']",5,5.0
(((x-(5/8))-5)/(14*2)) = ((9/10)**(5*0.8)),254.0,23.996,"['5/8 = 15', '14*2 = 3', '4**4 = 78', '9/10 = 4']",8,4.0
(-62-(4*(x/(7-(3**2))))) = (-60-13),5.5,-5.5,"['7-6 = 2', '3**2 = 6']",6,2.0
(17*((x+5)/6)) = (-45-20),5.0,-27.941,"['17*9 = -65', '7/6 = 9', '5+5 = 7']",4,3.0
((((16-15)+20)+(((20-x)+(-23))))-10) = (((18+((18+19)))+(9*0.889))/6),10.0,-2.5,"['11-10 = -98', '20-10 = 18', '17+20 = 16', '16-15 = 17', '15+8 = -588', '18+19 = -3']",11,6.0
(x+(18*8)) = (((1-15)*8)/2),7.0,-200.0,"['7+12 = 97', '18*8 = 12', '7/2 = 97', '10*8 = 7', '1-15 = 10']",5,5.0
((18/7)-x) = (1+(30-(13+7))),19.0,-8.429,"['9-19 = 73', '18/7 = 9', '1+11 = 73', '13+7 = 19']",5,4.0
((20+13)*((8*x)/3)) = ((16*1)*(5/5)),7.0,0.182,"['3*10 = 79', '3/3 = 10', '20+13 = 3', '8*7 = 3', '5/5 = 9.875', '16*1 = 8']",7,6.0
(x/((11-12)-15)) = (((13+20)/9)-11),360.0,117.333,"['3-15 = 8', '11-12 = 3', '13+20 = 504']",6,3.0
(((18/(7/x))+(5/1))*10) = ((9+11)+(((20*2)-(3*4.667)))),10.0,-0.156,"['17*10 = -1', '2+1 = 17', '7/10 = 9', '5/1 = 1', '20*2 = 4', '9+11 = 9']",10,6.0
(x/(17/10)) = ((2*2)*((-21/(5*8)))),6.0,-3.57,"['6/7 = -21', '17/10 = 7', '5*8 = 4']",6,3.0
(((10+x)/(3**1))*(-7.5)) = (2-12),19.0,-6.0,"['16/5 = 8', '3**1 = 5', '10+19 = 16', '2-12 = -60']",5,4.0
(67-((x+17)-(3-17))) = (67-(((2+13)+9)-(11*5))),8.0,-62.0,"['10-19 = 14', '3-17 = 19', '8+17 = 10', '12-10 = 14', '15+9 = 12', '11*5 = 10']",9,6.0
((72/6)+(x*4)) = ((2**1)+(-50)),9.0,-15.0,"['12+2 = -41', '9*4 = 2', '2**1 = 9']",5,3.0
(x-(5/3)) = (7-9),19.0,-0.333,"['5/3 = 15', '7-9 = 4']",3,2.0
(15+((x+6)+15)) = (10*2.9),11.0,-7.0,"['5+15 = 14', '11+6 = 5']",4,2.0
((((16-5)*(x+17))-6)-(5+5)) = (15*(18-((5*5)/(5/8)))),6.0,-45.545,"['5+5 = 18', '14*1 = 21', '16-5 = 14', '6+17 = 1', '15*4 = -3', '18-13 = 4', '5*5 = 104', '5/8 = 8']",11,8.0
(2+((x+6)-19)) = ((12+1)-((6*2.5)+2)),15.0,7.0,"['2+9 = 92', '13-19 = 9', '15+6 = 13', '13-15 = 92', '15+2 = 15']",7,5.0
((x-(8/(8+17)))*6) = ((-473-7)/(11*5)),14.0,-1.135,"['5*6 = -96', '14-18 = 5', '8/6 = 18', '8+17 = 6', '11*5 = 5']",7,5.0
(((6*x)-4)+(-36)) = (10*(-3)),10.0,1.667,"['16-4 = 6', '6*10 = 16']",4,2.0
(((20-x)-(17+17))+87) = (11+((4*3)*(9*(2.667/3)))),13.0,-34.012,"['17+17 = 14', '20-13 = 15', '11+13 = 88', '12*8 = 13']",9,4.0
((x/8)-(8/((19/3)*6))) = ((16-14)/8),10.0,3.684,"['10/8 = -36', '8/3 = 5', '6*6 = 3', '19/3 = 6', '2/8 = -41']",7,5.0
(((11*(1**3))-(5**4))-(6*x)) = (((5*2.2)+(-7))**(7/8)),8.0,-102.894,"['6*8 = 2', '5**4 = 6', '11*2 = -83', '1**3 = 2', '4**1 = -91', '7/8 = 1']",10,6.0
((x+5)+14) = ((7*2.857)+((18+(-9))*1.222)),18.0,11.997,"['6+14 = 4', '18+5 = 6', '20+11 = 4']",6,3.0
(x+((9/(5**1)))) = (((2**4)*(10-14))+10),6.0,-55.8,"['9/8 = -88', '5**1 = 8', '3+10 = -82', '18*9 = 3', '10-14 = 9', '2**4 = 18']",7,6.0
((x*8)+(((6*1)-(14+3)))) = (17/(18+2)),10.0,1.481,"['6-3 = -67', '14+3 = 3', '10*8 = 20', '17/8 = -47', '18+2 = 8']",7,5.0
(((11-x)/10)+(-13)) = ((28/7)*((3*(-0.25)))),10.0,-89.0,['11-10 = 100'],6,1.0
(((7*9)+(-78))-x) = (7+((-522/(18+7)))),19.0,-1.12,"['7*9 = 17', '18+7 = 6']",6,2.0
(18+(x*(13*10))) = ((17/4)+((13+(14-7))+8)),14.0,0.11,"['14*4 = 16', '13*10 = 4', '8+15 = 34', '13+8 = 15', '14-7 = 0', '17/4 = 8']",8,6.0
(((x+9)-((1**2)+8))*(15+(-7))) = ((19+(-18))**(5*(2*0.1))),17.0,0.125,"['15*8 = 55', '16+8 = 14', '1**2 = 16', '17+9 = 29', '1**1 = 55']",10,5.0
(((x/6)+(((3/3)*1)))*5) = (7*((17-6)/(8+1))),102.0,4.267,"['16*1 = -10', '3/3 = 16', '7*2 = 35', '8/9 = 2', '17-6 = 8']",9,5.0
((x+(15*4))-4) = (3+11),14.0,-42.0,"['10-4 = 85', '14+4 = 10', '15*4 = 4', '3+11 = 85']",4,4.0
((19+x)-(32-12)) = (10+((-172/(13+((5*((-10.8/6)))))))),6.0,-32.0,"['11-20 = -33', '19+6 = 11']",8,2.0
((7+(x*4))-(8*2)) = ((10/2)-((114/6)*2)),8.0,-6.0,"['7+8 = -96', '8*4 = 8', '8*2 = 2', '5-17 = -98', '19*2 = 17']",8,5.0
((1**3)-((x-9)+(20*(8*5)))) = ((30/3)*(12+(-2))),11.0,-890.0,"['2+12 = 4', '20*1 = 12', '8*5 = 1', '1**3 = 54', '10*10 = 50']",9,5.0
((((7-2)/((5+1)**3))-x)*9) = ((9*9)-(19-19)),18.0,-8.977,"['12*9 = 79', '2**3 = 9', '5+1 = 2', '7-2 = 270', '9-8 = 79', '19-19 = 8', '9*9 = 9']",9,7.0
(((5**2)-17)+x) = ((7-((30/10)/7))**1),70.0,-1.429,"['5**2 = 34', '1**1 = 87', '3/7 = 6']",7,3.0
((6*(x*9))+((14/(12+18)))) = (((5-7)+20)-(8/4)),12.0,0.288,"['12*9 = 2.333', '14/2 = -28', '12+18 = 2', '8/4 = 9', '10+20 = -5', '5-7 = 10']",9,6.0
((x+11)**2) = ((13+(-10))/(4+1)),12.0,-10.225,"['1**2 = -73', '12+11 = 1', '3/5 = -73']",5,3.0
((11-x)+(-35)) = (8/((1*(10+(-7)))-8)),5.0,-22.4,"['11-5 = 18', '8/4 = -17', '1*3 = 12']",6,3.0
((4*x)**4) = ((5**(17+(-13)))*((5*3.6)/9)),10.0,1.487,"['4**4 = -89', '4*10 = 4', '20*2 = -89', '5**4 = 20']",7,4.0
((11-(18+12))*(6-(20/x))) = (17+(-18)),10.0,3.363,"['12*4 = -1', '11-7 = 12', '18+12 = 7']",6,3.0
(((9*x)-((10*2)+6))+((12+4))) = ((27-20)+(-73)),5.0,-6.222,"['7+6 = 12', '10*2 = 7', '9*5 = 28', '12+4 = -82']",8,4.0
(((x/(2-14))+12)+(-53)) = (-42-(1+3)),120.0,60.0,"['15+12 = 7', '2-14 = 8']",6,2.0
(20-(12-x)) = (7*((3/(8+19))*0.625)),2.0,-7.514,"['20-12 = 0', '12-2 = 12', '7*5 = 0', '3/10 = 8', '8+19 = 10']",6,5.0
((9-13)-((x+8)-(3/3))) = (-70/(19+20)),3.0,-9.205,"['7-1 = 16', '9-13 = 6', '3+8 = 7', '19+20 = 7']",7,4.0
(((x-3)+((16+12)))*9) = ((11+(6+(3+7)))/10),15.0,-24.7,"['6*9 = -14', '16+12 = -3', '15-3 = 9', '11+16 = -140']",8,4.0
(4**(x+13)) = ((18*10)-16),10.0,-9.321,"['4**3 = 60', '10+13 = 3', '19-16 = 60', '18*10 = 19']",4,4.0
(19+((x*5)+5)) = (8+(-2)),7.0,-3.6,"['19+10 = 6', '4+5 = 10', '7*5 = 4']",4,3.0
((14+(-5))-(x*2)) = (17+(184/(13/1))),15.0,-11.077,"['9-18 = 40', '15*2 = 18', '13/1 = 8']",6,3.0
((19-x)+(1+19)) = ((16-3)+73),14.0,-47.0,"['1+19 = 68', '19-14 = 18']",5,2.0
((7+x)-5) = (7*(-13)),13.0,-93.0,"['11-5 = -91', '7+13 = 11']",3,2.0
((5*((x+13)**2))-4) = (16/5),8.0,-11.8,"['5*1 = -18', '4**2 = 1', '8+13 = 4', '16/5 = -22']",5,4.0
(((13/8)+((11+20)*x))/(2/4)) = ((9+(-304))/((20+(-15))+0)),6.0,-1.004,"['11/7 = -59', '20+15 = 11', '2/4 = 7', '6*6 = 15', '13/8 = 20', '11+20 = 6']",10,6.0
(((13+12)*((7/5)-x))*10) = ((13*(8+(-5)))*(((35/5)+3))),18.0,-0.16,"['16*10 = -81', '2-18 = 2.667', '13+12 = 6', '7/5 = 2', '13*3 = 7', '7+3 = -11.571']",10,6.0
((((13/3)-19)*(x/3))*8) = (25/(6+(-1))),9.0,-0.128,"['6*8 = 5', '9/3 = 0.6', '3-19 = 10', '13/3 = 3']",7,4.0
(5*(((x*(3-16))+13))) = ((-320/4)-11),10.0,2.4,"['11+13 = -18.2', '10*1 = 11', '3-16 = 1']",6,3.0
(2+((x-9))) = ((31-(5**3))+(-73)),7.0,-160.0,"['7-9 = -55', '5**3 = 11']",5,2.0
((20+(x/10))/8) = ((10*0.6)+(((5/5)*3.5)-11)),4.0,-320.0,"['18/8 = 38', '20+7 = 18', '4/10 = 7', '6+10 = 38', '5/5 = 6']",8,5.0
((19*1)*((x+14)*((2**4)-4))) = ((7*(4**(10-20)))+76),7.0,-13.667,"['2*9 = 87', '6*9 = 9', '2**4 = 13', '7+14 = 6', '19*1 = 2', '4**3 = 1.571', '10-20 = 3']",10,7.0
(((x+2)+4)+(3**4)) = (17+((4/4)+19)),13.0,-50.0,"['3**4 = 9', '1+4 = 15', '13+2 = 1', '17+19 = 24', '15+19 = 19', '4/4 = 15']",7,6.0
(x-((19/7)+14)) = (-14-(14+((13-10)/2))),4.0,-12.786,"['4-1 = -30', '19+14 = 1', '19/7 = 19', '14+17 = 16', '18/2 = 17', '13-10 = 18']",7,6.0
(((16+15)-x)/2) = ((18+63)-6),9.0,-119.0,['16+15 = 159'],5,1.0
((7+12)+((x/(20/3)))) = (((3*3)/9)+(-23)),2.0,-273.333,"['2/5 = -36', '20/3 = 5', '14/9 = 6', '3*3 = 14']",7,4.0
(((16/9)*1)/(((3*3)**2)/x)) = ((((30/6)/10)/10)-(1+19)),8.0,-908.972,"['2*1 = -376', '16/9 = 2', '4/8 = 8', '5**2 = 4', '3*3 = 5', '17-8 = -47', '16/10 = 17', '1+19 = 8', '5/10 = 16']",11,9.0
(x+((120/(9*4))*3)) = ((5-12)/2),4.0,-13.5,"['4+2 = 47', '20*3 = 2', '9*4 = 6', '18/2 = 47', '5-12 = 18']",6,5.0
((1+(17+4))+(x)) = ((-306/6)-5),-61.0,-78.0,"['1+9 = 5', '17+4 = 9']",5,2.0
((((15*3)+(x))*((14+14)))/6) = ((((17-16)/10)+1)+((5*(-17.4)))),-9.0,-63.407,"['14+14 = -255', '15*3 = 11', '1/10 = 1']",10,3.0
(((x-(9-12))+15)+16) = ((20/(9-7))+(((12+(-7))**2))),16.0,1.0,"['6+16 = -95', '8+15 = 6', '9-12 = 8', '5**2 = -105']",9,4.0
(-49-((9*0.333)+(3*x))) = (((48-6)/7)/(18-16)),4.0,-18.332,"['3+19 = 14', '3*4 = 19', '6/2 = -63']",8,3.0
(427/(10-(2*x))) = (3/(13-2)),7.0,-777.833,"['10-5 = 7', '2*7 = 5', '3/7 = 61', '13-2 = 7']",5,4.0
(x-((1/4)**(5**1))) = (16+(-71)),20.0,-54.999,"['20-17 = -55', '1**3 = 17', '1/4 = 1', '5**1 = 3']",5,4.0
((6+x)+(11-7)) = (((3**1)-6)-15),2.0,-28.0,"['11+2 = -31', '11-7 = 2', '6+2 = 11', '3**1 = -10']",6,4.0
((16*(3**3))+(x*2)) = (20+(((17-5)/(4+(-1))))),4.0,-204.0,"['4*2 = 2', '16*4 = 4', '3**3 = 4', '17-5 = -42']",8,4.0
((x-5)+53) = (((85/5)-14)-(19-13)),4.0,-51.0,"['4-5 = 8', '3-6 = 61']",6,2.0
((15/(6*6))-(x+6)) = (6*((4/5))),5.0,-10.383,"['5+6 = 2', '15/10 = -26', '6*6 = 10', '4/5 = -4.667']",6,4.0
((x-(4+1))/7) = (-284/4),1.0,-492.0,"['1-7 = -497', '4+1 = 7']",4,2.0
(((19/4)+((x*8)))+(20*9)) = (((31-17)/(3-14))*(10*2)),7.0,-26.276,"['11+14 = -40', '20*9 = 14', '19/4 = 20', '7*8 = -9', '2*10 = -40', '10*2 = 10', '14/4 = 2', '3-14 = 4']",10,8.0
(((5-3)-(8*(x/6)))+42) = ((705/5)/3),14.0,-2.25,"['8*2 = 1', '14/6 = 2', '5-3 = 6']",7,3.0
(((10/2)*(7.444-7))+x) = ((10/(18+9))*2.6),18.0,-1.257,"['4+18 = 13', '10/2 = 9', '18+9 = 2']",7,3.0
((x*6)+(-62)) = (((-875-7)/2)/9),14.0,2.167,['14*6 = 13'],5,1.0
((-483/(3+(9-6)))-(x+(19*1))) = ((6-11)+((-85-(14-17)))),12.0,-12.5,"['12+11 = 7', '9-6 = 4', '19*1 = 11', '6-11 = 16', '14-17 = 7']",10,5.0
(x-(1*6)) = ((2*5.5)/(6*1.333)),14.0,7.375,"['14-19 = -2', '1*6 = 19', '11/8 = -2']",5,3.0
(((3*3)+x)*((3+(6+8))*2)) = ((((17-14)**(2-18))/1)+5),5.0,-8.853,"['5+5 = 3', '3+9 = 3', '6+8 = 9', '3*3 = 5', '5+5 = 18', '2/1 = 5', '5**2 = 2', '2-18 = 2', '17-14 = 5']",11,9.0
(((15*x)+8)/(13+16)) = (((5**1)**2)*(-4.9)),8.0,-237.367,"['8+8 = -98', '13+16 = 2', '15*8 = 8', '2**2 = 10', '5**1 = 2']",7,5.0
((x+18)*9) = (6*11.333),2.0,-10.445,"['18*9 = 68', '2+18 = 18']",3,2.0
((x+10)/8) = (10*(-2.5)),8.0,-210.0,['8+10 = -200'],3,1.0
((x/4)*((14*4)**1)) = ((80-4)-8),12.0,4.857,"['9*9 = 68', '12/4 = 9', '1**1 = 9', '14*4 = 1']",6,4.0
(12+(((2**4)+(x)))) = ((((1**4)/7)**1)-7),-15.0,-34.857,"['2**4 = 11', '1-7 = 8', '4**1 = 1', '10/7 = 4', '1**4 = 10']",7,5.0
(((2*9)**(11-18))+(x+18)) = (4*((2+((-151.5/(5/7)))))),7.0,-858.4,"['19+8 = -93', '1**4 = 19', '2*9 = 1', '11-18 = 4', '7+18 = 8', '5/7 = 6']",9,6.0
((19-(7+2))+x) = (((9-5)-13)*((18-14)*1.25)),17.0,-55.0,"['14+17 = -72', '19-14 = 14', '7+2 = 14', '6*5 = -72', '4-13 = 6']",8,5.0
((8-15)-(6-(6-x))) = (1-4),3.0,-4.0,"['6-14 = -21', '6-17 = 14', '6-3 = 17', '8-15 = 6', '1-4 = -21']",5,5.0
(x/((3**1)+(12+9))) = ((7-(33-16))+(11/(16/3))),711.0,-190.5,"['8+13 = 9', '3**1 = 8', '12+9 = 13', '11/8 = 71', '7-17 = 8', '16/3 = 8']",9,6.0
((7*(4+x))*(6+(-3))) = (5**(17-((8-(16+(-14)))+11))),17.0,-3.952,"['16*3 = -16', '4+17 = 2.286', '5**3 = -16', '6+11 = 14']",9,4.0
(((13-19)+(((10+x)*(-0.167))))-(2/8)) = ((12*7)/7),1.0,-119.281,"['4-11 = -100', '2/8 = 11', '13-19 = 5', '10+1 = 6', '12*7 = -700']",8,5.0
(((7+(x+12))*5)/(18+(-12))) = (16/((11-3)-(9*0.444))),15.0,-14.205,"['14/6 = 39', '19*5 = 14', '7+20 = 19', '15+12 = 20', '16/8 = 39', '20-4 = 8', '11-3 = 20']",9,7.0
((10-2)*(((x/8)*(((1+14)-20))))) = (-14-((21/(14*7))*1)),8.0,2.843,"['8/8 = 3', '4-20 = -0.875', '1+14 = 4', '14*7 = 3']",10,4.0
(((x/10)+3)*(5**2)) = (20-((4*1)/(6*9))),15.0,-22.03,"['2*4 = 72', '8+3 = 2', '5**2 = 4', '15/10 = 8', '20-10 = 72', '8/5 = 10', '4*1 = 8', '6*9 = 5']",8,8.0
((((6/10)/6)**1)-(x+(-16))) = (((12+3)*4)-(4-3)),18.0,-42.9,"['15-2 = 53', '2**1 = 15', '16/6 = 2', '6/10 = 16', '4-3 = 13', '4*4 = 66', '12+3 = 4']",9,7.0
((17/x)/(8/(4*0.5))) = (2**1),10.0,2.125,"['17/10 = 212', '2**1 = 53']",5,2.0
(18+(x*9)) = (6*(-11.167)),2.0,-9.445,"['18+4 = -67', '2*9 = 4']",3,2.0
((x+14)*((5*(20-15)))) = (((19-2)*(-32.8))/(20*(2*8))),14.0,-14.07,"['5*1 = -41', '14+14 = 2', '20-15 = 1', '20*10 = 2', '19-2 = 5', '2*8 = 10']",9,6.0
(((4+10)**3)+((4*(4*x)))) = (((20/5)+2)*(8+((5/4)))),0.5,-168.031,"['4*2 = -13', '1**3 = 4', '4+10 = 1', '6*1 = -9', '5/4 = -7']",10,5.0
((((11-19)*1)+x)*((2*(-0.357)))) = (((20+((18/9)))*(12/3))/4),4.0,-22.812,"['16+4 = 7', '15*1 = 16', '11-19 = 15', '18*7 = -20', '12/3 = 7', '18/9 = -2']",10,6.0
(((x-(1**4))+((4/1)))*5.5) = ((12/4)/(11+(-6))),5.0,-2.891,"['4/1 = -8', '5-2 = 10', '1**4 = 2', '10/5 = 11', '12/4 = 10']",8,5.0
((x*7)+(10*3)) = ((6*1.167)*((0.714-(4*1.25)))),7.0,-8.573,"['11+4 = -30', '7*7 = 11', '10*3 = 4']",7,3.0
(((4-x)*4)*15) = (17/(17-4)),19.0,3.978,"['6*4 = 3', '4-19 = 6', '17/1 = 45', '17-4 = 1']",5,4.0
(((x**1)*5)-(48/(4**(6*1)))) = ((5-(3**3))*(15.667-13)),2.0,-11.732,"['4**3 = 3', '19*5 = 40', '6*1 = 3', '2**1 = 19', '5-11 = 9', '3**3 = 11']",10,6.0
(x/(5**(2/7))) = ((6*((((1+15)/6)+(-36))))/2),11.0,-158.382,"['11/9 = -93', '5**4 = 9', '2/7 = 4', '1+15 = 30']",8,4.0
((3*((6+4)+x))*(((6*9)*3))) = (-623/((15+(-10))*(6.4-5))),9.0,-10.183,"['1*3 = -8.9', '7+9 = 3.333', '6+4 = 7', '6*9 = 1']",10,4.0
(x+(((1+15)+(16-(16-10))))) = (17-((3/7)/(23-(1**2)))),14.0,-9.019,"['5+7 = -86', '16-19 = 7', '16-10 = 19', '1+15 = 5', '17-13 = -72', '1**2 = 16', '3/7 = 91']",10,7.0
(x+(6*(14*5))) = ((13+14)/(2*3.5)),5.0,-416.143,"['14*5 = 13.333', '13+14 = 595']",6,2.0
(42-(((16+10)+x)+6)) = (31-(3**(8/4))),4.0,-12.0,"['2+4 = 13', '16+10 = 2', '3**2 = 8']",7,3.0
(8-(((x*6)+6)-9)) = (((52/4)+77)/9),6.0,0.167,"['8-4 = 10', '9-9 = 4', '9+6 = 9', '6*6 = 9']",7,4.0
(((5-(9+x))+11)+(-16)) = (1**1),12.0,-10.0,"['11+11 = 11', '5-10 = 11', '9+12 = 10', '1**1 = -5']",5,4.0
((9-x)/3) = (12+63),7.0,-216.0,"['11/3 = 75', '9-7 = 11']",3,2.0
((((3+9)-4)**3)+((x-9))) = (((2*4)+0)+(14/10)),19.0,-493.6,"['2**3 = 17', '10-4 = 2', '3+9 = 10', '19-9 = -39', '13+6 = -22', '14/10 = 6', '2*4 = 13']",9,7.0
(((2**3)-4)+((((4**4)+(x))*9))) = ((((18+18)+16)+(-234))/5),-1.0,-260.489,"['10*9 = -63', '17-4 = 18', '2**3 = 17', '4**4 = 11', '16+16 = 9', '18+18 = 16']",10,6.0
((8+16)/((20-(10*x))/7)) = (((171/9)+20)-10),9.0,1.421,"['7/6 = -14', '8+16 = 7', '20-9 = 42', '10*9 = 9', '19+20 = -4']",8,5.0
((((x*3)/5)*0.8)*(-3)) = (4*(-3)),14.0,8.333,"['1/5 = 5', '14*3 = 1']",5,2.0
(((x+1)+(1+14))-(11-1)) = (12/(((28-20)/(8*1.125))+(-17))),4.0,-6.745,"['11-1 = 17', '1+14 = 56', '4+1 = 16', '12/1 = 55', '8/9 = 18']",10,5.0
(6*((x/3))) = ((9+1)+(13+(-3))),15.0,10.0,"['15/3 = -12', '10+10 = -72']",5,2.0
((1*(19+x))*(3*3)) = ((18-(4**(10-8)))+(1**4)),10.0,-18.667,"['12*2 = 93', '1*5 = 12', '19+10 = 5', '3*3 = 2', '18-4 = 10', '4**2 = 4', '1**4 = 83']",9,7.0
(((16*7)-x)/(6*5)) = (20+4),14.0,-608.0,"['5-14 = -100', '16*7 = 5', '6*5 = 5', '20+4 = -20']",5,4.0
(16+(x*(((15*8)-1)-3))) = (20+((19*4))),11.0,0.69,"['16+15 = -90', '11*3 = 15', '1-3 = 3', '15-1 = 1', '15*8 = 15', '19*4 = -110']",7,6.0
((x-(3**1))*24.5) = ((2+2)+92),15.0,6.918,"['15-13 = 4', '3**1 = 13', '2+2 = 6']",5,3.0
((x-15)+((5+18))) = (((26/2)/1)/2),14.0,-1.5,"['5+18 = -63', '14-15 = 6', '6/2 = -57', '13/1 = 6']",6,4.0
(((x+3)-16)+(11+13)) = (4**1),2.0,-7.0,"['11+13 = 21', '13-16 = 1', '2+3 = 13', '4**1 = 22']",5,4.0
((((17-5)-x)*3.333)*(4**2)) = ((8/9)*(10*(1*(16-17)))),18.0,12.167,"['4**2 = 3.1', '19-18 = 3', '17-5 = 19', '1*7 = 0.517', '16-17 = 7', '8/9 = 6']",10,6.0
(((((14+x)+(9/5))/4)-18)+19) = ((6-3)-(((42/6)/3)*1.75)),2.0,-24.133,"['18+19 = 75', '16-18 = 18', '1/4 = 16', '10+15 = 1', '14+2 = 10', '9/5 = 15', '3-7 = 75', '7/3 = 4']",11,8.0
((17+(2**3))-((4*8)+(x))) = (11+66),-1.0,-84.0,"['2**3 = 73', '4*8 = 14']",6,2.0
(((19-1)*x)+14) = (4**1),10.0,-0.556,"['10+14 = 11', '20*10 = 10', '19-1 = 20', '4**1 = 11']",4,4.0
((5-2)/x) = (14/6),8.0,1.286,"['5-2 = 320', '14/6 = 40']",3,2.0
((9*(4.448/(6-x)))*17) = ((7-6)-(3-12)),10.0,-62.054,"['6-10 = 8', '1-5 = 85', '3-12 = 5']",7,3.0
((x*3)/(4-2)) = (18/9),13.0,1.333,"['13*3 = 70', '18/9 = 35']",4,2.0
((x+(13/(7/8)))/2) = (10-(9+15)),5.0,-42.857,"['9/2 = -32', '13/1 = 4', '7/8 = 1', '10-17 = -32', '9+15 = 17']",6,5.0
((((5**4)+2)+4)+((4+x))) = (-22-(3/5)),10.0,-657.6,"['6+4 = 19', '5**4 = 4', '4+10 = -51', '3/5 = 10']",7,4.0
(((x*2)*9)-(4/6)) = ((1215/(18/6))/((3**3)+10)),18.0,0.645,"['4/6 = 9', '17*9 = 54', '18*2 = 17', '1+10 = 9', '3**3 = 1']",9,5.0
((20-17)*(3+x)) = ((7+(11/2))/8),13.0,-2.479,"['12*4 = 39', '20-17 = 12', '3+13 = 4', '11/2 = 305']",6,4.0
(5**(6+(((11-(14/2))+x)))) = (87-2),10.0,-7.24,"['5**1 = 85', '1+10 = -5', '11-20 = 1', '14/2 = 20']",6,4.0
(((x+1)+3)+18) = ((((8+(8*1.125))+(-16))**2)/5),1.0,-21.8,"['1+18 = 10', '15+3 = 1', '1+1 = 15', '1**2 = 50']",8,4.0
((x/8)*(((9-12)+(6-9))-5)) = ((60/6)*1),1.0,-7.273,"['6+20 = 6.111', '6-9 = 20', '9-12 = 6', '1/8 = 9']",8,4.0
(((x-3)/1)**2) = ((18+10)**4),17.0,-781.0,"['1**2 = -9', '18/1 = 1', '17-3 = 18', '3**4 = -9', '18+10 = 3']",5,5.0
((24-(12*x))-3) = ((3+(20+4))+(7*10)),4.0,-6.333,"['10-3 = 95', '12*4 = 14', '20+4 = 13', '7*10 = 79']",7,4.0
(11-((4**3)*(x-12))) = ((((20*10)*9)-6)-(6-3)),14.714,-15.812,"['11-19 = -81', '4**3 = 7', '1-6 = -78', '12*9 = 1', '20*10 = 12']",9,5.0
((9+((19-4)-(13+x)))+(5/8)) = (76-(((8-1)-4)*2)),2.0,-58.375,"['9+17 = 12', '19-4 = 33', '13+2 = 16', '5/8 = 58']",10,4.0
((x+(18/((4*2)**3)))-(20*1)) = (-85-14),1.0,-79.035,"['9-17 = -99', '18/10 = 8', '4**3 = 10', '20*1 = 17', '4*2 = 4']",7,5.0
(7+(10/(4+(x-1)))) = ((24/(4*2))*((5-(13/9)))),12.0,-0.273,"['7+10 = -34', '10/6 = 10', '4+16 = 6', '12-1 = 16', '5-2 = -11.333', '13/9 = 2']",9,6.0
(7*(((14-(3-13))+x))) = ((13+(2*5))/(15-18)),4.0,-25.095,"['2+4 = -11.714', '14-5 = 2', '3-13 = 5', '17/10 = -82', '13+10 = 17', '15-18 = 10']",8,6.0
(((12-x)+(9/8))/6) = (64/2),6.0,-178.875,"['6+1 = 192', '9/8 = 1']",5,2.0
((x-11)+((1/1)*((13*3)/3))) = (12+(-100)),3.0,-90.0,"['5+3 = -88', '3-11 = 5', '1/1 = 5', '5/3 = 0.6', '13*3 = 5']",7,5.0
(16-(16-((3-2)*x))) = (2*(-30.5)),4.0,-61.0,"['16-5 = -61', '15*4 = 11', '3-2 = 15']",5,3.0
(103-((7/4)-(x-11))) = (10*3),6.0,-60.25,"['6-11 = 19', '7/4 = 32', '10*3 = 90']",5,3.0
(((9+8)*((x*9)**3))+6) = (9+17),17.0,0.117,"['3*4 = 20', '1**3 = 4', '17*9 = 1', '9+8 = 3']",6,4.0
(((4**4)-(12-4))+(x)) = (19+(-89)),-77.0,-318.0,"['4**4 = 13', '12-4 = 6']",5,2.0
(((12-15)*x)-(16-6)) = ((17+11)-10),9.0,-9.333,"['2*9 = 83', '16-6 = 20', '12-15 = 2', '7-10 = 63', '17+11 = 7']",6,5.0
(x+((((3**1)/5)*(-20.2)))) = ((4**2)+((19+(-129)))),9.0,-81.88,"['6/5 = 5', '3**1 = 6', '4**2 = 18']",7,3.0
(((14*x)/8)+(21-18)) = ((3-12)-(12*1)),2.0,-13.714,"['1+3 = -17', '14*2 = 8', '12*1 = 8']",7,3.0
(7+((20+(-(x/6)))+12)) = ((7-(8-20))+26),5.0,-36.0,"['7+20 = 40', '5/6 = 12', '7-16 = 14', '8-20 = 16']",7,4.0
((10-(x*2.111))-(15/10)) = (((18/2)*(6/10))+((5-9))),9.0,3.363,"['10-19 = -64', '10-19 = 10', '15/10 = 19', '18/2 = 10', '5-9 = -70']",9,5.0
((((x*2)*2)*4)/9) = (((4-3)+(-5))*20),12.0,-45.0,"['10*4 = 540', '15*2 = 10', '12*2 = 15', '4-3 = 8']",7,4.0
((((12/5)+20)-6)+(3+x)) = ((((8/4)*(18-15))/3)*5.625),13.0,-8.15,"['7+17 = 45', '18-6 = 7', '1+20 = 18', '12/5 = 1', '3+13 = 17', '3*3 = 24', '8/4 = 3']",10,7.0
(4-(9+(12+x))) = (81-(28-8)),5.0,-78.0,"['4-12 = 61', '9+6 = 12', '12+5 = 6']",5,3.0
((1*(x/10))+40) = (10-4),16.0,-340.0,"['1*9 = 16', '16/10 = 9', '10-4 = 56']",4,3.0
(((1+16)-(17+11))+x) = ((11-10)-(19*8)),5.0,-140.0,"['8+5 = 11', '1+16 = 25', '17+11 = 17', '8-11 = 11', '19*8 = 11', '11-10 = 8']",7,6.0
((5+x)*(13*2)) = ((18+10)-10),2.0,-4.308,"['5+2 = 2', '13*2 = 30.5', '18+10 = 71']",5,3.0
(((16*10)*(x*8))/7) = ((16+((7*(16-10))/7))*14.25),20.0,1.714,"['20*8 = 133', '16*10 = 3', '16+2 = 4', '16-10 = 2']",9,4.0
((1+x)*8) = (4-2),9.0,-0.75,"['3*8 = -39', '1+9 = 3', '4-2 = -39']",3,3.0
((13+7)+(((x-(11/5))-10))) = (-248/((9+(-7))**3)),10.0,-38.8,"['10-12 = -56', '11/5 = 12', '13+7 = 4', '2**3 = 4']",8,4.0
(5+((x*4)+11)) = ((67-18)-((3+22)-11)),17.0,4.75,"['15+11 = 30', '17*4 = 15']",7,2.0
((3/(4**4))-(x*2)) = (18+((2**1)-(20+((7-10))))),5.0,-1.494,"['20-15 = -35', '3/5 = 20', '5*2 = 15', '4**4 = 5', '18+4 = -35', '6-17 = 4', '2**1 = 6']",9,7.0
(((15*x)**3)*((8+1)*0.479)) = (18+(16+(29-14))),10.0,0.15,"['2**3 = 6', '15*10 = 2', '8+1 = 8', '16+15 = 5']",8,4.0
((16+13)*(x+9)) = (520/8),3.0,-6.759,"['16+13 = 3', '3+9 = 21.667']",4,2.0
(8*((16+((8*(11+x)))))) = (-159/(4+(11-4))),5.0,-13.226,"['8*3 = -22.625', '11+5 = 3', '4+7 = 3']",7,3.0
(((x+(4**1))*5)*(-5.167)) = ((4+6)+(((9*((15*4)))-1))),6.0,-25.25,"['3*5 = 6', '6+8 = 3', '4**1 = 8', '4+6 = 6', '15*4 = -4']",9,5.0
(((5-(12+11))+(6/4))-x) = (4**(12/(((54/3)*7)*0.667))),18.0,-17.719,"['17-18 = -30', '5-14 = 2', '6/4 = 15', '12+11 = 14', '4**2 = -30', '18*7 = 9']",10,6.0
((35-x)/(19-4)) = (5*4),20.0,-265.0,"['15/10 = -89', '19-4 = 10', '5*4 = -89']",4,3.0
(((2+(x/6))**3)**1) = (1+(-7)),1.0,-22.903,"['1**1 = -6', '3**3 = 1', '2+5 = 3', '1/6 = 5']",5,4.0
(((x+16)*((19*7)*6))-18) = (17-((4*(20/10))*0.5)),11.0,-15.961,"['14*6 = 18.333', '19*7 = 14', '11+16 = 3', '17-4 = 37']",9,4.0
(x+((20-14)/(3/9))) = (828/(9-18)),20.0,-110.0,"['16/3 = 72', '20-14 = 16', '3/9 = 3', '9-18 = 9']",6,4.0
((x-9)*1) = (((6-16)+9)-19),18.0,-11.0,"['18*1 = 17', '18-9 = 18', '11+9 = 36', '6-16 = 11']",5,4.0
(95-((18*2)+x)) = ((3**4)+(18*((3**2)+18))),13.0,-508.0,"['13+13 = 18', '18*2 = 13', '3**4 = 17', '18*1 = 60', '12+18 = 1', '3**2 = 12']",8,6.0
(x+(11*(20+(5-17)))) = ((18+2)/(13+(-6))),20.0,-85.143,"['11*3 = 37', '20+5 = 3', '5-17 = 5', '20/7 = 57']",7,4.0
(((20-11)-(150/10))-x) = ((15-(2**(9*0.333)))-11),15.0,-2.017,"['15-15 = 93', '20-11 = 30', '14-11 = 93', '15-4 = 14', '2**3 = 4']",8,5.0
((((9*8)**1)+(15+7))+x) = (((7-9)+11)*7),36.0,-31.0,"['20+20 = 12', '5**1 = 20', '9*8 = 5', '15+7 = 20', '14*7 = 48', '1+11 = 14', '7-9 = 1']",8,7.0
(1*(x*3)) = ((((864/6)/(11+(-3)))+(-15))*7.667),19.0,7.667,"['1*8 = 23', '19*3 = 8']",7,2.0
(20/((6/4)-x)) = (18+6),14.0,0.667,"['20/6 = 47', '16-14 = 6', '6/4 = 16', '18+6 = 47']",4,4.0
((2+x)*(((8*10)+17))) = (((15-15)*(-46.25))/((5**4)/4)),11.0,-2.0,"['2+11 = 8', '17+17 = -4.625', '8*10 = 17', '5**4 = 20', '15-15 = 4']",9,5.0
(17*((2+(x-9))/1)) = (15/(15/(5*3))),19.0,7.882,"['17*7 = -99', '16/1 = 7', '2+7 = 16', '19-9 = 7', '15/5 = -99', '5*3 = 3']",7,6.0
(3*(x/(7*(11/8)))) = ((3*0.333)**1),19.0,3.205,"['19/2 = 9.667', '11/8 = 0.286', '1**1 = 29']",6,3.0
(((6-2)-3)*(((16*2)*(19+x)))) = (13-(200/10)),20.0,-19.219,"['4*10 = -2.286', '16*2 = 4', '6-2 = 10', '19+20 = 10', '13-20 = -16']",8,5.0
((19*x)+(17+15)) = ((13/2)/5),9.0,-1.616,"['20+8 = -37', '17+15 = 8', '19*9 = 20', '13/2 = -185']",5,4.0
(x*((((19/(16/10))-19)/3))) = ((((8-7)/10)**(1/10))**2),7.0,-0.266,"['12-19 = -2.571', '19/3 = 12', '16/10 = 3', '3**2 = -6', '2**2 = 3', '4/10 = 2', '1/10 = 2', '8-7 = 4']",10,8.0
((2**(14*x))-6) = ((6+(10*1.4))+((416/4)/8)),9.0,0.378,"['2**4 = -17', '14*9 = 4', '20+13 = -23']",8,3.0
(3+((((17*5)-((4-1)-x))-12))) = ((3-1)*((-39/6))),8.0,-86.0,"['10-8 = 15', '17*5 = 11', '4-1 = 10']",9,3.0
(((18*x)-2)+((16+10))) = (-57-(1+0)),6.0,-4.556,"['9-2 = 4', '16+10 = -62', '18*6 = 9']",6,3.0
((12*(x*3))-15) = ((-344/4)-(14-20)),19.0,-1.806,"['10-15 = -100', '12*6 = 10', '19*3 = 6', '14-20 = 14']",6,4.0
((x+13)-((11*(7-17))*(18/3))) = (2*(((8+(3*2))/(5**2)))),7.0,-671.88,"['1*6 = 17', '11*5 = 1', '7+13 = 0', '7-17 = 5', '11/6 = -8.5', '5**2 = 6', '8+18 = 11', '3*2 = 18']",11,8.0
((x*4)+(2+8)) = (648/(19-7)),19.0,11.0,"['9+2 = 72', '2+8 = 2', '19*4 = 9', '19-7 = 9']",5,4.0
((9/(x/8))-(2*(2**4))) = ((14+(9*0.556))+3),12.0,1.333,"['2**4 = 5', '9/4 = 29', '12/8 = 4', '19+3 = 19']",8,4.0
((-885-(x+20))/9) = ((3**(5-(20+5)))/10),19.0,-905.0,"['19+20 = 15', '2/10 = -100', '3**1 = 2', '5-12 = 1', '20+5 = 12']",7,5.0
(96-(((x/10)-2)+((15/(1/10))))) = ((12-11)+4),10.0,-570.0,"['4-2 = 15', '10/10 = 4', '15/7 = -13', '1/10 = 7', '4+4 = 94', '12-11 = 4']",8,6.0
((5*(15-14))+((((18+x)/9)*(-9)))) = (((13+35)/(5**2))*(2*3)),4.0,-24.52,"['15/9 = 6', '18+4 = 15', '15-14 = 2.8', '8*6 = -40', '5**2 = 6']",11,5.0
(-312/(9+((1-x)))) = (-520/10),19.0,4.0,['1-19 = -3'],4,1.0
((x/6)*((18/2))) = ((7/2)/10),15.0,0.233,"['15/6 = 6', '18/2 = -9.833', '7/2 = -590']",5,3.0
(10-((((12/10)*(6*x))-14)-1)) = ((5**4)/8),1.0,-7.378,"['10-17 = -91', '14-1 = 17', '17*5 = 28', '12/10 = 17', '6*1 = 5', '5**4 = -728']",8,6.0
(((x+19)+(15+1))/8) = (5-(2**2)),19.0,-27.0,"['8+3 = -688', '19+19 = 8', '15+1 = 3', '5-18 = -86', '2**2 = 18']",6,5.0
((10/(7+15))+(x+11)) = (9/((2**3)+5)),17.0,-10.762,"['17+11 = 69', '10/6 = 13', '7+15 = 6', '9/10 = 82', '2**3 = 5']",7,5.0
(x*(3*((19/5)/7))) = ((8+(-6))-(5**2)),7.0,-14.123,"['7*5 = 40', '3*9 = 5', '19/5 = 63', '2-14 = 40', '5**2 = 14']",7,5.0
((x+(5**2))-(5/10)) = (4*((6+(-12.75)))),14.0,-51.5,"['19-8 = -27', '5**2 = 5', '5/10 = 8']",6,3.0
((5**1)*x) = ((29-17)/2),10.0,1.2,"['10*10 = 39', '5**1 = 10', '12/2 = 39']",4,3.0
(((16+(x+14))+20)+4) = ((23-15)+((17-13)*1.75)),2.0,-39.0,"['4+4 = 89', '10+20 = 4', '16+20 = 10', '2+14 = 20', '8+7 = 89']",8,5.0
(1+((5-4)-(x/6))) = (20+((9+(-22)))),13.0,-30.0,"['1+11 = 7', '14-11 = 11', '5-4 = 14', '13/6 = 11']",6,4.0
(67-(17-x)) = (5*9.8),4.0,-1.0,['17-4 = 18'],3,1.0
((x/(4-6))*(-1.4)) = ((7*(-14))/(42/6)),19.0,-20.0,"['19/9 = 10', '4-6 = 9']",6,2.0
((-8-16)-(x/10)) = (16+((((4**3)-15)**1))),15.0,-890.0,"['15/10 = 20', '4**1 = -60', '1-15 = 4', '4**3 = 1']",7,4.0
((x/(17/5))+((20+20)*2.75)) = (((17-16)**4)**3),2.0,-370.6,"['6+11 = -75', '20+20 = 4', '2/5 = 6', '17/5 = 5', '2**3 = -75', '1**4 = 2']",8,6.0
((8/8)+x) = (2**((14+2)-(108/(3*2)))),7.0,-0.75,"['17+7 = 38', '8/8 = 17', '2**1 = 38', '16-18 = 1']",7,4.0
((10-(13-13))-(x-20)) = ((16+(2*0.5))*1),19.0,13.0,"['20-3 = -68', '19-20 = 3', '10-2 = 20', '13-13 = 2', '17*1 = -68']",7,5.0
(((x/5)*4)+((6-16)-12)) = (((1**3)-(35/5))*36),4.0,-242.5,"['11-12 = 60', '16*4 = 12', '6-16 = 11', '4/5 = 16', '15-7 = 2', '1**3 = 15']",9,6.0
((x+15)+(2**1)) = (((5+10)*4)**((2-17)-12)),19.0,-17.0,"['18+11 = 78', '2**1 = 11', '19+15 = 18', '2**4 = 78', '2-17 = 16', '15*4 = 2']",8,6.0
(x*((4*(5**2))*1)) = (13*((37-18)+14)),11.0,4.29,"['11*3 = -21', '7*1 = 3', '4*3 = 7', '5**2 = 3', '13*9 = -21', '19+14 = 9']",7,6.0
(((5-8)+x)-(24/8)) = (((18+(-13))*(-14.2))-12),6.0,-77.0,"['6+6 = -80', '5-8 = 6']",7,2.0
((x-(7/2))+(5/2)) = (((13-19)/7)*19.2),7.0,-15.457,"['5/2 = 93', '7-19 = 3', '7/2 = 19', '13-19 = 35']",7,4.0
((x+((18-3)+6))*1) = (-76-14),1.0,-111.0,"['11*1 = -90', '16+6 = 10', '18-3 = 16']",5,3.0
(((2**4)*10)*((x/9)*(8/7))) = ((12*5)*3),27.0,8.859,"['11*7 = 5', '3*3 = 7', '17*10 = 11', '2**4 = 17', '8/7 = 3', '8*3 = 5', '12*5 = 8']",8,7.0
(6*(((3**1)-x)**1)) = ((12-(1**(7+(-5))))*5.444),13.0,-6.981,"['2**1 = 8.167', '11-13 = 2', '3**1 = 11', '1**2 = 3']",8,4.0
(x*((9/7))) = (((9*4)*(-7.167))-6),6.0,-205.343,"['9/7 = -8.167', '9*4 = 6']",5,2.0
((7-19)*(x-1)) = ((24-16)*((5*4)/2)),18.0,-5.667,"['18*7 = 80', '18-1 = 7', '7-19 = 18']",7,3.0
(((3*x)-3)+(12/(11+1))) = (85-(4*(11+18))),2.0,-9.667,"['5+4 = 78', '11+1 = 3', '9-3 = 5', '3*2 = 9', '11+18 = 1.75']",8,5.0
((10+(((4-x)*((10+7)))))**2) = (((11+8)-1)/5),16.0,4.477,"['2**2 = 65', '4-16 = 4', '10+7 = -2', '6-1 = 325', '11+8 = 6']",8,5.0
(((x**1)+((6/5)))+10) = (2**(9-12)),1.0,-11.075,"['15+10 = -11', '1**1 = 16', '6/5 = -1', '2**1 = -11', '9-12 = 1']",6,5.0
(((7+(6*3))-6)*x) = (370/(5+((30/10)*(4-11)))),37.0,-1.217,"['7+9 = 8', '6*3 = 9', '4-11 = 0']",9,3.0
(((4**3)/x)**1) = ((149-5)/2),7.0,0.889,"['4**1 = 72', '8/7 = 4', '4**3 = 8']",5,3.0
(((16*4)*((x/8)*9))-13) = (9+12),8.0,0.472,"['11-13 = 64', '18*9 = 2.75', '16*4 = 4', '8/8 = 18', '9+12 = 64']",6,5.0
(((7-(18+19))+100)/(15-x)) = (((9*2.111)-5)/2),16.0,4.999,"['7-11 = 20', '15-16 = 2', '18+19 = 11', '13/2 = 60', '19-5 = 13']",8,5.0
(((14-x)-6)-((11*9)+3)) = (6+((((8/9)+(-15))**(7/7)))),11.0,-85.889,"['1-6 = -18', '1+3 = 11', '14-11 = 1', '11*9 = 1', '5**1 = -35', '8/9 = 20']",10,6.0
((x/(3/10))+(-22)) = (((43-11)/4)+((8+(-28)))),17.0,3.0,"['17/2 = 10', '3/10 = 2']",7,2.0
(((x*7)**3)-11) = ((15-13)*((3-3))),11.0,0.318,"['15-11 = -19', '2**3 = 15', '11*7 = 2', '3-3 = -9.5']",6,4.0
((10+16)-(15/(x+10))) = (18+6),13.0,-2.5,"['10+16 = -54', '15/9 = 19', '13+10 = 9', '18+6 = -73']",5,4.0
((1+x)*(3*3.208)) = (((11-3)/(5**1))**4),5.0,-0.319,"['1+5 = 8', '5**4 = 77', '2/8 = 5', '11-3 = 2', '5**1 = 8']",7,5.0
(x*((17-1)-1)) = (-18-11),18.0,-1.933,"['18*9 = -29', '6-1 = 9', '17-1 = 6']",4,3.0
(x+(((3**2)+(13-4)))) = ((11+18)-(19-14)),15.0,6.0,"['3+4 = -38', '13-4 = 4', '3**2 = 3', '11+18 = -16', '19-14 = 7']",7,5.0
(((11+((2**(1**1))))/(3**1))-x) = ((18*3)+15),13.0,-64.667,"['1-13 = 34', '3**1 = 7', '2**3 = -4', '1**1 = 3', '18*3 = 19']",8,5.0
((11*(11+(x/8)))-(17*(3-13))) = ((2**(5*0.8))/2),9.0,-205.818,"['14-10 = 65', '17*10 = 10', '3-13 = 10', '11*3 = 14', '11+12 = 3', '9/8 = 12', '1/2 = 65', '2**4 = 1']",9,8.0
(3+(x/1)) = ((27-((15+(10+(-7)))+20))+(-49)),17.0,-63.0,"['3+4 = -34', '17/1 = 4', '18+20 = 12']",7,3.0
(-44-((x**1)/4)) = ((((17-13)*1.5)+(-5))+((3*8))),2.0,-276.0,"['2**1 = 80', '3*8 = -65']",8,2.0
((((5+10)**1)+x)+7) = (1-12),2.0,-33.0,"['7+7 = 13', '2**1 = 5', '5+10 = 2', '1-12 = 13']",5,4.0
((12+((x+13)))-((6/3)*7)) = ((18/((15-3)-2))+(80/8)),8.0,0.8,"['8+13 = -64', '9*7 = 5', '6/3 = 9', '3+10 = -57', '12-2 = 6']",10,5.0
(((3*2.333)+((6*2)))+(x*1)) = (((14-7)/7)/(1+15)),18.0,-18.937,"['6*2 = -3', '18*1 = 41', '20/6 = 45', '7/7 = 20', '1+15 = 6']",9,5.0
((15+((6+10)))+(x+7)) = (15-(5/10)),7.0,-23.5,"['7+7 = 73', '7+7 = 7', '6+10 = -8', '15-12 = 73', '5/10 = 12']",6,5.0
((x/((2**2)**(17/4)))*6) = ((33/(9*(7*(4**3))))-11),11.0,-663.244,"['4*6 = 14', '11/7 = 4', '3**4 = 7', '2**2 = 3', '17/4 = 4', '11-11 = 14', '4**3 = 0.048']",10,7.0
(((14*5)/10)+x) = (1**(16*8)),81.0,-6.0,"['14/10 = 10', '14*5 = 14', '1**4 = 91', '16*8 = 4']",5,4.0
(((8/(19/x))**4)*((19-9))) = ((6-1)**(4/(20-17))),9.0,2.284,"['1**4 = 8', '19-9 = -6.625', '8/10 = 1', '19/9 = 10', '5**2 = -53', '20-17 = 2']",9,6.0
((8-5)-((10+((x/1)))*5.5)) = ((55/5)+(4*(6/8))),3.0,-12.0,"['8-5 = 79', '3/1 = -8', '11+3 = 68']",9,3.0
(((10/5)/6)-(x*10)) = (-76/(8/4)),15.0,3.833,"['12-19 = -38', '15*10 = 19', '10/5 = 72']",6,3.0
((12+19)*(x-4)) = (10*9.8),18.0,7.161,"['18-4 = 19.6', '12+19 = 5']",4,2.0
((10*((1-x)-10))*26.5) = (((3+(24-17))/(40/5))-2),13.0,-8.997,"['8-10 = 0.2', '1-13 = 8', '7-2 = 53', '3+7 = 56']",9,4.0
(9+((8/5)+(x+20))) = (20-(105/7)),12.0,-25.6,"['15+13 = 42', '12+20 = 13', '8/5 = 15', '20-15 = 51']",6,4.0
(-(5**2)-((x/7)*2)) = ((14*3)+((-(27-14)-(13*3)))),12.0,-52.5,"['7*2 = 7', '5**2 = 2', '12/7 = 7', '14*3 = 19', '13*3 = 15']",9,5.0
((x+(9+16))+3) = ((18-12)*((1-11))),14.0,-88.0,"['17+3 = -56', '14+11 = 17', '9+16 = 11', '1-11 = -5.6', '18-12 = 10']",6,5.0
((15*9)*(x+5)) = (42/3),7.0,-4.896,"['16*2 = 14', '15*9 = 16', '7+5 = 2']",4,3.0
(1/((2/x)*(2*9))) = (((20+(-17))*(-10.667))/(12/3)),7.0,-288.009,"['1/8 = -8', '5*3 = 8', '2*9 = 3', '2/7 = 5']",8,4.0
((3-x)+10) = (3*10),5.0,-17.0,"['3-5 = 2', '3*10 = 12']",3,2.0
(((x+(3**3))*1.667)+19) = (10-((4*1.25)/5)),3.0,-32.999,"['15+19 = 4', '3+18 = 9', '3**3 = 18', '10-9 = 4', '5/5 = 9']",7,5.0
(9+((x+(7-1))/6)) = (5-(10*5)),6.0,-330.0,"['9+15 = -97', '6/6 = 15', '6+7 = 6', '7-1 = 7', '5-18 = -97', '10*5 = 18']",6,6.0
((((13*x)*55)/8)-18) = ((5*(12/6))*3.7),10.0,0.615,['13*10 = 8'],7,1.0
((((2**4)-x)-((8*4)*9))+17) = (270/5),18.0,-309.0,"['14+17 = 54', '12-18 = 28', '16*9 = 14', '8*4 = 16', '2**4 = 12']",7,5.0
(x/(((7*4)/4)-1)) = (6*((16-(120/8))-11)),267.0,-360.0,"['14-1 = 3', '5/4 = 14', '7*4 = 5', '6*4 = 89', '16-15 = 15']",8,5.0
((x+((2*7)))**(3/7)) = (((((6-6)+12)+3)/3)/2),18.0,-5.517,"['5**1 = -22', '2*7 = -13', '3/7 = 1', '2/2 = -22', '9+3 = 6', '8+12 = 9', '6-6 = 8']",9,7.0
(((6/7)*((9*x)/10))+(12/6)) = (-32-12),10.0,-59.63,"['20+18 = -44', '12/6 = 18', '6/7 = 7', '9*10 = 28.57']",7,4.0
(((4**3)/7)-((8*x)**4)) = (-95/(6/9)),10.0,0.439,"['19-13 = -19', '1**4 = 13', '17/7 = 19', '8*10 = 1', '4**3 = 17', '6/9 = 5']",7,6.0
((20-(1**4))+x) = (((18+(27/9))/5)+17),55.0,2.2,"['20-9 = 12', '1**4 = 9', '10+17 = 67', '18+3 = 50']",7,4.0
((11+x)**1) = (-176/8),20.0,-33.0,"['5**1 = -22', '11+20 = 5']",3,2.0
(x*(11*((5**2)-4))) = (696/8),9.0,0.377,"['11*6 = 9.667', '3-4 = 6', '5**2 = 3']",5,3.0
(((x/7)-10)+((13/(10/8))**2)) = (101-5),6.0,-15.12,"['10+4 = 96', '1**2 = 4', '6/7 = 20', '13/8 = 1', '10/8 = 8']",7,5.0
((3-((3*3)/6))-x) = (7+14),11.0,-19.5,"['18-11 = 40', '3-4 = 18', '13/6 = 4', '3*3 = 13', '7+14 = 40']",5,5.0
(11*(x/7)) = (-62-14),12.0,-48.364,"['11*6 = -76', '12/7 = 6']",3,2.0
((1-x)-20) = (20*2),10.0,-59.0,"['1-10 = -50', '20*2 = -70']",3,2.0
((9*1.333)-(12+x)) = (72/4),18.0,-18.003,"['12-18 = 18', '12+18 = 18']",4,2.0
(((x/1)*10)+((15*(15-6)))) = (7*(((15+20)/(11/(8-16))))),1.0,-31.318,"['15*9 = -64', '13*10 = 17', '1/1 = 13', '11/10 = 8', '15+20 = -53.712', '8-16 = 10']",10,6.0
(10*(5**(x-(7/10)))) = ((7/5)**((5+7)/4)),14.0,-0.103,"['5**3 = 8.9', '14-16 = 3', '7/10 = 16', '5**1 = 89', '7/5 = 5', '18/4 = 1', '5+7 = 18']",8,7.0
((6/3)**(x-((13+1)-15))) = ((((10-7)+2)/(30/6))/5),15.0,-3.322,"['2**1 = -6', '2-15 = 14', '13+1 = 2', '8/5 = -6', '13/5 = 8', '10-7 = 11']",10,6.0
(-37-(3+x)) = ((4*((14+(1+18))/2))*2),6.0,-172.0,"['3+6 = 11', '2*2 = -48', '4*1 = 2', '14+1 = 2', '1+18 = 1']",7,5.0
((15+(6-((19-8)+x)))/(4/9)) = (((1**4)+(-1))+(14+(30-17))),7.0,-2.0,"['15+1 = -105', '4+7 = 5', '4/9 = 3', '19-8 = 4', '1+9 = -35', '14+13 = 9', '1**4 = 2']",11,7.0
((x/2)+8) = ((40/8)+6),19.0,6.0,"['7+8 = 18', '19/2 = 7', '5+6 = 18']",4,3.0
((x/(11/7))**3) = (4*((4+5)/8)),17.0,2.594,"['3**3 = 0', '17/6 = 3', '11/7 = 6', '4+5 = 0']",6,4.0
(((17-9)-8)-(x-(11*3))) = (((9+(9*10))*(2*9))/4),18.0,-412.5,"['18-8 = 41', '17-9 = 18', '11*3 = 16', '2*9 = 39', '9+14 = 4', '9*10 = 14']",10,6.0
(((7/9)*2)-((x/5)+19)) = ((12-10)*(32/(15-11))),14.0,-167.222,"['14+19 = 6', '14/5 = 14', '12*2 = -22', '7/9 = 12', '16*8 = -28', '12-10 = 16']",9,6.0
(20+((x**1)+2)) = ((20/10)-13),2.0,-33.0,"['20+3 = -59', '3+2 = 3', '2**1 = 3', '14-13 = -59', '20/10 = 14']",5,5.0
(((11-x)-19)*((3-(14*6)))) = (-265/(((13+16)*0.3)*3)),4.0,-8.125,"['3-1 = -13.25', '14*6 = 1', '11-4 = 23', '3*3 = 5', '13+16 = 10']",9,5.0
((14/1)*((x+2))) = ((((10*1)*1.5)/3)*((-27/9))),7.0,-3.071,"['7+2 = -1.5', '14/1 = 6', '10*1 = 6']",8,3.0
((19-(2*10))+((x+(-117)))) = ((1-(3*9))+(-112)),11.0,-20.0,"['2*10 = 13', '1-7 = 12', '3*9 = 7']",7,3.0
((x*6)*(8/(4**1))) = (((120/10)/(5*0.4))-16),8.0,-0.833,"['8/10 = 46', '8*6 = 2', '4**1 = 10', '13-16 = 92', '12/2 = 13']",8,5.0
(((5-(x+17))*(11*7))*10) = ((18+(44/4))-20),4.0,-12.012,"['16*10 = -20', '5-2 = 10', '4+17 = 2', '11*7 = 1.6', '9-20 = -20', '18+11 = 9']",8,6.0
(((x-9)+16)+79) = ((17+(1+6))/9),7.0,-83.333,"['18+16 = 15', '7-9 = 18', '12/9 = 94', '17+7 = 12']",6,4.0
(x*(((18-12)+16)+8)) = (1+71),16.0,2.4,"['16*3 = 72', '11+8 = 3', '1+16 = 11', '18-12 = 1']",5,4.0
((x+19)**1) = ((7/5)/9),13.0,-18.844,"['1**1 = -31', '13+19 = 1', '12/9 = -31', '7/5 = 12']",4,4.0
((63/(x*(2/4)))-((14*10)/10)) = (19-11),11.0,5.727,"['9-10 = -67', '14*10 = 100', '11*10 = 7', '2/4 = 10', '19-11 = -67']",7,5.0
(x/((8/6)-(1**3))) = ((19-8)-(9+(9+((5**3))))),288.0,-44.0,"['13-5 = 4', '1**3 = 5', '8/6 = 13', '19-8 = 77', '9+6 = 5', '5**3 = -3']",9,6.0
(15-(x-18)) = ((((1**2)-19)**1)+(14*4)),8.0,-5.0,"['15-5 = 5', '8-18 = 5', '12+12 = 5', '3**1 = 12', '14*4 = 12', '1**2 = 22']",7,6.0
(14+((x/3)*0.333)) = ((1+(8-7))/3),1.0,-120.12,"['14+2 = 62', '1/3 = 6', '8-7 = 185']",6,3.0
((x*8)**4) = (5**(((2**(2**2))+(-6))/4)),13.0,0.342,"['4**4 = 54', '13*8 = 4', '5**4 = 54', '6/4 = 4', '2**3 = 12', '2**2 = 3']",7,6.0
((x/((2**4)-19))*1) = (2*((8*1.625)*(6/10))),105.0,-46.8,"['15*1 = 54', '2**4 = 26', '13*1 = 27', '6/10 = 1']",8,4.0
(-45-(x+13)) = (16-2),20.0,-72.0,"['20+13 = 8', '16-2 = -53']",3,2.0
(((1**1)+((x+(-12))))+6) = (-675/9),7.0,-70.0,"['6+6 = -75', '1**1 = 11']",5,2.0
((48-x)-(12*8)) = (3**(8/4)),19.0,-57.0,"['12*8 = 13', '3**2 = 16']",5,2.0
(x+(19*(7*5))) = (20-(85/5)),10.0,-662.0,"['10+5 = -32', '19*8 = 5', '7*5 = 8', '20-17 = -32']",5,4.0
(((4/2)+(x**1))/(18*(1*4))) = ((12/2)+(-8)),1.0,-146.0,"['18*8 = 2', '4+19 = -4', '1*4 = 8', '1**1 = 19', '4/2 = 4']",8,5.0
(x*((((6/10)**3)/(6*0.167)))) = (((15+(-12))/9)-6),6.0,-26.287,"['15/1 = -15.667', '1**3 = 15', '6/10 = 1', '13-6 = -94', '3/9 = 13']",8,5.0
((x/8)+(4+3)) = ((((144/9)+1)*1.5)+((15+(-47)))),2.0,-108.0,"['20+11 = -23', '2/8 = 20', '4+3 = 11', '16+1 = 6']",8,4.0
(((14+(3**2))+(((8+x)*3)))-1) = (-75-10),18.0,-43.667,"['4-1 = -85', '20*3 = -14', '3**2 = 4', '8+18 = 20']",7,4.0
(((19-10)*9)-(x+2)) = ((17*6)-15),20.0,-8.0,"['3-16 = -92', '20+2 = 16', '10*9 = 3', '19-10 = 10', '17*6 = -77']",6,5.0
((9-12)-x) = (5*15.8),18.0,-82.0,['9-12 = 97'],3,1.0
((5*1)-x) = ((4+2)*7.833),6.0,-41.998,"['9-6 = 47', '5*1 = 9']",4,2.0
(((8-x)/10)**1) = (((5*0.8)*3.5)/(2+5)),10.0,-12.0,"['1**1 = -81', '2/10 = 1', '8-10 = 2', '14/6 = -81', '2+5 = 6']",7,5.0
(((2*x)+7)/(12-3)) = ((7/(11+(-6)))/10),7.0,-2.87,"['14/3 = 49', '2*7 = 7', '12-3 = 3', '7/5 = 490']",7,4.0
((x*6)/((11+12)*(11-15))) = (6*5.833),9.0,-536.636,"['15/1 = 35', '4*3 = 1', '11-15 = 3', '11+12 = 4', '9*6 = 15']",6,5.0
((x+17)+(-108)) = ((15+(-3))+(-109)),4.0,-6.0,['4+17 = 11'],4,1.0
(x-((8*3)+(((19-13)/(5**1))))) = ((-2688/((108/9)+(-5)))/6),8.0,-38.8,"['8-3 = -64', '19-13 = -30', '5**1 = 3', '8*3 = 13']",10,4.0
((14-15)+(x/(15/3))) = ((((17+10)+19)*1.25)**1),462.0,292.5,"['14-15 = 11', '15/3 = 6', '5**1 = 88', '15+19 = 4', '17+10 = 15']",8,5.0
(((12*1)*(14+x))*(13+5)) = ((2+9)+(-92)),16.0,-14.375,"['1*8 = -81', '13+5 = 8', '16*4 = 1', '12*1 = 16', '14+16 = 4']",7,5.0
((3+(3/2))*(20*x)) = (16+58),8.0,0.822,"['18*9 = 74', '20*8 = 9', '3/2 = 15']",5,3.0
(x-(5**2)) = ((2**4)-15),103.0,26.0,"['5**2 = 14', '2**4 = 104']",4,2.0
((x+20)+((17/9)/5)) = ((19-(15*9))-13),20.0,-149.378,"['20+20 = 11', '17/9 = 175', '19-15 = 59', '15*9 = 15']",7,4.0
((19*x)/3) = (2*((9-17))),8.0,-2.526,"['17/3 = -39', '19*8 = 17', '9-17 = -19.5']",4,3.0
((5*(13-(1+x)))-6) = (4+25),10.0,5.0,"['20-6 = 29', '13-6 = 4', '1+10 = 6']",5,3.0
((3/6)-((x-10)/5)) = (10*((10/9)+4.7)),12.0,-278.056,"['12-6 = 77', '2/5 = 6', '3/6 = 12', '10/9 = 3']",7,4.0
((18*3)/((x-2)/4)) = ((18+8)-((4*10)+((5+1)))),19.0,-8.8,"['14/9 = -85', '13/4 = 9', '18*3 = 14', '19-2 = 13', '18+8 = -74', '5+1 = -2', '4*10 = 13']",9,7.0
((((5**3)-18)+(13+x))*((11*1))) = ((7+5)+((5+(27/3))+4)),2.0,-117.273,"['6+14 = 10', '18-18 = 6', '13+2 = 14', '11*1 = -7.7', '5**3 = 18', '18+15 = -77', '14+4 = 15', '7+5 = 18']",11,8.0
((((x+14)**3)*(-28.667))-((3-9)/8)) = (15/7),12.0,-14.365,"['3**3 = 3', '3-9 = 16', '12+14 = 3', '15/7 = -88']",7,4.0
(3*(((4+x)+11))) = ((1*(5-1))*(8/(2**4))),12.0,-14.333,"['12+11 = -16', '4+12 = 12', '16*1 = -48', '8/1 = 1', '2**4 = 1', '1*4 = 16']",8,6.0
(((x/3)+1)*((5**4)+(4**4))) = ((2-18)/(6*2)),14.0,-3.005,"['9*6 = 24', '20+1 = 9', '6+10 = 6', '5**4 = 6', '14/3 = 20', '4**4 = 10', '2-18 = 216', '6*2 = 9']",9,8.0
(x+(((7+5)+((19*1))))) = (10*(-0.9)),6.0,-40.0,"['19*1 = -34', '7+5 = 19']",5,2.0
(((14+x)*2)-(19+8)) = ((1-(70/10))+(-24)),6.0,-15.5,"['18-8 = -11', '14*2 = 18', '19+8 = 8', '14+6 = 14', '1-7 = 13']",7,5.0
(x/((4+2)-2)) = (-4-17),18.0,-84.0,"['18/10 = -21', '4+2 = 12']",4,2.0
((x*10)**2) = (5*(12+17)),10.0,1.204,"['2**2 = 54', '10*10 = 2', '12+17 = 10.8']",4,3.0
(((x+16)*(12+(19*5)))-(7*1)) = (7-(26-((23-7)+15))),1.0,-15.822,"['1+16 = 6', '12+11 = 10.333', '19*5 = 11', '7*1 = 10', '7-8 = 52', '16+15 = 18']",10,6.0
(((5/8)-(x*8))+(3-13)) = (9*(15+(-5))),4.0,-12.422,"['3-13 = 85', '7-10 = 5', '5/8 = 7', '4*8 = 10']",7,4.0
(((x*1)*3)-16) = ((4*2.5)+((-89-6))),10.0,-23.0,"['9-16 = -85', '16*3 = 9', '10*1 = 16']",6,3.0
((x*(1-7))/(2-(1*5))) = ((2+46)/(9+((-45/9)))),15.0,6.0,"['2-17 = 2', '1*5 = 17', '15*5 = 24', '1-7 = 5']",9,4.0
(((9-x)-(2**(5**1)))**1) = ((17-(((18+(-12))+8)+14))/10),19.0,-21.9,"['4**1 = 91', '2**1 = 1', '5**1 = 1', '9-19 = 5', '17-16 = 910', '14+14 = 16']",10,6.0
(x*((19-16))) = (((8+2)/2)+(-82)),3.0,-25.667,"['19-16 = -26.333', '7/2 = 3', '8+2 = 7']",5,3.0
(((19+(x+20))/((5*7)-7))+14) = ((14-(9-3))+7),14.0,-11.0,"['7+14 = 97', '5*7 = 9', '19+17 = 14', '14+20 = 17', '2+7 = 97', '14-2 = 2', '9-3 = 2']",9,7.0
(((x+14)-3)+(6+6)) = (((6+5)-9)+((20+(-91)))),15.0,-92.0,"['13+10 = -69', '3-3 = 13', '15+14 = 3', '6+6 = 10']",8,4.0
(-82-((18-(11-x))*10)) = (13+(-102)),7.0,-6.3,"['7*10 = 7', '18-17 = 7', '11-7 = 17']",5,3.0
(9*(19+x)) = (-40-((1/1)-((8*0.25)+11))),10.0,-22.111,"['9*8 = -49', '19+10 = 8', '7-4 = 9', '1/1 = 7', '2+11 = 4']",7,5.0
(((5*7)+((x-4)/5))-11) = (15+4),17.0,-21.0,"['13-11 = 49', '18+20 = 13', '5*7 = 18', '12/5 = 20', '17-4 = 12', '15+4 = 49']",6,6.0
((x+13)+(8*(18+(-15.5)))) = (5**1),3.0,-28.0,"['18+20 = -57', '3+13 = 18', '5**1 = -57']",5,3.0
((x-2)/6) = ((-30-4)-9),8.0,-256.0,['8-2 = -258'],4,1.0
(5*(((1+x)+(-22)))) = (-93-2),19.0,2.0,['1+19 = 3'],4,1.0
((15-x)+(((10/6)+1))) = (((3**2)+(9*9))/3),14.0,-12.333,"['15-14 = 20', '3+1 = -2', '10/6 = 3', '9*9 = 41', '3**2 = 13']",8,5.0
(((19-19)*(-16.8))-x) = ((2-5)*(-11.125)),5.0,-33.375,"['19-19 = 5', '2-5 = 8']",5,2.0
(-51-(((3**1)**(x+7))-10)) = ((12-19)*(((5**2)+12))),4.0,-2.099,"['5-10 = 15', '4**4 = 5', '3**1 = 4', '4+7 = 4', '9+12 = -33', '12-19 = 2', '5**2 = 9']",9,7.0
(((8-8)/7)-x) = (((14-(17/3))/(10-17))/3),16.0,0.397,"['4/7 = -57', '8-8 = 4', '8/6 = -219', '17/3 = 6', '10-17 = 6']",8,5.0
(((14+2)*(11/(2-x)))-10) = (52-(((10/7)-(15/5))-12)),12.0,-0.329,"['3-10 = 47', '11*10 = 3', '11/2 = 10', '2-12 = 2', '14+2 = 11', '10/7 = 33', '15/5 = 16']",10,7.0
(x*(13*1)) = ((2*3)+68),13.0,5.692,"['13*8 = 74', '13*1 = 8']",4,2.0
((8/2)+x) = (17+((8/6)**3)),48.0,15.37,"['8/2 = 6', '17+18 = 54', '5**3 = 18', '8/6 = 5']",5,4.0
((16/(x/(13-1)))-(6*2)) = ((11+((9*6)))+(15-13)),15.0,2.43,"['16/1 = -4', '15/6 = 1', '13-1 = 6', '2+2 = -16', '9*6 = -9']",9,5.0
((15/1)**((4*x)*0.5)) = (249/(12+15)),9.0,0.41,"['5**1 = 83', '4*9 = 2', '15/1 = 5', '12+15 = 3']",6,4.0
((((12/8)*5)/4)/(2-x)) = ((19+((5-(16/(2**2)))))/5),9.0,1.531,"['1/4 = 675', '10*5 = 1', '12/8 = 10', '2-9 = 9', '14/5 = 75', '5-8 = -5', '16/3 = 8', '2**2 = 3']",10,8.0
((x*1)*((3**3))) = ((((11+(2*7.5))+(-6))+1)*1),14.0,0.778,"['3**3 = -4.286', '14*1 = 7', '5*1 = -30', '11+15 = 10']",8,4.0
((7/x)*(8+((19+5)))) = (750/10),8.0,2.987,"['14*6 = 75', '7/8 = 14', '19+5 = -2']",5,3.0
(((3+0)*(((15*8)**1)+x))/8) = (8-6),7.0,-114.667,"['14/8 = -20', '3*5 = 14', '7+7 = 5', '5**1 = 7', '15*8 = 5', '8-6 = -20']",7,6.0
((((x+9)*1)*(15/6))/9) = ((11/10)**(9-6)),6.0,-4.208,"['10*1 = 9', '6+9 = 10', '15/6 = 19', '2**3 = 19', '11/10 = 2']",8,5.0
((((x+1)/4)/10)-14) = (4*((7.75-16))),15.0,-761.0,"['13-14 = -33', '8/10 = 13', '7/4 = 8', '15+1 = 7']",6,4.0
((((x/1)/(16+4))*4)-1) = (4*(-21.25)),1.0,-420.0,"['8*4 = -84', '6/4 = 8', '16+4 = 4', '1/1 = 6']",6,4.0
((3*(5*x))/10) = ((1/5)-13),9.0,-8.533,"['3*5 = 920', '5*9 = 5', '1/5 = 105']",5,3.0
(((11-19)+(5+78))/(x*2)) = (7*7),10.0,0.765,"['10*2 = 2', '11-19 = 15']",6,2.0
((x/(1/8))*8) = (4*24),180.0,1.5,"['20*8 = 96', '1/8 = 9']",4,2.0
(((18*3)+(11/8))+(12+(x*10))) = (12-16),14.0,-7.138,"['14*10 = 65', '6+9 = 14', '11/8 = 9', '18*3 = 6', '12-16 = 91']",7,5.0
((x/3)*(7*8)) = (((135/9)+(27-10))/4),7.0,0.429,"['7*8 = 4', '7/3 = 2']",7,2.0
(9*(((3**(2*x))*(12-19)))) = ((16-(4+(5*8)))+(-87)),8.0,0.274,"['17*7 = -8.333', '3**4 = 17', '12-19 = 7', '2*8 = 4', '16-17 = 12', '4+3 = 17', '5*8 = 3']",9,7.0
((3/x)*((3**2))) = (6*((((9*(16-19))/10)*(-2.5)))),8.0,0.667,"['3/8 = 5', '3**2 = -15', '16-19 = 5.556']",8,3.0
((17*3)-((x*(2-12))/9)) = ((-2-11)-(60/(19/10))),2.0,-86.021,"['2*3 = 27', '2-12 = 3', '17*3 = -22', '19/10 = 5']",9,4.0
((x*(4+19))+(-107)) = (-261/(7*0.429)),10.0,0.873,['4+19 = 2'],5,1.0
((-(14*7)-12)-((x+16)+9)) = (17+(((9*0.444)*4))),16.0,-167.984,"['19+9 = 1', '14*7 = 19', '16+16 = 19', '4*4 = -49']",8,4.0
(((x/(7+15))-16)-(15+3)) = ((6+(1**1))-(11*6)),270.0,-550.0,"['11-10 = 19', '7+15 = 10', '15+3 = 10', '10-9 = 19', '6+18 = 10', '1**1 = 18', '11*6 = 9']",9,7.0
(((19-(19+x))-((16*4)*6))+(-65)) = ((19+(-639))/((17-15)-10)),5.0,-526.5,"['2*6 = 7', '16*4 = 2', '19-17 = 10', '19+5 = 17', '3-10 = 10', '17-15 = 3']",10,6.0
((16+(8*5))-((19*x)*8)) = (((4**4)/7)*5),7.0,-0.835,"['7-14 = -96', '16+19 = 7', '8*8 = 14', '19*7 = 8', '8*5 = 19', '6*5 = -96', '4**4 = 42']",8,7.0
((17+6)+(x-(13/2))) = (3**((9-8)/10)),7.0,-15.384,"['9+12 = 70', '7-5 = 12', '13/2 = 5', '17+6 = 9', '3**4 = 70', '20/10 = 4', '9-8 = 20']",7,7.0
((20-(x*((13/5)*9)))*6) = ((7*(10*0.171))*(14-7)),16.0,0.258,"['7*6 = -58', '16*5 = 13', '4*9 = 5', '13/5 = 4', '12*10 = -58', '14-7 = 10']",9,6.0
((((8+8)*x)-((1-14)/3))+(-81)) = (-59-8),9.0,0.604,"['13-16 = 14', '18/3 = 16', '1-14 = 18', '15*9 = 13', '8+8 = 15']",7,5.0
((4/3)*((15+x))) = (15*((2**1)+(-8))),6.0,-82.5,"['15+6 = -2.667', '4/3 = 6', '15*4 = -16', '2**1 = 12']",6,4.0
(4*(8+((3**1)-x))) = ((3**2)-(20+(-12))),17.0,10.75,"['4*5 = 63', '8+13 = 5', '3**1 = 30', '3**2 = 71']",7,4.0
(((x/10)*4)**1) = (((6+17)-11)-(12+(64/8))),17.0,-20.0,"['2**1 = 66', '7*4 = 2', '17/10 = 7', '20-20 = 66', '18-11 = 20', '6+17 = 18']",8,6.0
((((16+(10*(12*9)))*x)/8)/10) = ((17+(-63))-18),6.0,-4.672,"['17*6 = -5120', '16+9 = 17', '10*1 = 9', '12*9 = 1']",8,4.0
(67-((8-(3-1))-x)) = (15/(2**2)),16.0,-57.25,"['13-16 = 14', '8-9 = 13', '3-1 = 9', '15/6 = 53', '2**2 = 6']",6,5.0
((17*3)-((19+2)*x)) = ((4**1)-12),8.0,2.81,"['3*8 = 5', '19+2 = 3', '17*3 = -70', '18-12 = -75', '4**1 = 18']",6,5.0
((27-(x+15))-15) = ((8*4)/10),18.0,-6.2,"['8-15 = 97', '18+15 = 19', '8*4 = 970']",5,3.0
(18-(x*9)) = (19+(16-(5*0.2))),6.0,-1.778,"['18-5 = -25', '6*9 = 5', '19+15 = -25']",5,3.0
(x+(((14-15)/5))) = (7-(19+(-6))),6.0,-5.8,"['2/5 = -84', '14-15 = 2', '7-13 = -78']",5,3.0
(20-(x*6)) = ((6-11)+(1**4)),17.0,4.0,"['20-12 = -75', '17*6 = 12', '8+15 = -75', '1**4 = 15', '6-11 = 8']",5,5.0
(((5*5)/6)-((19-3)+x)) = (7/(3+(13*3))),12.0,-12.0,"['19-16 = 20', '7+12 = 16', '5*5 = 114', '19-3 = 7', '7/5 = 20', '3+13 = 5', '13*3 = 13']",8,7.0
(x+((4**3)+(5*7))) = (7*2),2.0,-85.0,"['18+7 = 78', '5*7 = 7', '4**3 = 18', '7*2 = 80']",5,4.0
((x+17)-11) = (1**4),6.0,-5.0,"['6+17 = 79', '1**4 = 68']",3,2.0
(x/(((1**1)**2)*0.1)) = ((7*9)-10),15.0,5.3,"['15/1 = -47', '2**2 = 10', '1**1 = 2', '5-10 = -47', '7*9 = 5']",6,5.0
(15-(x-20)) = ((13*7)+(7/(5*1))),7.0,-57.4,"['15-8 = 92', '7-20 = 8', '7/5 = 78', '13*7 = 14']",6,4.0
(6*(15+x)) = ((18+6)/(3**2)),19.0,-14.556,"['15+19 = 3.167', '18+6 = 95', '3**2 = 5']",5,3.0
((x/2)/((5-6)**4)) = ((13-10)-20),2.0,-34.0,"['5**4 = 5', '2/2 = -85', '5-6 = 5']",6,3.0
((((19*6)-x)-(1+5))-(4**4)) = (504/(27/(17+(-14)))),17.0,-204.0,"['9-16 = 56', '19*6 = 38', '4**4 = 16', '1+5 = 12']",9,4.0
((10/x)*3) = ((8-1)**2),8.0,0.612,"['3*3 = 1', '10/8 = 3', '3**2 = 1', '8-1 = 3']",4,4.0
(5*(((9+((18+4)*4))*((3-x))))) = (((10*6)*(7-14))+9),10.0,3.847,"['9+13 = 9', '19*4 = 13', '3-10 = -2.089', '18+4 = 19', '2+9 = -94', '7-14 = 0.222', '10*6 = 9']",10,7.0
(x*((6/3)**(19/4))) = ((6-(10*3))+(19-7)),5.0,-0.446,"['3**4 = 3.6', '6/3 = 3', '19/4 = 4', '6-19 = 6', '10*3 = 19']",8,5.0
(4*((12+(((x*2)+1))))) = (2+18),17.0,-4.0,"['1+1 = -16.5', '17*2 = 1', '2+18 = -18']",5,3.0
(((4+x)+(16*2))+19) = (5*(-2.2)),5.0,-66.0,"['1+19 = -11', '19+14 = 1', '4+5 = 19', '16*2 = 14']",5,4.0
(35-(x+(3**3))) = ((19*6)*5),3.0,-562.0,"['3**3 = 12', '19*6 = 4']",5,2.0
((-44-((x*8)-4))-(10+6)) = (((12/8)-(19-9))**(13-12)),8.0,-5.938,"['20-4 = 11', '10+6 = 1', '8*8 = 20', '3**1 = -56', '12/8 = 13']",10,5.0
(6+(x+14)) = (3+((2**4))),12.0,-1.0,"['6+13 = -67', '12+14 = 13', '2**4 = -70']",4,3.0
((((4/x)-3)*0.3)*((2-8))) = (1/((6*7)*8)),10.0,1.334,"['14-3 = 10', '4/10 = 14', '2-8 = -21.333', '1/6 = -64', '10*8 = 6', '6*7 = 10']",8,6.0
(((x+17)*9)+6) = ((78/((9*(18/6))-17))-11),17.0,-18.022,"['11+6 = -27', '11*9 = 11', '17+17 = 11', '13-11 = -27', '11-17 = 6', '9*3 = 11']",8,6.0
(((18-9)+(x+14))-3) = (2-(((28/4)-3)/7)),17.0,-18.571,"['10-3 = 71', '2+4 = 10', '18-9 = 2', '17+14 = 4', '2-9 = 71', '3/7 = 9', '7-3 = 3']",8,7.0
(((18-x)/6)-5) = (5*(21-4)),13.0,-522.0,"['20-5 = 85', '18-13 = 120']",5,2.0
((x*3)*(70/(15*10))) = (((8*1.625)-10)+(-36)),11.0,-23.571,"['2*7 = -18', '11*3 = 2', '15*10 = 10', '13-10 = 18']",7,4.0
((5/10)-((x*9)*2)) = (6+((1**3)*(9/9))),16.0,-0.361,"['5/10 = 67', '2*2 = 6', '16*9 = 2', '6+3 = 61', '1**3 = 3']",8,5.0
(x/((4**3)*2)) = ((((31-15)/10)/7)+(-4)),-27.0,-482.743,"['4*2 = 9', '4**3 = 4', '16/10 = 7']",7,3.0
((5**3)*(x+11)) = ((80/5)+(-21)),1.0,-11.04,"['14*1 = -5', '1+11 = 1', '5**3 = 14']",5,3.0
(120-(8/(7/((10/1)+x)))) = ((29-(9/(11/4)))*5),4.0,-17.557,"['8/9 = 20', '7/5 = 9', '4+4 = 5', '10/1 = 4', '13*5 = 100', '9/5 = 16', '11/4 = 5']",9,7.0
((x-13)-3) = (((5/(6/4))/(10*2))*(-40.5)),20.0,9.25,"['17-3 = -81', '20-13 = 17', '5/1 = 18', '6/4 = 1', '10*2 = 9']",7,5.0
((20+4)*((x+7)**4)) = ((((9+(-5))**2)+4)/(3+5)),5.0,-6.432,"['6*5 = -22', '4**4 = 5', '5+7 = 4', '20+4 = 6', '11/1 = -22', '3+5 = 1', '4**2 = 7']",9,7.0
(((x-3)-5)*(14/9)) = (8+(-105)),6.0,-54.357,"['10*8 = -97', '1-5 = 10', '14/9 = 8', '6-3 = 1']",5,4.0
(((3/7)-(14+3))*(5-x)) = (3**((60/10)+((-40/10)))),13.0,5.543,"['6*8 = -91', '14-17 = 6', '5-13 = 8', '3/7 = 14', '3**2 = -91']",9,5.0
(((12/x)-(7*1))-15) = (((20+((-136/8)))+(2*3))-15),6.0,0.75,"['12/6 = 4', '7*1 = 1', '3+6 = 3']",9,3.0
(3-(x/4)) = (((8*0.75)+13)+(21-17)),5.0,-80.0,"['3-1 = 6', '5/4 = 1', '4+4 = 6', '6+13 = 4']",6,4.0
((2**2)*(((x/5)*(12-15)))) = ((15-20)*4),15.0,8.333,"['15*9 = -11.8', '2**2 = 5', '15/5 = 15', '12-15 = 9', '18*4 = -59', '15-20 = 18']",7,6.0
(12+((10*x))) = ((51/(12-9))+(-86)),4.0,-8.1,['10*4 = -81'],5,1.0
(6-(x/9)) = (1+(((9*1.444)+1)*6)),9.0,-710.784,"['6-15 = 61', '9/9 = 15', '1+18 = 61', '14*6 = 18']",6,4.0
((7*0.857)+((2**1)+(x/9))) = ((21-(1**4))-((5*5)-11)),9.0,-17.991,"['11+3 = 9', '9/9 = 3', '2**1 = 11', '3-14 = 15', '1**4 = 18']",10,5.0
(((20-11)+x)*(2/10)) = ((2**1)/6),2.0,-7.333,"['4*8 = 5', '6+2 = 4', '2/10 = 8', '20-11 = 6', '8/6 = 5', '2**1 = 8']",6,6.0
(((20-4)+4)+(((20-20)+((4+x))))) = ((2-17)-5),11.0,-44.0,"['19+4 = 6', '20-4 = 19', '20-20 = 6', '4+11 = -68', '5-5 = -56', '2-17 = 5']",8,6.0
((14-(x+16))*((3.333-11))) = (-16-7),5.0,-5.0,['5+16 = 11'],5,1.0
((((1*x)-((1/7)+20))**1)*(-1)) = ((((6*1.833)-(15-20))+11)*9),6.0,-222.839,"['1**1 = 7', '1*6 = 21', '14+20 = 20', '1/7 = 14', '7*9 = -7', '8+11 = 7', '15-20 = 3']",11,7.0
(x-((16/6)+9)) = (18/(1**4)),41.0,29.667,"['12+9 = 8', '16/6 = 12', '18/9 = 33', '1**4 = 9']",5,4.0
((9/10)*(((x+14)*(5**3)))) = (((19/4)/4)*(-1.286)),2.0,-14.014,"['7*6 = -1.8', '5**3 = 6', '9/10 = 5', '2+14 = 7', '4/4 = 7', '19/4 = 4']",8,6.0
((x-13)+(5*8)) = ((77/7)*1),2.0,-16.0,"['16+8 = 45', '5*8 = 8', '2-13 = 16', '11*1 = 45']",5,4.0
((((8/2)-x)-(9+7))+((9*(-0.444)))) = (20+((6*5)-13)),9.0,-52.996,"['1-9 = 21', '8/2 = 1', '9+7 = 4', '20+17 = 13']",9,4.0
((20+9)-((15/2)+(x/1))) = ((6*1.333)*(3**4)),14.0,-626.338,"['2+4 = 11', '15/2 = 2', '20+9 = 24', '14/1 = 4', '8*2 = 13', '3**4 = 2']",8,6.0
(x/(1**3)) = (6-15),536.0,-9.0,"['1**3 = 8', '6-15 = 67']",3,2.0
((x*(2+20))*((18*1))) = (3**4),12.0,0.205,"['12*10 = 9', '2+20 = 10', '18*1 = -7.333', '3**4 = -66']",5,4.0
(5*(((x/5)+9))) = ((13-1)+2),8.0,-31.0,"['13+9 = -11.6', '8/5 = 13', '4+2 = -58', '13-1 = 4']",5,4.0
(28-((11/1)+x)) = ((14+(-9))*((288/(7*0.571))/8)),4.0,-28.034,"['11/1 = 2', '5*9 = 22']",8,2.0
(((18-x)-8)-4) = (((9*1.889)*10)+((7*0.857)+6)),14.0,-176.009,"['15-4 = 57', '18-14 = 23', '6+5 = 57', '6+6 = 5', '17*10 = 6']",8,5.0
(((x*9)+3)/((10+12)-5)) = (1+(-32)),6.0,-58.889,"['7+3 = -155', '5-5 = 5', '10+12 = 5', '6*9 = 7']",6,4.0
(x+((3-((10/4)-2)))) = (5*(-13.4)),15.0,-69.5,"['3-2 = -82', '10/4 = 4']",5,2.0
(((19-20)/((5**1)/x))-9) = (15/4),6.0,-63.75,"['16-9 = -49', '16/10 = 16', '5**1 = 60', '19-20 = 16', '15/4 = -49']",6,5.0
((x/(12-(2/2)))-2) = ((20/10)*(6*0.333)),126.0,65.956,"['18-2 = -70', '2/2 = 5', '3*2 = -70', '20/10 = 3']",7,4.0
((3**3)+((x/7)-15)) = (((10*6)-((20+16)+6))/2),10.0,-21.0,"['5-15 = 0', '3**3 = 8', '10/7 = 5', '18-11 = 16', '10*6 = 18', '20+16 = 5']",9,6.0
(((11-x)*9)/(2+(20-10))) = ((12+4)*(19/(18-(14+(-6))))),20.0,-29.533,"['11*9 = -276', '20-10 = 4', '11-20 = 11', '5*1 = -46', '12+4 = 5', '19/10 = 1']",10,6.0
((28/((7-(7-7))*9))-(x*3)) = ((17-8)*(21-15)),6.0,-17.852,"['6*3 = 4', '10*9 = 2', '7-14 = 10', '7-7 = 14', '10*6 = 10', '17-8 = 10']",9,6.0
(((x*3)**3)-17) = ((410/(18-8))-((3*0.333)-9)),7.0,1.347,"['7-17 = 24', '2**3 = 7', '7*3 = 2', '1-9 = 17']",8,4.0
((x/(2/4))*3) = (((10-13)**1)-((3**4)+6)),1.0,-15.0,"['14*3 = 38', '1/6 = 14', '2/4 = 6', '1**1 = 58', '3**4 = 14', '10-13 = 1']",8,6.0
((10/4)-((5+(x-13))/(3**2))) = ((27-20)+13),9.0,-149.5,"['2/2 = 15', '5+18 = 2', '3**2 = 2', '9-13 = 18', '10/4 = 72', '7+13 = 57']",8,6.0
((20-x)-((2**2)**3)) = ((18/2)+((-6-11))),6.0,-36.0,"['5**3 = 1', '2**2 = 5', '20-6 = -7']",7,3.0
((17-6)*((x*3)+5)) = ((31-(5*(8/3)))+(-10)),7.0,-1.434,"['17-6 = 10', '8+5 = 0.1', '7*3 = 8', '5*2 = 20', '8/3 = 2']",8,5.0
((2-10)-(x*2)) = (5**3),16.0,-66.5,"['17-3 = -57', '16*2 = 3', '2-10 = 17', '5**3 = -57']",4,4.0
(-53-((x/2)-(12-(16+3)))) = (2+11),2.0,-146.0,"['2-1 = 17', '2/2 = 2', '12-14 = 1', '16+3 = 14', '2+11 = -70']",6,5.0
((8*x)-(2**1)) = ((9*2.222)+(-97)),1.0,-9.375,"['18-4 = -77', '8*1 = 18', '2**1 = 4']",5,3.0
((4**1)-(12*x)) = (4**3),7.0,-5.0,"['12*7 = 11', '4**1 = -7', '4**3 = -18']",4,3.0
((x*(19-(17*5)))+(-48)) = ((5+7)/(6*0.833)),7.0,-0.764,"['19-3 = 2.571', '17*5 = 3', '12/5 = -30']",7,3.0
((x/5)-(16/4)) = ((-288/9)/2),-5.0,-60.0,['16/4 = 15'],5,1.0
(((x-15)+14)/(19-(27-(9+1)))) = ((((10+1)-12)**3)*(7+0)),3.0,-13.0,"['19-16 = 6', '10+14 = -318', '9+1 = 11', '3-15 = 10', '3*7 = -53', '2**3 = 3', '2-12 = 2', '10+1 = 2']",11,8.0
(x+(2**3)) = (14-13),5.0,-7.0,"['5+18 = -59', '2**3 = 18', '14-13 = -59']",3,3.0
((x*(17/10))+(8*2.25)) = ((8+(-3))**(3**(8-(4*3.5)))),8.0,-9.999,"['3+18 = 25', '17/10 = 0.375', '5**3 = 25', '3**4 = 3', '8-14 = 4']",9,5.0
(4+((x*3)/9)) = (((12-3)-2)/(19-7)),9.0,-10.25,"['4+2 = -55', '20/9 = 2', '9*3 = 20', '1-2 = -495', '19-7 = 9', '12-3 = 1']",7,6.0
((((x*(3**1))*7)*(4-2))*2) = (((6-(5*3.8))+(-4))*1),12.0,-0.202,"['8*7 = 10', '12*7 = 8', '4-2 = 1', '3**1 = 7', '4*1 = 20', '6-19 = 8']",10,6.0
((16*(x*4))+((9*9))) = (10*(-6.5)),19.0,-2.281,"['16*9 = 12', '9*9 = -77', '19*4 = 9']",5,3.0
((((9/4)**2)+8)+x) = (((54/2)-(12-1))+(2*2.5)),41.0,7.938,"['2+8 = 17', '2**2 = 2', '9/4 = 2', '16+5 = 58']",9,4.0
((19-((x-(14-17))*3))*8) = ((16-2)-1),15.0,2.792,"['3*8 = -41', '19-18 = 3', '16*3 = 18', '15-1 = 16', '14-17 = 1', '7-1 = -41', '16-2 = 7']",7,7.0
(((x+5)*1.667)+19) = ((5**2)*(-9.5)),15.0,-158.869,"['10+19 = -95', '15+5 = 6', '5**2 = 10']",5,3.0
(((11*9)-(x/(4/(14*6))))/7) = ((-1305/(4*1.25))/(2**4)),190.0,10.152,"['17-19 = -609', '4/5 = 10', '14*6 = 5', '11*9 = 17', '2**4 = 3']",10,5.0
(x/(13+17)) = (((5-6)/6)*((90/9)*6)),352.0,-300.0,"['13+17 = 4', '10*6 = 11', '5-6 = 48']",7,3.0
((x/5)+17) = ((((4+5)/3)-(9+7))/2),20.0,-117.5,"['20/5 = 17', '13/2 = 34', '2-15 = 13', '9+7 = 15', '15/3 = 2', '4+5 = 15']",7,6.0
((x/(5-14))**1) = ((6*3)+1),12.0,-171.0,"['5**1 = 10', '12/5 = 5', '5-14 = 5', '7+1 = 10', '6*3 = 7']",5,5.0
(9*((x**1))) = ((5*(-6.6))-((5/5)/3)),3.0,-3.704,"['3**1 = -5', '1/3 = 12']",6,2.0
((10+x)+(10/3)) = ((5-16)-11),17.0,-35.333,"['11+20 = 58', '10+17 = 11', '10/3 = 20', '5-16 = 69']",5,4.0
((x+18)-5) = (98/(5*1.4)),18.0,1.0,"['11-5 = 14', '18+18 = 11']",4,2.0
((4*(x+3))**3) = (-525/((21-3)-11)),3.0,-4.054,"['3**3 = -75', '3+3 = 0.75']",6,2.0
(12-(((15*6)/2)+(x+5))) = ((49/7)+(-21)),4.0,-24.0,"['12-15 = -14', '8+10 = 15', '6/2 = 8', '15*6 = 6', '4+5 = 10']",7,5.0
((5/1)-(x-10)) = ((16/8)**3),15.0,7.0,"['5/1 = -23', '15-10 = 16', '2**3 = -39']",5,3.0
((x*(18*8))/6) = (10-16),13.0,-0.25,"['6/6 = -100', '13*10 = 6', '18*8 = 10', '10-16 = -100']",4,4.0
((8-(x*4))*(-9.4)) = ((11*8)+(3**3)),15.0,5.059,"['8-5 = 10', '15*4 = 5', '17+12 = -94', '3**3 = 12', '11*8 = 17']",6,5.0
(18*(((17*(x/2))-4)**3)) = (10+((10*(-9.7)))),11.0,0.272,"['18*5 = -87', '3**3 = 5', '16-4 = 3', '17*3 = 16', '11/2 = 3']",7,5.0
((14-(2**3))-(x/(9*6))) = ((10+5)-(1-4)),45.0,-648.0,"['4-9 = -4', '14-17 = 4', '9*6 = 5', '2**3 = 17', '1-4 = 19']",8,5.0
((18+x)-((13-7)+(-6))) = (5**2),19.0,7.0,"['20-7 = 82', '18+19 = 20', '13-7 = 13', '5**2 = 82']",5,4.0
(((2**3)-x)**((1**2)+7)) = (((14/1)*((12-10)))/7),13.0,6.811,"['5**4 = -93', '4-13 = 5', '2**3 = 4', '7+7 = 4', '1**2 = 7', '14/1 = 4', '12-10 = -162.75']",9,7.0
(((3**1)/3)+(60/(x-2))) = ((8+(-4))-15),9.0,-3.0,"['10+6 = -9', '17/3 = 10', '3**1 = 17', '9-2 = 10', '4-15 = -9']",7,5.0
((2*((9-17)+x))-(18+10)) = ((2*(15-(14-16)))-(13*5)),16.0,6.5,"['2*5 = 44', '3+16 = 5', '9-17 = 3', '18+10 = 1', '2*10 = 53', '15-6 = 10', '13*5 = 10', '14-16 = 6']",10,8.0
(x*((2*5))) = (-89-((4-12)+2)),2.0,-8.3,"['2*5 = -46.5', '11+2 = 4', '4-12 = 11']",5,3.0
(((x/5)*6)/2) = ((-56-15)-(7-8)),2.0,-116.667,"['19/2 = -72', '12*6 = 19', '2/5 = 12', '7-8 = 1']",6,4.0
(-76-((x+(20*(5**2)))*3)) = ((5-14)+(((-3185/(1+20))/5))),3.0,-512.222,"['2*3 = 14', '3+9 = 2', '20*9 = 9', '5**2 = 9', '5-14 = 1', '1+20 = 7']",10,6.0
((x*(2*7))+((2**((7-10)*6)))) = ((3*(-27.667))-((18*9)*9)),17.0,-110.072,"['2**3 = -101', '17*2 = 12', '2*7 = 2', '14*6 = 3', '7-10 = 14', '17*9 = 6', '18*9 = 17']",10,7.0
((15*(5-x))**1) = (9-5),14.0,4.733,"['5**1 = 65', '15*7 = 5', '5-14 = 7', '9-5 = 65']",4,4.0
((10*(x/1))*(((10-17)*(-3)))) = ((12+(-3))+18),17.0,0.129,"['10-17 = 2', '10*8 = 6', '17/1 = 8', '9+18 = -36']",7,4.0
((x+12)*8) = (198/3),10.0,-3.75,"['8*8 = 66', '10+12 = 8']",3,2.0
(((10+3)*3)-(7-x)) = (11+14),15.0,-7.0,"['7-14 = -37', '9*3 = 7', '10+3 = 9', '7-15 = 14', '11+14 = -37']",5,5.0
((8*x)*((2**4))) = ((4-(13*4))/2),6.0,-0.188,"['2**4 = -0.556', '8*6 = 9', '13*4 = 14']",6,3.0
((8/(x/4))-(((9/9)-15)/4)) = ((18-3)-2),16.0,3.368,"['4-15 = 80', '8/9 = 22', '9/9 = 4', '16/4 = 9', '15-2 = 2']",8,5.0
((x+7)*(15+15)) = ((6*4)*6.857),20.0,-1.514,"['2*6 = 48', '20+7 = 2', '15+15 = 6', '6*4 = 7']",5,4.0
(3+(7+((16+x)*8))) = ((2*3.5)*(-7.714)),10.0,-24.0,"['3+2 = -54', '7+1 = 2', '19*8 = 1', '16+10 = 19']",6,4.0
(x/(16/((11/7)*1))) = (9*(-7.778)),12.0,-712.748,"['12/6 = -70', '16/6 = 6', '10*1 = 6', '11/7 = 10']",5,4.0
(((5**3)**(x+2))+(9*2)) = ((8+(-3))**4),12.0,-0.673,"['14+18 = 77', '3**2 = 14', '5**3 = 3', '12+2 = 2', '5**4 = 77']",7,5.0
((x+(-2))+((5+8)-4)) = ((19-(35-19))/6),4.0,-6.5,"['2+3 = -88', '5+8 = 7', '19-16 = -528']",7,3.0
((6+(5/1))*((x+9))) = (11+10),11.0,-7.091,"['6+14 = 9', '5/1 = 14', '11+9 = -9.556', '11+10 = -86']",5,4.0
(-91-(7*x)) = (((17-12)+6)+19),9.0,-17.286,"['7*9 = 6', '20+19 = -97', '17-12 = 14']",5,3.0
(10*((((x+10)/8)+(1**2)))) = ((11+((13+(26-16))))-15),17.0,-2.8,"['12+17 = -1.6', '2/8 = 12', '1**2 = 17', '17+10 = 2', '13+10 = -12']",9,5.0
(x+(12+2)) = (2**1),12.0,-12.0,"['12+17 = -42', '12+2 = 17', '2**1 = -42']",3,3.0
((12*x)+(16*1)) = (((2**1)*1)+(-88)),10.0,-8.5,"['14+11 = -70', '16*1 = 11', '12*10 = 14', '9*1 = 18', '2**1 = 9']",6,5.0
((x*(8-10))*(4**1)) = (17/(17+(-7))),10.0,-0.212,"['1*7 = -76', '4**1 = 7', '8-10 = 0.1', '17/10 = -76']",6,4.0
(((5-(5*7))-x)+(12*8)) = (980/10),15.0,-32.0,"['5-8 = 28', '12*8 = 85', '5*7 = 8']",6,3.0
((12+((1*(6+x))))+(12*7)) = (85-(22/(6/3))),4.0,-28.0,"['12*7 = 67', '1*5 = -5', '6+4 = 5']",8,3.0
((18*9)*((13+x)**4)) = (5+(8/6)),16.0,-12.555,"['15*7 = -86', '18*9 = 15', '1**4 = 7', '13+16 = 1', '5+9 = -86', '8/6 = 9']",6,6.0
(((17+19)*(x/6))-11) = ((63-19)-11),16.0,7.333,"['2*10 = 44', '17+19 = 2', '16/6 = 10']",6,3.0
(((18+x)/6)**(30/10)) = ((19+((3*(-4.333))))*(-12)),8.0,-42.962,"['1**3 = -72', '18+8 = 6']",7,2.0
((x/10)/((17-20)/10)) = ((((17/5)/5)*3)*(16+(-8.667))),2.0,-44.878,"['9/1 = 66', '2/10 = 9', '11/10 = 1', '17-20 = 11', '11/5 = 3', '17/5 = 11']",9,6.0
((20/2)-((x-16)+((16+15)))) = (((11-3)**(1+1))*2),9.0,-133.0,"['20/2 = 99', '16+15 = -5', '9-16 = 18', '13*2 = 86', '5**2 = 13', '11-3 = 5']",9,6.0
((2*((12*x)+14))*4) = ((7+(10*2))+(-20)),10.0,-1.094,"['10*4 = -17', '16+14 = 5', '12*10 = 16', '7+20 = 3']",7,4.0
((((19/3)/3)*3)+(x/5)) = ((((18/7)/5)+20)/10),8.0,-21.41,"['16+13 = -9', '10*3 = 16', '8/5 = 13', '19/3 = 30', '19/10 = -9', '1+20 = 19', '18/7 = 5']",9,7.0
(((7*x)-3)*((3**2))) = (-240/3),6.0,-0.841,"['3**2 = -16', '15-3 = 5', '7*6 = 15']",5,3.0
((9-x)/(16-15)) = (((2**4)+5)*((77.334/6)-9)),7.0,-72.669,"['3/1 = 35', '9-7 = 3', '2**4 = 4']",8,3.0
(10*((x+(8+15)))) = ((11*2)*((5*(-2.371)))),9.0,-49.081,"['9+6 = -8.3', '8+15 = 6', '11*2 = 7']",6,3.0
((20-11)/(3/x)) = (5-(3*4.667)),6.0,-3.0,"['20/1 = 2', '20-11 = 20', '3/6 = 1', '5-14 = 2']",5,4.0
(((8*x)+2)-9) = ((5/6)-(7*1.286)),5.0,-0.146,"['2-9 = -57', '18+2 = 2', '8*5 = 18', '16-9 = -57', '5/6 = 16']",6,5.0
((2**2)**(x-(6-19))) = ((9*0.667)*(((45/3)-6))),13.0,-10.122,"['2**3 = -40', '13-14 = 3', '2**2 = 2', '6-19 = 14', '15-6 = -6.667']",8,5.0
(((11*(8+15))+x)+(8+20)) = ((5*0.2)-17),2.0,-297.0,"['12+2 = 40', '8+20 = 2', '8+2 = 12', '11*8 = 8', '8+15 = 8', '1-17 = 40']",7,6.0
(6-((15*8)+(5*x))) = ((13/((25/5)**3))*((5*(-1.886)))),1.6,-22.604,"['6-18 = -66', '14+8 = 18', '15*8 = 14', '13/2 = 7', '5**3 = 2']",9,5.0
((7*x)/(3**(12-9))) = (5/(((11-13)-20)+7)),9.0,-1.286,"['8/1 = -93', '3**4 = 1', '12-9 = 4', '7*9 = 8', '5/8 = -93', '14+7 = 8', '17-20 = 14', '11-13 = 17']",8,8.0
((x-(13*(7-20)))+76) = (9*(15/10)),7.0,-231.5,"['7-16 = 4', '13*8 = 16', '7-20 = 8', '15/10 = 8.889']",6,4.0
(((12+x)+(17+(13*3)))/(6-5)) = (15-(10+(1+15))),8.0,-79.0,"['7/7 = -1', '3+16 = 7', '17+5 = 16', '12+8 = 3', '6-5 = 7', '13*3 = 5', '1+15 = 6']",9,7.0
(((17*x)+(5*2))/9) = (14-(19*2)),4.0,-13.294,"['5*2 = 88', '17*4 = 11', '14-19 = 11', '19*2 = 19']",6,4.0
(((x+7)*9)-(15+(-10))) = ((20+(11*2))+((3*2)*9)),15.0,4.222,"['8-5 = 22', '5*9 = 8', '15+7 = 5', '6*9 = 19', '20+12 = 3', '11*2 = 12']",9,6.0
((1*10)*(x*4)) = (((8-2)+(60/5))+2),6.0,0.5,"['6*4 = 1.222', '1*10 = 9', '18+2 = 11']",7,3.0
((x-(9+0))+((3**(1**2))**2)) = ((24-9)-(2**4)),27.0,-1.0,"['18+20 = 54', '4**2 = 20', '3**2 = 4', '1**2 = 2', '15-17 = 54', '2**4 = 17']",9,6.0
((5**(x*4))*((4*8)**1)) = ((13+(-10))+82),16.0,0.152,"['5**1 = 10', '1**1 = 8.5', '16*4 = 1', '4*8 = 1']",7,4.0
(((x/(14+(10-20)))+13)+3) = ((((12/5)+5)-(7*1.571))**2),19.0,-12.246,"['8+3 = 27', '20+13 = 8', '19/5 = 20', '14+9 = 5', '10-20 = 9', '1**2 = 27', '17-11 = 1', '12/5 = 12']",10,8.0
((15/(20*8))+((14*x))) = (16+((5+((-76-7))))),6.0,-4.435,"['14*6 = -79', '15/6 = 17', '20*8 = 6']",7,3.0
(-504/(((10-1)/2)-(x/2))) = ((((12+20)+17)/3)-19),12.0,-369.0,"['12-8 = 6', '14/2 = 12', '10-1 = 14', '12/2 = 8', '19-19 = -84', '18/3 = 19', '14+17 = 18', '12+20 = 14']",9,8.0
((3/1)/((x*2)**2)) = ((20+183)/(3*(9*8))),18.0,0.893,"['6/7 = 29', '5**2 = 7', '18*2 = 5', '3/1 = 6', '9*8 = 2.333']",8,5.0
((16+x)*1) = (5-(8*(20/5))),12.0,-43.0,"['15*1 = 99', '16+12 = 15', '5-4 = 99', '8*4 = 4']",5,4.0
(((13/10)+(12+(x+(2/9))))*7) = (((13-11)/((10*0.4)**4))*4),2.0,-13.518,"['17*7 = 0', '12+7 = 11', '2+11 = 7', '2/9 = 11', '13/10 = 6', '16*4 = 0', '2/5 = 16', '4**4 = 5']",11,8.0
(13+(5*(x+(15/7)))) = ((16*5)-((272/(20*8))/4)),17.0,11.172,"['17+11 = 16.8', '15/7 = 11', '18-17 = 97', '16*5 = 18', '20*8 = 4']",9,5.0
((4*x)*((5-(11+5))+(-8.875))) = ((1*5)*(5**1)),8.0,-0.314,"['4*8 = 8', '5-7 = 15', '11+5 = 7', '5**1 = 16.333', '1*5 = 3']",8,5.0
(x+((1**1))) = (2+(-57)),13.0,-56.0,['1**1 = -68'],3,1.0
((x*0.333)*(((3**2)*(8-14)))) = ((11-(1+11))-(5/4)),9.0,0.125,"['18*4 = -2.333', '3**2 = 18', '8-14 = 4', '5/4 = 12', '1+11 = 6']",9,5.0
(x-(((4/6)**2)-11)) = (15+((((7+1)/6)-19))),3.0,-13.222,"['3-5 = -52', '8-11 = 5', '2**2 = 8', '4/6 = 2', '4-19 = -67', '10/6 = 4', '7+1 = 10']",8,7.0
(13+((19/5)-(5+x))) = (7*(16+(-8))),18.0,-44.2,"['13+9 = 56', '3-7 = 9', '5+18 = 7', '19/5 = 3']",6,4.0
(((16-x)-15)/((16-13)/5)) = ((24-14)+((3+6))),5.0,-10.4,"['1/7 = -28', '16-13 = 35', '16-5 = 16', '3+6 = -38']",8,4.0
(x/(4**1)) = (612/((1-18)**(8*0.125))),340.0,-144.0,"['4**1 = 5', '2**1 = 9', '1-18 = 2']",6,3.0
((12/(x*6))**(4**2)) = (18*10),16.0,1.446,"['5**1 = -66', '12/5 = 5', '4**2 = 1', '16*6 = 5', '18*10 = -66']",5,5.0
(((8+15)/10)*(((x+16)-13))) = (((2**1)*(13+(-8.333)))/5),14.0,-2.188,"['20-13 = -6.857', '8+15 = 70', '14+16 = 20', '14/5 = -48', '2**1 = 3']",9,5.0
(((19-(1/(10-18)))-x)+7) = (-504/((1**4)-2)),5.0,-477.875,"['11+7 = -56', '19-15 = 16', '1/5 = 15', '10-18 = 5', '16-2 = 9', '1**4 = 16']",8,6.0
(x/(1-10)) = ((85-(10-4))/(21-(5**4))),17.0,1.177,"['17/5 = 10', '1-10 = 5', '5**4 = 14', '10-4 = 15']",7,4.0
(x*((2*(5**1))-16)) = (910/((16/8)*(10/2))),3.0,-15.167,"['10-16 = 30.333', '2*8 = 10', '5**1 = 8']",8,3.0
((8*x)/(1*(6/7))) = ((8*(-70.875))/(54/(8*(1*5)))),1.25,-45.0,"['10/6 = -63', '1*7 = 6', '6/7 = 7', '1*5 = 0.75']",9,4.0
(5*((x+(18+3))+14)) = (104-(18+0)),14.0,-17.8,"['1+14 = 17.2', '14+1 = 1', '18+3 = 1']",6,3.0
(7*((14-(x*7))**4)) = ((3**3)*15.5),13.0,1.603,"['5**4 = 4.429', '14-11 = 5', '13*7 = 11', '3**3 = 2']",6,4.0
(((x+18)**4)/(2+13)) = ((4**(2*1.5))*(38-20)),11.0,-6.535,"['4**4 = 540', '2+13 = 10', '11+18 = 4', '4**3 = 3']",8,4.0
(((1*x)+2)*((3*(((1*10)**3))))) = (-36-5),4.0,-2.014,"['19+2 = 4', '5**3 = -3.417', '1*10 = 5', '1*4 = 19']",7,4.0
(((16*6)/7)-x) = ((19-1)+5),18.0,-9.286,"['16-18 = 92', '17/7 = 16', '16*6 = 17', '20+5 = 92', '19-1 = 20']",5,5.0
(-78-((12*x)-11)) = (16/(21-((19/2)+10))),1.0,-6.472,"['12*1 = 17', '16/1 = -84', '6+10 = 20', '19/2 = 6']",7,4.0
((x*(-3.3))-(12+17)) = (14*4),10.0,-25.758,"['12+17 = 9', '14*4 = -42']",4,2.0
(14-(x+4)) = (8+20),19.0,-18.0,"['14-11 = 35', '19+4 = 11', '8+20 = 35']",3,3.0
(((1**4)+x)**3) = (13+12),14.0,1.924,"['2**3 = -51', '9+14 = 2', '1**4 = 9', '13+12 = -51']",4,4.0
((((6*x)*4)/7)*6) = (-38-(112/((28-(4*4.75))+2))),3.0,-2.342,"['1*6 = -54', '8*4 = 7', '6*3 = 8', '9+2 = 7']",9,4.0
((18*x)+73) = ((27-15)-(((13-6)-2)-12)),6.0,-3.0,"['18*6 = 15', '12-20 = 88', '12-12 = 20', '13-6 = 14']",7,4.0
(270/((x-(1-20))+(7+5))) = ((13*(2+6))/8),13.0,-10.231,"['2+18 = 10', '7+5 = 18', '1-20 = 11', '5/8 = 27', '13*8 = 5']",8,5.0
(((8+13)-x)/10) = (2*11),11.0,-199.0,"['13/10 = 22', '8+13 = 24']",4,2.0
((1+(3+x))+(17-6)) = (14*((3/(54/6))-11)),18.0,-164.333,"['19+15 = -91', '1+14 = 19', '3+18 = 14', '17-6 = 15', '14*3 = -91', '2-11 = 3', '3/9 = 2']",8,7.0
(((x/1)*0.714)+((9*8))) = (-16/(7/(7*0.143))),3.0,-104.045,"['9*8 = -7', '3/1 = 7', '7/1 = 8']",7,3.0
(((13*4)/x)+(((7*1)+(-77)))) = (12+((9*1))),7.0,0.571,"['13/7 = 20', '7*1 = 2', '13*4 = 13', '9*1 = -67']",7,4.0
((9*((x/6)*4))/((4/9)**1)) = (23-7),12.0,1.185,"['19/7 = 16', '1**1 = 7', '9*10 = 19', '14*4 = 10', '12/6 = 14', '4/9 = 1']",7,6.0
(2*((x+11)/6)) = (((8-10)**(8-5))-18),15.0,-89.0,"['17/6 = 8.5', '15+11 = 17', '2-18 = 17', '5**3 = 2', '8-10 = 5']",7,5.0
(16+(x/(17-9))) = (15-4),2.0,-40.0,"['16+5 = 66', '2/4 = 5', '17-9 = 4', '15-4 = 66']",4,4.0
(x*(16-(((13/(15+9))**4)/10))) = ((5-6)-13),12.0,-0.875,"['12*8 = 17', '16-7 = 8', '3**4 = 70', '13/7 = 3', '15+9 = 7', '18-13 = 17', '5-6 = 18']",8,7.0
(((x/5)+(7*2))*((13.6-18))) = (16+((20+(-58)))),3.0,-45.0,"['10+1 = 5', '3/5 = 10', '7*2 = 1']",7,3.0
((5-8)-((x+5)-10)) = ((3+10)/10),10.0,0.7,"['15-10 = 12', '5-8 = 68', '13/10 = 56']",6,3.0
((10+(x))/(18*6)) = (-144/((17-(42/7))+6)),-154.0,-924.824,"['18*6 = 9', '13+6 = 9', '17-6 = 13']",7,3.0
(((70/7)*1)*((1**4)-x)) = ((16/10)*(4*0.525)),19.0,0.664,"['18*6 = 21', '10*1 = 18', '19-19 = 6', '1**4 = 19', '16/10 = 10']",8,5.0
((x*3)-((1**4)/(8*9))) = ((28/4)-(4*0.25)),9.0,2.005,"['3/8 = 5', '1**4 = 3', '8*9 = 8', '9*3 = 11']",8,4.0
((17*(9-(x+13)))*3) = ((60/5)+2),18.0,-4.275,"['19*3 = 23', '17*10 = 19', '9-15 = 10', '18+13 = 15', '12+2 = 23']",6,5.0
(((3**4)*(15+x))-(26-(4**1))) = (8*4),12.0,-14.333,"['3**4 = 3', '15+12 = 0.667', '4**1 = 18', '8*4 = -6']",7,4.0
((1**3)*((x*2)-17)) = ((6-6)-(((3*0.333)**1)+8)),10.0,4.0,"['10*3 = 43', '1**3 = 10', '6-6 = 60', '1**1 = 9']",9,4.0
(x/((3-(1**2))+((4**1)/8))) = (1**(3**3)),220.0,2.5,"['20+18 = 10', '10/8 = 18', '4**1 = 10', '3-11 = 20', '1**2 = 11', '1**2 = 22', '3**3 = 2']",8,7.0
(((x+9)-(6-((15/1)+9)))+15) = ((4*((10+((1**1)))))-12),3.0,-10.0,"['9+15 = -17', '3+9 = 10', '11+9 = 5', '15/1 = 11', '1**1 = -11.25']",10,5.0
(((18/((16/(19*1))-14))/9)*x) = (10-3),2.0,-46.053,"['1*2 = -18', '9-14 = 2', '16/9 = 9', '19*1 = 9', '10-3 = -18']",7,5.0
(((x/9)*5)+((9+19)+14)) = (3/(15+16)),5.0,-75.426,"['18+14 = 57', '1*5 = 16', '5/9 = 1', '9+19 = 18', '3/8 = 73', '15+16 = 8']",7,6.0
(79-((8+(1+x))*(1+0.75))) = ((76/4)*((7*2.571)-10)),18.0,-50.682,"['8+18 = 8', '1+18 = 18', '19*9 = 65', '18-10 = 9']",9,4.0
(((3+(15+11))/5)*((8/8)-x)) = ((1-4)**(17-(8*6))),14.0,1.0,"['7*6 = -64', '14-14 = 6', '15+11 = 32', '8/8 = 14', '3**4 = -64', '8*6 = 13', '1-4 = 3']",10,7.0
((2**x)*8.5) = (((2/((16+(-5))/1))/5)*9),3.0,-4.699,"['2**3 = 6', '11*9 = 51', '9/5 = 11', '2/1 = 9', '11/1 = 1']",7,5.0
(x/(2**4)) = (10*(-3.7)),-296.0,-592.0,['2**4 = 8'],3,1.0
(((5**4)+(-9))*(((14/4)/9)-x)) = (18+(110/(4**1))),11.0,0.315,"['8-11 = 4', '5**4 = 14', '1/9 = 8', '14/4 = 1', '18+11 = 20', '4**1 = 10']",9,6.0
((3**1)-x) = ((44/4)+(22-3)),10.0,-27.0,"['3**1 = 87', '11+19 = 77']",5,2.0
((x**1)*((2**3))) = (11+(-104)),3.0,-11.625,"['3**1 = 5', '2**3 = -18.6']",4,2.0
(7*(((x*8)+(-18.143)))) = (-513/9),15.0,1.25,['15*8 = 10'],4,1.0
((((18+x)*4)*(20+(7-12)))/6) = ((7/10)-(5-(13+(-9)))),4.0,-18.03,"['7-12 = 14.5', '6*4 = 4', '18+4 = 6', '18-1 = 23', '7/10 = 18']",10,5.0
((x-(7+(5/4)))*10) = ((153-3)/((8*0.125)+11)),21.0,9.5,"['17*10 = 30', '7+19 = 4', '5/4 = 19', '1+11 = 5']",8,4.0
((12*7)+(16-x)) = ((112-1)-(150/10)),9.0,4.0,"['15+7 = 96', '12*7 = 15']",6,2.0
((1-(4+x))*(((9+((10+15)))+12))) = (((4/3)*2)*(((21/3)*7))),8.0,-5.841,"['5+12 = -1', '1-4 = 2', '10+15 = -4', '4+8 = 4', '7*7 = -0.333', '4/3 = 3']",11,6.0
((4**3)+((16+(4**2))-x)) = (((20+(-16))**4)-(63/9)),8.0,-153.0,"['16+12 = 91', '4**3 = 16', '4**2 = 12', '17-7 = 99', '4**4 = 17']",9,5.0
(((5**3)+x)-14) = ((18+(-17))*(48/(19+12))),4.0,-109.452,"['13-14 = 19', '14+4 = 13', '5**3 = 14', '1*8 = 19', '19+12 = 6']",7,5.0
(4+(7-(x-4))) = (4**2),5.0,-1.0,"['4+11 = -7', '7-6 = 11', '5-4 = 6', '4**2 = -7']",4,4.0
(7+(25-(x*4))) = (9*4.667),15.0,-2.501,"['7+11 = 42', '15*4 = 14']",4,2.0
(((18-20)+3)-x) = ((8*1.125)*((3**2))),11.0,-80.0,"['15-11 = -3', '18-20 = 12', '3**2 = -0.333']",6,3.0
(x-(15+13)) = ((27/9)*(-24.333)),9.0,-44.999,"['9-11 = -73', '15+13 = 11']",4,2.0
(((x+14)+2)-(3**2)) = ((2**4)+((3+2)-12)),14.0,2.0,"['5+2 = 91', '3**2 = 13', '14+14 = 5', '14+16 = 78', '2**4 = 14', '11-12 = 16', '3+2 = 11']",8,7.0
((3/(18/5))+(5*x)) = ((10-(15-6))+(1-20)),4.0,-3.767,"['5*4 = 68', '3/5 = 1', '18/5 = 5', '5+4 = 69', '10-9 = 5', '1-20 = 4']",8,6.0
((((3-13)-13)/3)+(2*x)) = (1-(15+(-3))),8.0,-1.667,"['5+7 = -11', '3-13 = 28', '2*8 = 7']",7,3.0
((15-x)-1) = (11+((15*7)-16)),16.0,-86.0,"['15-16 = 92', '16-16 = 80', '15*7 = 16']",5,3.0
(((10+(x+1))*38.333)/5) = (11+(5*3.6)),13.0,-7.217,"['10+17 = 6', '13+1 = 17', '11+18 = 46']",6,3.0
((((5**4)+13)+x)/5) = (5*((27/9)**3)),327.0,37.0,"['13+13 = 18', '5**4 = 13', '5*3 = 69', '3**3 = 3']",7,4.0
((x*(1+16))/((2+2)-7)) = ((7*3)+((6/7))),5.0,-3.857,"['6/9 = -36', '2+2 = 16', '1+16 = 1.2', '7*3 = 14', '6/7 = -50']",8,5.0
((((4-7)+1)+((x*1)))*25.5) = (10/3),17.0,2.131,"['4-7 = 14', '17*1 = -13', '10/3 = 51']",6,3.0
((((14+11)+x)+50)-(2**2)) = ((8+2)/6),4.0,-69.333,"['2**2 = 1', '9+4 = 17', '14+11 = 9', '10/6 = 66']",7,4.0
((13+x)/(18/(11/4))) = ((12/(12*9))-(9*0.556)),8.0,-45.026,"['8/5 = -59', '13+8 = 8', '18/5 = 5', '11/4 = 5', '12/2 = -54', '12*9 = 2']",8,6.0
((19+((14/(7-12))+(-5)))-x) = (25-(8*0.875)),20.0,-6.8,"['6-20 = 18', '19+12 = 6', '14/7 = 17', '7-12 = 7']",7,4.0
(((1**2)-x)-(1/3)) = ((((6+19)/5)**2)+8),9.0,-32.333,"['3-9 = -58', '1**2 = 3', '1/3 = 13', '19+8 = -71', '5**2 = 19']",8,5.0
((17+x)*8) = (-500/(2+(40/5))),10.0,-23.25,"['16*8 = -50', '17+10 = 16']",5,2.0
(12*(((3**(x/2))-4)+(-2))) = ((1**(8+((8+3))))-(16+(-4))),9.0,2.96,"['12*4 = 27', '1-4 = 6', '3**4 = 1', '9/2 = 4', '4-12 = 27', '1**3 = 4', '8+3 = -5']",10,7.0
(-16-((16+(9*x))/(1**3))) = (-186/((8-(20-3))/(3**1))),7.0,-10.444,"['16+17 = 120', '9*7 = 17', '1**3 = 8', '6/5 = 6', '8-17 = 6', '3**1 = 5']",10,6.0
((x*8)-((11-9)*8)) = ((5-13)-4),17.0,0.5,"['15*8 = 14', '11-9 = 15', '17*8 = -61', '15-4 = -75', '5-13 = 15']",6,5.0
(((12+(1*10))/10)-(10*(8+x))) = (1+(-44)),19.0,-3.48,"['12+4 = -390', '8+19 = 0.4', '1*10 = 4']",7,3.0
((x*1)*(11+6)) = (((12-20)*(14+(-8)))*(4+1)),20.0,-14.118,"['20*1 = 4', '11+6 = 14.5', '8*5 = 58', '20*6 = 8', '12-20 = 20']",8,5.0
(((14/3)-20)*(x+1)) = (518/(20+((7-3)))),6.0,-2.408,"['14*7 = 74', '14-20 = 14', '14/3 = 14', '7-3 = -13']",7,4.0
((26-(((15/1)-9)*2.333))*x) = ((2+10)/2),10.0,0.5,"['19*10 = 64', '10-9 = 3', '15/1 = 10', '2+10 = 128']",7,4.0
((20+20)+((x-13)+10)) = ((6+(5-18))/(8+(2*1))),10.0,-37.7,"['2+1 = 72', '9+10 = 1', '10-13 = 9', '20+20 = 2', '5-18 = 714']",9,5.0
(x/((8/2)**2)) = (((4**1)*((5-5)+(-5.5)))**1),4.0,-352.0,"['4/5 = 79', '3**2 = 5', '8/2 = 3', '3**1 = 79', '4**1 = 2', '5-5 = 7']",8,6.0
((x+(2**3))*15) = (((16-(17+(-(12/4))))**3)*10),6.0,-2.667,"['6+19 = 4', '2**3 = 19', '4**3 = 6', '16-14 = 4']",8,4.0
(((x/5)*6)-(34-17)) = (((5**((26-16)/10))*1)-18),17.0,3.333,"['20*6 = 116', '17/5 = 20', '3-18 = 99', '17*1 = 3', '5**1 = 17']",9,5.0
((x-20)*(((11/9)/10))) = (-84-11),5.0,-757.273,"['11/9 = -190', '5-20 = 5']",5,2.0
((2+x)+((18+15))) = ((2/(2/2))*3),3.0,-29.0,"['2+3 = 20', '18+15 = -16', '7*3 = 4', '2/1 = 7']",6,4.0
(x+((2**1)/1)) = ((8/4)**(2-(6*2.5))),4.0,-2.0,"['4+8 = -82', '12/1 = 8', '2**1 = 12', '2**2 = -82', '2-15 = 2']",7,5.0
(((9+11)+x)/(18/6)) = ((1**(13+(-9)))**(4*1)),20.0,-17.0,"['9+11 = 4', '5**4 = 8', '1**4 = 5']",8,3.0
(x*(1+(2-2))) = (8*((54.5-((24-20)**4))/4)),2.0,-403.0,"['1+6 = 47.5', '2-2 = 6', '4**4 = 7']",8,3.0
(4+((11+(1+x))*6)) = ((37-1)/(1**3)),13.0,-6.667,"['15*6 = 8', '11+8 = 15', '1+13 = 8', '1**3 = 3']",7,4.0
(((9/8)+x)-6) = (-40-(1**4)),5.0,-36.125,"['1+5 = -48', '9/8 = 1', '1**4 = 14']",5,3.0
(x-((9+6)/(4**4))) = ((1-(10*1.8))-(7*1.714)),1.0,-28.939,"['6/4 = 18', '9+6 = 6', '4**4 = 4', '1-18 = -5']",8,4.0
((x/(8/6))+(15-7)) = (1**(8-6)),11.0,-9.333,"['12+18 = -3', '11/1 = 12', '15-7 = 18', '8/6 = 1', '1**2 = -3']",6,5.0
(7*(x+((18-13)*7))) = ((17+(-16))/7),20.0,-34.98,"['7*2 = 41', '20+12 = 2', '14*7 = 12', '18-13 = 14', '1/7 = 41']",6,5.0
(((5**2)*x)-((14+4)-(18-11))) = ((20+2)/(12+10)),8.0,0.48,"['1-6 = 15', '14*8 = 26', '5**2 = 14', '14+4 = 1', '18-11 = 6', '12+10 = 2']",9,6.0
((16+x)+(13+(11/2))) = (8*2),11.0,-18.5,"['16+11 = 13', '13+3 = 35', '11/2 = 3', '8*2 = 48']",5,4.0
(x-((2**3)/(6+(-2)))) = ((3+6)*(-6.333)),3.0,-54.997,"['3-6 = -57', '2**3 = 24']",6,2.0
(6*(x*6)) = ((10/9)-9),18.0,-0.219,"['18*6 = 15.5', '10/9 = 102']",4,2.0
(((5**4)+x)-((13+4)/6)) = (19+78),107.0,-525.167,"['5**4 = 6', '11/6 = 16', '13+4 = 11']",6,3.0
(((7-x)+(9*0.111))-7) = ((((20+204)/7)/2)+(21-10)),6.0,-26.001,"['9-7 = -34', '20+1 = 9', '7-6 = 20', '16+11 = -34']",9,4.0
((x*2)*(-1.375)) = ((10*(5*1.4))/(2*2.5)),11.0,-5.091,"['11*2 = 8', '10*7 = -55']",6,2.0
(((8+18)/4)**(x-15)) = ((((12+(-4))+2)-10)/8),20.0,-10.085,"['1**2 = -73', '20-15 = 2', '8+18 = 4', '13/8 = -73', '10-10 = 13']",8,5.0
((15*x)/(9/1)) = (8+(-102)),9.0,-56.4,"['17/4 = -94', '9/1 = 4', '15*9 = 17']",4,3.0
((x+20)-12) = (-9-((3*8)**2)),9.0,-593.0,"['11-12 = -27', '9+20 = 11', '3**2 = 18', '3*8 = 3']",5,4.0
((14+x)/((8*1)/7)) = (18+(-83)),15.0,-88.286,"['1/7 = -65', '14+15 = 1', '8*1 = 49']",5,3.0
(((20/4)+((3+18)+x))*5) = ((6+((13-15)))+(-24)),13.0,-30.0,"['11*5 = -20', '15+19 = 11', '3+18 = 6', '20/4 = 15']",8,4.0
((13*(2*8))*(x+(17+8))) = (9+20),17.0,-24.861,"['17+18 = 7.889', '13*5 = 9', '17+8 = 18', '2*8 = 5', '9+20 = 71']",6,5.0
((18*1)/(x/6)) = (13*(6*1.167)),20.0,1.186,"['13/2 = 27', '20/6 = 2', '18*1 = 13', '13*7 = 27']",5,4.0
((((16/4)*x)-(2**3))*1) = ((4*3)-16),6.0,1.0,"['3*1 = -99', '19*6 = 20', '16/4 = 19', '2**3 = 17', '4*3 = -83']",7,5.0
(((((12-6)-19)-x)**2)+9) = ((5**3)-(12*8)),3.0,-8.528,"['12+9 = 2', '4**2 = 12', '9-19 = 7', '12-6 = 9', '16-6 = 2', '5**3 = 16', '12*8 = 6']",8,7.0
((18+(x+12))*2) = (((5-1)+0)/8),17.0,-29.75,"['20*2 = 18', '17+12 = 2', '8/8 = 18', '5-1 = 8']",6,4.0
(x+(((10-5)-3)-((11/2)-11))) = ((1**3)**(3*(2**(2**4)))),14.0,-6.5,"['19-11 = 19', '2-3 = 46', '11/2 = 19', '10-5 = 2', '5**2 = 41', '2**4 = 0.667', '1**3 = 5', '2**4 = 4']",11,8.0
((x-8)+((6+15))) = ((((9*2)-10)/(10*0.7))+(-24)),11.0,-35.857,"['6+15 = -23', '11-8 = 6', '18-10 = 49']",8,3.0
((6-8)*(x*0.517)) = ((27/9)*(5**1)),10.0,-14.507,"['6-8 = 6', '5**1 = 10.333']",6,2.0
(-46-(10+x)) = (((2*2)*5)+10),12.0,-86.0,"['10+12 = 3', '20+10 = -49']",5,2.0
(74-(((11-x)/7)*6)) = ((2*(4+(12+(-9.5))))+(5/10)),13.0,-59.583,"['2*6 = 16', '7/7 = 2', '11-13 = 7', '5/10 = 45']",9,4.0
((17*(1+11))**(x/2)) = (5**(((3-7)-13)+18)),12.0,0.605,"['5**1 = 81', '17*8 = 5', '12/2 = 1', '1+11 = 8', '5**1 = 81', '11+18 = 1', '15-13 = 11', '3-7 = 15']",8,8.0
((((x+18)/4)+19)-((5-5)/4)) = ((5**1)/4),4.0,-89.0,"['8/4 = 19', '5-5 = 8', '16+19 = -46', '18/4 = 16', '4+18 = 18', '5**1 = -260']",8,6.0
((1*7)*(1+((x-1)+8))) = ((2*51)/(3**3)),14.0,-7.46,"['5*9 = 34', '1+14 = 9', '1*7 = 5', '14-1 = 6', '3**3 = 3']",8,5.0
((17/3)*(((5**1)+x))) = (((10*0.4)**2)-(4**(9*0.111))),20.0,-2.881,"['19+20 = -8.667', '17/3 = 3', '5**1 = 19', '4**1 = 12', '4**2 = -14']",9,5.0
((((4/10)-x)*10)-(15/4)) = ((18*4)-((2**1)-(3**3))),16.0,-9.675,"['14-20 = 4', '10*10 = 14', '15/4 = 20', '1-16 = 10', '4/10 = 1', '6-17 = 4', '18*4 = 6', '3**3 = 19', '2**1 = 36']",10,9.0
((15-(16+x))*10) = (3*((-12.333-(9+((3*(-1.667))))))),10.0,3.9,"['10*10 = -49', '15-13 = 10', '16+10 = 13']",7,3.0
(4-(7+x)) = (((120/(11/1))+20)/10),13.0,-6.091,"['4-16 = 8', '7+13 = 16', '12+20 = 80', '11/1 = 10']",6,4.0
((17-((6+20)/5))+x) = ((198-(5*(20/2)))/(20-11)),16.0,4.644,"['16/5 = 13', '6+20 = 16', '5*10 = 18']",9,3.0
((x-(1**3))*((2*(-2.85)))) = (11/4),8.0,0.518,"['8-2 = 10', '1**3 = 2', '11/4 = -57']",5,3.0
(x/((15+(-13))*(9-6))) = (216/(10*(10*6))),144.0,2.16,"['9-6 = 2', '10*6 = 0.6']",7,2.0
(((9-x)-5)/(1**3)) = ((17+(-7))+(17-5)),5.0,-18.0,"['4-5 = 380', '1**3 = 10', '10+12 = 38']",7,3.0
(x*(11-(7*10))) = (12+19),20.0,-0.525,"['20*4 = -81', '11-18 = 4', '7*10 = 18', '12+19 = -81']",4,4.0
(((17-1)-12)*(11+x)) = (((8/3)+76)/(11/9)),16.0,5.091,"['15*2 = 15', '17-1 = 27', '11+16 = 2', '8/3 = 14', '11/9 = 6']",8,5.0
((x+4)*(((5**3)+2))) = ((20/(12+(-8)))*((4**3))),17.0,-1.48,"['19+2 = -6.5', '17+4 = 4', '5**3 = 19', '4**3 = -5.2']",8,4.0
(((19*(x+3))-16)/6) = ((11-10)-14),8.0,-6.263,"['10/6 = 98', '16-16 = 10', '19*9 = 16', '8+3 = 9', '18-14 = 98', '11-10 = 18']",6,6.0
(x-(1/8)) = ((12-18)/((9*1.556)-5)),18.0,-0.541,"['18-13 = -7', '1/8 = 13', '12-18 = -63']",6,3.0
((7*(-39.286))/((3**3)/x)) = ((10-1)+((15+8))),2.0,-3.142,"['19/2 = 5', '3**3 = 19', '15+8 = -64']",7,3.0
((x+11)-7) = ((29-18)-(52/((3**1)/3))),20.0,-45.0,"['13-7 = -3', '20+11 = 13', '11-13 = -3', '4/3 = 4', '3**1 = 4']",7,5.0
(8*(x+((2/(4/10))))) = ((3**2)*2.286),15.0,-2.428,"['2/3 = -13', '4/10 = 3', '3**2 = 7']",6,3.0
((9/(13/6))-x) = ((4**4)*2),4.0,-507.846,"['9/2 = 29', '13/6 = 2', '20*2 = 25', '4**4 = 20']",5,4.0
(x/(14-(14+9))) = ((((10-10)/8)+(-3))+7),17.0,-36.0,"['17/6 = 81', '14-9 = 6', '14+9 = 9', '7+7 = 81', '17/8 = 10', '10-10 = 17']",7,6.0
((21-(x+20))+((17/10)**1)) = ((18+((18/7)))-5),17.0,-12.871,"['3**1 = 32', '17/10 = 3', '17+20 = 14', '7-5 = 39', '18/7 = -11']",8,5.0
((15-(20+x))+6) = ((9*1.556)*((120/6)/(11/1))),2.0,-24.462,"['13+6 = 42', '15-8 = 13', '20+2 = 8', '14*4 = 42', '11/1 = 5']",8,5.0
((x-2)+(1+((3*2)**3))) = (140/((7-4)-(17-(6*2.667)))),18.0,-145.07,"['18-2 = 13', '5**3 = 56', '3*2 = 5']",10,3.0
((8+6)+((x-(4/5))/(6/8))) = (2/7),17.0,-9.486,"['13/10 = 51', '17-2 = 13', '4/5 = 2', '6/8 = 10', '2/7 = 65']",7,5.0
((9*((x*9)+15))-15) = (((21-8)-7)-(12-1)),15.0,-1.543,"['8+15 = 12.778', '15*9 = 8', '6-11 = 100']",8,3.0
(((17+12)+((x-15)))/1) = (((9-14)*((5**4)+17))/5),16.0,-656.0,"['3/1 = -89', '16-15 = -15', '17+12 = 18', '2*2 = -445', '9-14 = 2', '17+17 = 2', '5**4 = 17']",9,7.0
((x*7)-(20/((1/9)*(11*2)))) = (5+(-61)),2.0,-6.831,"['13-2 = -56', '2*7 = 13', '15*9 = 10', '11*2 = 9', '1/9 = 15']",7,5.0
((5**2)-(((13/6)-(14+x))-11)) = (-441/9),4.0,-96.833,"['3-6 = -49', '5**2 = 3', '14+4 = 20', '13/6 = 37']",7,4.0
((11-9)*(((7/x)-10))) = (-13-((12/8)-5)),10.0,1.333,"['11-9 = 5', '7/10 = 3.6', '12/8 = 24']",7,3.0
(((1**3)+15)-(x-5)) = (6*6),16.0,-15.0,"['8+15 = 9', '16-5 = 4', '1**3 = 8', '6*6 = 5']",5,4.0
(x+((5+(((2**1)*(-6.222)))))) = ((-328/8)-(4**2)),3.0,-49.556,"['2**1 = 9', '4**2 = 7']",7,2.0
(((5**2)-((x*9)-8))*8.25) = (((10-8)**4)-(6+3)),18.0,3.572,"['7-6 = 8', '8-8 = 6', '18*9 = 8', '5**2 = 7', '2-9 = 66', '2**4 = 2']",9,6.0
(x*(((7+(9*8))-18))) = (6*((2**3))),7.0,0.787,"['7+8 = 9.286', '9*8 = 8', '2**3 = -10.167']",6,3.0
((8+x)+((1/(17+3)))) = ((4-2)*((21-13)*(1**1))),13.0,7.95,"['8+13 = 8', '1/10 = -16', '17+3 = 10', '2*5 = -8', '1**1 = 0.625']",9,5.0
((x*(6-16))*9) = (((7*8)-12)*((15+((1*8))))),16.0,-11.244,"['11*9 = -96', '16*9 = 11', '6-16 = 9', '4-12 = 8', '7*8 = 4', '1*8 = -27']",8,6.0
((21-(9*(x*8)))-16) = ((2**2)**3),17.0,-0.819,"['19-16 = -73', '17*8 = 0.222', '3**3 = -73', '2**2 = 3']",6,4.0
(2*(((x+8)/1))) = (-60-(14+14)),5.0,-52.0,"['20/1 = -34.5', '5+8 = 20', '14+14 = 9']",5,3.0
(17*((19-(16/x))*9)) = ((20+(-6))/7),7.0,0.843,"['17*8 = 73', '14*9 = 8', '19-20 = 14', '16/7 = 20', '14/7 = 73']",6,5.0
((18*(x+(3**4)))-(1**2)) = (-20-((18*(13+17))*(17+(-7)))),2.0,-382.056,"['18*1 = -5', '2+4 = 1', '1**2 = 19', '3**4 = 4', '7*10 = 4', '18*2 = 7', '13+17 = 2']",10,7.0
(((17+x)/6)*8.111) = (730/((6*7)+9)),18.0,-6.412,"['1/6 = 9', '17+18 = 1', '5+9 = 10', '6*7 = 5']",6,4.0
(8+(((16/10)-(x-2))/3)) = ((13*9)+19),7.0,-380.4,"['9-10 = 33', '7-2 = 10', '16/10 = 9', '19+19 = 19', '13*9 = 19']",7,5.0
((x/3)**1) = (-504/(((2**3)*1)+1)),9.0,-168.0,"['2**1 = -72', '9/3 = 2', '2+1 = 7', '10*1 = 2', '2**3 = 10']",6,5.0
(((7-8)+(5+(7-16)))+(7*x)) = ((14/3)/(2**4)),7.143,0.756,"['5+2 = 11', '7-16 = 2', '7-8 = 5', '2**4 = 10', '14/3 = 660']",9,5.0
((18*1)+x) = (((7-(13+4))+6)+1),41.0,-21.0,"['18*1 = 5', '7+1 = 46', '7-17 = 1']",6,3.0
(((29-(13-x))+(1/2))+((2+18))) = (10+(21-(17+3))),11.0,-25.5,"['1/2 = 4', '2+18 = -89', '13-11 = 17', '10+1 = -73']",9,4.0
(15*(((13+2)+5)+((5*x)))) = (10*9.8),8.0,-2.693,"['15*1 = 98', '5+5 = 7', '13+2 = 5', '5*8 = -6']",6,4.0
(20*(x/(5**1))) = (17/5),19.0,0.85,"['20*10 = 8', '19/1 = 10', '5**1 = 1', '17/5 = 8']",4,4.0
((20+9)*((9*((x+16)+8)))) = (((4-2)**1)+((8*(-4.125)))),3.0,-24.119,"['9*4 = -3.667', '20+9 = 6', '11+8 = 4', '3+16 = 11', '2**1 = 11']",9,5.0
((70/7)*((x-(10-19)))) = ((6+(-36))-(19/((6+20)+(-10)))),12.4,-12.119,"['10-19 = 16', '19/2 = 6', '6+20 = 12']",9,3.0
(20*(2-x)) = (((12-8)**3)+(4+(5**1))),9.0,-1.65,"['20*9 = 17', '2-9 = 9', '4+17 = 16', '4**3 = 1', '5**1 = 17']",7,5.0
(((12*(x+4))/2)+(17+16)) = (((162/9)/2)-(15-2)),19.0,-10.167,"['15+13 = 42', '17+16 = 13', '12*2 = 30', '19+4 = 2', '18/2 = 56', '15-2 = 14']",9,6.0
((6-(5*x))**1) = (77-(((12/10)*(10*0.9))*3.333)),1.0,-7.001,"['5**1 = 57', '6-16 = 5', '5*1 = 16', '13*9 = 6', '12/10 = 13']",8,5.0
((x/9)+14) = ((17+((17+1)))+((-204/3))),1.0,-423.0,"['5+14 = -52', '1/9 = 5', '17+1 = -1']",6,3.0
((x+((15+9)/1))+14) = (16*1),15.0,-22.0,"['17+14 = -92', '1/1 = 2', '15+9 = 1', '16*1 = -92']",5,4.0
((14*(6*(14-x)))/5) = ((3*0.667)+14),20.0,13.048,"['14*2 = 80', '6*8 = 2', '14-20 = 8']",6,3.0
(x-((3-19)-18)) = (3**3),8.0,-7.0,"['8-11 = -31', '6-18 = 11', '3-19 = 6', '3**3 = -31']",4,4.0
(((1+x)**(20-9))**2) = (((13*4)*3.429)/2),19.0,0.226,"['2**2 = 12', '1**2 = 2', '1+19 = 1', '20-9 = 2', '13*4 = 7']",7,5.0
(x+((11*10))) = (6*(-5.667)),2.0,-144.002,['11*10 = -36'],3,1.0
(11+((19-4)*(5*(x-14)))) = (((7+12)/2)*(-7.4)),20.0,12.916,"['11+1 = -74', '5*9 = 0.143', '20-14 = 9', '19-4 = 7', '2/2 = 10', '7+12 = 2']",8,6.0
((18*2)-(x*5)) = (6*((18-(1**4))*1.617)),19.0,-25.787,"['18*2 = 102', '19*5 = 5', '18-19 = 10', '1**4 = 19']",7,4.0
((((x**3)+5)/(4**1))*(-10)) = (((11+8)-(17+(-1)))+((17/8))),4.0,-1.917,"['12+5 = 20', '4**1 = 10', '4**3 = 12', '17/8 = -23']",10,4.0
((12-1)*(3+(x/6))) = (-72/(7*(1**4))),2.0,-23.61,"['7*9 = -36', '3+1 = 9', '2/6 = 1', '12-1 = 7', '7*8 = 2', '1**4 = 8']",7,6.0
(19+(x*(3+(3-14)))) = ((2*1)*((8-20)+1)),11.0,5.125,"['19+5 = 77', '11*8 = 5', '3+17 = 8', '3-14 = 17', '10+1 = 38.5', '8-20 = 10']",8,6.0
((11-(15*x))+(13-2)) = (((3**4)*10)**1),6.0,-52.533,"['13-2 = 57', '15*6 = 2', '1**1 = 66', '3*10 = 1', '3**4 = 3']",7,5.0
(3-(x-(9-11))) = (11/(3/7)),13.0,-24.667,"['3-12 = -16', '9-11 = 1', '11/8 = -16', '3/7 = 8']",5,4.0
((((15+x)+8)+(-2))*5) = (((20/10)*(-9))/2),5.0,-22.8,"['5*5 = -9', '18+8 = 7', '15+5 = 18']",7,3.0
((26-((20-16)/(8+19)))+(20*x)) = ((1224/(12*(15-5)))/(12-9)),10.0,-1.123,"['2/8 = 12', '20*10 = 54', '20-16 = 2', '8+19 = 8', '12*4 = 6', '15-5 = 4']",11,6.0
(x+((9*((10*3))))) = (15+((2+16)-6)),9.0,-243.0,"['10*3 = -2.778', '15+12 = -16', '3-6 = 12', '2+16 = 3']",6,4.0
((12+x)*((15*1))) = ((26-12)+10),14.0,-10.4,"['12+14 = 7', '15*1 = -7.571', '14+10 = -53']",5,3.0
(((x*10)+19)*10.75) = (10/4),18.0,-1.877,"['14+19 = 8', '18*10 = 14', '10/4 = 86']",4,3.0
(((x/4)-8)+(17*3)) = ((((15+(-1095))/10)/2)-9),5.0,-424.0,"['14+16 = -63', '17*3 = 16', '5/4 = 22']",8,3.0
((13*x)-19) = (2+(-95)),5.0,-5.692,['13*5 = -74'],3,1.0
(((x*(6/(13-6)))/5)**(2-5)) = ((4**4)+8),7.0,0.909,"['4**4 = 40', '12/5 = 4', '7*2 = 12', '2-5 = 4', '6/1 = 2', '13-6 = 1', '15+8 = 40', '4**4 = 15']",8,8.0
(((x-16)-9)+6) = (3+(-81)),6.0,-59.0,"['15+6 = -78', '19-9 = 15', '6-16 = 19']",4,3.0
(((9+2)*x)**2) = (20+((((18+(-14))-11)*1)+13)),8.0,0.464,"['5**2 = 42', '4*8 = 5', '9+2 = 4', '4-11 = 9']",8,4.0
(16/((3/5)-((x-11)/(14*6)))) = (((28-9)+(-(10-2)))-6),14.0,-207.4,"['16/1 = -4', '9-5 = 1', '14-11 = 10', '3/5 = 9', '14*6 = 2', '13-6 = -4', '10-2 = 6']",10,7.0
(x+(3**2)) = (16/((2*4.5)+9)),1.0,-8.111,"['1+2 = 63', '3**2 = 2', '16/9 = 63', '9+9 = 9']",5,4.0
(((7*4)+12)+((8+x))) = ((3-5)+((18-18))),2.0,-50.0,"['11+12 = 10', '8+2 = -10', '7*4 = 11', '3-5 = 7', '18-18 = -7']",7,5.0
((((4*x)+((1**2)))+14)**3) = (((19/8)-12)+(-53)),8.0,-4.743,"['1**3 = -39', '1+14 = 1', '4*8 = 17', '1**2 = -16', '19/8 = 26']",8,5.0
(((x*6)+3)+((5*(-7.6)))) = (1/((1/6)+((-28/7)))),14.0,5.79,"['8+3 = 4', '14*6 = 8', '1/10 = -34', '1/6 = 14']",8,4.0
((x*4)*(1**1)) = ((19*6)/((2**(10*0.1))+17)),17.0,1.5,"['17*4 = 6', '1**1 = 11.5', '14+17 = 8', '2**1 = 14', '19*6 = 552']",8,5.0
((x/(1*3))+(7*10)) = ((8*0.25)*((17+((-19-7))))),3.0,-264.0,"['19+18 = -18', '3/5 = 19', '1*3 = 5', '7*10 = 18']",8,4.0
((2+x)*(-21)) = ((4*3)**2),6.0,-8.857,"['2+6 = 2', '1**2 = -42', '4*3 = 1']",4,3.0
(x+((1/9))) = ((10/5)/3),18.0,0.556,"['1/9 = -58', '3/3 = -40', '10/5 = 3']",4,3.0
((5+(x+16))+((-134/2))) = (-300/5),15.0,-14.0,"['5+7 = 7', '15+16 = 7']",5,2.0
(1/((2+6)/(11-x))) = (((14*(9*0.444))*8)/5),13.0,-705.083,"['1/3 = -48', '11-13 = 6', '2+6 = 18', '7*8 = -240', '14*4 = 7']",8,5.0
(3*(((1*4)+x)/4)) = (((4/10)/6)+9),14.0,8.089,"['3*2 = -18', '4/4 = 2', '14+14 = 4', '1*4 = 14', '6+9 = -18', '10/6 = 6', '4/10 = 10']",7,7.0
(6*((20+2)*(x+11))) = ((24-5)+(1+(18*4))),11.0,-10.303,"['6*4 = 34', '11+11 = 1', '20+2 = 4', '18*4 = 14']",8,4.0
((x+10)+((9+18)*6)) = (20-(7*4)),10.0,-180.0,"['3*6 = 87', '9+18 = 3', '10+10 = 7', '20-14 = 94', '7*4 = 14']",6,5.0
(((x+8)-(10+3))-4) = (((24-18)*(-15.833))-((2**3)-10)),13.0,-83.998,"['4-4 = -99', '9-19 = 4', '10+3 = 19', '13+8 = 9', '1-10 = 4', '2**3 = 1']",9,6.0
((7-((13-x)*10))*(3+14)) = (8*((5*(14-2))-13)),20.0,14.512,"['7-6 = 10', '5*10 = 6', '3+14 = 7.1', '13-20 = 5', '14-2 = 4.375']",9,5.0
((x+11)*(38-((7+18)*2.111))) = ((10/(20/9))-(4+14)),7.0,-10.086,"['7+11 = 4', '7+18 = 9', '4+14 = 10', '10/3 = 86', '20/9 = 3']",9,5.0
((x/9)+((16/(6+19))+(13+11))) = (3+(5-((8*0.5)/4))),17.0,-158.76,"['12+3 = -67', '19+13 = 3', '17/9 = 12', '16/1 = 19', '6+19 = 1', '13+11 = 13', '3+4 = -67']",10,7.0
((4*x)/((13*3)-6)) = ((5/(13+(18*2)))**1),10.0,0.842,"['5/4 = 40', '19-6 = 4', '13*3 = 19', '4*10 = 5', '3**1 = 40', '5/4 = 3', '13+18 = 4', '18*2 = 18']",8,8.0
(12*((7-((12/6)-x))+(-6))) = (((2+(12/1))-2)-5),11.0,1.583,"['12*9 = -16', '7-1 = 15', '6-11 = 1', '12/6 = 6', '12-5 = -16', '1-2 = 12', '2+19 = 1', '12/1 = 19']",9,8.0
((16-(15*(19+x)))+2) = (59-((19*4)+(6-13))),20.0,-17.133,"['13+2 = 53', '16-12 = 13', '15*5 = 12', '19+20 = 5', '19*4 = 6', '6-13 = 0']",8,6.0
(x+(6*(13*3))) = ((21-8)+((-7/7))),11.0,-222.0,"['11+19 = 12', '6*9 = 19', '13*3 = 9']",6,3.0
((((5+20)-20)-x)/(25/5)) = (((6*6)+2)-(4+(-2))),19.0,-175.0,"['8/5 = 35', '5-19 = 8', '20-20 = 5', '5+20 = 20', '6+2 = 37', '6*6 = 6']",9,6.0
((5**2)*(x+15)) = ((17/4)*2),18.0,-14.66,"['19*4 = 71', '5**2 = 19', '18+15 = 4', '19*2 = 71', '17/4 = 19']",5,5.0
(83-(10*(2**(x+8)))) = (((7*0.571)+((9*5.556)/10))-17),5.0,-4.814,"['2**4 = 1.1', '5+8 = 4', '4+5 = 89']",9,3.0
((((10-13)+x)-(2*7))-(2-19)) = (4/3),27.0,1.333,"['10-13 = 16', '2-19 = 4', '2*7 = 12', '4/3 = 27']",7,4.0
((x/(10*0.5))*((11*1)*3)) = ((((1**1)/3)+(7*1))-14),95.0,-1.01,"['19*5 = 40', '18*3 = 5', '11*1 = 18', '1+9 = 54', '7*1 = 9', '1**1 = 3']",10,6.0
((((x+6)**2)*3)-19) = (((6-7)+2)/4),3.0,-3.467,"['2*3 = 77', '2**2 = 2', '3+6 = 2', '2+2 = 232', '6-7 = 2']",7,5.0
(((17*10)-13)+(5+x)) = ((17-9)*(((6*1)*((-4.5/3))))),1.0,-234.0,"['2+6 = -72', '1-13 = 2', '17*10 = 1']",9,3.0
((1/7)*(x)) = ((-6720/7)/(40/4)),-24.0,-672.0,['1/7 = 4'],5,1.0
((20+(x**3))**3) = ((((4**(2/1))-4)*1.125)/2),3.0,-2.626,"['3**3 = -39', '20+5 = 3', '3**3 = 5', '9/2 = -39', '13-4 = 8', '4**1 = 13', '2/1 = 1']",8,7.0
((x+(((4**2)+5)/2))+9) = ((18/2)/10),5.0,-18.6,"['18+9 = -75', '5+18 = 18', '2+5 = 36', '4**2 = 2', '9/10 = -75']",7,5.0
(((((15-4)/9)*8)-x)*9.889) = ((((6*0.333)*3)*0.333)**2),16.0,9.375,"['7-16 = 9', '15*8 = 7', '9/9 = 15', '15-4 = 9', '2**2 = 89']",9,5.0
(((x+9)+((8+17)/10))/4) = ((4/(11+6))+((6/8)*4)),20.0,1.441,"['15/4 = -25', '20+9 = 6', '8+17 = 90', '19+13 = -25', '8*4 = 13', '4/10 = 19', '6/8 = 8', '11+6 = 10']",10,8.0
(((14+x)/4)+(5/2)) = ((1/3)+((9/(11*7))-1)),2.0,-26.199,"['14+2 = 80', '5/2 = 76', '9/1 = 95', '11*7 = 1', '1/3 = 2']",9,5.0
(((4*7)*((2**(x*6))))/9) = (18+((15/7))),8.0,0.449,"['2**3 = -164.25', '4*7 = 4', '8*6 = 3', '15/7 = -91']",7,4.0
(((13-x)/9)-14) = ((3/(80/10))*4),2.0,-126.5,"['12-14 = 52', '13-2 = 108', '15*4 = 52', '3/8 = 15']",6,4.0
(x*(3*10)) = (10*(5-17)),6.0,-4.0,"['3*10 = 14', '5-17 = 8.4']",4,2.0
(((4**4)-20)-(((x+15)+18)**3)) = ((3+((12/7)-(12-17)))*9),8.0,-27.704,"['2**3 = 11', '4**4 = -62', '12+18 = 2', '8+15 = 12', '2*9 = -93', '3+9 = 2', '12-17 = 14', '12/7 = 23']",11,8.0
((x/1)**3) = (((15+66)/(11-13))*(-10.333)),19.0,7.48,"['3**3 = -93', '19/1 = 3', '11-13 = 9']",6,3.0
((((2**2)*5)*x)+((-72/4))) = ((18-10)*((2*4.5)/5)),9.0,1.62,"['15*9 = 10', '18*5 = 15', '2**2 = 18', '8*3 = -8', '9/5 = 3']",9,5.0
((5-(5+x))*(72/9)) = ((4+8)+11),8.0,-2.875,"['2*8 = -78', '5-18 = 2', '5+8 = 18', '12+11 = -78']",6,4.0
((((10*4)*x)-6)*7.667) = ((5**2)*((7*2)-6)),9.0,0.802,"['14-6 = 6', '3*9 = 14', '10*4 = 3', '5**2 = 9', '7*2 = 11.111']",8,5.0
((((4**3)+x)+792)/9) = (7+(((7*2.429)-19)/1)),6.0,-810.973,"['13+6 = 18', '4**3 = 13', '7+17 = 90', '18/1 = 17', '17-19 = 18']",8,5.0
((1-18)-x) = (17*(((3**1)+0)/4)),20.0,-29.75,"['1-18 = 12', '17*9 = -8', '9/4 = 9', '3**1 = 9']",6,4.0
(((3+x)**1)*((8*((4-17))))) = ((23-15)-(9+10)),4.0,-2.894,"['2**1 = 8', '3+4 = 2', '4-17 = -0.266', '8-7 = -17', '9+10 = 7']",8,5.0
(((14-3)*(18+16))+x) = (2**3),11.0,-366.0,"['2+11 = 2', '11*7 = 2', '18+16 = 7', '2**3 = 2']",5,4.0
((x/5)+(364/(19*4))) = ((20+(-18))/8),13.0,-22.697,"['19*4 = 7', '13/5 = 14', '2/8 = 66']",6,3.0
((((16-3)/(x*8))**3)*(16+13)) = (17-5),15.0,2.181,"['2*7 = -72', '2**3 = 2', '16+13 = 7', '16-3 = 10', '15*8 = 5', '17-5 = -72']",7,6.0
(152/(((x*(19+7))+((15+18)))+(-2))) = (14/7),8.0,1.731,"['8*5 = 10', '19+7 = 5', '15+18 = -6', '14/7 = 76']",7,4.0
(9*((10*x)-8)) = (2+((((2*4)*2.25)/(19/1)))),6.0,0.833,"['9*3 = -11', '18-8 = 3', '10*6 = 18', '18/4 = -13', '19/1 = 4']",8,5.0
(((14+x)+5)-(3-(9*5))) = ((7*7)**1),8.0,-12.0,"['3-1 = 12', '8+5 = -68', '9*5 = 1', '14+8 = 8', '5**1 = -80', '7*7 = 5']",7,6.0
((17*x)+69) = (9*9.667),8.0,1.059,['17*8 = 18'],3,1.0
((27/(2*(17*3)))-x) = (40-(7*(0.429/3))),9.0,-38.734,"['9-9 = 39', '2*10 = 3', '17*3 = 10']",7,3.0
((17*8)-((7+4)-x)) = (19/(17+(-8))),10.0,-122.889,"['17*8 = -40', '19/9 = -41']",6,2.0
((((4*2)**3)/4)+(x/7)) = ((18+(((14+(-22))-5)))**(12+(-9))),11.0,-21.0,"['20+15 = -29', '11/7 = 15', '3**3 = 80', '4*2 = 3', '5**3 = -29']",10,5.0
(((x*4)-7)-(3**3)) = ((4-7)*((-36.25/(10-14)))),19.0,1.703,"['9-7 = -9', '3**3 = 20', '19*4 = 9', '4-7 = 8', '10-14 = 10']",8,5.0
((x+4)*((12+(-37)))) = ((17/3)*1),16.0,-4.227,"['16+4 = 3', '1*1 = -75', '17/3 = 1']",5,3.0
(((8/8)*(((x+9)/3)))/(13-8)) = ((16-2)/(12/(2-19))),11.0,-306.5,"['13/3 = -38', '8/8 = 5', '11+9 = 13', '1/7 = -38', '16-2 = 1', '12/4 = 7', '2-19 = 4']",10,7.0
(x+(15/(15+9))) = (4*1),17.0,3.375,"['17+12 = 72', '15/4 = 12', '15+9 = 4', '4*1 = 72']",4,4.0
((x/8)*((6*((11+(15+13)))))) = (2-(20+8)),7.0,-0.889,"['11+2 = -0.833', '15+13 = 2', '7/8 = 3', '2-6 = -15', '20+8 = 6']",7,5.0
((12+15)*((20-x)-(9+(15*3)))) = (((7+(2/3))-9)**2),8.0,-34.066,"['20*7 = -78', '9+16 = 5', '15*3 = 16', '12+15 = 20', '4**2 = -78', '7+18 = 13', '2/3 = 18']",10,7.0
(((4/9)-(2**4))-(x+11)) = (88-((5*1.6)/4)),3.0,-112.556,"['3+11 = 9', '4/9 = 99', '2**4 = 8', '8/4 = 6']",8,4.0
((x-((3+14)/9))+55) = (12+(3*18.667)),27.0,14.89,"['2/9 = 14', '3+14 = 2']",6,2.0
(((6-x)**1)*20) = (12/(5**1)),13.0,5.88,"['4**1 = 3', '6-13 = 4', '12/7 = 60', '5**1 = 7']",5,4.0
((17-x)-10) = (768/(3*(26.67/10))),7.0,-88.988,['17-7 = 106'],5,1.0
(((6-16)/((2/7)**2))*x) = (4**4),8.0,-2.09,"['15*8 = -87', '6-16 = 30', '2**2 = 2', '2/7 = 2', '4**4 = -87']",6,5.0
(93-(x*(2**2))) = (11*(15+13)),2.0,-53.75,"['2*1 = 20', '2**2 = 1', '11*6 = 73', '15+13 = 6']",5,4.0
(((x*4.5)*(1**2))-17) = ((((6*1)+(-526))-(5+15))/8),2.0,-11.222,"['12-17 = -68', '9*6 = 12', '1**2 = 6', '6*1 = 2']",9,4.0
((5-x)-(11+(-4))) = (19+(172/4)),7.0,-64.0,['5-7 = 69'],5,1.0
((x+16)+19) = (18/1),16.0,-17.0,"['15+19 = -21', '16+16 = 15', '18/1 = -21']",3,3.0
(9*(3**(x/(15-18)))) = ((17*(7-3))-17),20.0,-4.737,"['3**2 = 2.111', '20/5 = 2', '15-18 = 5', '4-17 = 19', '17*4 = 4']",7,5.0
((2-x)/9) = ((((36/9)**3)*(11.5-11))-12),6.0,-178.0,"['13/9 = 36', '2-6 = 13', '5-12 = 36', '4**3 = 10']",7,4.0
(((2**4)+(10-(1*1)))+(x)) = (-6/(((3+4)*3)-10)),-11.0,-25.545,"['1*1 = 2', '2**4 = 1', '4*3 = 13', '3+4 = 4']",9,4.0
(((19/10)-(x/2))+(20*3)) = (2+82),2.0,-44.2,"['15+1 = 84', '19-3 = 15', '2/2 = 3', '20*3 = 1', '19/10 = 19']",6,5.0
(((x*4)/(19-11))+13) = (-76/(13/1)),4.0,-37.692,"['1+13 = -19', '2/7 = 1', '19-11 = 7', '4*4 = 2', '13/1 = 4']",6,5.0
(x-((5-(2**3))*7)) = (((15/8)+17)-(20/10)),2.0,-4.125,"['2-13 = 62', '14*7 = 13', '5-9 = 14', '2**3 = 9', '20/10 = 16', '20+17 = 78', '15/8 = 20']",8,7.0
((2/2)-((3+1)-x)) = ((14-13)-2),9.0,2.0,"['14-9 = 3', '2/2 = 25', '3+1 = 14', '14-13 = 24']",6,4.0
((2**3)+(((x/6)-11))) = (5-(14*(5*0.6))),-126.0,-204.0,"['2**3 = 17', '14*3 = 20']",7,2.0
(14-(11+((((13-(10-x))-18)*(-0.6))))) = ((7/3)**1),19.0,13.889,"['14-8 = -26', '18-18 = 5', '13-16 = 18', '10-19 = 16', '4**1 = -26', '7/3 = 4']",8,6.0
(8+(((13/4)+9)+x)) = ((14+(-5))+(4*1.25)),7.0,-6.25,"['8+17 = 9', '13/4 = 1', '9+5 = 9']",7,3.0
((x-(4**1))*((20/(4*6)))) = (((3**(12-14))-(15+0))-6),17.0,-21.067,"['20/4 = -43.5', '4*6 = 4', '17-19 = 2', '4**1 = 19', '8-6 = -87', '3**1 = 23', '12-14 = 1']",10,7.0
((((3+18)-7)/(2*6))-(x*1.625)) = ((1**3)-1),8.0,0.718,"['10-13 = 2', '18/6 = 10', '2*6 = 6', '13-7 = 18', '3+18 = 13', '1**3 = 3']",8,6.0
((8*x)/(6-((20-4)/(3-17)))) = (((2**1)-7)-10),6.0,-13.393,"['8*6 = -846', '6-14 = 9', '9/3 = 14', '20-4 = 9', '3-17 = 3', '2**1 = -77']",9,6.0
((7*4)*((8-x))) = ((5/(16/9))+((7/1))),19.0,7.65,"['7*4 = 7', '8-19 = -8.714', '7/1 = -75', '5/4 = 14', '16/9 = 4']",7,5.0
(x*(7/8)) = ((((6*1)/7)-5)/(4-10)),7.0,0.789,"['7/8 = 5.714', '9/9 = 40', '5-5 = 9', '1/7 = 5', '4-10 = 9', '6*1 = 1']",7,6.0
(((7*x)-(9+18))/(11+7)) = (((6*(-987))/((11+4)+1))/9),8.0,-101.893,"['6/1 = -94', '9+18 = 20', '11+7 = 1', '7*8 = 26', '15+1 = 7']",10,5.0
((1/x)*(4*(11*4))) = (5*9.2),9.0,3.826,"['1/9 = 3', '4*10 = 15.333', '11*4 = 10']",5,3.0
(-(20*x)-(20+13)) = (17+(3-14)),4.0,-1.95,"['20*4 = 8', '20+13 = 8', '17+3 = -16', '3-14 = 3']",5,4.0
((x/(21/(((11-4)**1)**2)))*3) = (5**2),12.0,3.571,"['16*3 = -20', '12/3 = 16', '2**2 = 7', '1**1 = 2', '11-4 = 1', '5**2 = -20']",7,6.0
(x+((16*5)-14)) = ((10*(10*6))/(19+(16+8))),8.0,-52.047,"['8+10 = 100', '16*5 = 24', '19+5 = 6', '16+8 = 5']",8,4.0
(((17-x)-11)/6) = ((6+18)-(10*1.6)),15.0,-42.0,"['5-11 = -414', '17-15 = 5', '6+18 = -53']",6,3.0
((17/3)+((x*(15+19)))) = (((13-(5**2))**2)+((-79-12))),9.0,1.392,"['9*2 = -90', '15+19 = 2', '17/3 = 3', '1**2 = 4', '5**2 = 12']",9,5.0
(((14/(17/9))+(-602))/(17*x)) = ((15-((17*5)/6))*(-29.5)),10.0,1.423,"['17*10 = 10', '14/6 = 12', '17/9 = 6', '15-9 = 2', '9/6 = 9', '17*5 = 9']",9,6.0
((1-(x-19))-15) = (18-14),12.0,1.0,"['19-15 = 39', '1-9 = 19', '12-19 = 9', '18-14 = 39']",4,4.0
(((3**3)*x)-(12*9)) = ((((7*6)+14)*((7*(-29.143))))/9),4.0,-43.013,"['9-17 = -68', '15*4 = 9', '3**3 = 15', '12*9 = 17', '16+14 = 3', '7*6 = 16']",9,6.0
((x+14)+(9+20)) = (17+(20-19)),17.0,-25.0,"['14+19 = 9', '9+20 = 19', '17+14 = 14', '17+18 = 9', '20-19 = 18']",5,5.0
(11*(((x/9)**1)+((10*9)))) = (133/(2**4)),14.0,-803.199,"['11*4 = 19', '3**1 = 8', '10*9 = -4', '14/9 = 3', '2**4 = 7']",7,5.0
((36-(17-9))+(20+(x*8))) = ((16-(((9/2)*8)/8))+18),15.0,-2.312,"['20+20 = 18', '15*8 = 0', '17-9 = 16', '8+18 = 18', '16-1 = 8', '11*8 = 8', '9/2 = 11']",10,7.0
(2*(4**(x/4))) = (4**1),8.0,2.0,"['4**1 = 18.5', '8/4 = 1', '4**1 = 37']",4,3.0
((((14/7)-16)-18)*((x*4))) = (-477/9),11.0,0.414,"['11*4 = -5.889', '14/7 = 43']",6,2.0
(103-(5**(x*1))) = (((4**3)-1)+3),20.0,2.244,"['5**2 = 8', '20*1 = 2', '19+3 = 95', '3-1 = 19', '4**3 = 3']",6,5.0
((22-12)*(11+x)) = ((50/10)*(((5+19)-14))),6.0,-6.0,"['10*2 = -58', '11+6 = 2', '5+19 = 2.4']",7,3.0
((17+(3/1))*(x-(20/8))) = (75-9),37.0,5.8,"['17+9 = 2', '3/1 = 9', '20/8 = 4']",6,3.0
((5+(x/7))*((3*8)*(8-6))) = (100/(7*(6.426/9))),7.0,-32.082,"['9*2 = 2.222', '5+3 = 9', '7/7 = 3', '3*8 = 9']",9,4.0
((14-(8+(4**2)))*x) = ((80/2)-(18/3)),3.0,-3.4,"['5*3 = 34', '8+10 = 9', '4**2 = 10']",7,3.0
((x+2)*(((7-(1/1))+5))) = (10-11),3.0,-2.091,"['16+5 = -16.2', '7-9 = 16', '1/1 = 9', '10-11 = -81']",6,4.0
((x+(2**4))+((14+(5-10)))) = ((8+(-1))*((-91.287/9))),3.0,-96.001,"['14+9 = -75', '3+10 = 4', '5-10 = 9', '2**4 = 10']",8,4.0
(x+(((18/3)-1))) = (2-((15-(17-13))+11)),14.0,-25.0,"['2-1 = -91', '18/3 = 2', '2-12 = -77', '15-4 = 1']",7,4.0
(((3**2)+x)*(((5-2)/(20-6)))) = ((5*(15-5))+(-76)),5.0,-130.333,"['16+5 = 5', '20-6 = 10', '5-2 = -124', '3**2 = 16', '5*10 = 14']",9,5.0
(((1*x)*(7/(12*1)))*(7+17)) = (((19+(-6))+2)-(39-(28-8))),9.0,-0.286,"['11*5 = -11', '7+17 = 5', '1*9 = 10', '7/10 = 1.1', '12*1 = 10', '4-19 = -11', '13+2 = 4']",11,7.0
((38-18)*(x-5)) = (2*((1*(16*((3-18)*0.5))))),5.0,-7.0,"['20*3 = -3', '5-5 = 3', '1*9 = -1.5', '16*5 = 9', '3-18 = 10']",8,5.0
(((10*7)+x)-(12-9)) = (7+9),12.0,-51.0,"['12+12 = -49', '10*7 = 12', '7+9 = -52']",5,3.0
((x/(1**3))-(2**1)) = ((5**3)/10),230.0,14.5,"['2**1 = 8', '1**3 = 10', '5**3 = 150']",6,3.0
(19+((x*8)+1)) = ((90/((4-2)+13))+(136/8)),11.0,0.375,"['11*8 = 6', '19+13 = 10', '4-2 = 19']",8,3.0
((x*(2**2))-(20+13)) = ((3*(18*6))*((16+((9*(-2)))))),9.0,-153.75,"['4-12 = -4', '20+13 = 12', '2**2 = 0.444', '18*6 = 0.667']",9,4.0
((x+(20-19))+((6+9)-1)) = ((3-12)/5),4.0,-16.8,"['8+1 = -57', '4+3 = 8', '6+9 = 2', '20-19 = 3', '3-12 = -285']",7,5.0
((11/8)+(x*4)) = (8*3),12.0,5.656,"['12*4 = 6', '11/8 = 20', '8*3 = 26']",4,3.0
((((x+18)+5)+2)+((9+(-75)))) = ((36-(51/3))+((5+(-73)))),5.0,-8.0,"['19+2 = 17', '1+5 = 19', '5+18 = 1']",9,3.0
(18+((x+(3**1)))) = ((((3/9)+(9-18))-17)/5),2.0,-26.133,"['2+6 = -59', '3**1 = 6', '5+13 = -188', '9-18 = 13', '3/9 = 5']",8,5.0
(x*((12-7)+(2**2))) = ((3*(4+2))/2),11.0,1.0,"['11*5 = 89', '5+20 = 5', '2**2 = 20', '15/2 = 89', '3*6 = 15']",7,5.0
(560/(56/(x+18))) = ((227-17)/3),18.0,-11.0,['18+18 = 7'],5,1.0
((((5*(3/5))+120)/x)+(-63)) = ((11/8)-(5+7)),9.0,2.348,"['5*9 = 15', '3/5 = 9', '11/8 = -36']",8,3.0
((4**(x+(1*2)))**3) = (((13+(-2))+10)-15),11.0,-1.569,"['4**3 = 70', '4**2 = 4', '11+15 = 2', '1*2 = 15', '11+10 = 85']",7,5.0
((((16*10)*(x+8))/(2**4))+7) = (2**(5+(-4))),13.0,-8.5,"['17+7 = 29', '16/4 = 17', '2**4 = 4', '18*3 = 16', '13+8 = 3', '16*10 = 18', '2**1 = 29']",8,7.0
((13-9)+(x*(20/6))) = ((4*4.5)/((36/6)+17)),20.0,-0.965,"['8+6 = -34', '20*1 = 6', '13-9 = 8', '20/6 = 1', '18/1 = -34', '6+17 = 1']",8,6.0
(((6*3)-((1/9)**2))/x) = (4+3),8.0,2.57,"['15-15 = 664', '6*3 = 15', '5**2 = 15', '1/9 = 5', '4+3 = 83']",6,5.0
(16-(((20+x)+2)+12)) = ((72/((1**1)*6))+22),12.0,-52.0,"['16-20 = 34', '19+2 = 8', '20+12 = 19', '6*6 = 6', '1**1 = 6']",8,5.0
(((2+(3/6))-(x-(20/5)))*(-2.8)) = ((3*(((6/2)**2)))/10),39.0,7.464,"['18-20 = 10', '2+10 = 18', '3/6 = 10', '20/5 = 19', '4**2 = -93.333', '6/2 = 4']",10,6.0
(((((x+11)*10)**2)-14)+6) = (12+((7-13)-1)),1.0,-10.639,"['1+6 = -80', '14-14 = 1', '4**2 = 14', '2*10 = 4', '1+11 = 2', '12+4 = -80', '7-13 = 5']",8,7.0
(16+((20*(x**1)))) = (5*((-4.2-(50/5)))),3.0,-4.35,"['20*1 = -87', '3**1 = 1']",6,2.0
((5*0.8)*((-83.25/(x+14)))) = (2*((10+(-28.5)))),6.0,-5.0,['6+14 = 9'],6,1.0
((12-(4/3))*(1+(18*x))) = ((10+6)*(5-16)),5.0,-0.972,"['12-17 = 2', '4/3 = 17', '1+6 = 2', '18*5 = 6', '5-16 = 0.8', '10+6 = 5']",8,6.0
((22-(((11*x)/6)-1))+(-88)) = (9/(6/((66/6)/3))),2.0,-38.455,"['18-1 = 2', '2/6 = 18', '11*2 = 2', '9/2 = -68', '11/3 = 3']",9,5.0
((x-(3*3))+(9+13)) = (7-19),5.0,-25.0,"['2+17 = 35', '5-12 = 2', '3*3 = 12', '9+13 = 17', '7-19 = 35']",5,5.0
(-64-(((13*7)/8)*(x/3))) = (((18*8)-12)-((2**3)**1)),5.0,-49.582,"['5/3 = 2', '5/8 = 5', '13*7 = 5', '4-12 = -72', '18*8 = 4', '4**1 = 2', '2**3 = 4']",10,7.0
((((x/((2/3)*10))+19)+13)*5) = ((2+13)-(25-15)),12.0,-206.667,"['14*5 = -72', '4+19 = 1', '12/9 = 4', '8*10 = 9', '2/3 = 8', '2+13 = -62']",9,6.0
(((x+10)*2.333)+(6/(2**4))) = ((((4*(9*0.889))/9)+11)/3),9.0,-8.081,"['6/7 = 80', '2**4 = 7', '9+10 = 3', '17+11 = 261', '20/9 = 17', '4*8 = 20']",10,6.0
((((20/x)*5)+(9+18))+((8*(-9.25)))) = (13/(((11+(5*3.2))+16)*0.286)),8.0,2.081,"['10+4 = 8', '9+18 = 4', '8*5 = 10', '20/8 = 8', '13/2 = -66', '4+16 = 7', '11+16 = 4']",11,7.0
(((3*3)+(x))/(11*5)) = ((6/3)-(3+6)),-1.0,-394.0,"['15/9 = -7', '11*5 = 9', '3*3 = 16']",7,3.0
((x*((4+7)))/((15-7)+2)) = (((4**(1+1))/(16/5))+(-100)),2.0,-86.364,"['4+7 = -455', '20+2 = 10', '15-7 = 20', '4**2 = 72', '16/5 = 8']",10,5.0
(((17-14)*(x/2))**1) = (15-(2*(10+(-1)))),19.0,-2.0,"['3**1 = 29', '10*1 = 3', '17-14 = 10', '19/2 = 1', '15-18 = 29']",7,5.0
((((9*2)*7)*3)+x) = ((-320/(9*1.111))-13),17.0,-423.003,"['1+17 = -45', '1*3 = 1', '13*7 = 1', '9*2 = 13']",7,4.0
(((x+4)**4)-((10-3)-13)) = (((17*(1**3))*3)*(20-16)),12.0,-0.249,"['20-14 = 11', '5**4 = 20', '12+4 = 5', '10-3 = 27', '20-16 = 1.222', '17*3 = 3', '1**3 = 3']",10,7.0
((3*3)*(x/(6*1.667))) = (18+(-83)),13.0,-72.237,"['13*4 = -65', '13/10 = 4', '3*3 = 13']",5,3.0
((4-x)-11) = ((1**3)/((40/10)*1.75)),16.0,-7.143,"['19-11 = -3', '4-16 = 19', '1**3 = -21']",6,3.0
(((12+x)/7)*(-4.75)) = ((((3**3)**2)/4)+17),2.0,-305.632,"['12+2 = 56', '17+17 = -38', '5**2 = 68', '3**3 = 5']",7,4.0
((2**2)+(21-x)) = (1+98),1.0,-74.0,"['8+20 = 99', '2**2 = 8']",4,2.0
(((x-16)-(5/8))+(10+9)) = (7+(-21)),6.0,-16.375,"['6+4 = -14', '20-10 = 6', '6-16 = 20', '5/8 = 10', '10+9 = 4']",6,5.0
(((3**3)-3)*(x*1)) = (((17/(5/7))-10)*6),9.0,3.45,"['15*9 = -34', '17-3 = 15', '3**3 = 17', '1*6 = -34', '17/3 = 11', '5/7 = 3']",8,6.0
((18-x)*(2+19)) = (16*((16-9)*7)),12.0,-19.333,"['13*8 = 57', '18-12 = 13', '2+19 = 8', '16*8 = 57', '7*7 = 8']",6,5.0
((4*(2*x))*(-23.667)) = ((((6*2)+(72/6))+(-223))/3),7.0,0.35,"['2*7 = 0.75', '12+12 = 10']",8,2.0
((1**3)+((15+(x+((7-18)))))) = ((12-14)/8),4.0,-5.25,"['15+1 = -45', '1**3 = 7', '7-18 = -3', '12-14 = -304']",7,4.0
(9*(4.111-((3/x)**2))) = ((124-(14*10))/(12+12)),7.0,1.466,"['5**2 = 1', '3/7 = 5', '12+12 = 4', '14*10 = 12']",8,4.0
(((11*9)+20)+(x)) = (-70/2),-52.0,-154.0,"['8+20 = 17', '11*9 = 8']",4,2.0
(((x*5)**4)*8) = (((2*9.5)/(9/5))*10.75),10.0,0.388,"['3*8 = 86', '3**4 = 3', '10*5 = 3', '19/4 = 8', '9/5 = 4']",7,5.0
((9-2)-(x*8)) = (9+(3+14)),14.0,-2.375,"['13-13 = 99', '9-2 = 13', '14*8 = 13', '9+18 = 99', '3+14 = 18']",5,5.0
(x+(18-18)) = ((19+((5*1)/3))+(-101)),14.0,-80.333,"['14+3 = -90', '18-18 = 3', '19+15 = 11', '5/3 = 15']",6,4.0
((x+7)+((1+8))) = ((((6*0.833)*0.6)*5)/5),19.0,-13.001,"['1+8 = -20', '19+7 = 12', '3*5 = -40']",7,3.0
((x*5)*(3**4)) = (3**4),7.0,0.2,"['7*5 = 3', '3**4 = 8', '3**4 = 24']",4,3.0
((x+6)+(3*(1**1))) = ((3/8)-8),1.0,-16.625,"['1+6 = 20', '1**1 = 5.667', '5-8 = 37', '3/8 = 5']",6,4.0
((9*9)+x) = (16/9),4.0,-79.222,"['9*9 = 16', '16/9 = 20']",3,2.0
((8+x)*((((7/5)+2)**4)/9)) = (83-(((15-11)/8)+(40/4))),4.0,-3.117,"['12*1 = 71', '1/9 = 1', '2**4 = 1', '13+2 = 2', '7/5 = 13', '3+10 = 12', '4/8 = 3']",11,7.0
(((((19+18)*1)+6)+x)+29) = (8+((6*1.667)+6)),11.0,-47.998,"['10+6 = 4', '1*1 = 10', '19+18 = 1', '8+16 = 44']",8,4.0
(((x*2)+8)*(4*6)) = ((((17+(-14))*2.333)*0.571)-12),4.0,-4.167,"['6*5 = -72', '12+8 = 6', '4*6 = 5', '4*2 = 12', '4-12 = -72']",8,5.0
((14-18)*(3*x)) = (20+57),10.0,-6.417,"['14-18 = 3', '3*10 = 25.667']",4,2.0
((x*(20/7))+12) = (7-15),5.0,-7.0,"['5+12 = 34', '20/7 = 1', '7-15 = 34']",4,3.0
(18*((x-1)-(7-17))) = ((20+(-4))-13),14.0,-8.833,"['18*9 = 67', '7-17 = 4', '16-13 = 67']",6,3.0
((3*x)+(3**(12-16))) = ((60/6)/10),5.667,0.329,"['3**1 = 9', '12-16 = 1', '10/10 = 26']",6,3.0
((x/5)+(2+8)) = ((2*(22.5-17))/10),5.0,-44.5,"['2+8 = 26', '5/5 = 4', '11/10 = 30']",6,3.0
(x/(3+20)) = ((1**3)-(9*1.556)),1.0,-299.092,"['1/5 = 15', '3+20 = 5', '1**3 = 29']",5,3.0
(((x/7)*10)+((-608/(5*1.6)))) = (((17-13)+5)-(5**4)),11.0,-378.0,"['11*10 = 5', '11/7 = 11', '19-6 = -71', '15+5 = 19', '5**4 = 6', '17-13 = 15']",9,6.0
((x/4)*(((1-5)**4)-(19+6))) = ((2**1)+(((16-2)-9))),68.0,0.121,"['17*10 = -71', '11-12 = 10', '19+6 = 12', '5**4 = 11', '1-5 = 5', '2**1 = 8', '3-9 = -79', '16-2 = 3']",10,8.0
((x*6)+12) = ((8-(4**4))**((16+(-15))-1)),15.0,-1.833,"['13+12 = 42', '15*6 = 13', '1**3 = 42', '1-1 = 3', '4**4 = 7']",7,5.0
((5**(1+x))**(15/(18/4))) = (14+12),18.0,-0.393,"['1**1 = -72', '5**4 = 1', '15/9 = 1', '18/4 = 9', '1+18 = 4', '14+12 = -72']",6,6.0
((5*3.8)+(((x**1)**1))) = (6+4),4.0,-9.0,"['3**1 = -24', '4**1 = 3', '6+4 = -5']",5,3.0
(-65-(((5*7)/10)-(9*x))) = (((4/9)-12)-((21-8)*6)),3.0,-2.34,"['12-15 = 9', '9*3 = 15', '3/10 = 12', '5*7 = 3', '4-13 = -74', '11-12 = 4', '13*6 = 13', '4/9 = 11']",10,8.0
(((x+10)*(13+6))/1) = (65-((2+(1**1))/6)),8.0,-6.605,"['1/1 = 64', '13+6 = 0.167', '8+10 = 6', '1**1 = 4']",8,4.0
(((8-14)+4)*(x*1)) = (2**3),2.0,-4.0,"['1*2 = -96', '13+4 = 1', '8-14 = 13', '2**3 = -96']",5,4.0
((x*(1/6))**1) = (4*(-7.25)),3.0,-174.0,"['1**1 = -29', '3*1 = 1', '1/6 = 1']",4,3.0
((x*3.2)+(((6/5)**3)**4)) = (((4+7)*1.2)/4),5.0,-1.755,"['4**4 = 11', '4**3 = 4', '6/5 = 4', '12/4 = 27', '4+7 = 10']",8,5.0
(2+(x-(1+19))) = ((14+(-7))*9),105.0,81.0,"['1+19 = 17', '7*9 = 90']",5,2.0
(7*((x+5))) = (-91/(18*9)),9.0,-5.08,"['9+5 = -1.857', '18*9 = 7']",4,2.0
((13/6)-(x/1)) = ((3+326)/(3+(19*4))),17.0,-1.998,"['13/6 = 51', '17/1 = 4', '3+10 = 7', '19*4 = 10']",7,4.0
(x*((5**1))) = (-335/5),8.0,-13.4,['5**1 = -8.375'],3,1.0
((((17*x)**3)-18)**(20/10)) = (18/(10+((18/10)))),10.0,0.158,"['4**2 = 51', '4-18 = 4', '1**3 = 4', '17*10 = 1', '18/8 = 51', '18/10 = -2']",8,6.0
(2-((12-x)-7)) = ((3/4)*((9/(11+(12+(-9)))))),14.0,3.482,"['2-18 = -31', '13-7 = 18', '12-14 = 13', '9/4 = -3.1', '11+3 = 4', '3/4 = 10']",8,6.0
(((x-(14/8))-4)**2) = ((((7*3.714)-16)/(2-17))+7),11.0,3.233,"['2**2 = -39', '4-4 = 2', '11-15 = 4', '14/8 = 15', '2+7 = -39', '2-17 = 5']",9,6.0
((16*(15+(x+18)))-(20+10)) = ((13-4)-(((2*4)*2.375)+5)),6.0,-32.062,"['17-18 = -57', '16*8 = 17', '20+10 = 18', '15+7 = 8', '6+18 = 7', '10-20 = -57', '19+5 = 20', '13-4 = 10']",10,8.0
((((1+8)-8)+x)*(-9.5)) = (3**4),13.0,-9.526,"['4+13 = 8', '16-8 = 4', '1+8 = 16', '3**4 = -76']",5,4.0
((x**1)+((18+(18/9))/1)) = (10/5),1.0,-18.0,"['9+2 = 67', '1**1 = 9', '16/1 = 2', '18+3 = 16', '18/9 = 3', '10/5 = 67']",6,6.0
((8*x)/(8+(6+3))) = (16+(-81)),4.0,-138.125,"['2/9 = -65', '8*4 = 2', '8+3 = 9', '6+3 = 3']",5,4.0
(x*(5-7)) = ((6*1.333)*(15+(((9+10)+7)))),5.0,-163.959,"['5-7 = 14', '8+7 = -6.25', '9+10 = 8']",7,3.0
(((1**1)/(1**1))+(56-(x-8))) = (345/5),13.0,-4.0,"['20/8 = 18', '1**1 = 20', '1**1 = 8']",7,3.0
((x*5)/(4+5)) = ((6+((5*(-0.6))))*((-15.667-17))),16.0,-176.402,['16*5 = -882'],7,1.0
((x-(2+4))+7) = (5-20),15.0,-16.0,"['1+7 = -75', '15-4 = 1', '2+4 = 4', '5-20 = -75']",4,4.0
((1**1)*(x*8)) = (576/((5+8)-(23-(2+17)))),16.0,8.0,"['1**1 = 10', '16*8 = 6.4']",8,2.0
((42/7)*((7-x))) = (17-11),16.0,6.0,"['7-16 = -0.167', '17-11 = -1']",4,2.0
((3*(2**(x*6)))*(60/6)) = (1*2),14.0,-0.651,"['2**1 = 1', '14*6 = 1', '1*2 = 30']",6,3.0
(((x-13)**2)*((11+9)/10)) = ((7+(16+(-6)))-((9*0.333)-2)),16.0,10.171,"['4**2 = 7', '16-13 = 4', '4/10 = 14', '11+9 = 4', '17-1 = 98']",10,5.0
((((11*8)/(10/4))/(11/4))+x) = (6*(-12)),7.0,-84.8,"['10+7 = -72', '20/8 = 10', '11/4 = 8', '11*8 = 120', '10/4 = 6']",7,5.0
(9*(((19+x)*(8+20)))) = ((3**(9-7))/(19/(8-1))),17.0,-18.987,"['1*10 = -9.222', '19+17 = 1', '8+20 = 10', '10/2 = -83', '19/7 = 2', '3**2 = 10']",9,6.0
((6+((2+19)+x))+((20/4))) = ((((17+17)-13)/7)+(6+2)),1.0,-21.0,"['11+1 = 7', '2+19 = 11', '20/4 = -83', '4+9 = -70', '14/7 = 4', '17+17 = 27', '6+2 = 9']",10,7.0
((5*10)+x) = (((6-5)/3)-3),53.0,-52.667,"['5*10 = 7', '19-3 = 60', '14/3 = 19', '6-5 = 14']",5,4.0
(((5/7)/2)+((x+5))) = ((31-(4+12))*(2-16)),9.0,-215.357,"['2/2 = 6', '9+5 = -2', '5/7 = 2', '15*9 = 4', '2-16 = 9']",8,5.0
(((x+10)+231)/(19/9)) = (((5*3)+(-12))**3),8.0,-184.0,"['8+10 = 9', '19/9 = 4', '3**3 = 60']",7,3.0
((x-((5/8)/5))*5) = (1-15),15.0,-2.675,"['10*5 = -3', '1/5 = 5', '5/8 = 1', '1-15 = -3']",5,4.0
((((x+17)**3)/(6+((7-8))))/9) = (8*(-8.25)),3.0,-31.374,"['9/1 = -594', '3**3 = 9', '7-8 = -5', '3+17 = 3']",7,4.0
(((1/5)+x)*(5**1)) = (14+(4**1)),12.0,3.4,"['11+12 = 9', '5**1 = 10.222', '1/5 = 11', '4**1 = 78']",6,4.0
(17+((1+(((7+5)*(3*x)))))) = (20/7),6.0,-0.421,"['19*8 = -70', '7+5 = 19', '3*6 = 8', '20/7 = -52']",6,4.0
((x*(7*10))-13) = (1**4),12.0,0.2,"['3-13 = 39', '12*8 = 3', '7*10 = 8', '1**4 = 39']",4,4.0
((x*9)**4) = (((11+(-3))+(6*0.333))/(6*1.667)),9.0,0.111,"['3**4 = 69', '9*9 = 3', '1/10 = 69', '8+2 = 1']",7,4.0
(((8/2)+11)-(x**3)) = ((13+17)+(16+(-9))),3.0,-2.802,"['14+11 = -44', '3**3 = 8', '8/2 = 14', '12+7 = -52', '13+17 = 12']",7,5.0
(((4*x)*(8/2))-9) = (3/(4**2)),8.0,0.574,"['8/2 = 1.625', '4*8 = 8', '3/8 = 4', '4**2 = 8']",6,4.0
(9+((6-x)+(11*7))) = (291/3),1.0,-5.0,"['17+19 = 88', '6-1 = 17', '11*7 = 19']",5,3.0
((((x*5)*9)+(17+12))*(5**3)) = (110-(9*(14*((29-9)*5)))),9.0,-2.865,"['3*4 = 100', '15+20 = 3', '17+12 = 20', '9*9 = 15', '5**3 = 4', '9*5 = 9', '9*3 = 10', '14*10 = 3', '20*5 = 10']",11,9.0
(((x-(6-20))*10)*3.9) = ((55/(19-14))+(14+5)),12.0,-13.231,"['7*10 = 10', '12-17 = 7', '6-20 = 17', '14+5 = 28']",8,4.0
((x/(2**1))/(5/10)) = (2*(-14)),12.0,-28.0,"['9/3 = -28', '12/5 = 9', '5/10 = 3', '2**1 = 5']",5,4.0
(588/(((2**(3-x))/(13+13))/4)) = ((37-17)+64),16.0,-6.508,"['11/7 = 28', '13+13 = 7', '2**1 = 11', '3-16 = 1']",8,4.0
((((17*1)/x)**2)-14) = (((6/5)-13)/((15-7)**4)),10.0,4.544,"['4**2 = -45', '15/10 = 4', '17*1 = 15', '1**4 = 9', '6/5 = -518', '15-7 = 1']",9,6.0
((7+((13-14)))**(x/3)) = ((15+2)/((5**3)+(-4))),3.0,-3.286,"['1**1 = -98', '13-14 = -6', '17/6 = -98', '5**3 = 10']",8,4.0
((6-16)+x) = ((18+(4**2))*(-6.857)),10.0,-223.138,"['4+10 = -48', '6-16 = 4', '18+9 = 7', '4**2 = 9']",5,4.0
((17/3)+((x*6))) = (11+(7+(((5+3)/7)))),12.0,2.246,"['17/3 = 15', '12*6 = -106', '11+2 = -91', '5+3 = -35']",7,4.0
((76/4)-(x+13)) = (((4/(13+14))**2)+((2**3))),3.0,-2.022,"['19-9 = -45', '3+13 = 9', '2**3 = -54', '2**2 = 9', '13+14 = 2']",8,5.0
((17+(-28))-((10*x)+8)) = ((17*5)/(((18+(-13))**4)+7)),5.0,-1.913,"['12+8 = 14', '10*5 = 12', '5**4 = 3', '17*5 = -250']",9,4.0
((21/7)**((18-x)/6)) = ((8-4)*(8*(4*0.094))),11.0,4.414,"['3**3 = -91', '18-11 = 18', '4*3 = -91']",8,3.0
(((x-7)+(14-20))/(4/3)) = (-8-8),4.0,-8.333,"['4/7 = -16', '4/3 = 7', '14-20 = 1', '4-7 = 3']",6,4.0
(((((7+7)+x)*5)+13)*16) = (7*4.571),10.0,-16.2,"['7+13 = 2', '9*5 = 7', '10+10 = 9', '7+7 = 10']",6,4.0
((15+x)/(((6*7)-(2**3))/8)) = ((15+(-(13*1)))*(6/7)),3.0,-7.714,"['19/8 = 7', '15+3 = 462', '6*7 = 36', '2**3 = 17', '6/7 = 8.25', '13*1 = 7']",10,6.0
(((16-(9*5))/7)-x) = ((24/(6*1.333))/(3**3)),17.0,-4.254,"['10-17 = -72', '2/7 = 10', '16-6 = 2', '9*5 = 6', '3/5 = -72', '3**3 = 5']",8,6.0
(((11+(7-20))+(10+x))+(4**4)) = (8+(56-5)),16.0,-205.0,"['20+9 = 1', '4**4 = 58', '11+3 = 20', '7-20 = 3', '10+16 = 9']",8,5.0
(((x**1)*(-17.111))/7) = ((12*(13+(-10)))*4),1.0,-58.909,"['1**1 = 9', '4*4 = -22', '12*3 = 4']",6,3.0
((26-((7*5)/9))+x) = ((15-11)*(25.286-15)),61.0,19.033,"['2/9 = 15', '7*5 = 2', '15-11 = 7']",7,3.0
(x*(16-9)) = (-108/(9/3)),3.0,-5.143,"['3*2 = -36', '16-9 = 2']",4,2.0
((1*5)*((x/8)+(-2.125))) = ((12/9)-8),14.0,6.333,"['14/8 = 10', '1*5 = 8', '12-8 = 63', '12/9 = 12']",6,4.0
(x+((2-(16-20))+19)) = ((16*1)+18),16.0,9.0,"['7+19 = 31', '2-6 = 7', '16-20 = 6', '3+18 = 47', '16*1 = 3']",6,5.0
((20-10)+(((x/2)-9))) = (16+((-388/(16+(-12))))),16.0,-164.0,"['15-9 = -91', '16/2 = 15']",7,2.0
(x-(16/((11-((13*4)+14))+(-10)))) = ((8/10)+((15+(-10))/5)),14.0,1.554,"['14-9 = -74', '16/2 = 9', '11-18 = 12', '15+14 = 18', '13*4 = 15', '6+6 = -74', '8/10 = 6', '5/5 = 6']",10,8.0
(37-(x*(15+11))) = (((7*5)-4)/6),12.0,1.224,"['12*5 = 15', '15+11 = 5', '14/6 = 22', '7*5 = 18']",6,4.0
(((4**1)-2)+(((x+12)/2))) = ((4-(19-(80/5)))-7),8.0,-28.0,"['1-2 = 10', '8+12 = -126', '4**1 = 1', '1-7 = -53']",9,4.0
(13*((13+x)**4)) = (72-6),11.0,-11.499,"['13*7 = 66', '2**4 = 7', '13+11 = 2']",4,3.0
((8+(x+15))**4) = (234/(4*(11.25-(1**3)))),4.0,-21.454,"['2**4 = 26', '8+20 = 2', '4+15 = 20', '1**3 = 9']",7,4.0
(7*((9+x))) = (11+((18*(4/2)))),11.0,-2.286,"['9+11 = -3.857', '18*2 = -38']",5,2.0
((x+9)*(6*(5**1))) = (9*(5/7)),18.0,-8.786,"['6*1 = 8', '18+9 = 10', '5**1 = 1', '5/7 = 8.889']",6,4.0
(53-(x*(20*1))) = ((6+((1**(14*2))-6))-3),14.0,2.75,"['14*5 = 16', '20*1 = 5', '1**3 = 40', '14*2 = 3']",8,4.0
((11+(((5+x)/3)))*21) = ((22-(2*3))+(7/2)),3.0,-35.214,"['12/3 = -7', '5+3 = 12', '16+16 = 84', '7/2 = 16']",8,4.0
((20-(15-(x+5)))-16) = (5*((-7/5))),7.0,-1.0,"['15-1 = 11', '7+5 = 1']",6,2.0
((17/x)/((9+5)-(16-8))) = ((4/2)*1),10.0,1.417,"['4/4 = 78', '17/10 = 4', '16-18 = 4', '9+5 = 16', '16-8 = 18', '2*1 = 78']",7,6.0
((x*(18+16))+(6*(9+(-6.167)))) = ((7+((-36/9)))**(10+(-7))),18.0,0.294,"['7+17 = -57', '18*6 = 7', '18+16 = 6', '3**3 = -57']",9,4.0
((x-(6*1))*(-5.25)) = (3**(3**1)),15.0,0.857,"['6*1 = 11', '3**1 = -21', '3**1 = 1']",5,3.0
((((10/10)-x)+(-59))-8) = (((13+(-1))+13)/7),11.0,-69.571,"['5-11 = 13', '10/10 = 5', '18/7 = -54', '12+13 = 18']",7,4.0
(7*(((x+1)+13))) = ((6*(-4))/(2*5)),13.0,-14.343,"['18+13 = -1.143', '13+1 = 18', '2*5 = 3']",6,3.0
((13+8)-((x**1)*1)) = (4*(26-4)),2.0,-67.0,"['3-10 = 88', '18*1 = 10', '2**1 = 18', '13+8 = 3']",6,4.0
(((12-11)-x)*(11-(17/2))) = ((14/(12+((9+15)*0.8)))/2),18.0,0.91,"['1*5 = 37', '17/2 = 6', '12-11 = 19', '20/2 = 37', '14/1 = 20', '12+4 = 1', '9+15 = 5']",10,7.0
((8*x)-1) = ((25-20)*((9.4-15))),4.0,-3.375,['8*4 = -27'],5,1.0
(((x/(6*6))+((18/10)))+13) = (6/2),42.0,-424.8,"['6*6 = 3', '18/10 = -5', '6/2 = 22']",6,3.0
((((5**2)/1)+x)*4) = ((4-(23-6))/8),20.0,-25.406,"['10*4 = 56', '2+20 = 10', '7/1 = 2', '5**2 = 7', '4-17 = 448']",7,5.0
(((x+(10*3))/(4-16))**(5/5)) = ((2**3)*(5-1)),14.0,-414.0,"['5**3 = -69', '5/5 = 3', '4-16 = 7', '14+16 = 35', '10*3 = 16', '17*4 = -69', '2**3 = 17']",9,7.0
((x*(2**2))/(17*5)) = (((11-14)/(24/4))*(12/6)),3.0,-21.25,"['3*6 = -490', '17*5 = 5', '2**2 = 6', '11*9 = -98', '11-14 = 66', '12/6 = 9']",9,6.0
(((6+(10*3))-2)+(x+10)) = (((27-(4*3.5))+6)+6),11.0,-19.0,"['6+3 = 6', '10*3 = 3', '11+10 = 76', '19+6 = 80']",9,4.0
(((x*8)+((7*(-0.286))))*10) = (((32-18)-(12+(16/8)))*8),8.0,0.25,"['10*10 = 36', '8*8 = 12', '9*8 = 36', '12+8 = 5', '16/8 = 8']",9,5.0
(((15/9)*2)+(((8*4)+x)-17)) = (-39-((3*4)/2)),14.0,-63.333,"['1+6 = -52', '8*4 = 9', '1*2 = 1', '15/9 = 1', '3*4 = 26']",9,5.0
((5/x)*((20+14)/9)) = ((33-17)+((16/3))),6.0,0.885,"['8*10 = -84', '13/9 = 10', '20+14 = 13', '5/6 = 8', '16/3 = -100']",7,5.0
((10-17)*(x/7)) = ((12/(8*0.375))/3),5.0,-1.333,"['5*2 = 40', '5/7 = 2', '10-17 = 5', '12/3 = 120']",6,4.0
((1**1)*(((11-19)-18)-(x/5))) = ((3*(56/8))+(2*5)),95.0,-285.0,"['2*7 = -2', '7-18 = 26', '1**1 = 2', '11-19 = 7', '20+15 = -2', '2*5 = 15', '3*7 = 20']",10,7.0
((12-5)+(6-x)) = (430/(((9*10)/6)-(1**2))),17.0,-17.714,"['10+5 = 86', '6-17 = 5', '12-5 = 10', '17-7 = 5', '2/6 = 17', '1**2 = 7', '9*10 = 2']",8,7.0
((3**(1-16))-x) = ((118-11)-(2+10)),4.0,-95.0,"['3**4 = 104', '1-16 = 4', '2+10 = 7']",6,3.0
(((14*3)*(16-5))+(x)) = ((19/(15-(160/8)))-7),-66.0,-472.8,"['20*7 = 2', '14*3 = 20', '16-5 = 7', '19/4 = -57', '15-20 = 4']",8,5.0
(21-(x-1)) = (9*(3*7)),1.0,-167.0,"['1-1 = 16', '3*7 = 0.556']",4,2.0
((1-(x/4))-(100/10)) = ((2/(19-13))+(378/9)),4.0,-205.333,"['8-10 = 45', '1-18 = 8', '4/4 = 18', '2/6 = 3']",8,4.0
((20*10)*((x/6))) = (8*(((17-19)*((11+10))))),19.0,-10.08,"['20*10 = 5', '19/6 = -1.2', '11+10 = -0.075', '17-19 = 10']",7,4.0
(x/(7-15)) = (15*5),14.0,-600.0,"['14/3 = 95', '7-15 = 3', '15*5 = 95']",3,3.0
(1+(((x/1)*9)/5)) = ((7+7)+((-47-11))),17.0,-25.0,"['1+10 = -45', '12/5 = 10', '5*9 = 12', '17/1 = 5', '7+7 = 13']",7,5.0
((x+0)*((8/1))) = (-57-(9+((5-7)))),6.0,-8.0,['8/1 = -10.667'],6,1.0
((13/8)+((19+x)**1)) = ((10-8)+((-900/10))),11.0,-108.625,"['10+6 = -88', '1**1 = 6', '13/8 = 10', '19+11 = 1']",7,4.0
(((20-x)*2.429)+(-90)) = ((15+(-380))/((14+13)**(8*10))),10.0,-17.052,"['20-10 = 7', '3**1 = 5', '14+13 = 3', '8*10 = 1']",8,4.0
((x+((12/10)**3))/(10-14)) = ((36/4)-((21-15)-(14-8))),6.0,-37.728,"['10/10 = 60', '4**3 = 4', '10-14 = 10', '12/10 = 4', '9-3 = 60', '6-20 = 3', '14-8 = 20']",10,7.0
((x/5)*((((12*10)/6)+(6*6)))) = ((4*4.75)+((9+(4**2)))),50.0,3.929,"['18+19 = -3', '6*6 = 19', '20/6 = 18', '12*10 = 20', '9+19 = -49', '4**2 = 19']",10,6.0
((3+x)**(2**1)) = (17-(1+9)),20.0,-0.354,"['3**4 = -22', '3+20 = 3', '2**1 = 4', '17-8 = -22', '1+9 = 8']",5,5.0
((4-x)+((13+20)/5)) = (19*5),12.0,-84.4,"['15+10 = 33', '13+20 = 50', '4-12 = 15', '19*5 = 33']",5,4.0
((13/(8/8))+((x-13))) = (12-16),7.0,-4.0,"['7-13 = -73', '13/6 = 9', '8/8 = 6', '12-16 = -64']",5,4.0
((18*x)+((14+19))) = ((20/2)-(((3*1.333)+1)**1)),10.0,-1.555,"['18*10 = 4', '14+19 = -51', '3-1 = -47', '5**1 = 1', '20/2 = 3']",8,5.0
((18-x)-(5**3)) = (11-19),20.0,-99.0,"['5**3 = 12', '18-20 = 72', '11-19 = 60']",4,3.0
(((19-1)*(8-19))-(5+x)) = ((4**2)+(82-4)),15.0,-297.0,"['5+15 = 7', '8-19 = 18.2', '19-1 = 5', '4**2 = 6']",8,4.0
((3/(13/7))**(12+x)) = ((10+(-6))**3),19.0,-3.328,"['2**2 = -90', '3/6 = 2', '13/7 = 6', '12+19 = 2', '4**3 = -90']",6,5.0
(((x+8)**1)*((5**3)-(15+9))) = ((90/10)/((6*3.333)*6)),7.0,-7.999,"['17*9 = 61', '1**1 = 17', '15+9 = 5', '5**3 = 14', '7+8 = 1', '9/1 = 61', '20*6 = 1']",10,7.0
((x+((7*((19+15)))))-12) = (5+43),19.0,-178.0,"['15-12 = 48', '19+15 = -0.571']",5,2.0
(3**((9-2)-x)) = (1**3),20.0,7.0,"['3**2 = 8', '19-20 = 2', '9-2 = 19', '1**3 = 8']",4,4.0
(2**((x+13)-15)) = ((((3/5)*5.333)-9)+7),15.0,2.263,"['2**4 = 55', '18-15 = 4', '15+13 = 18', '7+7 = 55', '3/5 = 3']",7,5.0
(x+(15/3)) = (13/(20*(5/6))),20.0,-4.22,"['20+11 = 77', '15/3 = 11', '13/7 = 77', '20*5 = 7', '5/6 = 5']",5,5.0
((x*7)-((10-20)/(8-14))) = (1/2),19.0,0.31,"['19*7 = -14', '16/9 = 1', '8-14 = 9', '10-20 = 16', '1/2 = -15']",6,5.0
((9/2)-(x*5)) = (9*10),10.0,-17.1,"['9/2 = -17', '10*5 = 17', '9*10 = -34']",4,3.0
(((11+(x/7))**1)*3.286) = ((9-1)-(1+18)),2.0,-100.433,"['5**1 = 7', '11+16 = 5', '2/7 = 16', '8-9 = 23', '1+18 = 9']",7,5.0
(((x-4)+16)/(17+1)) = ((9*(1-8))/9),19.0,-138.0,"['10/3 = 21', '17+1 = 3', '4+16 = 10', '19-4 = 4', '15/9 = 21', '1-8 = 1.667']",7,6.0
(x+((((5+11)/8)**2))) = ((21-17)**((24/4)*(3-4))),17.0,-4.0,"['3**2 = -85', '18/8 = 3', '5+11 = 18', '4**1 = -68', '6*8 = 1', '3-4 = 8']",9,6.0
((37-x)+(2**3)) = (348/(3+1)),20.0,-42.0,"['17+19 = 87', '2**3 = 19']",5,2.0
((19+x)+((11+(2**2))-14)) = (108-(5**(20-17))),12.0,-37.0,"['11+3 = 92', '11+3 = 17', '19+12 = 11', '2**2 = 3', '5**3 = 16']",8,5.0
((x*(5+8))+(4**2)) = ((4+13)*(8-14)),7.0,-9.077,"['15+20 = -1', '4**2 = 20', '5+8 = 2.143', '17*9 = -1', '8-14 = 9']",7,5.0
(x/(13/(4**2))) = (((7*0.429)+((5+14)-2))-1),142.0,15.44,"['13/1 = 2', '4**2 = 1', '1-1 = 71', '3+17 = 1']",8,4.0
(((x/1)+((18-6)*1))/2) = (((168/8)/7)**1),2.0,-6.0,"['20/2 = 19', '13*1 = 4', '18-6 = 13', '2/1 = 16', '3**1 = 19']",8,5.0
(x*((4.111-((6-(13*2))+(-10))))) = ((12-(8*0.75))*4),9.0,0.704,"['6-3 = 17', '13*2 = 3', '6*4 = -26']",8,3.0
(10-(7-x)) = ((11-10)/(8+9)),6.0,-2.941,"['10-9 = -10', '7-6 = 9', '1/10 = -10', '8+9 = 10']",5,4.0
((13/9)-(((16-14)**4)-x)) = (5*((2*(-2.3)))),18.0,-8.444,"['5**4 = 37', '16-14 = 5', '13/9 = -4']",7,3.0
((10-((13-2)+x))*2) = (4*3),16.0,-7.0,"['19*2 = -100', '10-4 = 19', '17+16 = 4', '13-2 = 17', '4*3 = -100']",5,5.0
(((18-x)+((2-10)))-(14*(2**4))) = (-268/4),2.0,-147.0,"['14*7 = 16', '2**4 = 7', '2-10 = -61', '18-2 = 10']",7,4.0
((12/(4**(x/5)))**4) = (((63/9)*9.857)/3),13.0,6.135,"['3**4 = 23', '12/1 = 3', '4**1 = 1', '13/5 = 1']",7,4.0
(((x-(1*1))*3)+(-16)) = (7*(-2.143)),15.0,1.333,"['11*3 = 1', '15-18 = 11', '1*1 = 18']",5,3.0
((5+((8/3)*x))*(-37.5)) = (8+((4*(-20.75)))),4.0,-1.125,"['5+12 = 2', '17*4 = 12', '8/3 = 17']",6,3.0
((2**2)**(4*x)) = ((((8*(4/8))+10)+17)-13),10.0,0.521,"['5**2 = -67', '4*10 = 2', '2**2 = 5', '4-13 = -67', '6+17 = 4', '4+10 = 6']",8,6.0
(2*((x*(18+2)))) = (16+((((10-2)/8)*(-6.375)))),7.0,0.241,"['7*1 = -17.5', '18+2 = 1', '10-2 = 64']",7,3.0
((3*2)/(x*0.5)) = (17/(15/(14-4))),8.0,1.059,"['3*2 = 40', '17/6 = 10', '15/10 = 6']",6,3.0
((11-x)**1) = (4**4),8.0,-245.0,"['5**1 = 17', '11-8 = 5', '4**4 = 17']",3,3.0
((20-x)-(5**(13/10))) = (9*8.333),1.0,-63.1,"['5**2 = 3', '20-1 = 78', '13/10 = 2']",5,3.0
((7+18)-(x-(2*9))) = (390/(16/((10-8)+16))),12.0,-395.75,"['8-1 = 65', '12-1 = 1', '7+18 = 8', '2*9 = 1', '16/8 = 6', '2+16 = 8']",8,6.0
(((13-4)-(12+((x-(13-6)))))*4) = ((19+(-16))**(15-12)),5.0,-2.75,"['16*4 = -33', '13-4 = 20', '5-14 = -8', '13-6 = 14', '3**3 = -33']",9,5.0
((10-x)-6) = (33/(2**1)),8.0,-12.5,"['6-6 = 11', '10-8 = 6', '2**1 = 3']",4,3.0
((14-8)+((x*4))) = (5+(-79)),13.0,-20.0,['13*4 = -80'],4,1.0
(7+(6-x)) = ((24-((15-(16+13))+2))*2),2.0,-59.0,"['7+19 = -68', '6-2 = 19', '13*2 = -68', '16+2 = 11', '15-2 = 16', '16+13 = 2']",7,6.0
((((6*x)-7)+12)/9) = (-84-((7+3)*8)),7.0,-246.833,"['18/9 = -96', '12+12 = 18', '3-7 = 12', '6*7 = 3', '10*8 = 12']",7,5.0
(((4**3)/((2**3)**1))+x) = (((4/8)**(13*9))*(2**4)),20.0,-8.0,"['4+20 = -32', '19/1 = 4', '2**1 = 1', '2**3 = 2', '4**3 = 19', '12*5 = -32', '2**4 = 5', '5**2 = 12', '4/8 = 5', '13*9 = 2']",10,10.0
((6+x)*((5**(4**3)))) = (((66/6)-((15/6)-11))**3),10.0,-6.0,"['5**1 = -13.333', '6+10 = 3', '4**3 = 1', '3**3 = -40', '11-14 = 3', '15/6 = 25']",9,6.0
((x**3)/5) = (((10*(5*0.18))-12)/(30/5)),5.0,-1.357,"['5**3 = 225', '9-12 = 270']",7,2.0
((x*6)+((20*(7*5)))) = (6*6),7.0,-110.667,"['20*3 = -74', '7*5 = 3', '7*6 = 1', '6*6 = -73']",5,4.0
(x+((12+19))) = (11/(9*2)),8.0,-30.389,"['12+19 = -21', '11/5 = -13', '9*2 = 5']",4,3.0
(((6*4)+18)*(((16+x)-6))) = (6*(-0.833)),14.0,-10.119,"['14+18 = 8', '16+14 = 5.375', '6*4 = 14']",6,3.0
((((16-7)**2)*x)+15) = (8*((((80/8)/2)+(-9.875)))),6.0,-0.667,"['19+15 = -39', '11*6 = 19', '4**2 = 11', '16-7 = 4']",8,4.0
(((8+2)/(6/5))-x) = (19+((1**3))),12.0,-11.667,"['8+2 = -265', '6/5 = 5', '1**3 = -84']",6,3.0
((4+(4**3))-(x*(9*6))) = ((10+6)/(16/((45/5)+6))),15.0,0.981,"['15*10 = 17', '4+16 = -19', '9*6 = 10', '4**3 = 16', '13/2 = -36', '10+6 = 13', '9+6 = 8']",10,7.0
((-5488/7)/((13/x)*1)) = ((4+9)**3),8.0,-36.43,"['13/8 = 8', '3**3 = -98', '4+9 = 3']",6,3.0
(9+(((8-x)-5))) = ((12+6)+(((23-6)*6))),5.0,-108.0,"['8-5 = -79', '17*6 = -93']",7,2.0
(x+((6/1))) = (-184/2),15.0,-98.0,['6/1 = -107'],3,1.0
((x*6)/(((11-16)-4)**2)) = (-196/(35/5)),17.0,-378.0,"['3**2 = 10', '17*6 = -280', '15-4 = 3', '11-16 = 15']",7,4.0
((x*(((16*1)-10)*7))-(1**1)) = ((((2**3)+9)/(10-8))**2),10.0,1.744,"['9*7 = 9.5', '13-10 = 9', '1**1 = 3', '16*1 = 13', '2**2 = 92', '10+9 = 4', '2**3 = 10']",11,7.0
(((7*8)+16)-x) = ((2328/8)/(5-1)),5.0,-0.75,"['12+16 = 102', '7*8 = 12', '5-1 = 3']",6,3.0
(11*(((19*x)/6)/6)) = (-630/10),8.0,-10.852,"['11*9 = -63', '6/6 = 9', '12/6 = 6', '19*8 = 12']",5,4.0
(10+((14-(x+15))/7)) = (11*3),17.0,-162.0,"['10+17 = -8', '14-13 = 119', '17+15 = 13', '11*3 = -8']",5,4.0
(((10-(4*4))+20)*(((x/8)*(-15.5)))) = (-83-((9*1.444)-3)),17.0,3.428,"['1+20 = 2', '10-4 = 1', '4*4 = 4', '17/8 = 3']",9,4.0
(((x/(16+11))**1)+41) = ((14-((11/7)/3))-(2**1)),13.0,-797.143,"['5**1 = 3', '13/9 = 5', '16+11 = 9', '2**1 = 3', '14-16 = 47', '11/7 = 48']",9,6.0
((((19*x)-5)/6)*(-8.6)) = ((85/5)+(((6+(-2))/1))),9.0,-0.508,"['7/6 = 10', '5-5 = 7', '19*9 = 5', '4/1 = -103']",8,4.0
((6+((18*6)*x))-((19*8)/9)) = ((5*(15/((78/3)-17)))+(-75)),10.0,-0.516,"['3/9 = 2', '6+5 = -56', '19*8 = 3', '19*10 = 5', '18*6 = 19', '5*8 = 17', '15/9 = 8']",11,7.0
(((13*5)/7)+(19+x)) = (((4+12)-14)*(8*0.062)),12.0,-27.294,"['19+16 = 1', '19+12 = 16', '2/7 = 19', '13*5 = 2']",8,4.0
(((17*3)-(x+15))+(-38)) = ((14/(3/3))+((2*1))),15.0,-18.0,"['15+15 = 12', '17*3 = 24', '14/8 = 18', '2*1 = -44', '3/3 = 8']",8,5.0
(((x*6)*5)/((18+14)+(-5))) = (((2*8)+(-6))/(8/4)),20.0,4.5,"['4/7 = 100', '12*5 = 4', '20*6 = 12', '18+14 = 12', '10/2 = 100']",9,5.0
(((x*8)+1)*8.333) = ((11/1)**2),18.0,1.69,"['18*8 = 2', '3**2 = 25', '11/1 = 3']",5,3.0
((6+12)**((2**2)+x)) = (14-(9/(50/5))),7.0,-3.11,"['2**3 = 1', '12+7 = 3', '2**2 = 12', '6+12 = 2', '14-5 = 1', '9/10 = 5']",7,6.0
((16+x)*(18.667-((4**1)**4))) = (6+82),18.0,-16.371,"['3**4 = 4', '16+18 = 6', '4**1 = 3']",6,3.0
(((x-(13/4))*6)+83) = (14/3),6.0,-9.806,"['13*6 = 7', '6-20 = 13', '13/4 = 20', '14/3 = 90']",5,4.0
((x*7)-(18/(((10+6)*8)/6))) = (((18-10)/6)/8),13.0,0.144,"['6-9 = -12', '6*8 = 12', '13*7 = 6', '10+6 = 6', '4/8 = -12', '18-10 = 24']",9,6.0
((9+((3-13)/x))-3) = ((((5+15)/2)/(19-2))-12),8.0,0.574,"['9+16 = 14', '3/8 = 16', '3-13 = 3', '10-12 = 11', '19-2 = 3', '5+15 = 60']",9,6.0
((8+x)*(2-(14-5))) = ((13/(19-(10*6)))**(20*5)),5.0,-8.0,"['19*7 = -85', '2-1 = 7', '14-5 = 1', '8+5 = 19', '1**3 = -85', '13/7 = 1', '20*5 = 3', '19-5 = 7', '10*6 = 5']",9,9.0
(5*(17+(x/9))) = (((12+9)/7)/((15-16)**1)),11.0,-158.4,"['17+8 = 14.6', '11/9 = 8', '20/6 = 73', '2/7 = 20', '2**1 = 6', '12+9 = 2', '15-16 = 2']",8,7.0
(((x-(10-19))*2)+(16-6)) = ((5**2)/((1+3)+19)),4.0,-13.457,"['10+13 = 17', '14*2 = 10', '4-18 = 14', '10-19 = 18', '16-6 = 13', '1/9 = 17', '4+19 = 9', '5**2 = 1']",9,8.0
((18+(9*10))-(119/x)) = (5*((7*0.286)/8)),7.0,1.115,"['19-17 = 24', '18+13 = 19', '9*10 = 13', '2/8 = 4.8']",7,4.0
(x*((108/(1/8))+12)) = (20*5),7.0,0.114,"['18+12 = 9.571', '1/8 = 6', '20*5 = 67']",5,3.0
(((11*3)*(x+7))*(21-6)) = ((21-(20+(-6)))-6),7.0,-6.998,"['11*3 = 7', '7+7 = 0.714', '7-6 = 75']",8,3.0
((((20*4)-7)/7)+(x-20)) = ((13*2)-(9+11)),33.0,15.571,"['5+13 = -8', '13-7 = 35', '20*4 = 13', '13*2 = 12']",8,4.0
((1**(14*10))-x) = ((6-((36/9)/3))**4),2.0,-473.272,"['12-2 = -40', '1**2 = 12', '14*10 = 2', '5**4 = -40', '4/3 = 1']",7,5.0
(((4**1)-(7-x))+((10*7))) = (1*(9/3)),10.0,-64.0,"['4**1 = 7', '10*7 = -33', '7-10 = 6', '1*9 = -32', '9/3 = 9']",7,5.0
((16+(x*7))-2) = ((12+6)+(7*11.286)),17.0,11.857,"['2-2 = 89', '16+20 = 2', '17*7 = 20', '12+6 = 10']",6,4.0
(8*((2-18)-x)) = (((19-17)-7)/(10*0.4)),20.0,-15.844,"['9-20 = 8.125', '2-18 = 9', '2-7 = 260']",7,3.0
((15+x)+48) = (18+8),11.0,-37.0,"['15+11 = 20', '18+8 = 68']",3,2.0
(-65-((x-13)/3)) = (7-(6+(((7/8)**2)*2))),11.0,-180.406,"['8/3 = 9', '11-13 = 8', '7-6 = -74', '6+20 = 6', '2**2 = 10', '7/8 = 2']",8,6.0
(-68-(((x-2)-(5*9))+2)) = (15+((19/10)**4)),19.0,-51.032,"['10+2 = 1', '1-9 = 10', '5*9 = 9', '19-2 = 1', '15+12 = -69', '4**4 = 12', '19/10 = 4']",8,7.0
((4+(-x))*(1*1)) = (776/8),1.0,-93.0,['1*1 = 32.333'],4,1.0
(882/(x*3)) = (101-(3+6)),13.0,3.196,"['13*3 = 9', '3+6 = 3']",4,2.0
((((18+11)**2)+x)-3) = (((11-7)+4)+(6/3)),1.0,-828.0,"['4-3 = 44', '1**2 = 3', '18+11 = 1', '5+6 = 44', '11-7 = 1', '6/3 = 6']",8,6.0
((6/((3*((3+18)-12))+4))+x) = ((16*(32/(5-17)))/5),45.0,-8.727,"['6/9 = 7', '3*5 = 5', '12-12 = 5', '3+18 = 12', '16*8 = 260', '5-17 = 4']",10,6.0
((((1/6)/7)*(8-x))-4) = (4/((240/3)/8)),9.0,-176.8,"['6-4 = -87', '8-9 = 1.2', '1/7 = 5', '1/6 = 1', '4/10 = -87']",8,5.0
((((1*7)*2.222)+x)*13.2) = ((((9*1.444)+4)-(3+13))+54),13.0,-11.388,"['20+13 = 5', '1*7 = 9', '14-20 = 12', '13+4 = 14', '3+13 = 20']",9,5.0
((((x**1)*8)+50)-(18/1)) = ((17-(10+((17+(-25)))))-(40/4)),2.0,-3.375,"['1*8 = 12', '18/1 = 15', '2**1 = 1', '17-2 = 57']",10,4.0
((4/10)*(x*(15*6))) = (((24/(19+(18+(-8))))*2.833)+14),20.0,0.454,"['20*9 = 18', '4/10 = 5', '15*6 = 9', '17+14 = 90', '19+10 = 4']",9,5.0
((x/1)/4) = (((11*2)+(16-8))/(1-16)),2.0,-8.0,"['10/4 = 84', '2/1 = 10', '20+8 = 588', '1-16 = 7', '11*2 = 20']",7,5.0
((75/((8+x)+(-11)))/6) = (((17+(-16))**(15/5))-(2*5)),16.0,1.611,"['15/6 = -56', '8+16 = 16', '1**3 = -46']",9,3.0
((x+2)*9.111) = (17+16),19.0,1.622,"['19+2 = 9', '17+16 = 82']",3,2.0
(((16+17)-x)**2) = ((16-(5+9))**((18+12)-14)),3.0,-223.0,"['2**2 = 85', '2-3 = 2', '16+17 = 2', '2**4 = 85', '17-14 = 4', '18+12 = 17']",8,6.0
(-21-(16*x)) = ((-660/(6-15))/((2*3)**3)),7.0,-1.334,"['16*7 = 12', '1**3 = 10', '2*3 = 1', '6-15 = 2']",7,4.0
(-204/(24/((17*x)+6))) = (5**2),7.0,-0.526,"['11+6 = 6', '17*7 = 11', '5**2 = -51']",5,3.0
((11+(x+3))-(54/6)) = (-37-(20+((9/6)))),7.0,-63.5,"['19-9 = -56', '7+3 = 8', '9/6 = -1']",7,3.0
(((x*3)*(15-10))/(8-18)) = (5**1),13.0,-3.333,"['18/5 = 67', '10*5 = 18', '13*3 = 10', '8-18 = 5', '5**1 = 67']",6,5.0
(((7+(19*10))-x)+(27-16)) = (((13+(119/7))**(9-8))*10),20.0,-92.0,"['8+11 = -11', '7+15 = 28', '19*10 = 15', '11*10 = -11', '1**1 = 11', '13+17 = 1']",10,6.0
(((2+(11/7))+23)-x) = (19+((6*2.5)+(2-7))),5.0,-2.429,"['2+5 = 8', '11/7 = 5', '15+9 = 7', '2-7 = 9']",8,4.0
((16*(10/(1**3)))*(5*x)) = ((11+(-8))-(3*(11*9))),8.0,-0.367,"['19*2 = -66', '16*3 = 19', '5*8 = 2', '10/5 = 3', '1**3 = 5', '3-4 = -66', '3*2 = 4', '11*9 = 2']",9,8.0
((((x-5)+15)+(2**1))+8) = (12+(-78)),9.0,-86.0,"['3+8 = -66', '20+8 = 3', '19+15 = 20', '2**1 = 8', '9-5 = 19']",6,5.0
(16+((19+x)**4)) = (660/(3*3.333)),13.0,-16.341,"['16+15 = 66', '2**4 = 15', '19+13 = 2']",5,3.0
((x-(((18/6)-16)/10))+3) = ((17+(-15))*5),16.0,5.7,"['3+3 = -48', '12/10 = 13', '20-16 = 12', '18/6 = 20', '2*5 = -48']",7,5.0
(76-((x+(9+5))**2)) = (((5*10)+6)/(8+(-5))),20.0,-6.428,"['1**2 = 20', '20+1 = 1', '9+5 = 1', '11/3 = 56', '5*10 = 5']",8,5.0
(9+(((x/9)**1)*16.4)) = (5*((4/7)-9)),13.0,-28.066,"['1**1 = 5', '13/9 = 1', '19-9 = 18.2', '4/7 = 19']",7,4.0
((x-(4-12))*((16+((16*8)-6)))) = ((4/2)/1),14.0,-7.986,"['16+2 = -0.333', '9-6 = 2', '16*8 = 9', '4-12 = 5', '18/1 = -3', '4/2 = 18']",8,6.0
((x+8)/(((7+14)/2)+(-8))) = ((27/9)/(16-11)),10.0,-6.5,"['10+8 = 215', '4/2 = 13', '7+14 = 4', '3/1 = 43', '16-11 = 1']",8,5.0
((4*7)+(x/2)) = ((6+10)-(((20*4)*9)/9)),13.0,-184.0,"['20+19 = 19', '13/2 = 19', '4*7 = 20', '2-10 = 19', '5*9 = 90', '20*4 = 5', '6+10 = 2']",8,7.0
((1/5)-(x*(12-4))) = (2**3),19.0,-0.975,"['20-18 = 90', '19*4 = 18', '1/5 = 20', '12-4 = 4', '2**3 = 90']",5,5.0
((x+17)*(10+20)) = (((7*10)/10)+75),14.0,-14.267,"['10+20 = 8.2', '14+17 = 10']",6,2.0
((16*3)+(2*(x+7))) = ((2/5)-3),17.0,-32.3,"['6+12 = -21', '16*3 = 6', '17+7 = 6', '11-3 = -21', '2/5 = 11']",6,5.0
(x*((19/1)/((2**4)/9))) = (5+(19-18)),6.0,0.561,"['8/1 = 15', '2**4 = 9', '19/1 = 8', '19-18 = 85']",7,4.0
((((6*x)-10)**(13-10))-5) = ((9+(-4))+((33-13)/7)),8.0,2.057,"['2**4 = 57', '13-10 = 4', '6*8 = 12', '20/7 = 47']",9,4.0
((20+(4+x))+(20*2)) = ((12-4)/(6+0)),17.0,-62.667,"['8+3 = 73', '20*2 = 3', '20+11 = 8', '4+17 = 11', '18/6 = 73', '12-4 = 18']",7,6.0
(((6+x)*10)-13) = (3/9),20.0,-4.667,"['13-13 = 56', '10*10 = 13', '6+20 = 10', '3/9 = 56']",4,4.0
(2+((18-x)+(-8))) = (10*(6+7)),4.0,-118.0,"['2+8 = 8', '18-4 = 16', '6+7 = 0.8']",5,3.0
(((x*10)-5)+((16/9))) = (11-(3**3)),5.0,-1.278,"['16/9 = -72', '3-5 = 9', '5*10 = 3', '11-20 = -63', '3**3 = 20']",6,5.0
(x/((13/3)/3)) = (9*2.667),192.0,34.671,"['18/3 = 8', '13/3 = 18']",4,2.0
((x-13)**4) = ((108/(4*1.5))+(4*0.25)),20.0,10.912,"['3**4 = -30', '20-13 = 3', '18+1 = -30']",6,3.0
(((6/6)-12)+x) = (((36/9)*2.25)/(6-(9+(-6)))),19.0,14.0,"['5+19 = -5', '4-12 = 5', '6/6 = 4', '9/3 = -5']",8,4.0
((11/(10*((2+2)/x)))/3) = (1+((-539/7))),3.0,-829.091,"['8/3 = -76', '11/6 = 8', '14/3 = 0.6', '2+2 = 14']",7,4.0
(((16+x)**4)+(-111)) = (7-((2**1)*(11/(9*3)))),9.0,-12.71,"['4**4 = 11', '16+9 = 4', '7-15 = -100', '11/10 = 5', '9*3 = 10', '2**1 = 3']",8,6.0
((x+16)-(13-(7*5))) = ((9*2.556)-(9*(6+((4*(-0.945)))))),1.0,-34.976,"['4-11 = 3', '13-5 = 11', '1+16 = 4', '7*5 = 5']",9,4.0
(-558/(((17-4)+8)/x)) = ((3-14)*((-9.25-((19/10)-3)))),6.0,-3.374,"['14/6 = 6', '10+8 = 14', '17-4 = 10', '19/10 = 17', '3-14 = 4']",9,5.0
(((8-x)/(((11-10)**1)/7))-2) = (((1+(3*2.333))**4)/(2/2)),6.0,-577.136,"['2-2 = -100', '2/10 = 2', '14/7 = 10', '3**1 = 14', '11-10 = 3', '8/6 = -100', '2/2 = 6', '2**4 = 8', '1+7 = 2']",11,9.0
((x+16)+(((4/2)**3)-(16-6))) = (4*(9-4)),19.0,6.0,"['3+8 = -55', '2-13 = 8', '3**3 = 2', '19+16 = 3', '4/2 = 3', '16-6 = 13', '4*5 = -55']",8,7.0
(((7*(14+8))*x)-3) = ((1/(18-3))+(18+41)),6.0,0.403,"['17-3 = 76', '9*6 = 17', '7*1 = 9', '14+8 = 1', '1/6 = 17', '18-3 = 6']",8,6.0
(15*((x+15)**4)) = ((27-15)*(10-3)),11.0,-13.462,"['15*4 = -34', '1**4 = 4', '11+15 = 1', '12*7 = -34']",6,4.0
(10*(((((x*5)/9)**3)-9))) = (3*(-23.667)),20.0,2.229,"['17-9 = -7.1', '2**3 = 17', '1/9 = 2', '20*5 = 1']",6,4.0
(((x+14)*(4**3))+18) = (((864/6)/(9/3))-10),12.0,-13.688,"['18*3 = 20', '12+14 = 18', '4**3 = 3']",8,3.0
(2*(((9-x)/5)+5)) = (79-(18/((3**4)-15))),13.0,-162.818,"['9+5 = 32', '9/5 = 9', '9-13 = 9', '18/2 = 15', '3**4 = 17']",8,5.0
(((x/5)/(4/1))+12) = ((((21-11)+13)-(16+(-13)))/5),4.0,-160.0,"['20+12 = -76', '4/1 = 10', '4/5 = 200', '20/5 = -76']",9,4.0
(((14-(1**(4/2)))+x)/4) = (10*7.9),312.0,303.0,"['14-11 = 4', '1**3 = 11', '4/2 = 3']",6,3.0
(((5**(3/9))-14)*((x+16))) = (8*4),2.0,-18.604,"['2+16 = -3.667', '15-14 = 9', '5**4 = 15', '3/9 = 4', '8*4 = -33']",6,5.0
(((16/9)+9)*(x/6)) = (13*(18-15)),30.0,21.711,"['15*5 = 35', '16/9 = 6', '13*3 = 35']",6,3.0
(((30-14)+(17+x))+((20*6)*8)) = (2*(((72/8)/(14/9))/2)),9.0,-987.214,"['17+17 = 79', '1*8 = 17', '17+9 = 1', '20*6 = 1', '2*5 = 79', '8/2 = 5', '9/7 = 8', '14/9 = 7']",11,8.0
(x*(((15+9)/2))) = ((3*(1**2))+(-55)),2.0,-4.333,"['15+9 = -47', '3*10 = 8', '1**2 = 10']",6,3.0
((((x**1)+9)-17)*(-7.5)) = (9*((7*3))),4.0,-17.2,"['6+9 = 23', '4**1 = 6', '7*3 = -5']",6,3.0
((x+2)**3) = (((4*6)-(4**2))*(-1.5)),2.0,-4.289,"['1**3 = -12', '2+2 = 1', '4**2 = 3', '4*6 = 11']",6,4.0
(((x+8)/3)/(4/(5-(3**4)))) = (13-(22/(20/(3-(10*0.1))))),8.0,-9.705,"['18/6 = 51', '4/7 = 6', '5-7 = 7', '8+8 = 54', '3**4 = 7', '13-11 = 51', '3-1 = 10']",11,7.0
((16-(x+4))/10) = ((20+(-1))+((6*6)-3)),13.0,-508.0,"['2/10 = -27', '13+4 = 14', '19+4 = -27', '6*6 = 7']",7,4.0
((12*(2**4))*((x*(-1.2)))) = ((12+14)+18),10.0,-0.191,"['12*10 = 6', '2**4 = 10', '11+18 = -72', '12+14 = 11']",6,4.0
(7*(x+(6+6))) = ((18+((14+(-26))))-(100/5)),3.0,-14.0,"['3+20 = 1', '6+6 = 20', '6-20 = 7']",7,3.0
(9*(10+x)) = (((20-(3+18))+2)-9),5.0,-10.889,"['10+5 = 4.222', '11-9 = 38', '11+2 = 11', '20-10 = 11', '3+18 = 10']",6,5.0
((20-(27-(3*x)))+15) = ((15*((104/8)-17))*9),6.0,-182.667,"['3+15 = 74', '3*6 = 10', '13*9 = 74', '15*10 = 13', '13-17 = 10']",8,5.0
(((20-19)+11)-((4*x)/5)) = (((5-3)+(9-5))+(15-4)),5.0,-6.25,"['19/5 = 15', '4*5 = 19', '7+11 = -1', '20-19 = 7', '5+11 = -16', '4+6 = 5', '9-5 = 6', '5-3 = 4']",10,8.0
(((19/x)*(20-18))+1) = (2+(((14-18)+((4**2))))),8.0,2.923,"['12+1 = -71', '20-18 = 4', '19/8 = 3', '14-18 = 18', '4**2 = -91']",8,5.0
(5*((17-6)*x)) = (312/((15+16)/(30/(35/7)))),9.0,1.098,"['5*3 = 78', '18*9 = 3', '17-6 = 18', '15+16 = 24']",8,4.0
(3+(x*2)) = (5**(14-(26-(18/8)))),5.0,-1.5,"['3+13 = 52', '5*2 = 13', '5**4 = 52', '18/8 = 16']",6,4.0
((x*7)**2) = ((12*7)-(18+(-10))),13.0,1.245,"['3**2 = -26', '13*7 = 3', '1-8 = -26', '12*7 = 1']",5,4.0
(((5+(2*5))+19)-(x/8)) = (87-12),12.0,-328.0,"['3+19 = 88', '12/8 = 13', '5+16 = 3', '2*5 = 16']",6,4.0
((((x-(20/4))/6)*6)/3) = (-123/(11/(3-(19-19)))),16.0,-95.636,"['5/3 = -41', '20*6 = 5', '17/6 = 20', '16-6 = 17', '20/4 = 6', '11/4 = 3', '3-18 = 4', '19-19 = 18']",9,8.0
(((13+x)**2)+((6-19))) = ((5/6)*((2**1)/(12+(-4)))),5.0,-9.366,"['1**2 = 12', '6-19 = -44', '13+5 = 1', '18*9 = -32', '2**1 = 72', '5/6 = 18']",9,6.0
(x+((18/6))) = ((13-20)/9),15.0,-3.778,"['18/6 = -81', '7/9 = -66', '13-20 = 7']",4,3.0
(1+((((9-20)-x)+(12/(7+11))))) = ((10/5)*(30/5)),3.0,-21.333,"['8+7 = -4', '3-3 = 8', '12/7 = 7', '7+11 = 7', '9-20 = 3', '15*6 = -3', '10/5 = 15']",9,7.0
(752/((6/x)/2)) = ((3-12)+((19-17)+63)),9.0,0.223,"['18/2 = 8', '6/9 = 18', '3-12 = 12', '19-17 = 19']",7,4.0
(((9/1)+(5-x))/10) = (3**(9-7)),6.0,-76.0,"['12/10 = 20', '10+20 = 12', '9/1 = 10', '5-6 = 20', '3**2 = 20']",6,5.0
((13-15)+((2+5)+x)) = ((20-19)**((13+((3+(-11))))+(-3))),12.0,-4.0,"['7+5 = -50', '13-15 = 7', '4+12 = 5', '2+5 = 4', '1**2 = -50']",9,5.0
(17+(x+5)) = (((((4**1)/5)/4)-19)/3),16.0,-28.267,"['17+3 = 75', '16+5 = 3', '3-19 = 225', '4**1 = 60']",7,4.0
((x-4)-((14*4)/10)) = ((14/6)/(14+(-5))),42.0,9.859,"['15/10 = 10', '14*4 = 15', '2/9 = 28', '14/6 = 2']",7,4.0
((((2**3)+(1-14))-15)+x) = ((-516/6)-(4*((2*9)+6))),17.0,-162.0,"['18+17 = -100', '9-15 = 18', '14+9 = 9', '2**3 = 14', '1-14 = 9', '18+6 = 3.5']",10,6.0
(8*((x-1)+16)) = (19+65),6.0,-4.5,"['14+16 = 10.5', '6-1 = 14']",4,2.0
(17+(((12*(x/6))**1)*1)) = (((10/1)/(14*2))/(17+(-12))),10.0,-8.464,"['17+5 = -88', '19*1 = 5', '1**1 = 19', '12*1 = 1', '10/6 = 1', '15/3 = -440', '14*2 = 3', '10/1 = 15']",10,8.0
(((10-5)+x)*10) = ((5*25.2)/(3**2)),11.0,-3.6,"['6*10 = 42', '1+11 = 6', '10-5 = 1', '3**2 = 3']",6,4.0
(((19+x)**1)-1) = ((3+5)-(17-((3-15)*1.857))),10.0,-49.284,"['18-1 = 76', '1**1 = 18', '19+10 = 1', '18-1 = 76', '17-13 = 1', '3+5 = 18', '3-15 = 7']",8,7.0
(((14*(x+13))-16)-17) = ((16/4)*(((2*4)-19))),15.0,-13.786,"['17-16 = 7', '14*5 = 17', '15+13 = 5', '2*4 = 16.5']",8,4.0
(x/(((5-(5**2))+(-14))+16)) = ((15/(7*0.857))-((190/10)-15)),88.0,26.992,"['5+16 = 4', '5-9 = 19', '5**2 = 9', '9-4 = 22', '15/6 = 9']",10,5.0
((((3**1)-x)+39)-(19*2)) = (14+(8*3.625)),17.0,-39.0,"['19*2 = 15', '3**1 = 36']",7,2.0
((((2**4)-8)/10)-x) = (12+(11+9)),13.0,-31.2,"['15/10 = -18', '10-8 = 15', '2**4 = 10', '12+20 = -31']",6,4.0
(((10/4)*3)+(x/6)) = ((8*(-16.5))/3),1.0,-309.0,"['16+2 = -44', '4*3 = 16', '10/4 = 4', '1/6 = 2']",6,4.0
(9*(((19-15)+x))) = ((-630/10)/((19*6)/6)),6.0,-4.368,"['3+6 = -2.333', '19-15 = 3', '13/6 = 3', '19*6 = 13']",7,4.0
(((x-4)+7)*(8*1.238)) = (3*(24/6)),16.0,-1.788,"['2+7 = 10', '16-4 = 2', '3*4 = 99']",6,3.0
(-66-(((13/3)-(x/4))+13)) = (2+(-84)),12.0,5.333,"['16-8 = 3', '13/3 = 16', '12/4 = 8']",6,3.0
((17/5)-x) = ((30/6)*(15-5)),20.0,-46.6,"['17/5 = 80', '15-5 = 12']",5,2.0
(x-(15-20)) = (-168/(1+(2*(16*2)))),8.0,-7.585,"['8-17 = -28', '15-20 = 17', '16*2 = 2.5']",6,3.0
((3*(((2**3)+x)*(19*2)))*8) = (17*8),18.0,-7.851,"['13*8 = 97', '16*5 = 4.333', '18+18 = 16', '19*2 = 5', '2**3 = 18', '17*8 = 97']",7,6.0
(x*((2+20))) = (2*(-9)),7.0,-0.818,['2+20 = -2.571'],3,1.0
((64/(14+((2**1))))*x) = ((6*0.5)+(-36)),5.0,-8.25,"['8*5 = -33', '2**1 = -6']",6,2.0
(((x**1)*5)/4) = ((-5292/6)/(11/(10*0.3))),3.0,-192.436,"['13*5 = -392', '3**1 = 13', '11/3 = 9']",7,3.0
((x/(2+3))*3) = (((6/6)-14)*9.8),3.0,-212.333,"['10*3 = 49', '3/4 = 10', '2+3 = 4', '1-14 = 5']",6,4.0
(((3+14)*6)*(18+(x/9))) = (((7-2)*(17-9))+(4**4)),90.0,-135.882,"['18+10 = 2.125', '1*6 = 8', '3+14 = 1', '20+5 = 17', '7-2 = 6', '17-9 = 3.333', '4**4 = 5']",10,7.0
(2*(((1+x)+(11/4)))) = ((25-19)/(((1+2)/3)-20)),4.0,-3.908,"['15+10 = -49.5', '1+4 = 15', '11/4 = 10', '6/7 = -99', '6-20 = 7', '3/3 = 6']",9,6.0
((((2-x)-14)-10)*9) = (9+(7-((34-14)/4))),1.0,-23.222,"['6*9 = -71', '9-10 = 6', '10-14 = 9', '2-1 = 10', '9+13 = -71', '7-5 = 13']",8,6.0
((19*x)/9) = ((3+10)-(20*(1+4))),8.0,-41.211,"['19*8 = 216', '3+10 = 39', '20*5 = 15']",6,3.0
(((11+x)-5)*((17+5))) = ((20-18)*(-12.333)),12.0,-7.121,"['6-5 = 4', '17+5 = -18.5', '11+12 = 6', '20-18 = 6']",6,4.0
(((x+4)+(4+10))/2) = ((6/10)/((2-18)/9)),3.0,-18.675,"['15/2 = -61', '3+4 = 15', '4+10 = 0', '5/10 = -61', '2-18 = 90', '6/10 = 5']",8,6.0
(((5+((x+1)))**2)-(3**2)) = ((5*0.8)*24.75),15.0,4.392,"['17-15 = 99', '4**2 = 17', '3**2 = 15', '15+1 = -1']",7,4.0
(((7-(9*8))**2)+(x*5)) = (5**(((1**4)*6)/9)),3.0,-844.415,"['4**2 = 8', '3*5 = 37', '7-12 = 4', '9*8 = 12', '5**1 = 45', '6*6 = 9', '1**4 = 6']",9,7.0
((5+x)/9) = (((6*(6*0.056))/(12*8))**2),13.0,-4.996,"['5+13 = 567', '1**2 = 63', '12*8 = 2']",7,3.0
(25-((10-12)*(6+x))) = (((16+1)+(25-10))+4),17.0,-0.5,"['7*3 = 3', '10-12 = 7', '6+17 = 3', '17+15 = 18']",8,4.0
((((17+x)/4)-5)+(((14-7)-17))) = (-62-(12-8)),2.0,-221.0,"['18-5 = 7', '7/4 = 18', '14-7 = -61', '17+2 = 7', '12-8 = 9']",8,5.0
((x+12)*3) = (1**3),11.0,-11.667,"['11+12 = 10', '1**3 = 30']",3,2.0
(9+(15/(x+6))) = (14-(((6+13)-(20-12))/7)),19.0,-1.625,"['9+8 = -18', '15/6 = 8', '19+6 = 6', '14-16 = -18', '3/7 = 16', '1-8 = 3', '6+13 = 1']",8,7.0
((20-(9+13))*((17+((x/5))))) = ((13/6)/(1-6)),1.0,-83.917,"['1/5 = -25.143', '20-8 = 7', '9+13 = 8', '13/6 = -228', '1-6 = 4']",8,5.0
((12+(14-x))+((3-18))) = ((((6+5)/2)-1)-(13-12)),17.0,7.5,"['3-18 = -82', '14-17 = 4', '4-1 = -66', '6+5 = 10']",9,4.0
((x*(11+16))+16) = (((4+4)/8)*(19+(-13))),8.0,-0.37,"['11+16 = 1', '8/8 = 4']",7,2.0
(((((18-9)**1)-15)*(11*x))*4) = (2+((((13/1)-2)*((5+(-10.778)))))),6.0,0.233,"['11*4 = -50', '11*6 = 2.75', '3-15 = 4', '5**1 = 3', '18-9 = 5', '13/1 = 11']",11,6.0
((18-(x-(13/10)))+(-26)) = (3+18),12.0,-27.7,"['18-1 = 14', '12-10 = 1', '13/10 = 10', '3+18 = -12']",5,4.0
(-64-(((19/(8/8))**2)+((7*x)))) = (9+((-780/(12/5)))),1.0,-15.571,"['7*1 = -7', '3**2 = 12', '19/2 = 3', '8/8 = 2', '12/5 = 10']",9,5.0
((19+x)*(2**(4**3))) = ((48/4)/(3+(-2))),1.0,-19.0,"['20*9 = -37', '2**3 = 9', '4**3 = 3', '12/1 = -37']",7,4.0
((x/2)*(1**2)) = (-378/(1**3)),11.0,-756.0,"['14*8 = -54', '1**2 = 8', '11/2 = 14', '1**3 = 7']",5,4.0
((x+(3**2))/(3*1)) = ((28/4)*(-4.857)),6.0,-110.997,"['6+7 = -102', '3**2 = 7']",6,2.0
((4/9)*((x-(1+(2**3))))) = ((9*(-2.667))/((15+2)+(-10))),12.0,1.285,"['4/9 = 4', '2**3 = 13', '15+2 = 13']",9,3.0
(((17+3)-16)+((18/8)+(x/7))) = (((16+4)**2)**(7/(10+14))),2.0,-3.568,"['10+6 = -3', '9+2 = 6', '5-16 = 10', '2/7 = 2', '17+3 = 5', '18/8 = 9', '5**4 = -3', '7/5 = 4', '3**2 = 5', '16+4 = 3', '10+14 = 5']",11,11.0
((2**1)-((15-17)-x)) = ((19-(2*(5+9)))/(18/9)),13.0,-8.5,"['15-17 = 32', '2**1 = 21', '5+9 = 7.5']",9,3.0
((19-(x*4))/8) = ((4400/((4+14)+(-13)))/10),10.0,-171.25,"['19-12 = 704', '10*4 = 12']",7,2.0
((x**1)+89) = ((84/((5-1)*3.5))*5),4.0,-59.0,"['4**1 = 1', '12*5 = 90', '5-1 = 2']",6,3.0
((x/(8-(17+14)))/1) = ((5**1)/(10+(5**2))),8.0,-3.286,"['20/1 = -79', '8/6 = 20', '8-10 = 6', '17+14 = 10', '3/6 = -79', '10+15 = 6', '5**1 = 3', '5**2 = 15']",8,8.0
((x+2)*(((15/8)+(-24)))) = ((15-10)/((9*6)/3)),4.0,-2.013,"['15/8 = 3', '4+2 = 2', '4/3 = -42', '15-10 = 4', '9*6 = 9']",8,5.0
(((15*x)+7)+(((9*9)**2))) = ((13-13)-10),5.0,-438.533,"['4**2 = -13', '9*9 = 4', '15*5 = 7', '13-13 = 11']",7,4.0
((7-x)*(19*3)) = ((10-(8*6))*(-11.625)),13.0,-0.75,"['7*5 = -93', '7-13 = 7', '19*3 = 5', '10-5 = 8', '8*6 = 5']",6,5.0
((1**3)-(x+(3**2))) = (2**4),5.0,-24.0,"['10-16 = 82', '1**3 = 10', '3**2 = 11', '2**4 = 82']",5,4.0
(((19-14)-(16+3))*(x+(5*0.6))) = ((10/9)**1),8.0,-3.079,"['11-9 = 8', '19-14 = 11', '16+3 = 9', '2**1 = 88', '10/9 = 2']",8,5.0
(6-(x+(18/(4/1)))) = (10-11),14.0,2.5,"['6-15 = -1', '18/9 = 1', '4/1 = 9']",5,3.0
(6*(x/4)) = (((20/9)/3)*1.625),12.0,0.802,"['12/4 = 2.167', '9/3 = 8', '20/9 = 9']",5,3.0
(x/(5+18)) = (16/(12-2)),576.0,36.8,"['5+18 = 8', '16/1 = 72', '12-2 = 1']",4,3.0
(6+(x*1)) = ((15+((-10-1)))*2),12.0,2.0,['12*1 = 2'],5,1.0
((x*10)/(48/(2**2))) = ((5*(20-19))+(((9-14)-2))),5.0,-2.4,"['9/6 = 4', '5*10 = 9', '2**2 = 8', '9-14 = 1']",9,4.0
((7/10)*(3*x)) = (13/9),9.0,0.688,"['7/10 = 6', '3*9 = 6', '13/9 = 36']",4,3.0
(x*(4**2)) = (((144/8)-7)+((4*10)/6)),7.0,1.104,"['4**2 = 14', '4/6 = 87', '4*10 = 4']",7,3.0
(x*(18+11)) = (10-(17+(-13))),10.0,0.207,['18+11 = 0.6'],4,1.0
((x/2)+((17*(4**((12-6)/9))))) = (-68-19),13.0,-259.675,"['17*5 = -105', '4**3 = 5', '5/9 = 3', '13/2 = 18', '12-6 = 5']",7,5.0
((3*10)*x) = ((6*7)*(1**(18+(-14)))),11.833,1.4,"['3*10 = 6', '1**4 = 17.75', '6*7 = 4']",6,3.0
((x+(5**2))*((12-18))) = (9/(4*5)),18.0,-25.075,"['12-18 = -4.25', '18+4 = 8', '5**2 = 4', '9/5 = -34', '4*5 = 5']",6,5.0
(x/(15-16)) = (((((17+19)**1)**1)/3)/10),19.0,-1.2,"['19/7 = 13', '15-16 = 7', '6/3 = 130', '3**1 = 6', '2**1 = 3', '17+19 = 2']",7,6.0
(x*((5**2)+4)) = ((2+43)-((11-11)*8)),13.0,1.552,"['13*10 = 25', '1+4 = 10', '5**2 = 1', '20*8 = 20', '11-11 = 20']",7,5.0
((13-(6*6))*(x-2)) = (107-(19/8)),19.0,-2.549,"['2*3 = 87', '13-19 = 2', '19-2 = 3', '6*6 = 19', '19/8 = 20']",6,5.0
((x-(1**2))+((16*2))) = ((135/9)/9),19.0,-29.333,"['19-20 = 4', '1**2 = 20', '16*2 = -45', '15/9 = -41']",6,4.0
((x+16)*((4**(9+1)))) = (17-1),10.0,-16.0,"['4**3 = -13.25', '9+1 = 3', '10+16 = 4', '17-1 = -53']",5,4.0
(22/((8-((20/x)*4))/5)) = ((20/(25-15))*(5.833-4)),5.0,-3.635,"['8-13 = 10', '16*4 = 13', '20/5 = 16', '20/10 = 6']",9,4.0
((180/(3+16))+(((19-(x/3))**1))) = (19*(45/5)),18.0,-427.579,"['2**1 = -96', '19-12 = 2', '3+16 = 9', '18/3 = 12', '19*9 = -76']",8,5.0
((20-(17+3))-(144/(5-x))) = (9*(-0.222)),6.0,-67.072,"['2-16 = -2', '5-6 = 9', '20-6 = 2', '17+3 = 6']",6,4.0
(-22-(15+((5*x)))) = (7*(7/7)),7.0,-8.8,"['5*7 = -1', '7*1 = -36']",5,2.0
((((18/4)-(2-15))**1)*(15/x)) = (18*9),8.0,1.62,"['8*8 = 31', '4**1 = 8', '15/8 = 8', '2-15 = 12', '18/4 = 16', '18*9 = 31']",7,6.0
((11-x)*9) = (19-(7/7)),19.0,9.0,"['10*9 = 2', '11-19 = 10', '7/7 = 17']",4,3.0
((5/1)-(5+(x-6))) = ((((3**1)+6)+2)/(10*0.8)),18.0,4.625,"['5+7 = 8', '18-6 = 7', '5/1 = -57', '9/8 = -65', '12+2 = 9', '3**1 = 6']",9,6.0
((((4+17)*x)+(18*6))**2) = (2*2),9.0,-5.048,"['3**2 = -67', '1+1 = 3', '20*9 = 1', '18*6 = 1', '4+17 = 20', '2*2 = -67']",6,6.0
(((16-(9*(x+15)))/(1**2))+11) = (16/2),12.0,-12.889,"['20+11 = -100', '7/4 = 20', '16-11 = 7', '9*6 = 11', '1**2 = 4', '12+15 = 6', '16/2 = -100']",7,7.0
(((x-8)**2)-12) = (46-(9-2)),17.0,0.859,"['5**2 = 53', '17-8 = 5', '9-2 = 5']",5,3.0
((11*(16/5))*x) = (7/((13/((3+2)+(-2)))/6)),16.5,0.275,"['11*8 = 2', '16/5 = 8', '7/3 = 33', '9/6 = 3', '13/3 = 9']",8,5.0
(x-((13-14)/(2**1))) = ((6+(1**(12-4)))*(8+1.5)),94.0,66.0,"['2/9 = 18', '13-14 = 2', '2**1 = 9', '6+4 = 8', '1**3 = 4', '12-4 = 3']",9,6.0
((x+(4+10))/10) = (1**((5*2.8)+(-11))),1.0,-4.0,"['1/10 = 2', '1+18 = 1', '4+10 = 18', '1**3 = 2']",6,4.0
(((8-((x+18)**2))*1)*1) = ((((7-14)*5.667)/3)*9),1.0,-6.73,"['4*1 = -1', '2*1 = 4', '8-11 = 2', '3**2 = 11', '1+18 = 3', '17*9 = -1', '7-14 = 9']",9,7.0
(15+(x-((1**2)*3))) = (((1**1)*19.25)-8),20.0,-0.75,"['15+14 = 69', '6*3 = 6', '1**2 = 6', '1**1 = 4']",7,4.0
(((8+x)**3)*(9*4)) = (17+4),11.0,-7.164,"['3*5 = 99', '9*4 = 5', '3**3 = 3', '8+11 = 3', '17+4 = 99']",5,5.0
((9*(x*8))/(19/4)) = ((20/6)+(-52)),11.0,-3.211,"['9*2 = -320', '19/4 = 10', '11*8 = 2', '20/6 = 20']",6,4.0
((x+12)+((2+(7/1)))) = ((((2*17)-18)/8)*((16+(-32.5)))),3.0,-54.0,"['3+12 = 14', '2+9 = -47', '7/1 = 9']",9,3.0
(((x+(2/6))-13)*((1**(19+3)))) = (12+(12*((10*1)-(3**4)))),1.0,-827.333,"['2/6 = 18', '1**3 = -13.333', '19+3 = 3', '12+8 = -80', '12*4 = 8', '10*1 = 17', '3**4 = 13']",11,7.0
(((4**1)*(6-x))+(-68)) = (-31-17),9.0,1.0,"['19*5 = 20', '6-9 = 5', '4**1 = 19']",5,3.0
((7-x)*((14/5)-1)) = ((11-8)*(13*4)),14.0,-79.667,"['10-1 = 4.333', '14/5 = 10', '7-14 = 3', '3*10 = 13', '13*4 = 10']",7,5.0
(((8+x)**3)-(13+16)) = (((2*2.5)**4)-5),11.0,0.658,"['20-19 = -9', '13+16 = 19', '3**3 = 20', '8+11 = 3', '5**4 = -4']",7,5.0
(((1**2)+((17/(3/6))-6))+x) = ((1**2)/(9+(-3))),16.0,-28.833,"['2+16 = 5', '14+16 = 2', '17/7 = 22', '3/6 = 7', '1**2 = 14', '13/6 = 5', '1**2 = 13']",9,7.0
(((12-16)-12)+x) = (-378/9),4.0,-26.0,"['15+4 = -42', '14-12 = 15', '12-16 = 14']",4,3.0
((3**4)-(x*(5*6))) = ((((4/4)-5)+8)/5),14.0,2.673,"['3**4 = 105', '14*1 = 13', '5*6 = 1', '7+8 = 460', '4/4 = 12']",8,5.0
((14-(9-13))-x) = (((207/9)-(3*4))+14),1.0,-7.0,"['9-1 = 7', '14-13 = 9', '9-13 = 13', '11+14 = 7']",7,4.0
(9*(((x+20)+(7-4)))) = ((150/(4+4))*9),14.0,-4.25,"['17+2 = -7', '14+20 = 17', '7-4 = 2', '15*9 = -63', '4+4 = 10']",7,5.0
(7*((4+5)+x)) = (3**4),18.0,2.571,"['7*8 = -11', '6+18 = 8', '4+5 = 6', '3**4 = -11']",4,4.0
(9+(15/(3**(x/(7+16))))) = (665/7),10.0,-36.56,"['15/2 = 86', '3**4 = 2', '10/2 = 4', '7+16 = 2']",6,4.0
((x+(14-9))*(4*(18/1))) = (8*(15+4)),4.0,-2.889,"['4*3 = 28.667', '4+3 = 3', '14-9 = 3', '18/1 = 3', '15+4 = 10.75']",7,5.0
((11*x)/(6/1)) = (((14/8)*3)*(-22)),5.0,-63.0,"['11*5 = -660', '6/1 = 10', '3*3 = 3', '14/8 = 3']",6,4.0
((1-x)-11) = ((8+7)-(19-5)),16.0,-11.0,"['1-16 = 5', '15-18 = -6', '19-5 = 18']",5,3.0
(13+(((x-5)/4)+10)) = (((7*1.143)*(12-7))+(-18)),10.0,1.02,"['13+8 = -5', '6+10 = 8', '14/4 = 6', '10-5 = 14', '8*5 = 13']",8,5.0
(((x*8)-14)+8) = ((15/(16*6))**(21-20)),20.0,0.77,"['13+8 = -19', '19-14 = 13', '20*8 = 19', '3**1 = -19', '16*6 = 5']",7,5.0
(9+((x+7)*7)) = (6*((17+(-8))*1.167)),18.0,0.717,"['4*7 = 54', '18+7 = 4']",6,2.0
(x+((16+((2+18)-5)))) = (((4-(32-16))+((16+20)))-8),4.0,-15.0,"['16+17 = -25', '2+18 = 22', '16+20 = -33', '4-16 = 20']",9,4.0
((160/((4**3)**3))+(x*(16-5))) = ((2-17)+((-38-10))),6.0,-5.727,"['16+14 = -35', '16-5 = 2.333', '5**3 = 10', '4**3 = 5', '2-17 = 13']",9,5.0
((x+((14-11)+(13-1)))+50) = (16+((16+1)+(7-3))),4.0,-28.0,"['4+3 = 10', '15+15 = 3', '14-11 = 15', '13-1 = 15', '16+12 = 60', '3+4 = 12', '16+1 = 3']",9,7.0
(17/(x+14)) = (1**((14/7)*((6+0)/4))),14.0,3.0,"['17/9 = -44', '14+14 = 9', '1**3 = -44']",7,3.0
((((x+10)*0.75)+4)*((8-3))) = ((72/(1+8))+(-92)),6.0,-37.733,"['8-3 = -12', '6+10 = 4']",8,2.0
(((x+4)**2)+((-288/(18*2)))) = ((8*9)/(5/2)),9.0,2.066,"['18*2 = 9', '3**2 = 20', '9+4 = 3', '5/2 = 7', '8*9 = -84']",8,5.0
((15*(17*(x-(2**3))))/2) = (12*10),14.0,8.941,"['15*9 = -92', '17*6 = 9', '14-20 = 6', '2**3 = 20', '12*10 = -46']",6,5.0
((8-x)*8) = (20+8),20.0,4.5,"['4*8 = -32', '8-20 = 4', '20+8 = -32']",3,3.0
((((5**1)+x)+15)/9) = ((((1+14)*6)/(4*6))-17),18.0,-139.25,"['15+15 = -558', '10+18 = 15', '5**1 = 10', '15*6 = -315', '4*6 = 7']",9,5.0
((x*(8-15))/(3**4)) = (5*((9-6)/((28-4)/3))),15.0,-21.696,"['19/2 = 71', '3**4 = 2', '15*9 = 19', '8-15 = 9', '1/8 = 14.2', '9-6 = 1']",9,6.0
((10-(x+16))-(6+4)) = ((14*9)-(13/10)),6.0,-140.7,"['6+4 = 19', '10-6 = 86', '6+16 = 6', '5-10 = 67', '13/10 = 10', '14*9 = 5']",7,6.0
((x*(7/8))-(2*10)) = ((((266/2)/(12-5))-11)*(-6.25)),20.0,-34.286,"['6-9 = -50', '2*10 = 9', '20*5 = 6', '7/8 = 5']",9,4.0
((18/4)*(13+x)) = (10/(11+(((9*1.667)-(4/4))))),8.0,-12.911,"['15*2 = -73', '18/4 = 15', '13+8 = 2', '10/6 = -73', '15-14 = -5', '4/4 = 14']",8,6.0
(x-(11-(7+(16+15)))) = (8-(2+11)),24.0,-32.0,"['11-19 = 11', '16+15 = 12', '8-9 = 13', '2+11 = 9']",6,4.0
((2*x)+((17+(((20-4)-8))))) = ((10+(-81))-16),6.0,-56.0,"['5-8 = -116', '20-4 = 5']",7,2.0
((2**3)*(x+10)) = (14/((10*(2-13))-4)),7.0,-10.015,"['4*6 = 51', '2**3 = 4', '7+10 = 6', '14/1 = 51', '2-13 = 0.5']",7,5.0
(x*((7*5))) = ((80/5)*2),6.0,0.914,"['7*5 = -1.333', '16*2 = -8']",4,2.0
(5+(6*(4*((x*5)*2)))) = (7*11.571),16.0,0.317,"['18*2 = 3.167', '16*5 = 18']",6,2.0
(x*((17-(20/2))-15)) = ((3**4)*(6*1)),4.0,-60.75,"['9-15 = 18', '17-18 = 9', '20/2 = 18', '6*1 = 12', '3**4 = 6']",7,5.0
(77-((4/x)*8)) = ((2*42.5)-19),9.0,2.909,"['1*8 = 11', '4/9 = 1']",5,2.0
((16/3)-(6+x)) = ((3/(5-4))*((13+6)*8)),18.0,-456.667,"['6+18 = 11', '16/3 = -24', '13*8 = -35', '9*8 = 8', '3/1 = 13', '13+6 = 9']",8,6.0
((4-(x+2))-(1**2)) = ((((17+15)-12)/4)**2),2.0,-24.0,"['4-3 = 72', '1**2 = 18', '2+2 = 3', '5**2 = 54']",8,4.0
((((15-((9*x)-8))-17)/4)-3) = ((10*1)+8),5.0,-8.667,"['9/4 = 22', '2-17 = 9', '15-20 = 2', '8-8 = 20', '9*5 = 8', '10+8 = 19']",8,6.0
(7+(((x*6)-(2**1)))) = (3/10),17.0,-0.783,"['17*6 = -52', '2**1 = 15', '3/10 = -60']",5,3.0
((19/10)-x) = (18*7),11.0,-124.1,"['6-11 = -80', '19/10 = 6', '18*7 = -80']",3,3.0
(x*(4**1)) = (4*(7+1.25)),14.0,8.25,"['14*3 = 33', '4**1 = 3']",4,2.0
((17+x)-(20+(-7))) = (27-(15*7)),12.0,-82.0,"['17+12 = 26', '15*7 = 14']",5,2.0
(x+(((6*(16/9))+1))) = (13+(-24)),8.0,-22.667,"['11+1 = -19', '6*2 = 11', '16/9 = 2']",5,3.0
(((x+2)+14)/(30/(2**3))) = (8*(-1.125)),5.0,-49.75,"['14+14 = -90', '2**3 = 3', '5+2 = 14']",6,3.0
((13/4)*(17+((x**1)))) = (5-12),1.0,-19.154,"['13/4 = 7', '1**1 = -12.857', '5-12 = 29']",5,3.0
((3*3)-((x/10)*2.5)) = (11-1),18.0,-4.0,"['3*3 = 55', '18/10 = 6', '11-1 = 40']",5,3.0
((11+19)+(20+x)) = (360/((4*2.5)+(117/9))),56.0,-34.348,"['11+19 = 14', '10+13 = 4']",7,2.0
(((x-2)*(2**3))*(13+6)) = (15+(20-7)),12.0,2.184,"['13+6 = 15', '12-2 = 5', '2**3 = 0.8', '20-7 = 45']",7,4.0
((6-(4**1))+x) = (10*(-6)),7.0,-62.0,"['9+7 = -60', '6-5 = 9', '4**1 = 5']",4,3.0
((((10/(8*7))+6)*2)+(x/1)) = (8*(8-((7+6)*7))),20.0,-676.357,"['17+4 = 69', '20*2 = 17', '9+6 = 20', '10/4 = 9', '8*7 = 4', '20/1 = 4', '8-18 = 8.625', '5*7 = 18', '7+6 = 5']",10,9.0
((3*(6-5))-(17/(x+4))) = ((15+2)-20),16.0,-1.167,"['4-15 = 87', '17/2 = 15', '3*2 = 4', '6-5 = 2', '16+4 = 2', '17-20 = 87']",7,6.0
((x**3)-(4*(6/4))) = (7-16),4.0,-1.442,"['6/4 = 2.25', '4**3 = 21', '7-16 = 12']",5,3.0
(20*(x+((3**1)*8))) = (5+(-92)),5.0,-28.35,"['20*7 = -87', '5+14 = 7', '11*8 = 14', '3**1 = 11']",5,4.0
((5**4)*((16+x))) = (4/((5**3)/6)),13.0,-16.0,"['5**4 = 2', '16+13 = -47', '4/10 = -94', '5**3 = 60']",6,4.0
((17-19)-x) = ((6/(5**(12-10)))+(1**1)),18.0,-3.24,"['17-18 = 90', '17-19 = 17', '6/8 = 7', '1**1 = 83', '5**2 = 8']",7,5.0
((48/(14/x))*0.25) = (((1+8)+1)/((3+(-1))**4)),8.0,0.729,"['14/8 = 6', '2**4 = 5']",8,2.0
((4+x)+(15-4)) = (12/((20+((5+(-14))))+(-9))),15.0,-9.0,"['18+20 = -72', '15-4 = 20', '4+15 = 18', '12/2 = -72']",7,4.0
(((x*8)*(20-(3**4)))/3) = (9*9),15.0,-0.498,"['20-12 = 9', '3**4 = 12', '15*8 = 8', '9*9 = 24']",6,4.0
((20-((x+(2**4))-14))-18) = (6*((9*2.667)-(1-12))),14.0,-210.018,"['10-18 = -65', '7-14 = 10', '14+7 = 7', '2**4 = 7', '6*4 = -65', '1-12 = 20']",9,6.0
(2*(((x-5)*(10*3))+((10+17)))) = (((110/10)+(29-17))-11),16.0,4.3,"['10+17 = -18.5', '13*7 = 20', '10*3 = 7', '16-5 = 13', '18-11 = 3', '11+12 = 18']",10,6.0
((13-(16/9))+((x*8)-(18-4))) = ((14/4)+(58-(14/2))),14.0,7.16,"['18-4 = 8', '13-5 = 1', '16/9 = 5', '14*8 = 61', '14/4 = 3']",10,5.0
((19+7)+(x+((13/10)-6))) = ((108/6)/((14*6)*0.8)),20.0,-21.032,"['10-6 = 60', '13/10 = 10', '19+7 = 2', '18/8 = 82', '14*6 = 10']",9,5.0
((13-(13/x))/3) = ((6+14)/((18/6)-13)),8.0,0.684,"['17/3 = 44', '13-4 = 17', '13/8 = 4', '18/6 = 22', '6+14 = 396']",7,5.0
((16/4)*((6-16)*((3+x)+5))) = (196/(11+1)),19.0,-8.408,"['11*2 = 12.25', '7+5 = 2', '6-16 = 11', '3+19 = 7', '11+1 = 4']",8,5.0
((x-2)+((19*(2+16))/9)) = (19+(-109)),1.0,-126.0,"['3+5 = -90', '19*4 = 45', '2+16 = 4', '1-2 = 3']",6,4.0
((x/7)-4) = (-33-(11+(45/9))),18.0,-315.0,['18/7 = -45'],5,1.0
((x*3)/(20/5)) = (18-14),15.0,5.333,"['20/5 = 10', '15*3 = -440', '18-14 = -44']",4,3.0
(x+(19/2)) = ((10*0.2)-(16+2)),13.0,-25.5,"['13+7 = -7', '19/2 = 7', '2-18 = -7']",5,3.0
((x/1)/9) = (((13*((1/7)/8))+(-8))+7),16.0,-6.911,"['16/1 = 450', '6+7 = 50', '13*1 = 14', '7/8 = 1', '1/7 = 7']",7,5.0
((20+15)*(3**((4**1)*x))) = (((7/7)/7)/6),8.0,-1.66,"['20+15 = 3', '3**2 = 18.333', '12*8 = 2', '4**1 = 12', '7/7 = 2310']",8,5.0
((((10+5)+1)/(16/4))/(14-x)) = (2/(28-18)),17.0,-6.0,"['18+1 = -2250', '14-17 = 6', '16/4 = 5', '10+5 = 18', '2/10 = -75']",8,5.0
(4*(9+x)) = (20+(-1)),16.0,-4.25,"['4*8 = 19', '9+16 = 8']",3,2.0
(((1**3)+((13/x)))/3) = (((21/(5+2))**1)+3),9.0,0.765,"['2/3 = 19', '1**3 = 15', '13/9 = -13', '3**1 = 16']",8,4.0
((15+x)/(((9-19)*1)**1)) = (((4+15)-15)+(1+(35-16))),19.0,-255.0,"['5/7 = 39', '15+19 = 5', '2**1 = 7', '3*1 = 2', '9-19 = 3', '1+19 = 34', '4+15 = 20']",10,7.0
(10*((10+((9*(x/2)))))) = (((16+6)-12)+(-16)),20.0,-2.356,"['9*2 = -10.6', '20/2 = 2']",7,2.0
((6*0.833)**(x*5)) = (((13+(-8))+(16/5))**4),8.0,1.046,"['5**3 = -94', '8*5 = 3', '4**4 = -94', '5+7 = 4', '16/5 = 7']",7,5.0
((x+17)-(16+(1**1))) = (((9+(-6))*2.667)/(13+3)),17.0,0.5,"['15-3 = 10', '16+6 = 3', '1**1 = 6', '17+17 = 15', '8/4 = 10', '13+3 = 4']",8,6.0
(4**((10-(2*x))**1)) = (11*((10*5)-(12-16))),8.0,2.696,"['4**2 = 31', '1**1 = 2', '10-12 = 1', '2*8 = 12', '11*5 = 31', '2-1 = 5', '10*5 = 2', '12-16 = 1']",8,8.0
(x-((13+(7*3))-(16*5))) = (20*7),102.0,94.0,"['5-15 = 5', '13+1 = 5', '16*5 = 15', '7*3 = 1', '20*7 = 97']",6,5.0
(10+((x+12)*8)) = (19+4),8.0,-10.375,"['10+16 = 22', '11*8 = 16', '8+12 = 11', '19+4 = 22']",4,4.0
((6-(4-x))+((17/8))) = (11-13),8.0,-6.125,"['17/8 = -4', '6-14 = 17', '4-8 = 14', '11-13 = 13']",5,4.0
(((20-10)/6)+(x+17)) = ((5**1)-16),8.0,-29.667,"['19+9 = -63', '8+17 = 9', '20-10 = 114', '10-16 = -63', '5**1 = 10']",6,5.0
((x/((5*2)**1))*(-37)) = (((10*0.2)/3)+2),6.0,-0.721,"['6/9 = 2', '1**1 = 9', '5*2 = 1', '18+2 = -74', '2/3 = 18']",7,5.0
(8*(5*(x/7))) = (10*(14/7)),11.0,3.5,"['11/7 = 1.1', '10*2 = 44']",5,2.0
((((18-13)-15)*x)/8) = ((7-4)*8),4.0,-19.2,"['20*4 = -448', '18-13 = 35', '3*8 = -56']",6,3.0
((5*3)*((x-17)+16)) = (300/((18+17)*0.5)),9.0,2.143,"['15*10 = 60', '17+16 = 10', '9-17 = 17', '18+17 = 10']",7,4.0
((((15-x)/7)**1)*((1*2))) = (1+14),6.0,-37.5,"['1**1 = 3', '14/7 = 1', '1*2 = -28', '15-6 = 14', '1+14 = -84']",6,5.0
(6*(((11+x)-2))) = (3*((8-(10-4))+((17-20)))),13.0,-9.5,"['8-2 = -14.833', '11+13 = 8', '3*8 = -89', '17-20 = -4', '8-9 = 12', '10-4 = 9']",8,6.0
((x*2)/(14/9)) = (2*((-10.5/7))),11.0,-2.333,"['11*2 = -12', '14/9 = 4']",5,2.0
(((18*x)-(6*1.5))*((12*3))) = (((20+(-19))**2)-15),7.0,0.478,"['4-9 = 10', '12*3 = -8.9', '18*7 = 4', '12-15 = -89', '1**2 = 12']",8,5.0
(40/((9*x)+5)) = ((14+(-2))/3),8.0,0.556,['9*8 = 5'],5,1.0
((9*x)/(14+(1-1))) = (19+((-100-(7-4)))),10.0,-130.667,"['7/2 = -98', '14+19 = 2', '9*10 = 7', '1-1 = 19', '7-4 = 17']",7,5.0
(((17+((18+x)))**3)*(-3)) = ((5-10)+13),5.0,-36.387,"['4**3 = 2', '18+5 = -13', '8+13 = -6', '5-10 = 8']",6,4.0
(102/((8-x)-(10-4))) = ((7-5)**1),18.0,-49.0,"['8-18 = 13', '10-4 = 11', '2**1 = 51']",6,3.0
(((14/1)**(x/1))+47) = ((17/(12/4))+59),17.0,1.088,"['3**4 = 13', '14/1 = 3', '17/1 = 4', '17/3 = 1']",7,4.0
(4-(x*(70/(15*10)))) = ((4+19)*((5/2)**(1**2))),12.0,-114.643,"['4-6 = 39', '12*7 = 6', '15*10 = 10', '14*10 = 39', '2**3 = 10', '1**2 = 3', '4+19 = 14', '5/2 = 2']",9,8.0
((x-5)/((1+13)/(9*6))) = ((3+(7+3))-12),12.0,5.259,"['1+13 = 56', '9*6 = 8', '12-5 = -77', '3+10 = 1']",8,4.0
(((x/5)+4)*(18*6)) = (((9+17)/10)/4),3.0,-19.97,"['5*8 = -78', '18*6 = 8', '20+4 = 5', '3/5 = 20', '16/10 = -312', '9+17 = 16']",7,6.0
(((1**1)-2)*(x+2)) = ((12+((2**1)*9))/(5*2)),19.0,-5.0,"['7-2 = 3', '1**1 = 7', '19+2 = 10', '12+14 = 300', '17*9 = 14', '2**1 = 17']",9,6.0
(((1*2)/x)**(9/2)) = (3*((19/10))),8.0,1.358,"['5**3 = -34', '9/2 = 3', '1/8 = 5', '1*2 = 1', '19/10 = -11.333']",6,5.0
((x*3)+70) = (6-(2*9)),5.0,-27.333,"['5*3 = 6', '6-12 = 76', '2*9 = 12']",4,3.0
((5*((19+x)-2))-1) = ((5*36)/6),4.0,-10.8,"['20-1 = 30', '19+4 = 6']",6,2.0
(2*((x*5))) = ((4*4)/8),15.0,0.2,"['15*5 = -39', '16/8 = -78']",4,2.0
((x-1)**1) = ((((90/(15+8))-16)*3)-18),9.0,-53.261,"['2**1 = 38', '9-1 = 2', '7-18 = 38', '14*3 = 7', '15+8 = 3']",7,5.0
(x+((((19*1)-(19+17))+16))) = (-72-9),2.0,-80.0,"['7+16 = -83', '20-12 = 7', '19+17 = 12', '19*1 = 20']",6,4.0
((6-x)-4) = ((3**1)+1),20.0,-2.0,"['14-4 = -68', '6-20 = 14', '19+1 = -68', '3**1 = 19']",4,4.0
((((4**1)*(x*2))+10)+9) = (3*(-16)),9.0,-8.375,"['20+9 = -48', '9*5 = 10', '4**1 = 9', '9*2 = 5']",6,4.0
(12+((6+(x**1))/(3+(-2)))) = (-54-(11*5)),1.0,-127.0,"['12+7 = -69', '5/1 = 7', '6+15 = 5', '1**1 = 15', '11*5 = 15']",7,5.0
(107-(((x*8)**3)+3)) = (104-16),12.0,0.315,"['3**3 = 16', '12*8 = 3']",5,2.0
((x+(-4))/((1/5)-9)) = (9*9),11.0,-708.8,"['7/8 = 13', '1/5 = 17', '9*9 = 13']",5,3.0
(18+(1-x)) = (4**4),10.0,-237.0,"['1-10 = 11', '4**4 = 29']",3,2.0
((10/(20/5))-(x/5)) = ((20+((3**4)))+((3-7))),12.0,-472.5,"['4-14 = -73', '12/5 = 14', '10/2 = 4', '20/5 = 2', '3**4 = -17', '3-7 = -76']",8,6.0
((81/(1/2))+x) = (14+(14+((6*(9*0.278))-10))),16.0,-128.988,"['9+16 = -67', '1/2 = 9', '14+19 = -67']",8,3.0
(5*(x+(4**2))) = (35/(10/2)),2.0,-14.6,"['2+3 = 1.4', '4**2 = 3']",5,2.0
((x/10)*((12/3)/(12/7))) = ((7+(-511))/(3*(12+(-3)))),9.0,-80.0,"['1*1 = -63', '9/10 = 1', '19/4 = 1', '12/3 = 19', '12/7 = 4', '3*9 = 8']",9,6.0
((x*(12+(11+(4-18))))*(22-17)) = ((10-7)**2),17.0,0.2,"['8*5 = 39', '17*9 = 8', '12+11 = 9', '11+2 = 11', '4-18 = 2', '2**2 = 39', '10-7 = 2']",8,7.0
((8+8)-(4**(7+x))) = (10+2),18.0,-6.0,"['19-9 = 80', '8+8 = 19', '4**1 = 9', '7+18 = 1', '10+2 = 80']",5,5.0
((2**(10/x))-(20+2)) = (((2+6)-2)+16),8.0,1.832,"['2**3 = 102', '20+2 = 18', '10/8 = 3', '3+16 = 84', '8-2 = 3']",7,5.0
(16+((10+x)**2)) = ((9*0.889)+(1+(1+13))),13.0,-7.354,"['16+8 = 38', '2**2 = 8', '10+13 = 2', '8+15 = 38']",7,4.0
(2**(x+((20/((16-12)*1))))) = (((7*2.429)+6)/10),20.0,-3.798,"['2**4 = -99', '20/5 = -16', '16*1 = 5', '16-12 = 16', '17+6 = -990']",8,5.0
(((16-((x*6)+14))*0.125)/(8*0.5)) = ((5+((10*(-0.2))))*(5+(9-4))),4.0,-159.667,"['1/4 = 14', '16-14 = 8', '6+14 = 14', '4*6 = 6', '3*9 = 14', '9-4 = 4']",11,6.0
(9+(x/9)) = (((48/8)/(15+14))+((8-16))),2.0,-151.138,"['9+13 = -71', '2/9 = 13', '15+14 = 6', '8-16 = -72']",7,4.0
(7*(17*(x+(4+4)))) = (10+((9*(2**2))*0.6)),9.0,-7.734,"['7*10 = 31', '17*10 = 10', '9+16 = 10', '4+4 = 16', '10+3 = 31', '2**2 = 0.556']",8,6.0
((10+13)*(x+((3**4)/2))) = ((3+(4+0))+31),19.0,-38.848,"['19+3 = 5.429', '3/2 = 3', '3**4 = 3', '10+13 = 7']",8,4.0
((x/8)-(((12-16)/6)/9)) = (17+(240/((3**4)*6))),576.0,139.358,"['1/9 = 7', '13/6 = 1', '12-16 = 13', '11*6 = 5', '3**4 = 11']",9,5.0
((2+x)*6) = (((5*2.2)+3)/(12/3)),19.0,-1.417,"['6*6 = -34', '2+19 = 6', '14/4 = -34']",6,3.0
((8/(19-14))*(x/2)) = (5*1),22.666,6.25,"['8/3 = 3', '19-14 = 3', '5*1 = 34']",5,3.0
((x-5)*((5+(((11/9)/5))))) = (8*(-10.75)),9.0,-11.398,"['10/5 = -17.286', '11/9 = 10', '9-5 = 7']",6,3.0
(((16/7)*7)-((x**1)/6)) = (20*(20/5)),2.0,-384.0,"['15-15 = -3', '7*7 = 15', '16/7 = 7', '6/6 = 15', '2**1 = 6', '20*3 = -3', '20/5 = 3']",7,7.0
((10/2)*(11/x)) = ((40/8)*7.6),9.0,1.447,"['11/9 = 4.222', '10/2 = 9']",5,2.0
((x*1)+((19*4))) = ((((5*6)/10)*0.333)**4),15.0,-75.004,"['15*1 = 1', '19*4 = -66', '1**4 = -65']",7,3.0
((1**4)*((x/(1/8))-12)) = (((10/5)+(19+(-6)))-17),198.0,1.25,"['4*10 = -49', '1/8 = 9', '1**4 = 4', '2+13 = -32']",9,4.0
((16+((5*6)))+x) = (20+(18/((5**1)/6))),1.0,-4.4,"['9+1 = -22', '5*6 = -7', '20+9 = -22', '13/6 = 2', '5**1 = 13']",7,5.0
(((7-5)*(((5*(x+12))-20)))/3) = (((25-20)**1)*3),12.0,-3.5,"['2-20 = -60', '7-5 = 5', '5*6 = 2', '12+12 = 6', '17*3 = -100', '5**1 = 17']",9,6.0
((7-5)-((1**1)+(x))) = (17+2),-2.0,-18.0,"['7-5 = -24', '1**1 = 12', '17+2 = -34']",5,3.0
(-26-((40/4)*(x**3))) = (5**3),3.0,-2.472,"['3**3 = 0.2', '5**3 = -28']",5,2.0
((7-x)/(9-(2/(18-19)))) = (((4/(12+(-4)))+(9*3))-20),3.0,-75.5,"['16/6 = -6', '7-3 = 16', '9-5 = 6', '2/8 = 5', '18-19 = 8', '9-20 = -6', '9*3 = 4', '4/8 = 5']",10,8.0
(14+(((2**(13-13))-6)*x)) = (212/4),19.5,-7.8,"['19-6 = 2', '2**3 = 19', '13-13 = 3']",6,3.0
((x+4)/3) = (((7*0.714)+3)*(-12.125)),8.0,-294.927,"['3/3 = -97', '8+4 = 3']",5,2.0
((x**1)-(5/8)) = (((16/2)+(-4))*((15-18))),2.0,-11.375,"['5/8 = 15', '2**1 = 9', '16/2 = 6']",7,3.0
((19/10)+x) = (15*(((3+10)-11)+(-11))),3.0,-136.9,"['2+3 = -44', '19/10 = 2', '15*1 = -44', '13-11 = 12']",6,4.0
((x+(2**4))*3.889) = (4*(1+(10*0.2))),6.0,-12.914,"['6+15 = 9', '2**4 = 15', '1+2 = 8.75']",6,3.0
(((4-18)/5)+x) = (5-10),43.0,-2.2,"['4-18 = 50', '5-10 = 53']",4,2.0
((4**(1**4))-x) = (19-8),20.0,-7.0,"['11-20 = -50', '4**3 = 11', '1**4 = 3', '19-8 = -50']",4,4.0
((x+(12-3))+(4**1)) = ((3*5)/(21-13)),13.0,-11.125,"['4+10 = -23', '4**1 = 10', '13+16 = 4', '12-3 = 16', '20/8 = -23', '3*5 = 20']",7,6.0
(((x/2)/4)+((17+12))) = (1**((2*8)+(((10/10)-3)))),18.0,-224.0,"['17+12 = -75', '18/2 = 12', '1**2 = -72', '10/10 = -4', '2*8 = 9']",9,5.0
(((11/10)-x)*(18+12)) = ((20*10)+19),5.0,-6.2,"['2-5 = 6', '11/10 = 2', '18+12 = 5.333', '20*10 = 13']",6,4.0
(9*(((19*(x*7))-14)-4)) = ((((21-18)+(18+(-1)))/3)+10),17.0,0.149,"['19*6 = 29.111', '17*7 = 6', '12+10 = 100', '3/3 = 12', '3+17 = 3']",10,5.0
((((x/6)+22)/(2*4))**3) = (13/(24/3)),13.0,-75.568,"['4**3 = -4', '2*4 = 10', '13/6 = 18', '13/8 = -4']",7,4.0
((x/10)*((20*7))) = (-63/((20/5)*0.75)),8.0,-1.5,"['20*7 = -2.1', '8/10 = 10']",6,2.0
((x*2)/6) = (-65-((15-19)-(7-(18+(-7))))),6.0,-195.0,"['6*2 = -444', '12-1 = 9', '7-11 = 1', '15-19 = 12']",7,4.0
(((9-x)-(2**3))+(-101)) = ((152/8)+13),3.0,-132.0,"['9-3 = 19', '2**3 = 15', '19+13 = -97']",6,3.0
((x-15)*(15.714-(17-(5*9)))) = (5*(4*(9.15/3))),22.0,16.395,"['17-19 = 7', '5*9 = 19']",8,2.0
(((16/9)-x)*((16-19))) = ((10*(4*3))/(13-15)),6.0,-18.222,"['16-19 = -36.5', '16/9 = 8', '12/2 = -73', '13-15 = 2', '4*3 = 1.2']",8,5.0
(4+((x/10))) = (15/((15-(18+18))-(3*3.333))),10.0,-44.839,"['10/10 = -58', '15/10 = -54', '1-10 = 10', '15-20 = 1', '18+18 = 20']",7,5.0
((x/8)*(((18*6)+1))) = ((7*(1.287/3))*4),15.0,0.882,"['6+1 = -11.333', '15/8 = 6', '18*6 = 6', '3*4 = -68']",7,4.0
(((x*1.4)+(((13/2)/1)))*47.5) = ((7*1)/(12+(-7))),5.0,-4.622,"['2/1 = -5', '13/2 = 2', '7*1 = 475']",8,3.0
(8*((((12+x)**3)-(19*10)))) = (12*(8+14)),3.0,-5.936,"['3**3 = 2.5', '12+3 = 3', '19*10 = 9', '12*6 = -52', '8+14 = 6']",7,5.0
((19/(4/10))-(x*5)) = (3*27),7.0,-6.7,"['19/7 = 87', '4/10 = 7', '7*5 = 6']",5,3.0
(((x**1)+13)-5) = (12-(((16/(7-4))**2)+1)),5.0,-25.444,"['16+13 = 78', '5**1 = 16', '12-13 = 73', '10+1 = 13', '5**2 = 10', '16/7 = 5', '7-4 = 7']",8,7.0
(((x-6)*5)*((96.66/5)/3)) = (((6+2)+64)-14),17.0,7.8,"['6*5 = 9', '17-6 = 6']",8,2.0
(((18*2)-9)-x) = (17+(5*9)),11.0,-35.0,"['8-9 = -84', '18*2 = 8', '17+4 = -95', '5*9 = 4']",5,4.0
((x-13)+((7*2)+9)) = ((20+(3**4))*(-8.143)),13.0,-832.443,"['1+10 = -57', '13-13 = 1', '4+9 = 10', '7*2 = 4', '20+5 = 7', '3**4 = 5']",7,6.0
((((x-7)**2)*4)-2) = (((8+7)*(2+(-1)))**2),7.0,-0.533,"['12-2 = 64', '5**2 = 3', '7-7 = 5', '1**2 = 64', '5*1 = 1', '8+7 = 5']",8,6.0
((((1/5)+(15*1))+(5**1))+x) = (((18+(-17))**(4*9))-(17/6)),13.0,-22.033,"['10+13 = -75', '8+13 = 10', '1/5 = 4', '15*1 = 4', '5**1 = 13', '5-10 = -75', '17/6 = 10', '1**1 = 5', '4*9 = 1']",11,9.0
(-553/((3/x)+(1**1))) = ((10+3)+(((8+0)+17))),6.0,-0.193,"['12+2 = 7', '1**1 = 2', '3/6 = 12', '8+17 = -92']",8,4.0
((2**(5-x))*5.143) = (((16-11)+1)+16),12.0,2.903,"['2**4 = 7', '5-12 = 4', '5+1 = 20']",6,3.0
(x+((10*10))) = (((7+0)/(4**2))**(13-12)),7.0,-99.562,"['10*10 = -102', '1**1 = -95', '7/3 = 1', '4**2 = 3']",7,4.0
((x*(4**3))+(18+2)) = (-10-2),14.0,-0.5,"['5+9 = -12', '18+2 = 9', '14*10 = 5', '4**3 = 10']",5,4.0
(x-((15/(1*8))-19)) = (8-(9+16)),15.0,-34.125,"['15-14 = -61', '15/4 = 33', '1*8 = 4', '8-9 = -61', '9+16 = 9']",6,5.0
(((x-3)/(17/2))/6) = ((((2/10)+(11-14))/7)-6),10.0,-323.4,"['5/6 = -426', '17/2 = 6', '10-3 = 5', '20/7 = -65', '16+17 = 20', '11-14 = 17', '2/10 = 16']",9,7.0
((x-(19/(6*9)))-(5*2.2)) = ((15*(9/7))/8),20.0,13.763,"['20-19 = -7', '19/9 = 19', '6*9 = 9', '15*8 = -144', '9/7 = 8']",8,5.0
(9+((x+16)+((1**4)))) = (((19+(20/1))/9)-15),12.0,-36.667,"['9+3 = 68', '12+16 = 5', '1**4 = -2', '19-15 = 68', '20/1 = 152']",8,5.0
((18/9)-x) = (59-(3/1)),11.0,-54.0,"['18/9 = 56', '3/1 = 14']",4,2.0
((x+3)-(((5+3)**1)*1)) = (-34-(5*4)),3.0,-49.0,"['6-5 = -43', '1*1 = 5', '4**1 = 1', '5+3 = 4', '5*4 = 9']",7,5.0
((14/8)-(6-x)) = ((-44-(4/1))-(27-(7+16))),20.0,-47.75,"['15-19 = -73', '6-20 = 19', '14/8 = 15', '4/1 = 9', '7+16 = 7']",8,5.0
(x+(3+(2*10))) = (3*2.333),12.0,-16.001,"['12+11 = 7', '3+1 = 11', '2*10 = 1']",4,3.0
((x+(11*3))-6) = (8/10),20.0,-26.2,"['9-6 = 58', '20+7 = 9', '11*3 = 7', '8/10 = 58']",4,4.0
(((1**2)+x)**3) = (((168-((8/6)-4))/3)-3),13.0,2.777,"['4**3 = 52', '20+13 = 4', '1**2 = 20', '14-4 = 3', '8/6 = 14']",8,5.0
(((x-2)-2)*(13/9)) = (-52-18),4.0,-44.462,"['15*10 = -70', '13/9 = 10', '10-2 = 15', '4-2 = 10']",5,4.0
((2-3)*((x+14)/9)) = ((20+16)/((17*9)**(7*8))),6.0,-14.0,"['14/9 = 3.5', '2-3 = 2', '6+14 = 14', '8/9 = 7', '4**3 = 9', '7*8 = 3', '20+16 = 8', '17*9 = 4']",9,8.0
((5**3)+(20+x)) = (17+12),7.0,-116.0,['5**3 = 2'],4,1.0
((5**(19-(15/x)))*(20-10)) = ((4**2)/(14/6)),10.0,0.78,"['9*8 = -36', '5**1 = 9', '15/10 = 18', '20-10 = 8', '14/6 = 7', '4**2 = -252']",8,6.0
(((12+8)-x)/(7+10)) = ((11+(4**2))*((3/6))),17.0,-209.5,"['16/9 = -81', '13-17 = 16', '12+8 = 13', '7+10 = 9', '11+8 = 5', '3/6 = -16.2', '4**2 = 8']",8,7.0
(15+((((19+x)+1)*(5+16)))) = (((18+9)*(((20/4)/4)))-9),13.0,-19.536,"['19*4 = -100', '12+1 = 19', '19+13 = 12', '5+16 = 4', '20/4 = -33.776', '18+9 = 9']",10,6.0
((x/1)-17) = (-42-12),13.0,-37.0,['13/1 = -37'],3,1.0
(x/(9-(10/8))) = (((77/7)/2)-(14+11)),195.0,-151.125,"['9-12 = 3', '10/8 = 12', '11/2 = 72', '14+11 = 7']",7,4.0
(((x+((14*5)))*4)/3) = ((((9/3)*9)-18)+(12+6)),15.0,-49.75,"['3*4 = 171', '14*5 = -12', '8+18 = 57', '3*9 = 26']",9,4.0
(15*((9*5)*(x+3))) = (10*(-9.5)),13.0,-3.141,"['15*7 = -95', '9*5 = 3', '13+3 = 2.333']",5,3.0
((6-x)-(12-15)) = (19*(24-14)),2.0,-181.0,"['4-15 = -10', '12-15 = 15', '19*10 = -10']",5,3.0
((13/(11+16))-x) = (296/8),4.0,-36.519,"['13/7 = 41', '11+16 = 7']",4,2.0
((x+10)*(17+1)) = (13+(-80)),1.0,-13.722,"['11*3 = -67', '17+1 = 3']",4,2.0
(3*(((x+14)/4))) = ((8/10)-((19+(-5))+12)),14.0,-47.6,"['9/4 = -17.667', '14+14 = 9', '14+12 = 5', '8/10 = -48']",7,4.0
((x*7)-(23-((12*5)+5))) = (15+28),9.0,0.143,"['3+5 = 11', '9*7 = 55', '12*5 = 3']",6,3.0
(((14-2)+((x/1)))*(3-18)) = (13+((6*0.333)**2)),16.0,-13.133,"['9*6 = 76', '3-18 = 6', '14-2 = 17', '16/1 = -8', '2**2 = 63']",8,5.0
(9-((1-x)-(5**2))) = ((4*21)/4),5.0,-12.0,"['9-14 = 21', '2-18 = 14', '5**2 = 18', '1-5 = 2']",6,4.0
(2+(((2/2)/10)-(5*x))) = (342/6),4.0,-10.98,"['1-11 = 55', '5*4 = 11', '4/10 = 1', '2/2 = 4']",6,4.0
(3+(((5*4)*((15*x))))) = (19+(((4+18)*(-59.5)))),8.0,-4.31,"['5*4 = 10', '15*8 = -10.3', '4+18 = 2']",7,3.0
(((x*5)-(4+4))+(-72)) = (-476/7),10.0,2.4,"['10*5 = 19', '4+4 = 15']",5,2.0
(((1-3)*4)+(5*x)) = (-19-16),8.0,-5.4,"['7+3 = -35', '12*4 = 7', '5*8 = 3', '1-3 = 12']",5,4.0
((6*4)*(8*x)) = ((15/(13+(-8)))-(7*6)),5.0,-0.203,"['8*5 = 5.833', '6*4 = 6', '12-2 = 35', '15/5 = 12', '7*6 = 2']",7,5.0
(((30-(3-x))/2)*8.4) = (8+34),8.0,-17.0,['3-8 = 20'],5,1.0
((19/x)**((20+5)-20)) = ((17-10)+((5**(1*9)))),9.0,1.049,"['2**1 = -22', '12-20 = 1', '19/9 = 2', '20+5 = 12', '5**1 = -29', '1*9 = 1']",8,6.0
((x-(16/4))/4) = (130/(15*10)),13.0,7.467,"['13-7 = 104', '16/4 = 7', '15*10 = 5']",5,3.0
(((7+(12-x))/9)+2) = ((9*1.444)-(12/6)),5.0,-61.964,"['13+2 = 26', '12-5 = 110', '13-15 = 26', '12/6 = 15']",7,4.0
(((12+(10*9))*((18/10)**x))*7) = ((17/6)*((21-3)/1)),4.0,-4.49,"['15*7 = -16', '12+10 = 9', '1**4 = 1.667', '18/10 = 1', '10*9 = 10', '15*8 = -16', '17/6 = 15', '18/1 = 8']",10,8.0
(((16-8)-x)/(2/(3*6))) = (10-8),14.0,7.778,"['2/5 = 9', '16-8 = -589', '3*6 = 5', '10-8 = -67']",6,4.0
((693/(x+5))/(12-9)) = (((91/7)+13)+(5**1)),12.0,2.452,"['12+5 = 3', '11+1 = 77', '13+13 = 11', '5**1 = 1']",8,4.0
(((((x*9)+20)*(20*6))+15)-7) = (((28-18)*0.3)+(-91)),15.0,-2.311,"['5-7 = -88', '19+15 = 5', '6+20 = 6', '20*6 = 3.167', '15*9 = 6']",9,5.0
((7-8)*x) = (10+(77/7)),13.5,-21.0,"['7-8 = 4', '10+11 = 54']",4,2.0
(((10*x)/2)+(19+35)) = (1+58),9.0,1.0,"['2/2 = 5', '10*9 = 2']",5,2.0
((10*(4**(x*7)))+(-110)) = ((7-((5/6)+8))*((-140/7))),17.0,0.277,"['10*3 = 10', '4**3 = 3', '17*7 = 3', '7-9 = 5', '5/6 = 1']",9,5.0
(((x*(10-19))+19)*10) = (10*((2**((29-15)/9))+17)),6.0,-0.104,"['10*10 = 74', '9+19 = 10', '6*3 = 9', '10-19 = 3', '12+17 = 7.4', '2**3 = 12', '14/9 = 3']",9,7.0
(((4-x)**(9/3))+((2-15))) = (0-(5/3)),8.0,1.754,"['2**1 = 15', '9/3 = 1', '4-8 = 2', '2-15 = -31', '5/3 = 16']",7,5.0
(x/(20/2)) = (3**2),246.0,90.0,"['20/2 = 6', '3**2 = 41']",3,2.0
(x+(3/6)) = (-88-((7*2.857)/((7+3)+(-12)))),13.0,-78.501,"['13+3 = -99', '3/6 = 3', '20/8 = 11', '7+3 = 20']",7,4.0
((((x+4)**3)*(9/6))+66) = ((38/((10-18)*2))+61),6.0,-5.7,"['18*10 = 14', '9/6 = 10', '1**3 = 18', '6+4 = 1', '13*2 = 2', '10-18 = 13']",9,6.0
(x-(((7/1)-(16*6))*10)) = ((1**4)/(3/7)),14.0,-887.667,"['14-8 = 14', '1*10 = 8', '13-16 = 1', '7/1 = 13', '16*6 = 16', '1**4 = 98', '3/7 = 7']",8,7.0
((13+10)+((x+3)*1.5)) = (6/1),9.0,-14.333,"['6+9 = 30', '13+10 = 6', '9+3 = 6', '6/1 = 30']",5,4.0
((13-((x+16)/8))-7) = (2**(5*0.8)),15.0,-96.0,"['13-10 = -66', '5/8 = 10', '15+16 = 5', '2**4 = -73']",6,4.0
(16+((((x+14)*2)+16))) = (((171/9)/2)+(4**3)),19.0,6.75,"['6+16 = -76', '1*2 = 6', '19+14 = 1', '10+4 = -60', '19/2 = 10', '4**3 = 4']",8,6.0
((9*(10-(x+7)))*(-3.5)) = ((11-6)-((88/8)+16)),18.0,2.302,"['9*2 = 4', '10-14 = 2', '18+7 = 14', '5-11 = -14', '11+16 = 11']",8,5.0
(((x-5)+17)-7) = (5/((9-(3*10))-(17+12))),3.0,-5.1,"['5-7 = 13', '15+17 = 5', '3-5 = 15', '5/4 = 13', '9-8 = 10', '3*10 = 8', '17+12 = 6']",8,7.0
(((x*5)+10)+(-106)) = (((-17010/9)/(56/8))/3),11.0,1.2,"['17+10 = 16', '11*5 = 17']",7,2.0
((x+666)/(16+2)) = (3/8),20.0,-659.25,"['16+2 = 7', '3/8 = 98']",4,2.0
(((2**1)+(-x))-(10*((4-5)*2))) = (17+((27/9)*25.667)),5.0,-72.001,"['5-17 = 94', '10*7 = 17', '2**1 = 10', '11*2 = 7', '4-5 = 11']",9,5.0
((4-17)+((15/5)+x)) = (4*(12.25-(2+12))),20.0,3.0,"['20+20 = 25', '15/5 = 20', '4-17 = 16', '2+12 = 2']",7,4.0
(((16/4)+(x+13))*7) = ((7*10)-(13+(-2))),1.0,-8.571,"['17*7 = 95', '1+13 = 13', '7*10 = 106']",7,3.0
((13+x)**3) = (4+(((2-(19-10))-16)-2)),4.0,-15.759,"['5**3 = 44', '13+4 = 5', '2-11 = 58', '19-10 = 11']",7,4.0
((20/2)+(x+(15-12))) = (-162/(27/9)),4.0,-67.0,"['14+15 = -54', '4+16 = 15', '15-12 = 16', '20/2 = 14']",6,4.0
(((14/8)+(((1+x)-7)))*9) = (2**1),18.0,4.472,"['6*9 = 47', '14/8 = 14', '20-7 = -8', '1+18 = 20', '2**1 = 47']",6,5.0
(((x+11)+(-6))+85) = (582/6),17.0,7.0,['17+11 = 18'],4,1.0
((x**1)+(((2+18)*((12-5))))) = (-441/9),5.0,-189.0,"['12-5 = -14', '5**1 = 7', '2+18 = 4']",6,3.0
((2**3)+x) = (-460/(2**3)),13.0,-65.5,"['13+13 = -92', '2**3 = 13', '2**3 = 5']",4,3.0
((2**2)*((2**2)*(x+(2**1)))) = (8*((3*(-1.833)))),19.0,-4.749,"['7*5 = -44', '5*10 = 5', '2**2 = 7', '19+5 = 10', '2**2 = 5', '2**1 = 5']",8,6.0
(x*(2+((13*1)))) = ((12+(-9))**4),16.0,5.4,"['16*1 = -93', '13*1 = -1', '3**4 = -93']",5,3.0
(((12/7)-(12+x))/(16+(1**4))) = ((4*5)*(17/(1*9))),11.0,-652.508,"['4-16 = -96', '16+13 = 2', '1**4 = 13', '12/7 = 4', '12+11 = 16', '20*7 = -48', '17/8 = 7', '1*9 = 8']",10,8.0
(((4**2)-13)*x) = (3+20),19.0,7.667,"['17-13 = 2', '4**2 = 17', '3+20 = 38']",4,3.0
(((10+((4**2)))-16)*x) = ((2*3)+((11+(-82)))),3.0,-6.5,"['12*3 = -65', '1-16 = 12', '4**2 = -9']",7,3.0
(5*((((x*7)+4)+20))) = (((4+2)*(2/2))+19),13.0,-2.714,"['20+20 = -2.4', '13*7 = 16', '5+19 = -12', '6*1 = 5']",8,4.0
((((x**1)*5)+2)+((13+20))) = ((10/2)*4),4.0,-3.0,"['13+20 = -4', '19+2 = 15', '15*5 = 19', '4**1 = 15', '5*4 = 11']",7,5.0
((6*(x+(11/10)))*(10+0.889)) = ((18/3)/(7*1.286)),13.0,-1.09,"['6*10 = 9', '13+8 = 10', '11/10 = 8', '18/3 = 882']",8,4.0
(19*(x+14)) = (((3-2)**3)+(12/(2+18))),11.0,-13.916,"['19*7 = 35', '11+14 = 7', '16+13 = 35', '1**3 = 16', '12/6 = 13', '2+18 = 6']",7,6.0
(((2+14)+x)+((2**1)-2)) = ((15/(12+(-9)))**((5/6)**4)),10.0,-13.827,"['14+3 = -2', '7-2 = 3', '2**1 = 7', '2+14 = 4', '5**4 = -2', '1**4 = 4', '5/6 = 1']",10,7.0
((11+(6*(3-14)))*x) = (20+(3+3)),7.0,-0.473,"['15*7 = -77', '11+17 = 15', '6*10 = 17', '3-14 = 10', '20+17 = -77', '3+3 = 17']",6,6.0
((((8/10)+x)*10.222)-20) = (16+20),20.0,4.678,"['14+20 = 9', '8/10 = 14', '16+20 = 72']",5,3.0
(((58-x)/(11/4))-7) = ((((35/5)+656)-15)/(3+6)),10.0,-159.25,"['12-7 = 72', '11/4 = 4']",9,2.0
(14+(18+x)) = ((-320/4)/2),11.0,-72.0,"['14+8 = -40', '18+11 = 8']",4,2.0
(x-((2**4)-(11+12))) = (9*(((1+1)-(9*(2*0.167))))),2.0,-16.054,"['8-17 = 15', '2**4 = 8', '11+12 = 17', '2-3 = -1.444']",9,4.0
(x+(6/10)) = ((15/(15+(6*(9-20))))**3),9.0,-0.625,"['6/10 = 45', '5**3 = 54', '15+3 = 3', '9-20 = 0.5']",7,4.0
((6-14)/(11/x)) = (76-(7*2.857)),1.0,-77.001,"['11/7 = 56', '11/1 = 7', '6-14 = 11']",5,3.0
((x+618)/(12-1)) = (5**2),3.0,-343.0,"['12-1 = 9', '5**2 = 69']",4,2.0
(((15*2)+20)*(7+x)) = (7+10),13.0,-6.66,"['18*5 = 45', '7+13 = 5', '1+20 = 18', '15*2 = 1', '7+10 = 45']",5,5.0
(((14*8)*((x*5)**4))-14) = ((5**1)+38),16.0,0.169,"['2**4 = 17.667', '16*5 = 2', '14*8 = 3', '5**1 = 1']",7,4.0
((4**1)*(x/8)) = (17-(8*10)),8.0,-126.0,"['4**1 = 5', '8/8 = 2.6', '17-11 = 13', '8*10 = 11']",5,4.0
((x-20)**(6/3)) = ((((19-4)/1)*20)-8),20.0,2.912,"['1**2 = 92', '20-20 = 1', '15/1 = 5']",7,3.0
(((13+20)+(6*x))*3) = ((13+54)-((9*2.222)-(3+14))),10.0,-1.944,"['3*3 = 55', '20+6 = 3', '6*10 = 6', '13+20 = 20', '20-17 = 12']",9,5.0
((x**1)+(1**4)) = (-150/(7+(-1))),4.0,-26.0,"['17+19 = -25', '4**1 = 17', '1**4 = 19']",5,3.0
((17+(x-17))+13) = (9/1),11.0,-4.0,"['14+13 = -22', '17+4 = 14', '11-17 = 4', '9/1 = -22']",4,4.0
(((2**(7-16))+((x/4)*4))/4) = ((1**3)/3),9.0,1.331,"['4/4 = 94', '11+17 = 4', '2**3 = 11', '14*4 = 17', '7-16 = 3', '9/4 = 14', '3/3 = 94', '1**3 = 3']",8,8.0
(10+(x+1)) = (4/10),4.0,-10.6,"['10+11 = 49', '4+1 = 11', '4/10 = 49']",3,3.0
((x-6)-5) = (((2**1)/(9/(7-4)))/9),19.0,11.074,"['20-5 = -60', '19-6 = 20', '6/3 = -540', '2**1 = 6']",7,4.0
(((7+x)-15)/7) = (6+(-41)),8.0,-237.0,"['12-15 = -245', '7+8 = 12']",4,2.0
((5/1)*((x/10))) = (3/(12+(-8))),8.0,1.5,"['5/1 = 2', '8/10 = -25.5', '3/4 = -51']",5,3.0
(((11/4)+(-12))*x) = ((3+4)+63),3.0,-7.568,"['4*3 = 77', '11/4 = 16', '3+4 = 14']",5,3.0
((8+9)*((10*(x+9))*2)) = ((19*(12+(-5)))+(4/(8+(-2)))),15.0,-8.607,"['8*10 = -11', '8+9 = 8', '18*2 = 10', '10*6 = 18', '15+9 = 6', '1+18 = -11', '19*7 = 1', '4/6 = 18']",10,8.0
((20-((4**2)*(19+5)))-(x+9)) = (((10-16)*7)/(10-4)),13.0,-366.0,"['19+5 = 6.333', '13+9 = 10', '4**2 = 3', '4*7 = -54', '10-16 = 4']",10,5.0
(((9+12)+(x*6))*(-22.75)) = (9-((2**3)/8)),5.0,-3.559,"['5*6 = 3', '9+12 = 1', '9-10 = -91', '15/8 = 10', '2**3 = 15']",7,5.0
((10*x)+((4*0.25)*7)) = ((17+14)/7),7.0,-0.257,"['5+17 = 78', '1*7 = 17', '10*7 = 5', '7/7 = 78', '17+14 = 7']",6,5.0
(11-(7-x)) = (((1/3)*1)*((6+((5+(-11.444)))))),3.0,-4.148,"['7-3 = 15', '1/3 = 9']",7,2.0
((x+(3**1))+6) = ((3**1)/((42/6)/(2**2))),4.0,-7.286,"['3+6 = 82', '4+1 = 3', '3**1 = 1', '15/1 = 82', '2**2 = 7', '3**1 = 15']",8,6.0
((3-x)-(15/(3-13))) = ((15+((9-17)*3))*((20+(-27.25)))),4.0,-60.75,"['15-11 = -58', '3-4 = 15', '15/6 = 11', '3-13 = 6', '15+12 = 8', '10*3 = 12', '9-17 = 10']",9,7.0
((x*8)/(27/9)) = (((1+7)-14)-3),9.0,-3.375,"['11/3 = -44', '9*8 = 11', '1+7 = -27']",6,3.0
((8+(x*8))**(16/(72/9))) = (10*(((17*9)**1))),20.0,3.889,"['1**2 = -25', '8+2 = 1', '20*8 = 2', '1**1 = -2.5', '17*9 = 1']",8,5.0
(5+((x+8)**1)) = ((1*2)/(5*0.8)),11.0,-12.5,"['5+18 = -61', '2**1 = 18', '11+8 = 2', '1*2 = -244']",6,4.0
(((((5-11)*(3**2))+(-19))**1)-x) = (((2-(3**3))/7)+(23-20)),7.0,-72.429,"['1**1 = 25', '19*8 = 20', '5-11 = 19', '3**2 = 8', '10+3 = 18', '19/7 = 10', '2-18 = 19', '3**3 = 18']",11,8.0
((17/3)*(16*x)) = (88/4),6.0,0.243,"['20*1 = 22', '17/3 = 20', '16*6 = 1']",4,3.0
((((7*x)**2)*0.143)**(6+(-5))) = (((14-1)*42.778)/5),9.0,3.984,"['1**1 = 77', '2**2 = 7', '7*9 = 2', '14-1 = 9']",8,4.0
((10*7)*(((x/1)**2))) = (((4*9)+(35/5))-19),9.0,0.586,"['10*7 = 9', '4**2 = -6.222', '9/1 = 4', '12-19 = -56', '4*9 = 5']",8,5.0
((3+8)*(((16*(5**x))-5))) = (((160/2)/(5-1))+(-61)),4.0,-1.573,"['4-5 = -13.667', '3+8 = 3', '16*6 = 4', '5**4 = 6']",9,4.0
((39-(8*x))/9) = ((7*7)*((12+0)-4)),2.0,-436.125,"['19/9 = 58', '8*2 = 20', '12*4 = 58', '12-4 = 4', '7*7 = 12']",7,5.0
(x-(7/3)) = ((10*2.2)-19),12.0,5.333,['7/3 = 9'],4,1.0
(((9-x)/7)-13) = (32/(4*0.5)),6.0,-194.0,"['14-13 = 16', '18/7 = 14', '9-6 = 18']",5,3.0
((16+(x/5))**3) = (160/(20/5)),20.0,-62.9,"['3**3 = 40', '16+20 = 3', '20/5 = 20']",5,3.0
((6*x)-(10-18)) = (17+((18-(22-3)))),10.0,1.333,"['10-18 = 20', '6*10 = 18', '18-19 = -19']",6,3.0
(16-(17+(x*4))) = ((18+((12+((3+(-31))))))/6),10.0,-0.333,"['16-18 = 94', '17+20 = 18', '10*4 = 20', '2/6 = 94']",7,4.0
(((x*7)+19)*(8*10)) = (2+(17-12)),5.0,-2.702,"['8*10 = 27.667', '1+19 = 3', '5*7 = 1', '2+10 = 83', '17-12 = 10']",6,5.0
((17+x)+(19*6)) = (((16-(1**(27/9)))-4)*1),19.0,-120.0,"['13+9 = -69', '19*6 = 9', '17+19 = 13', '3*1 = -69', '1**3 = 9']",8,5.0
((8*4)/x) = (69-(18+(16-16))),10.0,0.627,"['10/10 = 51', '8*4 = 10']",5,2.0
(x/((16/5)-(1**4))) = (1-9),126.0,-17.6,"['18-14 = 3', '16/5 = 18', '1**4 = 14', '1-9 = 42']",5,4.0
(((8-6)*2)+(x)) = (-296/(4**1)),-41.0,-78.0,"['17*2 = 4', '8-6 = 17', '4**1 = 8']",5,3.0
(((14/7)*(18*10))+(x)) = (9*((4+(-12.222)))),-80.0,-433.998,"['18*10 = 0.6', '14/7 = 10']",6,2.0
(16*(3*(x-10))) = (12+((14-4))),18.0,10.458,"['16*4 = -22', '18-10 = 1.333', '14-4 = -34']",5,3.0
((13*4)+x) = (14/8),85.0,-50.25,"['13*4 = 6', '14/8 = 91']",3,2.0
(10*(16*(x+12))) = (((10-(20-3))*8)/7),11.0,-12.05,"['16*6 = 1.8', '11+12 = 6', '19*8 = 126', '10-17 = 19']",7,4.0
(15+(x+2)) = (((19+((1**4)))/1)/7),19.0,-14.143,"['15+2 = -28', '19+2 = 2', '19/7 = -28', '2/1 = 19', '1**4 = -17']",6,5.0
((11+((4**4)+16))+(x)) = (7/1),-34.0,-276.0,"['11+2 = 5', '6+16 = 2', '4**4 = 6', '7/1 = -29']",5,4.0
((19*(12+17))+x) = ((19/2)**1),2.0,-541.5,"['19+2 = 55', '19*6 = 19', '12+17 = 6', '1**1 = 55', '19/2 = 1']",5,5.0
(x/(9/3)) = ((13-8)*12.4),558.0,186.0,['9/3 = 9'],4,1.0
((x*2)+((9+(14-3)))) = (19+((((5*(-97.8))-15)/(10-3)))),3.0,-36.5,"['9+18 = -59', '14-3 = 18']",9,2.0
(10*(((5+(x/6))-1))) = (-63-(171/(8+11))),13.0,-67.2,"['3-1 = -8.2', '5+12 = 3', '13/6 = 12', '8+11 = 9']",7,4.0
((20+1)**((x/10)*5)) = (90/(16-7)),13.0,1.513,"['2**3 = 18', '20+1 = 2', '5*5 = 3', '13/10 = 5', '16-7 = 5']",6,5.0
((((8-15)**3)**3)*(4-x)) = (3*10),16.0,4.0,"['2**3 = 2', '4-16 = 31.5', '4**3 = 2', '8-15 = 4', '3*10 = 63']",6,5.0
((x/(4**2))-10) = (((31-11)/6)*((-1.5-20))),14.0,-986.667,"['2-10 = -86', '4**2 = 7', '20/6 = 4']",7,3.0
((x+14)-4) = (10/(4**3)),14.0,-9.844,"['14+14 = 80', '10/8 = 76', '4**3 = 8']",4,3.0
(((6+((x/1)+6))*(20-7))/6) = (18*((6+3)*((3*5)-19))),17.0,-311.077,"['13*9 = -258', '2+6 = 7', '20-7 = 9', '17/1 = 2', '18*9 = -43', '2*8 = 9', '11-19 = 8', '3*5 = 11', '6+3 = 2']",11,9.0
((64/8)*((20+(x+4)))) = (20/(6/3)),15.0,-22.75,"['20+7 = -5', '15+4 = 7', '20/3 = -40', '6/3 = 3']",6,4.0
(((8*(x*8))-(3**4))*(-7)) = (((70/(18+2))+(-5))-(13+1)),17.0,1.3,"['1-1 = 5', '3**4 = 1', '17*8 = 0.125', '5-14 = -35', '18+2 = 7']",10,5.0
(((x+3)*3)*3) = (2*((19.5-20))),3.0,-3.111,"['18*3 = -1', '10*3 = 18', '3+3 = 10']",5,3.0
((5*15.4)-((10/(9-6))-x)) = ((10-(4**3))+11),7.0,-116.667,"['10-7 = 20', '10/9 = 10', '9-6 = 9', '19+11 = 57', '10-15 = 19', '4**3 = 15']",8,6.0
((((5**3)/2)*x)*8) = (((56-(8/5))-17)+(3*5)),8.0,0.105,"['13*8 = -54', '8*8 = 13', '10/2 = 8', '5**3 = 10', '19+18 = -54', '3*5 = 18', '8/5 = 20']",9,7.0
(((18-x)+7)/(16*1)) = (14+(2*4)),14.0,-327.0,"['20/4 = -73', '16*1 = 4', '18-14 = 13', '14+8 = -73']",6,4.0
(((11*5)+((8*(x))))*(-10.5)) = ((9*(-21))/((6*(4**1))-20)),-0.625,-6.312,"['11*5 = 7', '4**1 = 4.833']",9,2.0
(((2/9)*(5-7))-x) = (8/4),11.0,-2.444,"['9*1 = -85', '5-7 = 1', '2/9 = 9', '8/4 = -96']",5,4.0
((5-(19+15))-(x-3)) = (1+((1**4)/8)),18.0,-27.125,"['5-9 = 34', '19+15 = 9', '18-3 = 4', '1**4 = 232']",7,4.0
(x-(15-18)) = (5+(17-8)),61.0,11.0,"['15-18 = 8', '5+9 = 53']",4,2.0
(x*((1+13)-(1-19))) = (15-(50/(16+((3+(-9)))))),6.0,0.312,"['10-5 = 11', '1-19 = 5', '1+13 = 10', '15-5 = 66']",8,4.0
(7*(x/(11/10))) = (96-(17+8)),60.715,11.157,"['11/10 = 5', '17+8 = 11']",5,2.0
((x+((12-9)*10))**3) = ((5*(6-(40/10)))/4),17.0,-28.643,"['3**3 = -20', '17+9 = 3', '11*10 = 9', '12-9 = 11', '5*2 = -80']",8,5.0
((((5**(1**4))/7)+(-7))+x) = (1*5),20.0,11.286,"['6+20 = 25', '5**3 = 91', '1**4 = 3', '1*5 = 25']",6,4.0
(((x/1)*1)*((-10.5/5))) = ((95/5)+(4**2)),8.0,-16.667,"['8/1 = 10', '19+9 = -21', '4**2 = 9']",7,3.0
((x*10)+((-272/((2*7)+18)))) = ((120/((2**1)+4))+(-30)),17.0,-0.15,"['17*10 = 19', '4+18 = 8', '2*7 = 4', '2**1 = 4']",9,4.0
((x+2)*((5+7)+13)) = ((5/(7-4))/3),11.0,-1.978,"['18*4 = -7', '4+13 = 4', '5+7 = 4', '11+2 = 18', '7/3 = -7', '5/8 = 7', '7-4 = 8']",7,7.0
((((18*6)+8)*x)/9) = (((36/4)*3.778)-(2**3)),9.0,2.017,"['11/9 = 21', '18*9 = 11', '5+8 = 18', '18*6 = 5', '2**3 = 13']",8,5.0
(9-(x-12)) = ((18+(-12))+((170/10)/(14+(-13)))),11.0,-2.0,"['9-6 = 91', '11-12 = 6', '17/1 = 85']",7,3.0
(((7+15)/10)-(10*(x/5))) = ((8*0.5)**(4+0)),11.0,-126.9,"['10*2 = 5', '9/10 = -38', '11/5 = 2', '7+15 = 9', '4**4 = -43']",8,5.0
((1**2)-((x/6)*5)) = (9*((4**1))),13.0,-42.0,"['5*5 = 1', '13/6 = 5', '1**2 = -16', '4**1 = -1.889']",6,4.0
((x+(5**(13-17)))-2) = (((25-(14+(-1)))/10)-(24-10)),14.0,-10.802,"['5**2 = 10', '13-17 = 2', '2-14 = 22', '12/10 = 2']",9,4.0
(11-((x/1)*(4+13))) = (4*((-22.5/(19/9)))),13.0,3.155,"['11-15 = -18', '13/1 = 7', '4+13 = 2.143', '19/9 = 5']",7,4.0
((4*8)+(x-2)) = (((14-7)*12.714)-10),80.0,48.998,['4*8 = 1'],6,1.0
(((x*9)/(15-7))+7) = ((4+4)-(23-18)),17.0,-3.556,"['18/7 = 12', '17*9 = 18', '15-7 = 7', '5-5 = 19', '4+4 = 5']",7,5.0
((2+x)**((11-2)-1)) = ((38/(9*0.222))+5),11.0,-0.512,"['5**4 = -19', '15-1 = 4', '11-2 = 15', '2+11 = 5', '19+5 = -19']",7,5.0
((12-(18-9))+(((5/9)*(x)))) = (((8*6)/4)*((3+(-6.9)))),-15.333,-89.64,"['18-9 = 5', '5/9 = 3', '10/4 = 10', '8*6 = 10']",9,4.0
((x-2)**1) = ((9*7)/10),15.0,8.3,"['3**1 = 65', '15-2 = 3', '9*7 = 650']",4,3.0
(((x*3)*(4**2))/(15+(-11))) = ((10/6)+(((32-20)/6))),8.0,0.306,"['17*7 = -60', '4**2 = 7', '8*3 = 17', '12/6 = -24', '10/6 = 9']",9,5.0
((6+((6+16)*1))*((x*8)-2)) = (15*((8-2)*((36/6)/10))),17.0,0.491,"['12*8 = -57', '6+5 = 12', '2-2 = 8', '17*8 = 2', '6+16 = 5', '15*5 = -57', '6/10 = 0.833']",11,7.0
((8/x)**4) = ((10*10)*(9/3)),7.0,1.922,"['4**4 = 32', '8/7 = 4', '10*10 = 6', '9/3 = 5.333']",5,4.0
((x+18)*((6-7)/5)) = ((10*(10+((1.7-11))))/(21-12)),19.0,-21.889,"['6-7 = 38.125', '19+18 = 8', '7/9 = 61']",9,3.0
((x-1)/(20+(4/4))) = (7+(-35)),12.0,-587.0,"['20+13 = 8', '4/4 = 13', '12-1 = -224']",5,3.0
(3*(5**(11-x))) = (5+(18-12)),19.0,10.193,"['5**1 = 27.333', '11-19 = 1', '5+6 = 82']",5,3.0
(7*(((6+x)/10))) = ((11+3)/((28/4)*0.857)),14.0,-2.666,"['15/10 = -8.286', '6+14 = 15', '14/6 = -58']",7,3.0
((x+12)-1) = (1**4),20.0,-10.0,"['15-1 = 84', '20+12 = 15', '1**4 = 84']",3,3.0
((((2*7)-20)*(x/10))*10) = ((16-((7*1.143)*1.625))*4),4.29,-1.999,"['3*10 = 18', '10-20 = 7', '2*7 = 10', '3*4 = 18']",9,4.0
((x*(11/8))+(19+8)) = (10*((9+(19-3))/9)),12.0,0.566,"['12*9 = 3', '19+8 = 83', '11/8 = 9', '19-3 = 68.4']",8,4.0
(((18+x)+7)+16) = ((16+(-190))/6),19.0,-70.0,"['8+16 = -29', '18+19 = 1']",5,2.0
(3*((((x/8)*9)*4)+(-9))) = (10*(-9.6)),11.0,-5.111,"['3*9 = -96', '10*4 = 18', '19*9 = 10', '11/8 = 19']",6,4.0
(51-(x*((2**2)+((10-6))))) = ((15-7)*((3**2)*8)),3.0,-65.625,"['2**2 = 10', '10-6 = -7.667', '10*8 = 5.5', '3**2 = 10']",9,4.0
((((x/1)*9)/3)/(3**1)) = ((8*0.625)*((14-(1/6))-17)),15.0,-15.833,"['3**1 = 7', '15/3 = -210', '3*9 = 15', '15/1 = 3', '5*1 = -30', '12-17 = 1', '14-17 = 12', '1/6 = 17']",10,8.0
((5**((4**1)/9))*((x*4)*2)) = (7*((8+(-4))/(3-2))),8.0,1.712,"['5**1 = 10', '10/9 = 1', '19*2 = 5.8', '4**1 = 10', '8*4 = 19', '7*3 = 58', '4/10 = 3', '3-2 = 10']",10,8.0
(x/(((16/3)+4)+9)) = (((126/9)-10)-(21-(8*0.625))),-172.0,-220.0,"['8+9 = 4', '15+4 = 8', '16/3 = 15', '4-16 = -43']",9,4.0
(16-(19+x)) = (((12+0)*(13/2))+(21-14)),10.0,-88.0,"['16-17 = 50', '19+10 = 17', '9+7 = 50', '12*1 = 9', '13/2 = 1']",7,5.0
((((14+x)/10)+4)-11) = (((9*7)+0)+(-69)),16.0,-4.0,"['20-11 = -49', '4/10 = 16', '14+16 = 4', '9*7 = 20']",7,4.0
((8*(x+9))-18) = (9/9),20.0,-6.625,"['20+9 = 6.25', '9/9 = 32']",4,2.0
(((x+19)*((14/5)*(6-3)))**3) = (20+((33-15)/9)),13.0,-18.666,"['3**3 = 71', '6*6 = 1', '13+19 = 3', '14/5 = 6', '6-3 = 6', '20+2 = 71']",9,6.0
(((20/9)-x)+(-80)) = (20-((20-1)-18)),8.0,-96.778,"['10-8 = 11', '20/9 = 10', '20-14 = -69', '19-18 = 14']",6,4.0
((((1+14)+((2-18)))*x)+(-45)) = (-330/10),7.0,-12.0,"['1*7 = 12', '2-18 = -19', '1+14 = 20']",6,3.0
(-5-(x+(3+((18-12)*1)))) = (9-5),16.0,-18.0,"['2*1 = 1', '18-12 = 2', '9-5 = -25']",6,3.0
(15*((6+2)+x)) = ((16-((8+16)+7))-(14-11)),7.0,-9.2,"['15*7 = 73', '12+7 = 7', '6+2 = 12', '8-4 = 73', '16-15 = 8', '14-11 = 4', '8+16 = 8']",8,7.0
((13/(17-(x+12)))**2) = ((30/2)-(66/((1-20)+(-6)))),12.0,1.905,"['3**2 = -9', '13/10 = 3', '12+12 = 7', '15-11 = -9', '1-20 = 12']",9,5.0
((x/1)-((10/1)-(6*6))) = ((4*4)-((7*2)-16)),19.0,-8.0,"['10-16 = 19', '6*6 = 3', '10/1 = 19', '19/1 = 10', '16-8 = 19', '14-16 = 8']",9,6.0
((x-4)-((1**4)+(1-6))) = (8+1),19.0,9.0,"['1-6 = 7', '19-4 = 22', '1**4 = 6']",6,3.0
((14+((x+14)))**3) = (((33-(5+15))-(150/10))*4),5.0,-30.0,"['1**3 = -99', '5+14 = -13', '3*4 = -99', '13-15 = 3']",8,4.0
((x*(7-12))-(10-3)) = (12/10),15.0,-1.64,"['17-20 = 45', '15*10 = 17', '10-3 = 20', '7-12 = 10', '12/10 = 45']",5,5.0
((20+((x*7)))-10) = (19+(-29)),4.0,-2.857,['4*7 = -20'],4,1.0
((2*(8/9))*((x/1))) = ((-180/2)-(50/5)),5.0,-56.25,"['5/1 = -16.667', '2*1 = 6', '8/9 = 1']",7,3.0
(9+(((13+17)*x)/9)) = ((3*2.333)/((1+16)-2)),8.0,-2.56,"['9+3 = -91', '18*8 = 27', '13+17 = 18', '7/6 = -91', '1+16 = 8']",8,5.0
(8*((3-15)-x)) = (((6*3)*(17+(-10)))-15),20.0,-25.875,"['8*10 = 26', '1-20 = 10', '3-15 = 1', '1-15 = 26', '19*7 = 1', '6*3 = 19']",7,6.0
(((10+16)*x)/10) = ((3+6)+13),45.0,8.462,"['10+16 = 6', '3+6 = 14']",5,2.0
(((13*x)**1)+((20*(5*0.8)))) = (16/10),8.0,-6.031,"['20*4 = -78', '1**1 = 5', '13*8 = 1', '16/10 = -73']",6,4.0
(((x*9)+((13-19)*0.7))+9) = (14-20),9.0,-1.2,"['18+9 = 78', '17+7 = 18', '9*9 = 17', '13-19 = 10', '14-20 = 78']",6,5.0
(x*((4-11)/(3**4))) = (8*(4**1)),2.0,-370.286,"['10/7 = 29.5', '3**4 = 7', '4-11 = 10', '4**1 = 7.375']",6,4.0
(((x+36)/10)*(((11*4)-7))) = (13+(-42)),4.0,-43.838,"['6-7 = -7.25', '11*4 = 6']",6,2.0
((((x/(14-12))+19)-9)*7) = ((5+20)*((19/6)+((15+(-17.333))))),14.0,-14.045,"['14*7 = 17', '10+19 = 23', '14/6 = 10', '14-12 = 6', '5+20 = 3', '19/6 = 8']",10,6.0
(((4-x)+(5/7))+10) = ((7+((60/3)+(-9)))*10),7.0,-165.286,"['11+10 = 19', '10+12 = 11', '5/7 = 12', '4-7 = 10', '18*10 = 19']",8,5.0
((x*9)*((3**1)/6)) = (0-5),12.0,-1.111,"['14*1 = -5', '12*9 = 14', '18/6 = 1', '3**1 = 18']",5,4.0
((8+9)+(x)) = (3*((7*(-1.524)))),-33.0,-49.004,['8+9 = 1'],4,1.0
(12+(x+7)) = ((18/(63/7))**2),1.0,-15.0,"['1+7 = 30', '2**2 = 42']",5,2.0
(x/((2**2)-(8/7))) = (8+64),288.0,205.714,"['2**2 = 7', '8/7 = 3']",5,2.0
((x/(8+18))/(1-15)) = (20-18),54.0,-728.0,"['6/5 = 6', '8+18 = 9', '1-15 = 5', '20-18 = 6']",5,4.0
((-241-((17+x)+14))/3) = (7/5),3.0,-276.2,"['7+14 = 20', '17+3 = 7', '7/5 = -87']",5,3.0
((2**(x*6))-(11/6)) = (((20+(-16))*(14-5))/(3*2)),6.0,0.495,"['10-4 = -69', '2**4 = 10', '6*6 = 4', '11/6 = 4', '4*9 = -414']",9,5.0
((20*2)+((x-17)-(7/3))) = ((3*4)-(17*(1*8))),9.0,-144.667,"['9-17 = 99', '20*2 = 6', '7/3 = 12', '3-13 = 93', '17*5 = 13', '1*8 = 5', '3*4 = 3']",9,7.0
((12-(1-11))+(5+((11-x)))) = (3+((((14+(-10))**4)-12))),10.0,-209.0,"['9+4 = -7', '11-10 = -1', '1-11 = 3', '15-12 = -10', '4**4 = 15']",9,5.0
((12/10)-x) = (5*(6*3.167)),13.0,-93.81,['12/10 = 108'],4,1.0
((x*9)/8) = ((3*(3-14))-8),9.0,-36.444,"['10/8 = -65', '9*9 = 10', '3*4 = -57', '3-14 = 4']",5,4.0
((3**3)*(24.75-(40/(x/(1+3))))) = ((4*(8-4))+(4+19)),12.0,6.865,"['12/5 = 2', '1+3 = 5', '3**3 = 8', '8-4 = 3.75']",10,4.0
((((4+14)/5)-(x+14))/(24/4)) = (2**(18+(-15))),9.0,-58.4,"['15/5 = 325', '9+14 = 13', '4+14 = 15', '2**3 = 52']",8,4.0
(17+(((2**3)+((x/2))))) = (((9+8)*(3*0.238))-4),5.0,-33.724,"['5/2 = -17', '2**3 = 1', '9+8 = 7']",8,3.0
(x/((15+8)+6)) = ((15*1)+(-39)),-234.0,-696.0,"['13+6 = 9', '15+8 = 13', '15*1 = 13']",5,3.0
((2*4)-x) = ((((1+3)*(14-10))*17.5)-11),6.0,-261.0,"['2*4 = 30', '8*4 = 2', '1+3 = 8']",7,3.0
(((12+(18-13))/x)-18) = (10/9),10.0,0.89,"['16-18 = -59', '12+18 = 160', '18-13 = 18', '10/9 = -59']",5,4.0
((1-x)-((14/10)**3)) = (1/(60/(5+(30-16)))),3.0,-2.061,"['12-18 = 48', '2**3 = 18', '14/10 = 2', '1-3 = 12', '1/6 = 48', '5+14 = 10']",8,6.0
((2**2)-(5*(x*0.25))) = (((5**1)+(15+(-14)))+9),8.0,-8.8,"['2**2 = -28', '15+9 = -38', '5**1 = 14']",8,3.0
(15-(x+8)) = ((3*(9+7))-(2+18)),3.0,-21.0,"['15-13 = 34', '3+8 = 13', '2+18 = 10', '9+7 = 14.667']",6,4.0
((9-(20/6))*(x/1)) = (((5-12)**1)*10.667),19.0,-13.177,"['9-15 = 2', '20/6 = 15', '19/1 = 32', '2**1 = 6', '5-12 = 2']",7,5.0
((10+(17-15))-x) = (19+(6/8)),11.0,-7.75,"['17-11 = -93', '17-15 = 7', '19+10 = -93', '6/8 = 10']",5,4.0
(((7/8)-x)-(2+11)) = (((17/6)-6)/(5+14)),15.0,-11.958,"['20-15 = -77', '7/8 = 20', '3/3 = -90', '5+14 = 3', '17/6 = 9']",8,5.0
((20-(x*(13/4)))/10) = ((5**3)-4),2.0,-366.154,"['5/10 = 51', '13/4 = 7.5', '8-4 = 51', '5**3 = 8']",6,4.0
((7/(4*6))+(x+(((2**4)+17)))) = ((5+3)*(-19.5)),15.0,-189.292,"['14+2 = -39', '7/3 = 14', '9+17 = -13', '4*6 = 3', '2**4 = 9', '5+3 = 2']",8,6.0
((19/10)-(x/1)) = (855/9),3.0,-93.1,"['19/10 = 97', '3/1 = 2']",4,2.0
((x+12)-(17+(-8))) = ((2-19)-((1*(11/7))/8)),8.0,-20.196,"['8+12 = 6', '1*8 = 24', '2-19 = 0', '11/7 = 8']",8,4.0
((4/(2**(x/((2**3)-9))))**2) = (((5**3)/2)*(((7*5)/3))),19.0,2.755,"['2**2 = -2', '2**3 = 2', '19/8 = 3', '14-9 = 8', '2**3 = 14', '5**3 = 10', '7*5 = -1.2']",11,7.0
(((16+6)*(x+20))+(9/9)) = (5+((19+((3*(-5.333))))**2)),20.0,-19.409,"['8+14 = 37', '17*8 = 8', '20+20 = 8', '9/9 = 14', '16+6 = 17', '5+11 = 37', '3**2 = 11']",9,7.0
((1**1)*(((11+x)**4))) = ((5+1)+7),14.0,-9.101,"['1**1 = 7', '4**4 = -9.857', '11+14 = 4', '6+7 = -69']",6,4.0
((18/6)-(16+(4+((20*x)**1)))) = ((17/3)*((18/8)*5)),7.0,-4.037,"['2-4 = 64', '16+6 = 4', '4+14 = 6', '1**1 = 14', '20*7 = 1', '18/6 = 2', '4*5 = 7.111', '18/8 = 4', '17/3 = 9']",10,9.0
((x*(12-18))+(-10)) = (5**(10+(-7))),19.0,-22.5,"['19*9 = 2', '12-18 = 9', '5**3 = -8']",5,3.0
(((x+1)*(7-18))**4) = (7-(1**(20+20))),18.0,-0.858,"['1**4 = 47', '9*9 = 1', '18+1 = 9', '7-18 = 9', '7-13 = 47', '1**2 = 13', '20+20 = 2']",7,7.0
(x/((1-15)**1)) = (8/((8-1)/2)),13.0,-32.0,"['13/7 = 88', '4**1 = 7', '1-15 = 4', '8/1 = 88', '4/2 = 1', '8-1 = 4']",6,6.0
(((x+19)+(-3))/6) = (3**(4/5)),10.0,-1.551,"['15/6 = 68', '10+19 = 18', '3**1 = 68', '4/5 = 1']",5,4.0
((3-x)*6) = (17+(18-(1*(1**2)))),11.0,-2.667,"['6*6 = 94', '3-11 = 6', '17+4 = 94', '1*4 = 14', '1**2 = 4']",6,5.0
(((9+((16+(x**1))))**2)-7) = (7-9),3.0,-22.764,"['18-7 = -97', '5**2 = 18', '16+7 = -4', '3**1 = 7', '7-9 = -97']",6,5.0
(((10+8)+x)*3) = ((((1*(18+(-13)))/4)/10)-4),3.0,-19.292,"['3*3 = 63', '8+3 = 3', '10+8 = 8', '10/4 = 670', '1*5 = 10']",8,5.0
((x/8)-((5/1)*3)) = (6*((10+(-22.833)))),80.0,-495.984,"['10-1 = -77', '15*3 = 1', '5/1 = 15']",6,3.0
(((2**2)+7)*((2**x)*(5*5))) = ((18/(4**1))/(6*(20.167-19))),3.0,-8.741,"['20+7 = 9', '20*3 = 6', '5*5 = 3', '2**2 = 20', '2**3 = 20', '18/7 = 378', '4**1 = 7']",11,7.0
(11+((12+(x+18))*(4**4))) = (15-(4-19)),3.0,-29.926,"['12+20 = 9', '3+18 = 20', '4**4 = 6.889', '15-20 = 73', '4-19 = 20']",7,5.0
((x*2.8)+(3**(16-(20*5)))) = ((80/(90/9))*((8+(-9.125)))),5.0,-3.214,"['14+15 = -9', '3**1 = 15', '16-18 = 1', '20*5 = 18']",9,4.0
((((7*2)-4)+15)+(x)) = (-66-(4**3)),-90.0,-155.0,"['5+15 = 14', '4-4 = 5', '7*2 = 4', '4**3 = 10']",6,4.0
((6+20)*((x/8)/(6+8))) = ((26/2)-17),5.0,-17.231,"['13/1 = 19.8', '6+20 = 5', '6+8 = 1', '5/8 = 13', '13-17 = 99']",7,5.0
((((4**(7+x))+(-18))-8)-3) = ((22-11)*(16/4)),3.0,-3.905,"['4**3 = 11', '7+3 = 3', '11*4 = -18']",8,3.0
(((3*2.667)+x)-(5*3)) = (18+((14-13)**3)),76.0,25.999,"['5*3 = 17', '18+17 = 67', '1**3 = 17']",7,3.0
((22-(x*1))-13) = ((7-14)/4),18.0,10.75,"['11-13 = -78', '18*1 = 11', '15/4 = -78', '7-14 = 15']",5,4.0
((2-1)*x) = ((1**3)-14),19.6,-13.0,"['2-1 = 5', '1**3 = 112']",4,2.0
((x*2.167)+((19/1)+3)) = (17-(4+(-1))),6.0,-3.692,"['3+3 = 1', '19/1 = 3']",6,2.0
(((x+(4+6))+7)**1) = ((4**(5-5))-15),20.0,-31.0,"['5**1 = 8', '13+7 = 5', '20+17 = 13', '4+6 = 17', '2-15 = 8', '4**3 = 2', '5-5 = 3']",7,7.0
((13/((16/8)*0.778))*(5-x)) = ((7*(1+(19/8)))**(9-16)),15.0,5.0,"['20*3 = 92', '13/7 = 20', '16/8 = 9', '5-15 = 3', '5**4 = 92', '9-16 = 4', '1+4 = 0.714', '19/8 = 4']",10,8.0
((17-4)*((x+6))) = (((24-15)+(12/4))+3),5.0,-4.846,"['17-4 = 5', '5+6 = -17.2', '12+3 = -86']",7,3.0
((x/((16/7)/5))-(4/1)) = (((3**4)+3)-(70/(7*0.714))),763.0,33.826,"['4/1 = 13', '16/7 = 35', '16-14 = 96', '3**4 = 13']",10,4.0
(((15*(10+19))+(-14))+((11-x))) = (16*(14*(8*0.75))),2.0,-912.0,"['15*5 = 16', '11-2 = -101', '10+19 = 5', '16*7 = -99', '14*6 = 7']",8,5.0
((((x/7)*1.5)-4)+(-15)) = ((6*9)-(20*7)),8.0,-312.667,"['8/7 = 8', '14-19 = -7', '6*9 = 14', '20*7 = 19']",7,4.0
((100/(3*1.667))*(x-4)) = ((6*4.5)-((10+3)-(39/3))),16.0,5.35,"['20*7 = 10', '16-4 = 7', '8-13 = 17', '10+3 = 8']",9,4.0
((20+(2/10))+(20+x)) = ((13+(4**3))/(54/9)),9.0,-27.367,"['7+17 = 73', '20+9 = 17', '20+8 = 7', '2/10 = 8', '2/6 = 73', '13+15 = 2', '4**3 = 15']",8,7.0
(((5*5)*(4-x))*((1+16))) = (-328/(3+(66/6))),16.0,4.055,"['10*10 = 5', '5*5 = 10', '1+16 = -16.4', '4-16 = 10', '3+11 = 4']",8,5.0
(((19-x)-((12/7)+10))+(-69)) = ((4*2)*((20+(-27.375)))),4.0,-2.714,"['15+10 = 8', '19-4 = 18', '12/7 = 15']",8,3.0
((x/7)+19) = (-68-(4*3)),11.0,-693.0,"['20+19 = -80', '11/7 = 20']",4,2.0
(3*(((21.667-x)-((4+20)+4)))) = ((15+4)+8),16.0,-15.333,"['20+4 = 15', '4+20 = 20', '19+8 = -28']",7,3.0
((19+((x**1)-2))/3) = (-83-((7*((6*3.333)/10))+(-15))),3.0,-262.996,"['8/3 = -85', '19+12 = 8', '6-2 = 12', '3**1 = 6', '20/10 = 2.429']",9,5.0
(((12*(5*2))*(x+17))**2) = ((8+(5/8))**((12+(-10))/7)),8.0,-16.989,"['3**2 = 72', '8+17 = 0.3', '12*3 = 10', '5*2 = 3', '2**3 = 72', '8+1 = 2', '2/7 = 3', '5/8 = 1']",10,8.0
((27/9)**(12+x)) = (64-5),13.0,-8.288,"['3**4 = 59', '12+13 = 4']",4,2.0
(-35-((((6*2)+x)**3)/9)) = ((23-((16-12)**1))*((14-14))),5.0,-18.804,"['18/9 = 18', '1**3 = 18', '8+5 = 1', '6*2 = 8', '14-14 = -5.889', '4**1 = 14']",10,6.0
(12+((17-x)-(11*9))) = ((15+16)-((560/8)/(3**4))),13.0,-100.136,"['11*9 = 14', '17-13 = 24', '3-7 = 22', '15+16 = 3', '3**4 = 10']",9,5.0
((17*x)+((15+8)+(3**1))) = ((8+13)-(18*5)),7.0,-5.588,"['7+14 = 4', '3**1 = 14', '15+8 = 7', '17*7 = 13', '18*5 = 4']",8,5.0
((12-(14/((5**1)-3)))+((x*5))) = ((10/(13+4))*(((10*9)+(-23.75)))),18.0,6.794,"['14/10 = 3', '3-3 = 10', '18*5 = -47', '5**1 = 3', '10/9 = 8', '10*9 = 19', '13+4 = 9']",11,7.0
((9*8)+((x*8)-(11+3))) = (46-(5/9)),16.0,-1.569,"['11+3 = 15', '9*8 = 11', '16*8 = 31', '5/9 = 19']",7,4.0
(((x+(4*9))*(20+4))*8) = ((18+(-12))+((((10*0.2)-6)-15))),9.0,-36.068,"['10*8 = -30', '3*7 = 10', '20+4 = 7', '9+17 = 3', '4*9 = 17', '13-15 = -36', '2-6 = 13']",10,7.0
(18+((4*(((x/6)/4))))) = ((-79-(10*3))/(4*0.5)),7.0,-435.0,"['6/4 = -16.25', '7/6 = 6', '10*3 = 15']",8,3.0
(7*(6*((x-10)+9))) = (((8*5)*10)/6),10.0,2.587,"['5+9 = 0.381', '10-10 = 5', '11*10 = 96', '8*5 = 11']",7,4.0
(-306/(x-(((3+18)*3)-17))) = (((15/3)**2)/(24-14)),27.0,-76.4,"['12-17 = 18', '3*3 = 12', '3+18 = 3', '12/10 = -34', '5**2 = 12']",9,5.0
(((2+x)-6)-8) = (-368/8),8.0,-34.0,"['20-8 = -46', '2+8 = 26']",4,2.0
((x-((19/7)**1))-3) = ((90/5)+(-51)),10.0,-27.286,"['10-3 = -33', '10-6 = 10', '3**1 = 6', '19/7 = 3']",6,4.0
((18-15)-(9-(x*(7*9)))) = ((4**2)+(9+(17+4))),7.0,0.825,"['9-17 = 1', '7*9 = 2.429', '18-15 = 27', '18+20 = 26', '9+6 = 20', '17+4 = 6', '4**2 = 18']",9,7.0
(((3*4)+((x+13)**2))*10.5) = ((18*4)+68),9.0,-11.845,"['1**2 = 5', '3*4 = 3', '9+13 = 1', '18*4 = 16']",7,4.0
(((3-6)*x)*(14*6)) = ((3**4)-9),9.0,-0.286,"['6*3 = 77', '8*9 = 6', '14*6 = 3', '3-6 = 8', '3**4 = 86']",6,5.0
((2*((x+14)*8))*((7+1)-3)) = (-270/5),9.0,-14.675,"['5*7 = -54', '15-3 = 7', '15*8 = 2.5', '9+14 = 15', '7+1 = 15']",7,5.0
((14+10)*((6+15)+x)) = (6-((10*(18-13))+11)),9.0,-23.292,"['14+10 = 3', '9+9 = 32', '6+15 = 9', '6-14 = 96', '10*5 = 3']",8,5.0
((18-x)-(12/(4**(8+16)))) = (3*30.667),2.0,-74.001,"['12/2 = 2', '4**1 = 2', '18-2 = 94', '8+16 = 1']",6,4.0
(((6-(x/3))+(-10))+(1**1)) = (3+(13+(2**2))),14.0,-69.0,"['1+4 = 33', '6-20 = 11', '14/3 = 20', '1**1 = 4', '3+12 = 33', '13+7 = 12', '2**2 = 7']",8,7.0
((1-((16/7)+(12*x)))+17) = ((5+8)/(2**4)),9.0,1.242,"['19+17 = 54', '1-6 = 19', '20+17 = 6', '16/7 = 20', '12*9 = 17', '13/9 = 54', '2**4 = 9']",8,7.0
((20*6)-(((16-17)-x)-(3+15))) = (((1*4)/((13-6)*0.857))*3),10.0,-137.0,"['1-5 = 82', '15-12 = 5', '20*6 = 1', '3+15 = 12', '16-17 = 25', '9*3 = 82', '1*4 = 54']",11,7.0
(((x-12)-8)/(13+(-4))) = (2*((((-40/5)/8)-(23-12)))),12.0,-196.0,['12-12 = -208'],9,1.0
((x+(14+16))+6) = ((6*(((1.333-(13/10))-4)))-16),2.0,-75.802,"['5+6 = -62', '14+16 = 3', '13/10 = 5']",8,3.0
(((6+(((x+8)-9)))+(14+4))+15) = (10-((14+18)*(6*2))),8.0,-412.0,"['15+15 = -78', '9-9 = -4', '8+8 = 9', '14+4 = 13', '10-11 = -78', '7*2 = 11', '6*2 = 2', '14+18 = 7']",10,8.0
((6+(1+x))+(8+4)) = (18/(((4*1)*0.5)+17)),11.0,-18.053,"['6+4 = 5', '8+4 = 3', '1+11 = 4', '18/6 = 8', '2+17 = 6']",8,5.0
(((x*(5**2))-8)+(15-5)) = ((12*4)-(3*8)),16.0,0.88,"['9+1 = -95', '15-5 = 1', '16*6 = 17', '5**2 = 6', '12*4 = -93', '3*8 = 2']",8,6.0
(1-(x/5)) = ((22-17)*6),2.0,-145.0,"['1-20 = 30', '2/5 = 20']",4,2.0
(((4+12)+x)*((8-3)+7)) = (((9-2)*0)/(5+3)),11.0,-16.0,"['9+11 = 6', '4+12 = 9', '8+7 = 0', '8-3 = 8', '9-2 = 4']",9,5.0
(16-(x-((11+6)/7))) = (1*(20*9)),3.0,-161.571,"['3-12 = 12', '4/7 = 12', '11+6 = 4', '1*2 = 4', '20*9 = 2']",6,5.0
(18+(5*(x/(2-7)))) = (((4*0.75)*1)**3),88.0,-9.0,"['2-7 = 10', '3**3 = 62']",7,2.0
(((8+17)*(x*8))*2) = (980/(40/4)),14.0,0.245,"['19*2 = 98', '14*3 = 19', '14*8 = 3', '8+17 = 14']",6,4.0
((x*5)/5) = (((144/8)/9)-9),5.0,-7.0,"['5*5 = 250', '2-9 = 50']",5,2.0
(3*(x+4)) = (16+(((-2700/5)/6))),18.0,-28.667,"['3*2 = -74', '18+4 = 2']",5,2.0
(20/(17*x)) = ((8/8)**((5-18)/(3**1))),7.0,1.176,"['20/10 = 23', '17*7 = 10', '1**1 = 23', '5-18 = 4', '3**1 = 4']",7,5.0
((19+(16+3))+(x)) = (((10*1.5)+(-48))-19),-70.0,-90.0,"['19+5 = 18', '16+3 = 5']",6,2.0
(19+(((x*6)/8))) = (-41-((8-((8/8)**1))+9)),6.0,-101.333,"['14/8 = -70', '6*6 = 14', '1**1 = 7']",8,3.0
(((14+(((20-4)*9)))+x)+1) = (((24-((7+13)/5))/5)**3),16.0,-95.0,"['19+1 = 29', '11*9 = -11', '20-4 = 11', '1**3 = 29', '20/5 = 1']",10,5.0
((165/3)-(x-3)) = ((2+20)*(18+((9/6)))),10.0,-371.0,"['10-3 = 2', '2+20 = 8', '9/6 = -11.375']",7,3.0
((x+13)+(-9)) = ((2/(27/(8-5)))/(15/2)),20.0,-3.97,"['20+13 = 15', '2/9 = 60', '15/2 = 10']",7,3.0
((6*x)+7) = (-78/(8*(5+19))),5.0,-1.234,"['4+7 = -26', '6*5 = 4', '5+19 = 0.375']",5,3.0
((9*3)-(x*((5**1)+((11/10))))) = ((9+(-2))-((13/2)*5)),18.0,8.607,"['10-12 = 85', '18*5 = 12', '11/10 = -8', '5**1 = 13', '9*3 = 10', '7-19 = 85', '15*5 = 19', '13/2 = 15']",10,8.0
((x*(6+3))+(6+5)) = ((96/6)-(1**1)),7.0,0.444,"['10+15 = 49', '7*4 = 10', '6+5 = 15', '6+3 = 4', '16-7 = 49', '1**1 = 7']",7,6.0
(x+((4*4)/(50/10))) = (((7-((9/4)/3))/2)/7),18.0,-2.754,"['18+17 = 43', '4*4 = 85', '12/7 = 43', '7-20 = 24', '1/3 = 20', '9/4 = 1']",9,6.0
((15-(12/6))+(((14/x)*(3**4)))) = (5**4),9.0,1.853,"['11*9 = -24', '3**4 = 9', '14/9 = 11', '12/6 = 4', '5**4 = -13']",7,5.0
(((4**3)-(x*(3*(11/3))))**3) = (((36/9)**2)*(6/9)),18.0,5.618,"['3**3 = -74', '4**3 = 22', '18*7 = 19', '3*8 = 7', '11/3 = 8', '11*4 = -74', '6/9 = 4', '4**2 = 11']",10,8.0
(((8+11)+x)/8) = (6*(-3.333)),18.0,-178.984,"['19/8 = -20', '2+18 = 19', '8+11 = 2']",4,3.0
(10+((4-x)/2)) = ((6*1.5)+12),2.0,-18.0,"['10+17 = -17', '4-2 = 34', '9+12 = -17']",5,3.0
((x*(3*1))/9) = (-67-(3**3)),9.0,-282.0,"['7/9 = -82', '9*2 = 7', '3*1 = 2', '3**3 = 15']",5,4.0
((18*(14/7))+x) = ((2-12)-4),85.0,-50.0,"['18*8 = 6', '14/7 = 8', '2-4 = 91', '2-12 = 2']",5,4.0
(13+(x/(2**1))) = (10+(-97)),1.0,-200.0,"['13+7 = -87', '1/6 = 7', '2**1 = 6']",4,3.0
(((x*2)**4)**3) = ((9*7.556)-(17/9)),17.0,0.709,"['4**3 = 56', '4**4 = 4', '17*2 = 4', '17/9 = 12']",6,4.0
(x-(14/8)) = (-68-(37-17)),14.0,-86.25,"['14-13 = -88', '14/8 = 13']",4,2.0
((88/8)*(((17*x)/7)-7)) = (((18/10)*2.714)/(15+(-10))),10.0,2.919,"['11*9 = 57', '5-7 = 9', '2/7 = 5', '17*10 = 2', '19/5 = 57', '18/10 = 7']",9,6.0
(-83-((13*4)-(12-x))) = (9*(-10.222)),2.0,-31.002,"['9-13 = 9', '12-2 = 13', '13*4 = 9']",5,3.0
((((x*6)**3)-3)+(17-(3*5))) = (9-19),16.0,-0.347,"['17-9 = 89', '3*5 = 9', '3**3 = 6', '16*6 = 3', '9-19 = 92']",7,5.0
((4-8)*(((2*x)/9))) = ((2**(9*0.333))*((1**4))),9.0,-8.981,"['11/9 = -10.778', '4-8 = 9', '2*9 = 11', '2**3 = 9', '1**4 = -10.778']",8,5.0
((2/4)-(x/4)) = (-72/(9*6)),18.0,7.333,"['18/4 = 1', '2/4 = -17', '9*6 = 4']",5,3.0
((6*x)/9) = (3*(-8.333)),4.0,-37.499,"['8/9 = -25', '6*4 = 8']",3,2.0
(x*(6*8)) = (12-18),6.0,-0.125,"['6*3 = -54', '6*8 = 3', '12-18 = -54']",3,3.0
((((20/1)+13)*((x+(2**2))))/3) = ((14-6)+(14-10)),17.0,-2.909,"['17+19 = -33.75', '8+13 = 4', '20/1 = 8', '2**2 = 19', '8+1 = -45', '14-10 = 1']",9,6.0
(x-(7-((3**3)**2))) = ((1*9)+(27/3)),16.0,-704.0,"['16-14 = -81', '7-2 = 14', '4**2 = 2', '3**3 = 4', '2+9 = -81', '1*9 = 2']",7,6.0
(16*(x*1)) = ((12/4)*(-31.333)),11.0,-5.875,"['16*9 = -94', '11*1 = 9']",4,2.0
(((2-10)+14)+((6/x)*3)) = (16+1),9.0,1.636,"['17+1 = 2', '16*3 = 1', '6/9 = 16', '2-10 = 3', '16+1 = 2']",6,5.0
(x/((4/4)-(4/1))) = (((30-16)-((2+(-1))-8))*1),174.0,-63.0,"['4/1 = 18', '4/4 = 21', '12*1 = 58', '1-8 = 2']",9,4.0
(((11/7)*((6*(x*4))-4))*6) = (1+(((9-4)+((8*2))))),19.0,0.264,"['12*6 = -2', '4*1 = 12', '2-4 = 1', '6*7 = 2', '19*4 = 7', '11/7 = 4', '8*2 = -5', '9-4 = 2']",10,8.0
(x-(15-15)) = ((10*1.4)+((3*(-35.333)))),-86.0,-91.999,['15-15 = 6'],5,1.0
((((2+x)**3)+12)+(4/1)) = ((18/(13+15))**((24/6)*1)),1.0,-4.511,"['10+17 = -56', '4+12 = 10', '4/1 = 17', '1**3 = 4', '2+1 = 1', '3**4 = -56', '13+15 = 6']",10,7.0
((((1+(20+12))*x)-10)/5) = ((10*1.1)/(7*6)),6.667,0.343,"['20-10 = -220', '1+19 = 3', '20+12 = 19', '11/4 = -44', '7*6 = 4']",8,5.0
((x/(5**1))-11) = (9-(9*(7+13))),376.0,-800.0,"['5**1 = 4', '9-10 = 83', '9*4 = 10', '7+13 = 4']",6,4.0
(((x-10)/(14-10))*((6*(-1.833)))) = ((9*0.333)*(((10+10)/8))),18.0,7.275,"['13/6 = 9', '18-10 = 13', '14-10 = 6', '20/8 = -33']",9,4.0
(((18+13)+(x+16))/9) = ((15-15)/((12+4)-3)),7.0,-47.0,"['6/9 = 0', '8+15 = 6', '7+16 = 15', '18+13 = 8', '12+4 = 8']",8,5.0
(5*(8+(2+(x-4)))) = ((10+(4-4))+(18/6)),16.0,-3.4,"['5*3 = 13', '8+17 = 3', '16-4 = 15']",8,3.0
((6*1)*(6*x)) = (10+9),7.0,0.528,"['6*7 = 21', '6*1 = 3', '10+9 = 63']",4,3.0
((2*1)*((((x+15)**3)+2))) = ((12+((21-12)+(-6)))/(13/5)),17.0,-14.04,"['16+2 = -27', '3**3 = 16', '17+15 = 3', '15/4 = -54', '13/5 = 4']",10,5.0
((x+9)-((15+12)/3)) = ((-830/10)-((18+(19/6))+(-7))),10.0,-97.167,"['19-16 = -96', '15/3 = 16', '15+12 = 15', '19/6 = 2']",9,4.0
((12+(5*x))+(16*4)) = ((11+4)-9),2.0,-14.0,"['16*4 = 46', '5*2 = 0', '11+4 = 67']",6,3.0
((19+((1+x)-7))-(4/6)) = ((4/4)**1),14.0,-11.333,"['3-6 = 26', '19+14 = 3', '1-7 = 14', '1+14 = 1', '4/6 = 6', '1**1 = 26']",7,6.0
((x*(10/6))+9) = ((15+(10*1.6))/9),4.0,-3.333,"['4*9 = 5', '10/6 = 9', '5/9 = 14', '15+16 = 5']",6,4.0
(((5/1)-(3*(12/3)))-(x*3.333)) = (13-(2-(10-16))),6.0,-3.6,"['15-7 = 58', '3*5 = 7', '12/3 = 5', '5/1 = 15', '13-18 = 38', '2-1 = 18', '10-16 = 1']",9,7.0
(10+(((18*2)+(14*x))/10)) = (1-19),8.0,-22.571,"['10+5 = -22', '11/10 = 5', '12+16 = 11', '14*8 = 16', '18*2 = 12', '1-19 = -22']",6,6.0
(((14-8)+(-((20-x)/10)))*((8+13))) = ((3+18)**(19+(-18))),19.0,-30.0,"['8+13 = -5.6', '3/10 = 13', '20-19 = 3', '14-8 = 18', '1**1 = -28', '3+18 = 1']",9,6.0
(((2**4)/4)-x) = ((7*6.714)-((9/9)**4)),8.0,-41.998,"['15-8 = 30', '2**4 = 60', '1**4 = 17']",7,3.0
((2*(x+11))+(2**3)) = (11-14),3.0,-16.5,"['20+12 = 69', '2**3 = 12', '2*1 = 20', '3+11 = 1', '11-14 = 69']",5,5.0
((16-18)+(x*5)) = ((10*0.1)+16),17.0,3.8,"['16-18 = 11', '17*5 = 80', '1+16 = 91']",5,3.0
((14-x)/(5+(16-10))) = ((3*25.667)/(14+(-7))),12.0,-107.002,"['5+20 = 8', '14-12 = 88', '16-10 = 20']",7,3.0
(((17+14)*((x/3)*10))/5) = ((((16+14)-(3-20))/7)**1),8.0,0.325,"['11/5 = 87', '10*6 = 11', '2*10 = 6', '17+14 = 10', '8/3 = 2', '1**1 = 87', '16+14 = 17', '3-20 = 10']",10,8.0
((2-x)*((3-(6-(7/1)))/2)) = (5*((7*0.429)*(4.934/2))),7.0,-16.521,"['3-4 = 37', '6-20 = 4', '7/1 = 20', '2-7 = 2']",10,4.0
((7/9)-(8+(((x+8)*2)))) = (((2*2)+(10+(-3)))/3),17.0,-13.444,"['20*2 = -2', '17+8 = 20', '7/9 = -9', '4+7 = -45']",9,4.0
((((7+10)**2)-1)+(x)) = (((6-(8/6))-5)+((10+5))),-101.0,-273.333,"['6-1 = 3', '2**2 = 6', '7+10 = 2', '5-5 = 13', '10+5 = -111', '8/6 = 1']",9,6.0
((11-1)+((x*(7-5)))) = ((64/(6*(2*0.666)))/8),12.0,-4.499,"['12*2 = -100', '11-1 = 11', '8/8 = -89']",8,3.0
((15+(10-19))*(((12/x)/7))) = (2*((3*1.333)*2)),6.0,0.643,"['15+5 = 4', '5/7 = -18.75', '10-19 = 5', '12/6 = 5', '2*8 = -75']",8,5.0
(((x-(13-17))**3)/9) = (((17-7)+(-340))/10),6.0,-10.672,"['2/9 = -33', '3**3 = 2', '13-17 = 3']",7,3.0
(((x-((17/1)/(8/10)))-20)+60) = (((9-15)+(-7))*8),17.0,-122.75,"['17-5 = 27', '6/1 = 5', '8/10 = 1', '17/1 = 6', '8*8 = 67', '9-15 = 15']",9,6.0
((((15-x)-20)*(5**1))/8) = (42-(36-18)),1.0,-43.4,"['18-20 = 4', '15-1 = 18', '5**1 = 48']",7,3.0
((18+x)-(12*(2-9))) = ((4**1)-15),6.0,-113.0,"['12*2 = 9', '2-9 = 2', '18+6 = 41', '10-15 = 32', '4**1 = 10']",6,5.0
((14*x)-(5**3)) = (((1**1)*7)*((20+((2*(-15.875)))))),10.0,3.054,"['2-1 = -94', '14*10 = 2', '5**3 = 1', '7*7 = 8', '1**1 = 7']",8,5.0
(((18+20)*0.429)*(5*(x/3))) = (4-15),17.0,-0.405,"['5*8 = 30.333', '18+20 = 7', '17/3 = 8', '4-15 = 91']",6,4.0
(((8*6)+x)/(13/2)) = (((15+1)-(136/8))/5),7.0,-49.3,"['12/7 = 21', '13/2 = 7', '7+7 = 12', '8*6 = 7', '16-17 = 105']",8,5.0
((2**((x*(18-7))**1))/5) = (13/((18-4)/8)),20.0,0.474,"['18/5 = 44', '2**4 = 18', '5**1 = 4', '20*6 = 5', '18-7 = 6', '13/6 = 44', '14/8 = 6']",8,7.0
(((x/3)+20)**1) = (5-15),18.0,-90.0,"['4**1 = -52', '14+20 = 4', '18/3 = 14', '5-15 = -52']",4,4.0
((18+((3-x)))-((4**3)+(8*10))) = ((-207-9)/4),13.0,-69.0,"['3-13 = -64', '19+2 = 8', '4**3 = 19', '8*10 = 2']",8,4.0
(((15-10)+7)+x) = (2+17),32.0,7.0,"['13+7 = 10', '15-10 = 13', '2+17 = 42']",4,3.0
((x/(12*7))+((1+(17-10)))) = ((1-((120-12)/9))/6),8.0,-826.0,"['1+20 = -7', '8/9 = 5', '12*7 = 9', '17-10 = 20', '1-12 = -12']",9,5.0
((12-(1+x))-(12-16)) = (14*(54/(4**3))),14.0,3.188,"['17-15 = -80', '12-16 = 15', '12-16 = 17', '1+14 = 16', '14*9 = -80', '4**3 = 6']",7,6.0
(((x/(16-13))/7)+(19+(13*3))) = ((6/10)+((4*33.25)/7)),14.0,-806.4,"['19+2 = 20', '11/7 = 2', '14/7 = 11', '16-13 = 7', '13*3 = 2', '20+19 = 22', '6/10 = 20']",10,7.0
(((x*(7+(4**3)))*(5**1))*2) = ((((3*1.667)*1.6)*(3*10))+(-77)),6.0,0.23,"['11*2 = -69', '5**1 = 1.222', '6*5 = 9', '7+15 = 5', '4**3 = 15', '3*10 = 1']",11,6.0
(((x*8)*4)*(2*4)) = ((54/(1/3))-(3*4)),13.0,0.586,"['4*4 = 5', '13*8 = 4', '2*4 = 3.4', '3*4 = 1', '1/3 = 3']",8,5.0
((4-(7+14))-(14+(x+6))) = (((9-19)-1)/(36/6)),13.0,-35.167,"['14+17 = 16', '4-20 = 31', '7+14 = 20', '13+6 = 17', '16/6 = 15', '16-1 = 16', '9-19 = 16']",9,7.0
((x*4.25)+((4**(5**1))-15)) = (8-1),4.0,-235.765,"['17+18 = 62', '17-15 = 18', '4**3 = 17', '5**1 = 3', '8-1 = 62']",6,5.0
(((9+x)+(20+1))/2) = (((20+3)**1)-18),19.0,-20.0,"['7/2 = -25', '13+7 = 7', '9+19 = 13', '20+1 = 7', '5-18 = -25', '1**1 = 5', '20+3 = 1']",7,7.0
(((10+6)+((x**1)+(9/2)))*10) = ((16+(-14))+(-5)),2.0,-20.8,"['15*10 = -3', '9+13 = 15', '4+10 = 13', '9/2 = 10', '10+6 = 9', '2**1 = 4']",8,6.0
(2-((7*0.143)+(x*(14*10)))) = (((60/3)+5)-8),12.0,-0.114,"['2-5 = -48', '12*8 = 4', '14*10 = 8', '20+5 = -40']",8,4.0
((x-12)+((8*8))) = (((8-7)/((2+14)*1))**3),3.0,-52.0,"['3-12 = 14', '8*8 = -30', '3**3 = -16', '1/1 = 3', '4*1 = 1', '2+14 = 4']",8,6.0
((8*(8/1))+x) = (240/(6-((3+20)**1))),11.0,-78.118,"['15+11 = 60', '8*6 = 15', '8/1 = 6', '6-13 = 4', '5**1 = 13', '3+20 = 5']",7,6.0
((8*x)+(5/4)) = (((10*0.7)+15)+(-25)),9.0,-0.531,"['9+4 = -21', '5/4 = 4', '8*9 = 9', '7+15 = 4']",6,4.0
((x**1)/3) = (8*(((25-(15*4))/(18*2)))),1.0,-23.333,"['1**1 = -159', '18/10 = -6.625', '15*4 = 7', '18*2 = 10']",7,4.0
((2**x)/9) = ((4/9)/((17/(4+2))+18)),3.0,-2.381,"['2**3 = -126', '12/1 = -14', '11+18 = 1', '4/9 = 12', '17/6 = 11']",7,5.0
((10+3)*((17*5)+x)) = (-67-6),16.0,-90.615,"['13*6 = -73', '16+16 = 6', '17*5 = 16']",5,3.0
(((1+(11*4))+2)*((x/6))) = ((8-17)/6),7.0,-0.191,"['7/6 = -18.75', '1+17 = 2', '11*4 = 17', '8-17 = -450']",7,4.0
((((x+3)**3)+2)+4) = ((22-13)-((22-13)*1.667)),13.0,-5.29,"['2+4 = -95', '17+2 = 2', '2**3 = 17', '13+3 = 2', '9-15 = -95']",8,5.0
(((1/5)**2)-x) = (12+35),8.0,-46.96,"['2**2 = 55', '1/5 = 2']",4,2.0
(x*(7*8)) = (3*(-18.333)),8.0,-0.982,"['8*1 = -55', '7*8 = 1']",3,2.0
(-72-(x+(4**3))) = ((4+11)-17),6.0,-134.0,"['4**3 = 4', '4+11 = -65']",5,2.0
((10*x)-(((7-(4*4))**3)+(-2))) = (78-(15*8)),3.0,-77.3,"['4**3 = 16', '10*3 = 76', '7-1 = 4', '4*4 = 1', '15*8 = 16']",8,5.0
((x*2)+(17-(16-3))) = ((6/2)**2),16.0,2.5,"['19+16 = -51', '16-3 = 1', '16*2 = 19', '3**2 = -51']",6,4.0
((((3**3)+11)-3)-x) = (15*(19/2)),7.0,-107.5,"['3-3 = 92', '3+11 = 3', '3**3 = 3', '15*7 = 85', '19/2 = 7']",6,5.0
((3**3)+(x/(5**1))) = (8+2),16.0,-85.0,"['16+4 = -3', '3**3 = 16', '5**1 = 4', '8+2 = -3']",5,4.0
(((13-16)**4)+((x/1))) = (14/5),1.0,-78.2,"['1/1 = -108', '1**4 = 16', '13-16 = 1', '14/5 = -92']",5,4.0
((16/((13/3)-4))+x) = (6+((2+9)/6)),14.0,-40.167,"['15+14 = 58', '16/10 = 15', '12-4 = 10', '13/3 = 12', '2+9 = 312']",7,5.0
((7*(17-(x+13)))/8) = (((19/(8/9))+(-2))-14),3.0,-2.143,"['7*8 = 32', '17-1 = 8', '3+13 = 1', '19/10 = 20', '8/9 = 10']",8,5.0
(((x*2)+16)**3) = ((12-6)*((3*4))),10.0,-5.92,"['5**3 = -71', '9+16 = 5', '10*2 = 9', '3*4 = -7.889', '12-6 = 9']",6,5.0
((x*(12-5))*(((3-1)**2))) = ((5+1)+((12-4))),12.0,0.5,"['2**2 = -20', '12*3 = 3', '12-5 = 3', '12-4 = -66']",8,4.0
((7*x)/3) = (((5*(16/5))+8)*(-3.2)),4.0,-32.914,"['7*4 = -48', '16+8 = 5']",6,2.0
((14/8)-((x-13)/(12*3))) = ((14-14)+14),5.0,-428.0,"['17-20 = -86', '5-13 = 180', '12*3 = 9', '14/8 = 17', '2+14 = -86', '14-14 = 2']",7,6.0
((x-7)**(9/3)) = ((6*1.833)+(((6*(-58.333))/5))),17.0,3.107,"['3**1 = -59', '9/3 = 1', '17-7 = 3']",7,3.0
(((15-(2+6))**1)-(20*x)) = ((6+12)+20),10.0,-1.55,"['19-16 = 27', '20*10 = 16', '1**1 = 19', '15-20 = 1', '2+6 = 20', '18+20 = 27']",7,6.0
((((6/(16+20))-9)-x)*(14+2)) = ((1440/8)/4),1.0,-11.646,"['16*5 = 45', '6/8 = 26', '16+20 = 8', '14+2 = 5']",8,4.0
((11+((x/8)))/(15+(-5))) = ((((15-14)+20)/4)-(15/3)),8.0,-68.0,"['8/8 = -901', '6+20 = -336', '15-14 = 6']",9,3.0
((20+x)+(6*(6*7))) = (19/(14+(-10))),2.0,-267.25,"['9+18 = -59', '20+2 = 9', '6*7 = 3', '19/4 = -59']",6,4.0
(((16-15)-x)-(7-18)) = ((13+15)*9),3.0,-240.0,"['19-9 = 63', '16-15 = 22', '7-18 = 9', '15*9 = 63', '13+15 = 15']",6,5.0
(((14-(1+4))*(14*9))*(x+20)) = (6*8.333),11.0,-19.956,"['12*4 = 50', '2*4 = 12', '14*9 = 4', '11+20 = 4', '14-9 = 2', '1+4 = 9']",7,6.0
((19*(x+19))*(((4**3)-6))) = (15+((-824/8))),5.0,-19.08,"['19*2 = 6', '14-6 = -14.667', '4**3 = 14', '5+19 = 2']",7,4.0
(12+((x-20)+13)) = (68/(10*(19*9))),18.0,-4.96,"['17+13 = 22', '18-20 = 17', '19*9 = 0.2']",6,3.0
(12-(((7+6)-x)-14)) = (((17/8)+((20/7)+(-13)))/3),20.0,-15.673,"['12-14 = -51', '19-14 = 14', '16-20 = 19', '7+6 = 16', '12/3 = -51', '20/7 = 16', '17/8 = 9']",9,7.0
((x/1)/(19-14)) = (1**4),10.0,5.0,"['19-14 = 3', '10/1 = -15', '1**4 = -5']",4,3.0
((x/((3/9)*9))*(-3.8)) = ((11-10)**(9*(10*0.022))),10.0,-0.789,"['2*9 = 2', '3/9 = 2', '1**2 = -19']",8,3.0
((-522/(((3-3)**4)-x))/(3*5)) = (18-6),16.0,2.9,"['3*5 = 2', '14-16 = 3', '5**4 = 14', '3-3 = 5', '18-6 = -87']",7,5.0
(14+(20-((9-x)/2))) = ((4*((7*2)/5))-(13/1)),10.0,-62.6,"['14+9 = -78', '20-2 = 9', '5/2 = 2', '9-10 = 5', '19-8 = -78', '13/1 = 8', '7*2 = 23.75']",9,7.0
(((((x*3)**3)*3)-11)/3) = ((15-13)*(((7+13)/(9+(-7))))),17.0,0.957,"['2-11 = -207', '5*3 = 2', '3**3 = 5', '17*3 = 3', '7+13 = -34.5', '15-13 = 4']",10,6.0
(((11+x)-10)+((3*3))) = ((7*(2+(-0.429)))/3),1.0,-6.334,"['10-10 = 11', '3*3 = -89', '11+1 = 10', '11/3 = -78']",7,4.0
((10-((9-x)*6))+6) = (6-((17*3)+16)),2.0,-3.833,"['12+6 = 17', '10-6 = 12', '16*6 = 6', '9-2 = 16', '6-13 = 17', '19+16 = 13', '17*3 = 19']",7,7.0
((20+((x-7)))+((11/1)*9)) = ((1**1)**(((40/5)-3)*7)),2.0,-111.0,"['11+3 = -10', '10*9 = 3', '11/1 = 10', '2-7 = -9', '5**2 = -10', '5*7 = 2', '1**1 = 5']",10,7.0
((8-x)-((4**2)-1)) = (10*(4/(5+2))),3.0,-12.714,"['8-1 = 3', '4**2 = 8', '8-3 = -55', '10*7 = -58', '4/7 = 7']",7,5.0
(((15+7)-(8+7))*x) = ((9+1)-(136/8)),11.0,-1.0,"['19-1 = 7', '8+7 = 1', '15+7 = 19', '10-17 = 77']",7,4.0
(15+(x+11)) = (15+((18-17)**2)),12.0,-10.0,"['12+11 = 71', '2**2 = 71', '18-17 = 2']",5,3.0
((x/6)/(1**3)) = (((5-8)-19)-(21/7)),13.0,-150.0,"['13/6 = -846', '1**3 = 9', '15-3 = -94', '5-8 = 34']",7,4.0
(x/((4-10)*(19+3))) = (14-9),590.0,-660.0,"['10*7 = 10', '4-10 = 10', '19+3 = 7', '14-9 = 59']",5,4.0
((2/(3-9))*x) = (46-6),20.0,-120.0,"['2/7 = 2', '3-9 = 7']",4,2.0
(((((x-1)+7)*1.5)*1.333)**1) = ((10-15)-(20+(-14))),1.0,-11.501,"['4**1 = 58', '4+7 = 2', '1-1 = 4', '10-15 = 64']",8,4.0
((3-8)-(3*x)) = ((4*6)**(6*0.333)),2.0,-192.45,"['7-6 = -44', '3-8 = 7', '5**2 = -44', '4*6 = 5']",6,4.0
(((12*(x/4))+(19/8))-(5/5)) = ((5**((19-16)-(40/4)))-10),11.0,-3.792,"['5-1 = 71', '5+12 = 5', '19/8 = 12', '12*7 = 5', '11/4 = 7', '19-10 = 71', '5**4 = 19', '3-10 = 4']",11,8.0
((6/(7-2))+(x-15)) = (11+(-41)),9.0,-16.2,"['7+1 = -30', '9-15 = 1', '6/8 = 7', '7-2 = 8']",5,4.0
((15-x)*(18/8)) = (((18/9)+9)/(7+(-3))),19.0,13.778,"['17*10 = 83', '15-19 = 17', '18/8 = 10', '11/4 = 83']",7,4.0
((18-20)-((4**4)+x)) = (3+61),7.0,-322.0,"['18-20 = 67', '1+7 = 3', '4**4 = 1']",5,3.0
(20+((12+x)**4)) = ((9*0.778)+17),18.0,-10.586,"['20+16 = 24', '4**4 = 16', '12+18 = 4']",5,3.0
((6-6)+(x/(3-19))) = (13-8),3.0,-80.0,"['3/8 = 25', '3-19 = 8', '6-6 = 1', '13-8 = 26']",5,4.0
(((1**4)/5)+(x+2)) = ((4-(49/7))-17),3.0,-22.2,"['6+5 = 27', '1**4 = 30', '4-7 = 44']",7,3.0
((44/4)+((13+x))) = (3/5),17.0,-23.4,"['13+17 = -26', '3/5 = -15']",4,2.0
((x+15)*((((10*5)/2)+8)**3)) = ((7*(9*0.111))*(-9.857)),8.0,-15.002,"['16*4 = -69', '4**3 = 4', '13+8 = 4', '3/2 = 13', '10*5 = 3', '8+15 = 16']",9,6.0
(((1*5)*x)+17) = ((10/(8-10))*(2+(2*6.5))),4.0,-18.4,"['13+17 = 59', '4*4 = 13', '1*5 = 4', '2+13 = 29.5', '8-10 = 5']",8,5.0
(((13+16)+(x))/2) = (-(3+11)-(12*(20-8))),-67.0,-345.0,"['13+16 = 19', '12*7 = 17', '3+11 = 7', '20-8 = 7']",7,4.0
(-(x/5)-((9+18)+3)) = (4+(9-4)),1.0,-195.0,"['5+3 = 2', '9+18 = 5', '1/5 = 18', '4+5 = -20']",6,4.0
((9/8)**(x/(15/1))) = (3/(11*(8*7))),16.0,-678.107,"['4**2 = -89', '16/2 = 2', '15/1 = 2', '9/8 = 4', '3/2 = -89', '11*1 = 2', '8*7 = 1']",7,7.0
((((13*2)/1)+x)-12) = (((54/9)+(14+11))-(18/6)),85.0,14.0,"['7/1 = 20', '13*2 = 7', '14+11 = 90']",9,3.0
((x-6)/(14/2)) = (((4*(19-17))*2)-17),13.0,-1.0,"['14/2 = 10', '13-6 = -620', '20*2 = -45', '4*2 = 20']",7,4.0
((15-7)+((x-(1**(11/10))))) = ((12+(-228))/((3*6.667)-16)),-38.0,-60.987,"['1**4 = 18', '15-7 = 2', '11/10 = 4']",9,3.0
((x/8)-((8/7)**2)) = (((28/4)/7)-((24-19)-1)),9.0,-13.551,"['10-7 = 87', '4**2 = 7', '8/7 = 4', '9/8 = 10', '5-11 = 87', '5-1 = 11', '7/7 = 5']",9,7.0
(((x+(18+17))+((9-6)))/3) = (10-(60/10)),12.0,-26.0,"['9-6 = -6', '18+17 = 6']",7,2.0
((17-19)*((x+4))) = (((11/9)*(5**1))+3),16.0,-8.556,"['16+4 = -7.25', '17-19 = 4', '18+3 = -29', '5**1 = 9', '11/9 = 2']",7,5.0
((18+(18+x))-(12-(1-6))) = ((2**3)/6),15.0,-17.667,"['12-13 = 8', '18+15 = 22', '18+15 = 15', '1-6 = 13', '2**3 = 84']",7,5.0
(((18-(x*8))*(3**4))+20) = ((5*((12*(7*0.571))+4))+3),10.0,1.875,"['20+20 = 34', '20*2 = 20', '18-1 = 20', '10*8 = 1', '3**4 = 2', '9+3 = 34', '5*3 = 9', '4+4 = 3', '12*4 = 4']",10,9.0
(((2/6)-7)+x) = ((16/(10*0.7))-15),81.0,-6.048,"['18-7 = 5', '2/6 = 18', '13-15 = 86', '16/7 = 13']",6,4.0
((86-(15*(7/4)))-(11*x)) = ((16*4)*5),5.0,-23.659,"['15*5 = 6', '7/4 = 5', '11*5 = 14', '10*5 = 66', '16*4 = 10']",7,5.0
(11*((x/1)**(7-14))) = (8+(-6)),10.0,1.276,"['11*10 = 2', '3**3 = 10', '10/1 = 3', '7-14 = 3']",5,4.0
(((16/9)**x)*((11+(13+20))/2)) = ((4+(18+2))/(11-2)),2.0,-3.668,"['5**2 = 4', '16/9 = 5', '11+18 = 24', '13+20 = 18', '7/9 = 48', '18+2 = 3']",10,6.0
((x/1)/(8*1)) = (((26-16)*1.9)+((5+(-118)))),8.0,-752.0,"['8*1 = 4', '8/1 = -376']",7,2.0
(((x-8)-((9*3)/6))*(-9)) = (-16-(6-4)),27.0,14.5,"['19-5 = 4', '16/6 = 5', '9*3 = 16', '6-4 = 20']",7,4.0
((13+(2**(5-x)))-4) = (((15*5)-12)+(-43)),12.0,1.541,"['13+12 = -26', '2**4 = 12', '5-12 = 4', '10-12 = 13', '15*5 = 10']",7,5.0
((12-x)+(5**1)) = ((7*0.714)+19),9.0,-6.998,"['3+3 = -46', '5**1 = 3', '5+19 = -46']",5,3.0
((2*(x-19))/((2/8)*9)) = ((7+2)*(7-12)),11.0,-31.625,"['2/5 = 84', '2*8 = 2', '15*9 = 5', '11-19 = 8', '2/8 = 15', '7-12 = 28', '7+2 = 3']",8,7.0
(((16/4)+(x*8))*2) = (4*(6+(11+5.25))),15.0,5.062,"['7*2 = 89', '9+9 = 7', '16/4 = 9', '15*8 = 9']",7,4.0
(3*((x+10))) = (((30-11)+(15-3))+(-41)),2.0,-13.333,"['2+10 = -9.333', '19+10 = 13', '15-3 = 10']",6,3.0
((11+x)*(5**2)) = ((8-15)+(-46)),2.0,-13.12,"['4*7 = -40', '5**2 = 7', '11+2 = 4', '8-15 = 6']",5,4.0
(((x+12)-(7*1.286))*((9*1))) = (1**4),11.0,-2.887,"['9*1 = -1.111', '11+12 = 18', '1**4 = -10']",6,3.0
((x-18)**1) = ((5**1)+(-86)),17.0,-63.0,"['5**1 = -84', '17-18 = 5', '5**1 = 2']",4,3.0
((19*(9+x))-(11/3)) = (3/(12-1)),17.0,-8.793,"['11/3 = 8', '19*8 = -47', '9+17 = 8', '3/4 = -55', '12-1 = 4']",6,5.0
(((x*4)**3)*(3-14)) = (7*(7*0.327)),20.0,-0.283,"['15*8 = 16', '1**3 = 15', '3-14 = 8', '20*4 = 1']",6,4.0
((x+12)*((8/(11-1))+(13-1))) = ((12+66)-(((14-1)*9)*1.667)),3.0,-21.144,"['5+12 = 21', '3+12 = 3', '8/6 = 5', '11-1 = 6', '13*9 = 9']",11,5.0
(-67-((5**3)+x)) = ((9+(9*10))/3),15.0,-225.0,"['5**3 = 4', '11/3 = -86', '9*10 = 2']",6,3.0
(((8+8)*(3**x))*4) = (((11+12)-13)/(5*10)),2.0,-5.251,"['12*4 = -7', '3**2 = 1.5', '8+8 = 8', '9/8 = -7', '5*10 = 8', '11+12 = 22']",8,6.0
(((x/6)+((8+(19-1))))-3) = (((76/4)*6)**(4-14)),2.0,-138.0,"['2/6 = 6', '8+14 = -91', '19-1 = 14', '2**3 = -88', '19*6 = 2', '4-14 = 3']",9,6.0
((x-18)/((2**1)-3)) = (((12+(8*0.75))*0.333)**3),28.0,-197.353,"['10/2 = 79', '3-3 = 2', '2**1 = 3', '3**3 = 79', '12+6 = 9']",8,5.0
((19-13)*(x-(1-15))) = ((2**3)/8),5.0,-13.833,"['13*4 = 73', '19-13 = 13', '5-20 = 4', '1-15 = 20', '15/8 = 73', '2**3 = 15']",6,6.0
(((((x*7)*8)+19)-15)/3) = ((16/(3*(9/(23-16))))*10),11.0,2.151,"['1+19 = -72', '15*8 = 1', '11*7 = 15', '11*10 = -29', '16/7 = 11', '3*10 = 7', '9/7 = 10']",10,7.0
(((19+2)+(x*6))+(5**1)) = (((20-15)+((9-10)-12))-6),18.0,-6.667,"['15+9 = -23', '5**1 = 9', '19+2 = 9', '18*6 = 6', '15-6 = -23', '1+2 = 15', '7-12 = 2', '9-10 = 7', '20-15 = 1']",10,9.0
((9+((3+8)*x))-((8-2)-14)) = ((((2+11)+3)-13)*5),10.0,-0.182,"['9+10 = -48', '10*10 = 10', '8-2 = 18', '3+8 = 10', '20*5 = -52', '5-13 = 20', '16+3 = 5', '2+11 = 16']",10,8.0
(((2+(19+8))-16)-(x+16)) = (16+(5/(3+((15/8))))),18.0,-20.026,"['11-16 = 71', '2+20 = 11', '18+16 = 17', '19+8 = 20', '5/2 = 38', '15/8 = -1']",9,6.0
(((2**1)-1)*((x+13))) = ((6+(2+8))/(7/1)),18.0,-10.714,"['18+13 = -14.667', '2**1 = 7', '18/10 = -88', '6+10 = 18', '7/1 = 10']",8,5.0
(((2**3)-20)-x) = (7/((30/2)-14)),14.0,-19.0,"['3-20 = -79', '2**3 = 3', '7/5 = -93', '15-14 = 5']",6,4.0
(((5**4)*1.333)+(x-11)) = (3*(6-14)),46.0,-846.125,"['5**4 = 9', '6-14 = 15.667']",6,2.0
((3-(18+2))*((x/6))) = ((15*6)*(18-10)),6.0,-254.118,"['6/6 = -14', '3-16 = 2', '18+2 = 16', '9*8 = -28', '15*6 = 9']",7,5.0
((x*10)*(-2.556)) = (-15-(40/(5+0))),13.0,0.9,['13*10 = 9'],5,1.0
((x/9)+(10-4)) = (20/5),9.0,-18.0,"['10+2 = -83', '10-4 = 2', '9/9 = 10', '20/5 = -83']",4,4.0
(((x/1)*8)*(-8.6)) = (((15+16)-(20+((14*7))))*(-4.778)),19.0,-6.042,"['6*8 = 5', '19/1 = 6', '15+16 = 23', '14*7 = -6']",8,4.0
(11-((15*(3+x))-8)) = (16-20),18.0,-1.467,"['11-4 = -4', '8-8 = 4', '15*3 = 8', '3+18 = 3']",5,4.0
((15/(x/9))+(((2*4)-1))) = ((4**3)+(8/6)),13.0,2.314,"['15/10 = 11', '2-1 = -38', '2*4 = 2', '13/9 = 10', '14+8 = -27', '4**3 = 14', '8/6 = 8']",8,7.0
(((1-x)/(9/2))-11) = (2*((10+15))),16.0,-273.5,"['17-11 = -60', '15/2 = 17', '9/2 = 2', '1-16 = 15', '10+15 = -30']",6,5.0
((5+x)*(12+(5*2.05))) = (7+82),15.0,-1.0,['5+15 = 4'],5,1.0
(((16*(2+x))*(12/8))*(15-9)) = ((68/(18-(29-15)))-(39-19)),5.0,-2.021,"['3*6 = 48', '16*9 = 4', '12/8 = 0.75', '2+5 = 9', '17-20 = 48']",11,5.0
(((x-18)-20)-(10/(18/3))) = (7*(-7.286)),6.0,-11.335,"['3-14 = -51', '6-18 = 23', '10/2 = 14', '18/3 = 2']",6,4.0
(6+((14*x)+(16*6))) = ((((108/9)+(-3))*(116/2))/6),4.0,-1.071,"['6+2 = 87', '18+9 = 2', '14*4 = 18', '16*6 = 9']",9,4.0
((x*(5*5))/(6+9)) = (11/5),8.0,1.32,"['18/5 = 10', '8*9 = 18', '6+9 = 5', '5*5 = 9', '11/5 = 10']",5,5.0
(((3/4)**3)*(x+19)) = ((7*1)/(14*5)),18.0,-18.763,"['7*10 = -9', '4**3 = 7', '18+19 = 10', '3/4 = 4', '12/9 = -9', '14*5 = 9', '7*1 = 12']",7,7.0
(((15-x)-(6*3))-11) = (11+16),1.0,-41.0,"['14-17 = -57', '6*3 = 17', '11+16 = -68']",5,3.0
(((13/10)**3)+(x*8)) = (((1**(4*0.75))**(6-3))**3),8.0,-0.15,"['8*8 = 87', '2**3 = 5', '13/10 = 2', '2**3 = 92', '2**3 = 2', '1**3 = 2']",9,6.0
((((5**1)+4)-(8/6))+((x-3))) = ((4-(11+(-10)))-8),10.0,-9.667,"['13-11 = 4', '10-3 = -22', '8/6 = 11', '4+4 = 13', '5**1 = 4', '3-8 = -18']",9,6.0
((3**(x+12))*17.4) = ((3132/(18/2))/(18-14)),6.0,-10.535,"['3**2 = 5', '6+12 = 2']",7,2.0
(1+((x*8)/3)) = (13-(7+(-1))),20.0,2.25,"['5/3 = 37', '20*8 = 5', '13-6 = 38']",5,3.0
(((15/4)**(8+x))+7) = (9*((10*((17.344-(15-(3**4))))))),10.0,-1.25,"['6+7 = -59', '2**2 = 6', '15/4 = 2', '8+10 = 2', '15-14 = 18', '3**4 = 14']",9,6.0
((6/(4+(18*4)))-x) = ((4*7)-6),20.0,-21.921,"['6/1 = 101', '4+19 = 1', '18*4 = 19', '4*7 = 87']",6,4.0
((x*(20*(9*3)))/7) = ((30/10)*((17/1))),20.0,0.661,"['20*8 = -595', '20*1 = 8', '9*3 = 1', '17/1 = -28.333']",7,4.0
(((11-14)**(12/2))+x) = (8*10),3.0,-649.0,"['17+3 = -30', '1**3 = 17', '11-14 = 1', '12/2 = 3', '8*10 = -30']",5,5.0
(((4/3)*9)+(x-5)) = ((17-3)/((3+6)-(7+11))),5.0,-8.556,"['2+14 = -77', '14*9 = 2', '4/3 = 14', '5-5 = 14', '9-18 = 7', '17-3 = -539']",9,6.0
((2*(16+x))+(3+86)) = ((2*(11+(10/10)))*4),20.0,-12.5,"['16+20 = 0.5', '6*4 = 90', '11+1 = 3']",8,3.0
((16*(4**x))*(13*10)) = (8/2),2.0,-4.511,"['13*10 = 2.167', '16*10 = 6', '4**2 = 10', '8/2 = 13']",5,4.0
((x/(4**3))+14) = ((1**3)*3.625),105.0,-664.0,"['4**3 = 7', '1**3 = 8']",5,2.0
((6/2)-(6-x)) = (-14-14),19.0,-25.0,"['6/2 = -13', '6-19 = 15']",4,2.0
((5/((13-4)-1))-(x+(-16))) = ((18+13)/1),19.0,-14.375,"['5/6 = 80', '20-1 = 6', '13-4 = 20', '17/1 = 77', '18+13 = 17']",7,5.0
((1*3)*(3*(x/1))) = (19-4),11.0,1.667,"['3*8 = 5', '1*3 = 8', '11/1 = 8', '19-4 = 40']",5,4.0
((2+(17+(x/2)))*(3**(7/2))) = ((19*(2-20))+(12/2)),18.0,-52.37,"['3**1 = 4.889', '7/2 = 1', '17+20 = 7', '18/2 = 20', '19*10 = 4', '2-20 = 10', '12/2 = 40']",10,7.0
(((3+x)/(6+((8-9)+9)))*10) = ((4/(4**2))**(2/8)),18.0,-2.01,"['13*10 = -29', '7/6 = 13', '10+9 = 0', '3+18 = 7', '8-9 = 10', '2**1 = -29', '2/8 = 1', '4**2 = 2']",10,8.0
((x*4)/2) = (7-(13+(14*7))),4.0,-52.0,"['8/2 = -67', '4*4 = 8', '7-14 = -67', '13+10 = 14', '14*7 = 10']",5,5.0
((15-18)-((x/(14+4))*6)) = (((14-6)+1)+(56-(7+18))),14.0,-129.0,"['11*6 = 8', '14/6 = 11', '14+4 = 6', '15-18 = 66', '10+1 = 19', '7+18 = 17', '14-6 = 10']",10,7.0
((16+(x-7))+((12*7)*2)) = (-22-18),7.0,-217.0,"['15+10 = -40', '11*2 = 10', '16+20 = 15', '12*7 = 11', '7-7 = 20']",6,5.0
(((x*9)**2)+((20-15)/(18-5))) = (69-20),18.0,0.775,"['8+1 = 49', '5/8 = 1', '4**2 = 8', '18-5 = 8', '18*9 = 4']",7,5.0
((x+(13/6))+(5**3)) = (3**2),16.0,-118.167,"['3+2 = -18', '5**3 = 2', '16+8 = 3', '13/6 = 8', '3**2 = -18']",5,5.0
(((13+x)*(18/4))-10) = (((9/5)-18)-(1+14)),10.0,-17.711,"['18/4 = 24.5', '13+10 = 2', '15-3 = 39', '1+14 = 3', '9/5 = 33']",8,5.0
((10/x)+(16+17)) = ((14-12)*(138/6)),7.0,0.769,"['14+7 = 46', '16+17 = 7', '10/7 = 14']",6,3.0
((x-7)**(1**(13+8))) = (-355/(25-20)),2.0,-64.0,"['4**3 = -71', '2-7 = 4', '1**4 = 3', '13+8 = 4']",6,4.0
(((4+(x+9))+13)**1) = ((((11/1)**1)-15)-20),2.0,-50.0,"['3**1 = -28', '13+13 = 3', '4+14 = 13', '2+9 = 14', '14-20 = -28', '11-15 = 14', '2**1 = 11', '11/1 = 2']",8,8.0
((-60/10)-(((x*9)+12)-(11*6))) = (18/(8*1.25)),12.0,5.133,"['1+12 = 28', '12*9 = 1', '11*6 = 18', '18/10 = -16']",8,4.0
(((17/5)-19)+(11+((x+14)))) = (8+(-76)),2.0,-77.4,"['17+10 = -68', '2+14 = -1', '17/5 = 36']",6,3.0
((x+(8+13))-13) = (14/5),13.0,-5.2,"['13+2 = 61', '8+13 = 2', '14/5 = 48']",4,3.0
((12+13)-(3+(x-2))) = (10*((2+(7+15))*0.58)),8.0,-115.2,"['20-1 = 29', '3+16 = 1', '12+13 = 20', '8-2 = 16', '7+15 = 3']",8,5.0
((x*10)+(-11)) = (17-(11+(11+15))),8.0,-0.9,"['8*10 = 13', '17-13 = 2', '11+7 = 13', '11+15 = 7']",5,4.0
((3-x)/3) = (27-(28-11)),11.0,-27.0,['3-11 = 30'],4,1.0
((3**2)*(x+(4**2))) = ((5*4.8)-6),14.0,-14.0,"['8*2 = 18', '14+18 = 2', '4**2 = 18', '3**2 = 8']",6,4.0
(((x+6)**2)*(-8)) = ((4+(10+(12/4)))-(9+12)),17.0,-5.293,"['1**2 = 3', '17+6 = 1', '4+13 = -17', '10+11 = 13', '12/4 = 11', '9+12 = 7']",8,6.0
((1*(9-x))/5) = ((25-13)+((5**(8/8))/8)),5.0,-54.125,"['1*10 = 460', '9-5 = 10', '5**1 = 640']",8,3.0
(2+((x/8)/9)) = ((5/10)*(2*0.785)),9.0,-87.48,"['2+6 = 11', '9/8 = 54', '5/10 = 7']",6,3.0
(3/(x/((3/2)/1))) = (15-(3+10)),15.0,2.25,"['3/7 = -58', '15/5 = 7', '18/1 = 5', '3/2 = 18', '15-13 = -58']",6,5.0
((30-(1/8))*(3**(x+7))) = (8+((2*0.5)**(5**4))),11.0,-8.092,"['13*6 = 96', '3**2 = 6', '1/8 = 17', '11+7 = 2', '1**1 = 88', '5**4 = 1']",9,6.0
((((19+x)/4)-1)+((13+2)/2)) = (3-5),2.0,-53.0,"['2/4 = 5', '5/2 = 85', '13+2 = 5', '19+2 = 2', '3-5 = 89']",7,5.0
(5**((18+(x/(20-2)))+(-16))) = (((15+(1-12))/(20-6))**2),14.0,-64.022,"['5**1 = 78', '18+12 = 17', '14/7 = 12', '20-2 = 7', '5**2 = 78', '20-6 = 4', '1-12 = 5']",10,7.0
((x+15)-(6-13)) = ((16/6)+5),6.0,-14.333,"['6+15 = 89', '6-13 = 9', '5+5 = 80', '16/6 = 5']",5,4.0
((30-((4-(20/6))-9))*x) = (12*(28/7)),10.0,1.252,"['19*10 = -62', '16-9 = 11', '4-19 = 16', '20/6 = 19', '12*4 = -62']",7,5.0
(((19+((x+15)))*(13/4))+(3**4)) = (((3+2)*(6.4/8))+(5+45)),4.0,-42.308,"['13/4 = 2.4', '3**4 = 42', '4+15 = -14']",11,3.0
(((4/7)-(x+5))*(5*1.8)) = (8*((11+(4-2)))),12.0,-15.984,"['13*9 = -98', '5-20 = 13', '12+5 = 20', '4/7 = 5', '11+1 = -12.25', '4-2 = 1']",8,6.0
((1-x)*3) = ((7+(-5))**(14-15)),19.0,0.833,"['1*3 = 98', '1-19 = 1', '2**2 = 98', '14-15 = 2']",5,4.0
(5+(x/9)) = (((95/5)+0)/(19-(28-19))),3.0,-27.9,"['5+6 = -28', '3/9 = 6', '19/6 = -28', '19-9 = 6']",7,4.0
((x-10)-(((14-6)/2)+2)) = ((20+((((3*9)-12)*10)))*(-5)),7.0,-834.0,"['17-3 = -40', '7-10 = 17', '2+2 = 3', '16/2 = 2', '14-6 = 16', '10*10 = -12', '3*9 = 22']",10,7.0
(44-((18-(16-(x*4)))-(12/5))) = (2*(6*3)),11.0,2.1,"['9-10 = 8', '18-14 = 9', '16-4 = 14', '11*4 = 4', '12/5 = 10']",8,5.0
(x/(15/(20+16))) = (9*(5*(8.2-(19+11)))),5.0,-408.75,"['5/7 = 9', '15/2 = 7', '20+16 = 2', '19+11 = 8']",7,4.0
(((8*((14+x)/6))*(-85.75))/7) = ((13+((15+(-9))-2))+(-64)),20.0,-11.122,"['8*9 = 4', '15/6 = 9', '14+20 = 15', '6-2 = 2']",9,4.0
(2+((x-(7/6)))) = (7-((19*(9*3))+(-3))),-39.0,-503.833,"['7/6 = 12', '7-1 = -49', '19*2 = 4', '9*3 = 2']",7,4.0
((2**4)+x) = ((14/4)/(18+15)),16.0,-15.894,"['1+16 = 7', '2**4 = 1', '14/4 = 21', '18+15 = 3']",5,4.0
(x/(((9-19)+(4**1))*1.125)) = ((10*7)+((12+(-4))-8)),-279.0,-472.5,"['16+14 = 8', '9-19 = 16', '4**1 = 14', '7+17 = -31', '8-8 = 17', '10*7 = 7']",9,6.0
(x/((11+15)*0.625)) = (2+(-48)),15.0,-747.5,"['15/5 = -46', '11+15 = 8']",4,2.0
(x-(4*(6+2))) = ((8*0.5)/7),48.0,32.571,"['4*9 = 9', '6+2 = 9', '4/7 = 39']",5,3.0
((x+12)-(1**2)) = (((1-10)-6)*26),9.0,-401.0,"['1**2 = 19', '9+12 = 97', '1-10 = 9']",6,3.0
(x/(((16/8)**1)+9)) = ((((24-16)*2.375)-16)/(13/2)),18.0,5.077,"['18/9 = -1', '12+9 = 9', '3**1 = 12', '16/8 = 3', '3/9 = -1', '13/2 = 9']",9,6.0
(15/((12/x)*(4/8))) = ((2**2)*(-4.2)),9.0,-6.72,"['15/3 = -21', '4/8 = 0.375', '12/9 = 8', '2**2 = 5']",6,4.0
(x*((2-11)+8)) = ((((3+8)+3)+(-(11-16)))+18),12.0,-37.0,"['12*4 = -45', '9+8 = 4', '2-11 = 9', '2+18 = -45', '11-16 = 18', '15+3 = 20', '3+8 = 15']",8,7.0
(108-((12+(6-x))+7)) = ((3/10)*((5*3.3)-5)),2.0,-79.55,"['15+7 = 16', '12+14 = 15', '6-2 = 14', '3/10 = 8']",8,4.0
(18+((x+19)/(16-2))) = (20/2),19.0,-131.0,"['9/2 = 57', '19+19 = 9', '16-2 = 2', '20/2 = 75']",5,4.0
(((x*6)-((9/5)-14))**2) = (((17*7)+(18+12))*(12/3)),11.0,2.036,"['5**2 = -67', '7-18 = 5', '1-14 = 18', '11*6 = 7', '9/5 = 1', '17*4 = -67', '17*7 = 5', '18+12 = 12']",10,8.0
(-41-(x/1)) = ((2/6)-(5+12)),11.0,-24.333,"['11/1 = 10', '17-20 = -51', '5+12 = 20', '2/6 = 17']",5,4.0
((x+13)/(5/8)) = (7*(-4)),7.0,-30.5,"['10/7 = -28', '5/8 = 7', '7+13 = 10']",4,3.0
((x+16)+(5**1)) = ((13/(18/6))+((2/(3+13)))),13.0,-16.542,"['3+18 = -99', '13+16 = 3', '5**1 = 18', '13/3 = 1', '2/5 = -100', '3+13 = 5']",8,6.0
(-8-(13+x)) = (((2-3)-(9-14))*(15+15)),19.0,-141.0,"['13+19 = 5', '13*1 = -13', '15+15 = 1', '10-12 = 13', '9-14 = 12', '2-3 = 10']",7,6.0
((x/(11+(-(10/4))))/1) = (3-(3**3)),15.0,-204.0,"['7/1 = -18', '15/10 = 7', '10/4 = 1', '3-6 = -18', '3**3 = 6']",6,5.0
(((1+12)-x)/(3+12)) = (59-12),15.0,-692.0,"['17/8 = 47', '3+12 = 8', '1+12 = 32']",5,3.0
((20-(((x-3)/3)+(4**3)))/8) = ((11+(14/7))-12),19.0,-153.0,"['14/8 = 93', '20-10 = 14', '1+15 = 10', '12/3 = 1', '19-3 = 12', '4**3 = 15', '14/7 = 94']",9,7.0
(((5*7)-10)+(x/4)) = (((29-16)+((-108/9)))**(14/8)),13.0,-96.0,"['20+6 = 7', '5*7 = 30', '13/4 = 6', '1**2 = 7', '14/8 = 2']",9,5.0
((56/8)*(((8-8)+(x+7)))) = (5**(8-6)),16.0,-3.429,"['14+7 = -7.857', '16+7 = 7', '8-8 = 14', '5**2 = -55']",7,4.0
(8*(x+(17*6))) = (300/4),2.0,-92.625,"['8*5 = 75', '2+6 = 5', '17*6 = 6']",4,3.0
(2+((4**(x*8))-18)) = (((23-20)/10)**4),6.0,0.25,"['2+5 = -7', '14-18 = 5', '4**1 = 14', '6*8 = 1', '5**4 = -7', '3/10 = 5']",7,6.0
((11*(3**2))-(17-x)) = (7+(11+10)),15.0,-54.0,"['11*7 = 23', '3**2 = 7', '17-15 = 16', '11+10 = 0']",6,4.0
(17-(11+(x+((19*9)-12)))) = (10+89),1.0,-252.0,"['17-10 = 99', '11+13 = 10', '15-12 = 12', '19*9 = 15']",6,4.0
((12+(x+20))+((12/3)**3)) = ((18*8)/((45/9)-3)),19.0,-24.0,"['20+6 = -41', '19+20 = 8', '2**3 = 6', '12/3 = 2', '3/2 = -41', '18*8 = 3']",9,6.0
((((x/6)*6)*1.5)+(8-13)) = ((20/2)/(5-6)),6.0,-3.333,"['12+11 = -97', '19*6 = 8', '6/6 = 19', '8-13 = 11', '10/10 = -97', '5-6 = 10']",8,6.0
(x+((9*1))) = (-14-(11/10)),15.0,-24.1,"['9*1 = -37', '11/10 = 8']",4,2.0
((((4+(5+15))/x)/5)**3) = (3+((19+10))),8.0,1.512,"['4**3 = -4', '3/5 = 4', '20/8 = 3', '4+15 = 20', '5+15 = 15', '19+10 = -7']",7,6.0
((13+x)+5) = (6*2.5),8.0,-3.0,"['9+5 = 15', '13+8 = 9']",3,2.0
(((6-x)*5)+15) = (16+76),5.0,-9.4,"['15+15 = 92', '8*5 = 15', '6-5 = 8']",4,3.0
((17+(-10))*((5-x))) = (4-(12/4)),19.0,4.857,"['5-19 = -1.571', '12/4 = 15']",5,2.0
(((17/6)+x)**(1+4)) = (2*10),4.0,-1.013,"['3**2 = -71', '1+4 = 2', '3+4 = 3', '17/6 = 3', '2*10 = -71']",5,5.0
(4+(x*2)) = (8-2),18.0,1.0,"['4+7 = -34', '18*2 = 7', '8-2 = -34']",3,3.0
((17-(20*4))+(1+(17*x))) = ((18-20)-17),9.0,2.529,"['5+7 = 41', '20*4 = 12', '1+2 = 7', '17*9 = 2', '18-20 = 58']",7,5.0
((x+12)+((5-6)+64)) = ((17-11)*(90/9)),14.0,-15.0,"['14+12 = 2', '5-6 = 13', '7*10 = 79', '17-11 = 7']",7,4.0
(((18*3)-(6-1))+(((x*6)*5))) = ((3**(1**(17*8)))**2),7.0,-1.333,"['12*5 = -91', '9-9 = 9', '18*3 = 9', '7*6 = 12', '6-1 = 9', '1**2 = -82', '3**4 = 1', '1**2 = 4', '17*8 = 2']",10,9.0
((17-x)/4) = (264/8),19.0,-115.0,"['1/4 = 33', '17-19 = 1']",3,2.0
(((9*(20/(1*2)))*2.714)+(x)) = (((19+10)-11)-(20-14)),-58.0,-232.26,"['9*6 = 7', '20/10 = 6', '1*2 = 10', '5-6 = -39', '19+10 = 16']",9,5.0
(19+(x+(11/(8*7)))) = ((((8-5)/7)/(10+17))*(-14.333)),10.0,-19.424,"['19+16 = -86', '10+1 = 16', '11/3 = 1', '8*7 = 3', '10+17 = 9', '7/7 = 54', '8-5 = 7']",9,7.0
((((14+x)/4)+20)*3) = ((103-7)/8),9.0,-78.0,"['1+20 = 4', '14+9 = 4']",6,2.0
((4+20)+((8*4)+((19+x)))) = (-48-(1+(11+8))),11.0,-143.0,"['1+6 = -63', '4+20 = 1', '8*4 = 11', '19+11 = -5', '1+19 = 15']",8,5.0
(((x-16)+15)+((5*5.6)-8)) = ((((31-12)/1)/5)-5),15.0,-20.2,"['3+20 = -91', '4+15 = 3', '15-16 = 4', '17-5 = -91', '19/1 = 85']",9,5.0
(((2+13)-x)-11) = ((((13+6)-14)**(10-9))/9),11.0,3.444,"['18-11 = 51', '10-11 = 18', '2+13 = 10', '2**1 = 459', '19-14 = 2']",8,5.0
((6-(x+4))/(9/5)) = (189/((10+(-6))/(11-4))),8.0,-593.35,"['7/5 = 21', '9/5 = 5', '6-13 = 7', '8+4 = 13', '4/7 = 9']",8,5.0
(((3-2)**2)+(9*x)) = ((3**2)*(-0.167)),8.0,-0.278,"['9+15 = -1', '9*8 = 15', '2**2 = 9', '3-2 = 2', '3**2 = 6']",6,5.0
((2**2)+(((x*9)*((1**1))))) = ((5*(8+((-74/10))))**(7+(-4))),9.0,2.556,"['2**2 = 8', '1**1 = -10.286', '9*9 = 7', '3**3 = -64']",10,4.0
(-(4+12)-(8-((5**4)+(x)))) = (((7/4)*((1**1)))/8),-15.0,-600.781,"['4+12 = 8', '5**4 = 19', '7/4 = 2', '1**1 = -48']",9,4.0
((x/(11-18))+20) = ((5/5)**1),162.0,133.0,"['18+20 = -87', '11-18 = 9', '1**1 = -87']",5,3.0
(((4**3)*x)*4) = (((8*0.75)*(25-20))*(-18.667)),8.0,-2.188,"['6*4 = -56', '7*8 = 6', '4**3 = 7', '6*5 = 3']",7,4.0
(((13/3)/(8*9))-(2+x)) = ((17+(0/9))-11),19.0,-7.94,"['8-10 = -23', '2/2 = 8', '2+19 = 10', '13/3 = 2', '8*9 = 2', '17-11 = -23']",8,6.0
(-82-(20-((5+15)-(8-x)))) = (-86-(20-((14-11)-(11+1)))),13.0,-25.0,"['5-2 = 14', '5+15 = 5', '8-13 = 2', '20-8 = 2', '3-2 = 8', '11+1 = 2']",10,6.0
((((13-14)+10)**3)+x) = (4+88),9.0,-637.0,"['5+9 = 92', '3**3 = 5', '14+10 = 3', '13-14 = 14']",5,4.0
(((11+8)+((10/4)**3))*(x+(-7))) = ((18-16)**1),14.0,7.058,"['20*7 = 90', '15+20 = 20', '11+8 = 15', '4**3 = 20', '10/4 = 4', '2**1 = 90']",8,6.0
(((x*1)+17)/(3/10)) = (1+17),6.0,-11.6,"['5/3 = 68', '3/10 = 3', '19+17 = 5', '6*1 = 19', '1+17 = 68']",5,5.0
((3**(4+x))+((2*(-18.5)))) = ((36-16)/(25-19)),16.0,-0.635,"['3**2 = 6', '4+16 = 2', '20/6 = -31']",7,3.0
((x/((13-8)/(14+2)))-3) = (20*(((40/10)*0.75)+4)),104.0,44.688,"['2/5 = 2', '14+2 = 5', '13-8 = 2', '20*7 = 49']",9,4.0
((((2/4)+x)*(3*12.833))/3) = (19/((19*10)+(((-640/4)/10)))),5.0,-0.491,"['15+5 = 6', '2/4 = 15', '19/1 = 77', '19*10 = 17']",10,4.0
(x+((8+3))) = ((7*2.429)*1),12.0,6.003,"['8+3 = -16', '17*1 = -4']",4,2.0
(((11/6)-x)-7) = ((17/1)+10),20.0,-32.167,"['3-7 = 39', '17-20 = 3', '11/6 = 17', '2+10 = 39', '17/1 = 2']",5,5.0
((x*7)*((4-8))) = (-57-16),8.0,2.607,"['4-8 = -12.167', '8*7 = 6']",4,2.0
((1**1)*(x)) = ((14+0)+(-45)),-10.333,-31.0,['1**1 = 3'],4,1.0
(x/((1-19)-(12-11))) = (9-(3**1)),16.0,-114.0,"['16/5 = -8', '1-19 = 6', '3**1 = 17']",6,3.0
(((x+20)-6)+41) = (3**2),17.0,-46.0,"['12-6 = 12', '17+20 = 12', '3**2 = 53']",4,3.0
((x/5)/((4**2)+2)) = (15/(3+(4+12))),85.0,71.053,"['17/8 = -53', '2+2 = 8', '4**2 = 2', '15/3 = -53', '4+12 = 0']",7,5.0
((((2**4)*x)**3)-2) = (14+((8*10)*2)),10.0,0.35,"['17-2 = -82', '5**3 = 17', '12*10 = 5', '2**4 = 12', '14+6 = -82', '7*2 = 6', '8*10 = 7']",7,7.0
((6*8)+(5-(3*(x+19)))) = (((16/6)+17)*22.75),12.0,-150.472,"['5+18 = 91', '5-17 = 18', '12+19 = 5.667', '6*8 = 5', '11+17 = 4', '16/6 = 11']",8,6.0
(8*(5**(x/5))) = ((15-9)*11.5),16.0,6.694,"['5**1 = 8.625', '16/5 = 1']",5,2.0
((20*(12+x))-(9*3)) = (19+(16*10)),14.0,-1.7,"['20*6 = 77', '12+14 = 6', '9*3 = 19', '19+13 = 58', '16*10 = 13']",6,5.0
(3**((7*x)+11)) = ((12*3)+(7+(15+2))),4.0,-1.039,"['3**4 = 92', '9+11 = 4', '7*4 = 9', '10+7 = 92', '7+17 = 7', '12*3 = 10']",7,6.0
(-34-(((x*3)-19)/6)) = (18/(42/6)),11.0,-66.81,"['19-19 = 42', '11*3 = 19', '18/7 = -41']",6,3.0
(24-(x*((5-13)*2))) = ((8/5)*3),4.0,-1.2,"['4*8 = 9', '18*2 = 8', '5-13 = 18', '8/5 = 5']",6,4.0
((6*(5+(10-x)))-11) = (10*9.3),12.0,-2.333,['10-12 = 12.333'],5,1.0
(((16-4)*x)+(10+(7+11))) = (8*(((7+6)-4)/4)),10.0,-0.833,"['10+5 = 73', '16*10 = 9', '7+11 = 5', '16-4 = 16', '7+6 = 45']",9,5.0
(((x-4)/(4-17))-4) = (11+31),9.0,-594.0,"['4/5 = 46', '4-17 = 5', '9-4 = 4']",5,3.0
(((x-(1**4))**2)+((1**3)-11)) = (17/(14-((23-18)/8))),11.0,4.357,"['5**2 = 5', '11-2 = 5', '1**3 = 95', '1**4 = 2', '17/4 = 89', '5/8 = 10']",10,6.0
((9+(x+2))+((3*5))) = ((26-(4/(9*(4**2))))-19),15.0,-19.028,"['9+11 = 6', '3*5 = -101', '15+2 = 11', '11-19 = -95', '4/9 = 15', '4**2 = 1']",9,6.0
(2*(x-1)) = (9*1.778),16.0,9.001,"['2*7 = 16', '16-1 = 7']",3,2.0
(((16/6)/6)+((x+15)-11)) = (18-20),14.0,-6.444,"['13+17 = 95', '19/6 = 13', '10-11 = 17', '14+15 = 10', '16/6 = 19', '18-20 = 95']",6,6.0
(((3**3)+x)*((1-15))) = (((1+0)**1)*(5**4)),19.0,-71.643,"['12+19 = 10', '1-15 = -0.9', '3**3 = 12', '4*8 = -9', '1**1 = 4', '5**4 = 8']",8,6.0
(17+(x/3)) = ((((12-3)*1.667)/10)/9),19.0,-50.5,"['17+16 = 25', '19/3 = 16', '18/9 = 25', '15/10 = 18']",6,4.0
((x/1)*(17-(2-16))) = (9*(-3.111)),17.0,-0.903,"['15*5 = -28', '17-15 = 5', '17/1 = 15', '2-16 = 15']",5,4.0
(((14-15)-17)/(x-2)) = ((15-((15/4)*2.6))/9),8.0,-28.857,"['14-17 = -324', '8-2 = 4', '14-15 = 14', '15-13 = -729', '15/4 = 5']",8,5.0
(x+((18*4))) = (6+20),20.0,-46.0,"['18*4 = -54', '6+20 = -34']",3,2.0
((x+(4**1))/7) = (((4/(20+((-72/6))))/4)/7),5.0,-3.875,"['5+7 = -322', '4**1 = 7', '20/4 = -322', '4/8 = 20']",8,4.0
((9*(x*2))+(17-11)) = ((16+((7+((13-14)))))/10),8.0,-0.211,"['20+6 = -50', '8*2 = 2.222', '13-14 = -523']",8,3.0
(((3**1)-(x**1))**((3/9)**1)) = ((19+(21/(7*1)))/5),4.0,-82.184,"['3**4 = -93', '15-10 = 3', '2**1 = 4', '3/9 = 2', '4**1 = 10', '3**1 = 15', '19+3 = -465']",10,7.0
((x+((12+14)))+26) = (17-(20-4)),10.0,-51.0,"['12+14 = -7', '17-10 = 29', '20-4 = 10']",5,3.0
((1+8)-((20+x)+17)) = ((4**((18+0)-16))/(56/7)),17.0,-30.0,"['14+17 = 5', '20+17 = 14', '1+8 = 23', '4**2 = 144']",9,4.0
((6/((4*8)+1))+x) = (5*(8*(((13/2)/8)/2))),61.0,16.068,"['1+1 = 3', '4*8 = 1', '13/2 = 25.2']",9,3.0
(82-((2-x)**3)) = (18/3),7.0,-2.236,"['3**3 = 15', '2-7 = 3', '18/3 = 67']",4,3.0
(5+(((16+1)-x)-(20*3))) = (((15*2)/10)-(5*0.2)),15.0,-40.0,"['12-15 = 29', '16+1 = 12', '20*3 = 2', '5-1 = 32', '15*2 = 50']",9,5.0
((6*(13-x))/10) = ((5**2)+1),14.0,-30.333,"['6*9 = 320', '13-14 = 9', '14+1 = 32', '5**2 = 14']",5,4.0
(((x/5)+(1*1))+2) = ((3**1)-(90/(16-2))),7.0,-32.143,"['7/5 = 19', '1*1 = 0', '7-18 = 21', '16-2 = 5', '3**1 = 7']",8,5.0
(((14+19)+x)-(2**2)) = (-31-(120/(9-5))),4.0,-90.0,"['15-6 = -46', '7+4 = 15', '2**2 = 6', '14+19 = 7', '9-5 = 8']",7,5.0
((x-16)-16) = ((7/7)-(8*(18/(20/4)))),16.0,4.2,"['16-16 = -5', '1-19 = -21', '18/5 = 2.375']",7,3.0
(x/(1+(9*2))) = (((7/((6-18)**2))+(-2))/9),198.0,-4.12,"['1+12 = 6', '9*2 = 12', '7/9 = 33', '7/10 = 9', '1**2 = 10', '6-18 = 1']",8,6.0
((x+20)/3) = (-89-1),10.0,-290.0,"['6/3 = -90', '10+20 = 6']",3,2.0
(((x+(14*1))/8)*(((1+11)/5))) = ((6+3)+(-104)),8.0,-330.667,"['15/8 = 7', '14*1 = 7', '10/5 = -14.143', '1+11 = 10', '6+3 = 5']",8,5.0
((x+(6*10))+(91/7)) = (((8/5)/7)+14),16.0,-58.771,"['19+13 = 14', '16+20 = 19', '6*10 = 20', '2+14 = 14', '8/5 = 14']",7,5.0
((3**2)+((((11-8)+x)*((13-9))))) = (((8*2.5)+((18-11)))*((-0.8-17))),10.0,-125.4,"['18+10 = 2', '11-8 = 18', '13-9 = -51', '3**2 = 13', '18-11 = -15']",11,5.0
(8+(((x*2)**3)*((19+1)/5))) = ((23-10)+(245/7)),17.0,1.077,"['9*7 = 40', '3**3 = 9', '14/5 = 7', '17*2 = 3', '19+1 = 14']",9,5.0
((16-x)-14) = (((9+12)*4.667)+9),20.0,-105.007,"['16-20 = -16', '14+9 = -30', '9+12 = 3']",5,3.0
((9*((3/2)/(19/2)))-x) = ((60/5)+3),17.0,-13.579,"['3-17 = 32', '3/2 = 1.332', '19/2 = 4', '12+3 = 32']",7,4.0
(16*((x*(18/8))/6)) = (13-(((14/8)**4)*(17/5))),10.0,-3.148,"['16*9 = -57', '9/6 = 9', '18/8 = 0.9', '13-19 = -57', '17*7 = 19', '17/5 = 7', '5**4 = 17', '14/8 = 5']",9,8.0
((6-9)-x) = (20*6),10.0,-123.0,"['6-9 = 104', '20*6 = 94']",3,2.0
((15-((14+6)/3))-(4*x)) = (8+32),0.75,-7.917,"['15-11 = 43', '17/3 = 11', '14+6 = 17']",6,3.0
((14/(8+17))*x) = ((2*(1-19))+((11+13)/3)),13.0,-50.0,"['8+17 = 7', '1-19 = 9']",8,2.0
(-14-(((x/5)+16)+19)) = (-168/(6*1.167)),7.0,-125.034,"['2+19 = 10', '10+16 = 2', '7/5 = 10']",6,3.0
(((3**2)*(x*8))*5) = ((5640/(4+6))/(13-(10+(-3)))),9.0,0.261,"['5*5 = 94', '13*6 = 5', '3**2 = 13', '9*8 = 6']",9,4.0
(93-((x+7)*4)) = ((10-7)*27.667),5.0,-4.5,"['8*4 = 10', '5+7 = 8']",5,2.0
((6/x)-3) = (14/4),10.0,0.923,"['6/10 = -62', '14/4 = -65']",3,2.0
(x+(17+19)) = (((10/10)*(2+(-0.875)))*((6+(-11.778)))),3.0,-42.5,"['3+5 = -52', '17+19 = 5', '10/10 = 8']",7,3.0
(((13-4)+6)+(8+x)) = (7-(7-1)),19.0,-22.0,"['15+3 = 25', '8+19 = 3', '17+6 = 15', '13-4 = 17', '7-6 = 25']",6,5.0
((x+16)*(((6*5)-7)-2)) = ((12+0)+((4*0.25)/2)),6.0,-15.405,"['15*2 = 65', '2-2 = 2', '6*5 = 9', '6+16 = 15', '1/2 = 53']",9,5.0
(((4-x)/((1*7)+2))**1) = ((90/5)+18),12.0,-320.0,"['1**1 = -38', '3/10 = 1', '2+2 = 10', '1*7 = 2', '4-12 = 3', '18+18 = -38']",7,6.0
(8+((((4**1)*0.778)-x))) = ((37-18)+5),3.0,-12.888,"['7-3 = -40', '4**1 = 9', '19+5 = -32']",6,3.0
(((19+(5+7))+(x+11))/1) = (14/10),3.0,-40.6,"['19/1 = 38', '14+12 = 19', '19+1 = 14', '5+7 = 1', '3+11 = 12', '14/10 = 38']",6,6.0
((16*3)*(10/x)) = (4**4),9.0,1.875,"['10/9 = 4.111', '16*3 = 9', '4**4 = 37']",4,3.0
((((x/7)*7)+14)**4) = (6*(7/(15*(8/8)))),6.0,-12.706,"['3**4 = 19', '15+14 = 3', '9*7 = 15', '6/7 = 9', '6*4 = 19', '7/3 = 4', '15*9 = 3', '8/8 = 9']",8,8.0
((3-18)-((((1**3)-x)**1)+1)) = (13-((15*(8/2))*2.333)),16.0,-109.98,"['15-14 = -25', '1**1 = 13', '3-18 = 15', '2-16 = 1', '1**3 = 2', '13-14 = -25', '15*8 = 6', '8/2 = 8']",10,8.0
((((8+8)**2)+(-4))+(x)) = ((9*(-8.333))-15),-106.0,-341.997,"['1**2 = 20', '8+8 = 1']",6,2.0
((2*7)*((13*9)-((2**4)-x))) = (((18/(16+19))*6)-(5*4)),6.0,-102.208,"['16*7 = 20', '12-6 = 12', '2*7 = 16', '13*9 = 19', '2**4 = 12', '7-20 = 20', '3*6 = 7', '16+19 = 6']",11,8.0
(((2-6)*5)*((x/4))) = (10+((5**(9/5)))),8.0,-5.624,"['15*5 = 6', '2-6 = 15', '8/4 = -5', '5**4 = -40', '9/5 = 4']",7,5.0
((x-14)*3) = (((540/6)/6)-(15+14)),20.0,9.333,"['13*3 = -33', '20-14 = 13', '15-7 = -33', '15+14 = 7']",6,4.0
((((15+x)**1)*7)/5) = ((13+(-(15/2)))-(2-15)),20.0,-1.786,"['7*7 = 45', '5**1 = 7', '15+20 = 5', '2-15 = 2', '15/2 = 2']",8,5.0
((23-(8*6))+((8/(11/x)))) = (5*((-7.6-4))),1.0,-45.375,"['8/9 = -67', '11/1 = 9', '8*6 = 14']",7,3.0
((17*4)*(x*2)) = (((3+7)/9)+(11+14)),6.0,0.192,"['18*9 = 17', '17*4 = 18', '6*2 = 9', '12+13 = 17', '3+7 = 108', '11+14 = 13']",7,6.0
((7-x)-13) = (9-13),6.0,-2.0,"['16-13 = -98', '7-6 = 16', '9-13 = -98']",3,3.0
((x*6)-16) = ((7*(-5.857))-((17*5)*4)),12.0,-60.833,"['12*6 = -39', '4*4 = 14', '17*5 = 4']",6,3.0
((x-1)-((19-5)-17)) = (-22-18),19.0,-42.0,"['11-17 = 10', '19-5 = 11', '19-1 = -30']",5,3.0
((16*x)/(20-4)) = (((10*10)/(8-2))/(14-15)),3.0,-16.667,"['4/3 = -55', '20-4 = 3', '16*3 = 4', '10/3 = -55', '14-15 = 3', '10*10 = 60']",8,6.0
(7*((x+20)+(-9))) = (((5*1)**2)*1),20.0,-7.429,"['7*6 = 82', '20+20 = 15', '16*1 = 82', '5**2 = 16']",6,4.0
((10+(15/9))-((x+9)-10)) = ((((3**1)-2)/8)-(5-12)),18.0,5.542,"['19-10 = 7', '18+9 = 19', '10+3 = 57', '15/9 = 3', '7-2 = 50', '20/8 = 7', '5-12 = 2', '9-2 = 20', '3**1 = 9']",10,9.0
(11+((11*(x*5)))) = ((20-17)**(5-10)),15.0,-0.2,"['11*10 = -106', '15*5 = 10', '3**3 = -95', '5-10 = 3']",6,4.0
(((7*1)-(3/1))-x) = (2**(((2/2)**4)-17)),16.0,4.0,"['19-16 = -46', '18-12 = 19', '7*1 = 18', '3/1 = 12', '2**4 = -46', '4**4 = 21', '2/2 = 4']",8,7.0
(((9-(9+17))*4)+x) = ((15-(9/(1**1)))-(12*7)),74.0,-10.0,"['11*4 = 3', '9-6 = 11', '9+17 = 6', '14-8 = 77', '12*7 = 8', '9/10 = 1', '1**1 = 10']",9,7.0
(((x*8)+(((4**4)**1)))/5) = (6*(((15+(-3.667))-19))),2.0,-60.751,"['7/5 = -46', '4**1 = -5', '4**4 = 4', '2*8 = 12']",8,4.0
(x-((1**1)+18)) = (3-(2*7.5)),90.0,7.0,"['13+18 = 1', '1**1 = 13', '3-15 = 89']",5,3.0
(((x*3)*2)+18) = ((6/3)**3),18.0,-1.667,"['18*3 = 10', '2**3 = 38']",5,2.0
(2**(x-(4**(6-8)))) = (2**(24/8)),13.0,3.062,"['2**3 = -41', '4**1 = 10', '6-8 = 1', '2**3 = -41']",6,4.0
((18-((9+16)+x))**1) = ((2+(54/(17+(-14))))*(-0.5)),12.0,3.0,"['1**1 = -5', '9+16 = 5', '2+18 = 10']",8,3.0
(((6-x)**3)-7) = (490/10),16.0,2.174,"['20-7 = 49', '2**3 = 20', '6-16 = 2']",4,3.0
((5-(x+12))/(14/9)) = (((4*1.5)*((17.505/5)/3))*3.429),19.0,-44.349,"['5-14 = 144', '14/9 = 6', '19+12 = 14']",9,3.0
(10/(2+(x+8))) = (((2*2)*0.4)**(14/(20+1))),11.0,-2.69,"['10/8 = -28', '2+16 = 8', '11+8 = 16', '4**1 = -28', '14/1 = 1', '20+1 = 1', '2*2 = 10']",8,7.0
(((4**2)-(x+(13/4)))-(5+11)) = (7+(16+20)),3.0,-46.25,"['20-7 = 98', '4**2 = 30', '5+11 = 7', '3+5 = 10', '13/4 = 5', '16+20 = 91']",8,6.0
((15-3)-x) = (3+15),9.0,-6.0,"['15-3 = 76', '3+15 = 67']",3,2.0
((20+x)*((18+7)*8)) = ((117/9)/(16-(1*1))),18.0,-19.996,"['7*5 = -46', '8*8 = 5', '18+7 = 8', '20+18 = 7', '13/1 = -46', '16-13 = 1', '1*1 = 13']",8,7.0
(x/(21-(6*6))) = ((15+5)+9),3.0,-435.0,"['3/8 = -82', '6*6 = 13', '8+9 = -82', '15+5 = 8']",5,4.0
((x*(9/(18-15)))-((3-2)/3)) = ((12+48)-(19*(7+(-3)))),10.0,-5.222,"['13/3 = 20', '9/7 = 6.3', '18-15 = 7', '3-2 = 13', '19*4 = 17']",10,5.0
(((x*2)*10)**2) = (17*(((60/6)*0.1)/(18/9))),9.0,0.146,"['1**2 = -44', '1*10 = 1', '9*2 = 1', '17*9 = -44', '1/2 = 9']",8,5.0
(12-(x-(1**3))) = ((((13-1)*4)-(2/8))+61),14.0,-95.75,"['12-7 = 64', '14-5 = 7', '1**3 = 5', '7-17 = 3', '2/8 = 17', '12*4 = 7']",8,6.0
(((6-x)/2)**3) = (13*9),12.0,-3.782,"['5**3 = -55', '12/2 = 5', '6-12 = 12', '13*9 = -55']",4,4.0
(24-(((12/5)/5)-x)) = (19-(10-1)),20.0,-13.52,"['11/5 = 37', '12/5 = 11', '19-9 = 7']",6,3.0
((19-20)/(5/(x+2))) = ((16+(11/4))**1),2.0,-95.75,"['11/1 = 65', '5/8 = 1', '19-20 = 11', '2+2 = 8', '1**1 = 65', '16+13 = 1', '11/4 = 13']",7,7.0
((14+x)+((1**((1/4)-16)))) = (((5*(-453.6))/(10+(-1)))/(2+8)),5.0,-40.2,"['1**3 = -43', '14+5 = 15', '3-16 = 3', '1/4 = 3', '2+8 = 9']",10,5.0
(1+((17+(18*(8/4)))+x)) = (3-3),12.0,-54.0,"['1+15 = -88', '17+16 = 3', '18*4 = 16', '8/4 = 4', '3-3 = -88']",6,5.0
(((6*9)**(15-(x*10)))**1) = (18+15),12.0,1.412,"['2**1 = -70', '4**1 = 2', '6*9 = 4', '15-12 = 1', '12*10 = 12', '18+15 = -70']",6,6.0
((70/(9-(11+20)))*(x+12)) = (6*9),19.0,-28.971,"['9-4 = 7', '19+12 = 5.4', '11+20 = 4']",6,3.0
((1-(3**2))+(x)) = ((13-(15*(17-7)))-(25/5)),-104.0,-134.0,"['1-15 = 14', '3**2 = 15', '18-5 = -90', '13-4 = 18', '15*10 = 4']",8,5.0
(((1-x)/6)-15) = ((15+9)+(-4)),5.0,-209.0,"['19/6 = 12', '1-5 = 19', '15+9 = 1']",5,3.0
(((16*x)-(20/10))+(4-19)) = (10/1),7.0,1.688,"['9-15 = 5', '20/10 = 15', '4-19 = 84', '16*7 = 9', '10/1 = 89']",6,5.0
(((12-9)+x)**4) = (7*(1+0)),14.0,-1.373,"['4**4 = 4', '7+14 = 4', '12-9 = 7', '7*1 = 4']",5,4.0
((5**(8-4))/(3+x)) = (((3*0.667)+(1**2))**4),13.0,4.706,"['3+13 = 4', '5**3 = -88', '8-4 = 3', '2**4 = -22', '2+18 = 2', '1**2 = 18']",8,6.0
(((18+x)+1)/(1+13)) = (((10/9)*4)-16),12.0,-180.778,"['13+1 = 30', '1+13 = 3', '18+12 = 13', '3-16 = 10', '17*4 = 3', '10/9 = 17']",7,6.0
(x/(2**4)) = (-194/(5**4)),15.0,-4.966,"['15/5 = -97', '2**4 = 5', '5**4 = 2']",4,3.0
((15+17)+(20+(x/1))) = (3-7),16.0,-56.0,"['6+8 = 94', '15+17 = 6', '20+6 = 8', '16/1 = 6', '3-7 = 94']",5,5.0
((((6/x)**3)+(-8))**1) = (((20/3)/3)*(5+5)),8.0,1.926,"['4**1 = -20', '1**3 = 12', '6/8 = 1', '7*10 = -20', '15/3 = 7', '20/3 = 15']",8,6.0
((8-7)-((x*3)/7)) = (17-(9/(19+((13-5)-4)))),3.0,-36.42,"['18-6 = -82', '13/7 = 6', '3*3 = 13', '8-7 = 18', '17-19 = -82', '9/5 = 19', '19+4 = 5']",9,7.0
(x+(5/((1**1)*(7+(7+13))))) = (357/(5-(56/8))),12.0,-178.685,"['12+5 = 51', '5/8 = 5', '1**1 = 7', '7+15 = 1.143', '7+13 = 15', '5-7 = 7']",9,6.0
(((4-x)*1.5)/(8+(10+13))) = ((10*0.1)**3),17.0,-16.667,"['6/2 = 18', '8+6 = 2', '4-17 = 4', '10+13 = 6', '1**3 = 18']",7,5.0
(x+((15*9)+13)) = (3+6),2.0,-139.0,"['2+18 = -51', '13+13 = 18', '15*9 = 13', '3+6 = -51']",4,4.0
(((7*(((7*1)+x)+14))-14)+13) = (18-(70/((1-20)-(8*1.625)))),14.0,-17.973,"['6+13 = 37', '14+14 = 2.857', '15+14 = 14', '7*1 = 15', '18-7 = 37', '1-20 = 23']",11,6.0
((19+12)-(x/8)) = ((8*0.5)*(41.5/2)),6.0,-416.0,"['14-6 = 83', '6/8 = 6', '19+12 = 14']",6,3.0
((15+x)+(91/7)) = (((6*1.333)+(8+(6+11)))-16),7.0,-11.002,"['15+7 = 10', '8+1 = 39', '8+17 = 1']",8,3.0
(x+(16+(((6+8)+12)))) = (((19+16)/3)+((13-18)/8)),18.0,-30.958,"['18+10 = 86', '9+12 = -6', '6+8 = 9', '15+15 = 86', '9/3 = 15', '19+16 = 9', '17/8 = 15', '13-18 = 17']",9,8.0
(3+((5*x)*(1**4))) = (2/1),9.0,-0.2,"['3+9 = 32', '4*6 = 9', '1**4 = 6', '5*9 = 4', '2/1 = 32']",5,5.0
((3**2)-((10*x)+11)) = (((8+7)+(2**2))+(8*8)),8.0,-8.5,"['3**2 = -28', '19+11 = 1', '10*8 = 19', '13+9 = -29', '8+7 = 10', '8*8 = 9', '2**2 = 3']",9,7.0
(((x/10)*(20+11))/6) = (((3*(-137.667))-(11/(10*1)))/9),20.0,-89.054,"['16/6 = -47', '20+11 = 1.778', '20/10 = 9', '11/4 = 10', '10*1 = 4']",9,5.0
(-38-((11*x)**3)) = (16+((8*0.75)/1)),5.0,-0.356,"['1**3 = 13', '11*5 = 1', '16+9 = -51', '6/1 = 9']",6,4.0
(9*(x*(15-3))) = (((1**1)-9)+(((8/4)+(-26)))),10.0,-0.296,"['10*3 = 0.444', '15-3 = 3', '9-9 = 19', '1**1 = 9', '8/4 = 11']",8,5.0
(((15+8)+x)/7) = (-15-2),5.0,-142.0,"['5+5 = -119', '15+8 = 5']",4,2.0
((8-x)/1) = (2*((6*9)/(10*0.3))),18.0,-28.0,"['14/1 = 36', '8-18 = 14']",6,2.0
(8*(((1/8)/4)+((19-8)+x))) = (13-5),6.0,-10.031,"['8*10 = 8', '6+18 = 10', '12/4 = 6', '1/8 = 12', '2+6 = 18', '19-8 = 2']",7,6.0
((x*1)**3) = (1+((8+5)/(11+10))),16.0,1.174,"['4**3 = 29', '16*1 = 4', '13/3 = 28', '11+10 = 3']",6,4.0
((13+12)+(10/(15/x))) = (10+(-100)),3.0,-172.5,"['10+13 = -90', '10/4 = 13', '15/3 = 4', '13+12 = 10']",5,4.0
((x*3)-((18-8)/7)) = (3+((3/(4*2))/5)),11.0,1.501,"['1/7 = 2', '11*3 = 20', '18-8 = 1', '3/8 = 75']",8,4.0
(((x/(2*7))+10)*(-3)) = ((18-8)/5),6.0,-149.333,"['16+10 = 6', '6/2 = 16', '2*7 = 2', '1/5 = -18', '18-8 = 1']",6,5.0
(((12*5)*x)+((4**4)*7)) = (10+((1**4)/2)),4.0,-29.692,"['8*7 = 68', '4*4 = 7', '4**4 = 8', '12*5 = 4', '1**4 = 130']",8,5.0
(((5**(17/(3**3)))-x)/(3-14)) = (13+((1+(6*1))*(4-17))),1.0,-855.245,"['5**3 = 352', '17/6 = 3', '3-14 = 9', '3**3 = 6', '13+17 = 39', '8*3 = 17', '4-17 = 3', '6*1 = 7']",11,8.0
((9*(4/x))+(11/(13/9))) = (((112/7)+(3+(-3)))+17),8.0,1.418,"['16+11 = -77', '11/2 = 11', '13/9 = 2', '4/8 = 1.778', '16+17 = -77']",9,5.0
((12*x)*(-4.5)) = (((5**3)-14)*(17/9)),6.0,-3.883,"['12*6 = 4', '12*5 = -18', '17/9 = 5', '15-14 = 12', '5**3 = 15']",6,5.0
((x*(2+19))*4) = (15+(2**2)),20.0,0.226,"['17*4 = -17', '20*6 = 17', '2+19 = 6', '15+18 = -17', '2**2 = 18']",5,5.0
(((x+15)*(14-16))/8) = ((12+6)*((((14+(-1))*5)/9))),4.0,-535.0,"['15*2 = -48', '4+15 = 15', '14-16 = 2', '14/9 = -3', '13*5 = 14', '12+6 = 2']",9,6.0
(((104/8)+((15+6)**2))*(19+x)) = (17+24),20.0,-18.91,"['17*3 = 41', '3**2 = 4', '15+6 = 3', '19+20 = 3']",7,4.0
(-22-((5**1)*x)) = ((34-((8*5)+7))+(24/2)),9.0,-4.2,"['11*9 = 6', '5**1 = 11', '20+12 = -28', '8*5 = 7']",8,4.0
((7*((11-(x-3))-16))**(12-8)) = (6/5),10.0,-1.85,"['2**4 = 81', '14-16 = 0.286', '11-6 = 14', '10-3 = 6', '6/5 = 81']",7,5.0
(((5**2)+57)-(6*(10-x))) = ((3-5)/(13+((-30/5)))),18.0,-3.714,"['5**2 = 12', '10-18 = 0.333', '14/7 = 67', '3-5 = 14']",9,4.0
((20+(11*x))*((19-10)-4)) = (18/10),4.0,-1.785,"['19-4 = 14.667', '20+17 = 6', '11*4 = 17', '19-10 = 19', '18/10 = 88']",6,5.0
((13-9)/((17/(x/1))/10)) = (((90/10)*0.333)*(16/10)),20.0,2.038,"['17/3 = 90', '20/1 = 3', '13-9 = 45', '16/10 = 1.667']",9,4.0
((2065/(x-(5*8)))/5) = (((2-18)+(-2))*(2/(18+3))),19.0,-200.917,"['19-6 = 7', '5*8 = 6', '2/1 = 6.556', '18+3 = 1', '2-18 = 11']",9,5.0
((x+(1+13))*1) = (((14*2)-5)/(10+(-4))),19.0,-10.167,"['3*1 = 81', '19+10 = 3', '1+13 = 10', '5/6 = 81', '14*2 = 10']",7,5.0
((11/10)-x) = (13+(9+(((5*10)/4)+(-18)))),1.0,-15.4,"['11/10 = 36', '9+2 = 22', '5*10 = 80']",7,3.0
(10*(((4**2)-((20/9)-x)))) = ((56/4)-(2-7)),18.0,-11.878,"['4**2 = 10.7', '18-18 = 18', '20/9 = 18', '14-13 = -73', '2-7 = 13']",8,5.0
((((14+(1/1))-14)-(x-10))/4) = (1*((19+17)-11)),15.0,-89.0,"['10/4 = -13', '14-14 = 15', '14+9 = 14', '1/1 = 9', '1*7 = -13', '19+17 = 18']",9,6.0
(((11*10)+(x))*(-1.167)) = (-70/10),-11.0,-104.002,['11*10 = 17'],4,1.0
(-25-(12*x)) = ((12/((21/3)*(7.716/6)))-3),6.0,-1.944,"['12*6 = 4', '12/9 = -26']",7,2.0
((19-x)+((2**3)-(9*(7+18)))) = (16-10),7.0,-204.0,"['12+11 = -55', '18-16 = 11', '9*5 = 16', '2**3 = 18', '7+18 = 5', '16-10 = -55']",7,6.0
(x+((16/5))) = (15-10),16.0,1.8,"['16/5 = -5', '15-10 = 11']",3,2.0
(2*((((6+7)**2)*((x+(18/4)))))) = (((18+(-14))+(19-12))/8),13.0,-4.496,"['1**2 = 8', '6+7 = 1', '13+3 = -2.75', '18/4 = 3', '11/8 = -44']",10,5.0
((x/2)*(3-(20+18))) = ((12+(-9))*(9/(4-1))),32.0,-0.514,"['16*6 = 13', '3-5 = 6', '20+18 = 5', '9/4 = 4.333', '4-1 = 4']",8,5.0
(-65-((x*6)*(6+9))) = (((13/6)*1)+((20/9))),19.0,-0.771,"['20*7 = 20', '19*6 = 20', '6+9 = 7', '20/9 = -94', '17*1 = 9', '13/6 = 17']",8,6.0
((6-(x*10))+2) = (5*9),11.0,-3.7,"['12+2 = -62', '6-14 = 12', '11*10 = 14', '5*9 = -62']",4,4.0
((15+((11*x)))*((13/4)*0.667)) = ((9*0.889)*(-1.875)),8.0,-1.993,"['12*6 = -15', '13/4 = 9', '11*8 = -3']",7,3.0
(((3**2)**(x*6))+20) = (106-(4*((14/2)-5))),17.0,0.33,"['18+20 = 96', '5**1 = 18', '17*6 = 1', '3**2 = 5', '4*10 = 10', '7-5 = 10']",8,6.0
((x*((14/4)+(1*4)))-15) = (2*((3+18))),14.0,7.6,"['14*1 = -5', '18+19 = 1', '14/4 = 18', '1*4 = 19', '3+18 = -10']",7,5.0
(x*(15*3)) = (1+59),7.0,1.333,"['7*2 = 60', '15*3 = 2']",3,2.0
((((2**2)**2)*x)**4) = ((17+19)/1),10.0,0.153,"['4**4 = -9', '18*10 = 4', '2**2 = 18', '2**2 = 2', '11/1 = -9', '17+19 = 11']",6,6.0
((((2**4)*x)-4)-(3**1)) = ((((12-1)+(-8))+10)*(-11.111)),6.0,-8.59,"['18-14 = -100', '2*6 = 22', '2**4 = 2', '3**1 = 14', '3+10 = 9']",9,5.0
((x-14)+12) = ((((2**2)**1)*0.375)**3),18.0,5.375,"['18-14 = 12', '3**3 = 24', '1**1 = 8', '2**2 = 1']",6,4.0
((16+x)/4) = (3+(5**(9-14))),13.0,-3.999,"['16+13 = 236', '5**1 = 56', '9-14 = 1']",5,3.0
(((18/(1/8))+x)-11) = (8+50),4.0,-75.0,"['4+4 = 69', '18/7 = 4', '1/8 = 7']",5,3.0
((6-10)-((x**1)/8)) = ((18/3)+(((15*1)+7))),4.0,-256.0,"['18/8 = 12', '6-10 = -58', '4**1 = 18', '20+7 = -76', '15*1 = 20']",8,5.0
(((5+16)-(1*x))/(15/5)) = (58-(23-((63-6)/3))),6.0,-141.0,"['11-15 = 162', '5+16 = 11', '1*6 = 15']",9,3.0
((10+15)-x) = (((8*438)/8)/(8*0.75)),9.0,-48.0,['10+15 = 82'],6,1.0
(((10-11)+x)/10) = (8*(-9.625)),9.0,-769.0,"['14+9 = -770', '10-11 = 14']",4,2.0
(-42-((5**2)-(17-x))) = ((19-18)-(7+0)),14.0,-44.0,"['8-3 = 12', '5**2 = 8', '1-7 = -54']",7,3.0
(((x+5)+(10*8))-17) = ((9-2)*7),2.0,-19.0,"['3-17 = -78', '8+17 = 3', '10*8 = 17', '2+5 = 8', '4*7 = -78', '9-2 = 4']",6,6.0
((((20+5)/8)*10)+x) = ((3+(99/9))+3),18.0,-14.25,"['15+18 = -8', '18*10 = 15', '2/8 = 18', '20+5 = 2', '14+3 = -8']",7,5.0
((15+20)*((2**1)-x)) = (5*(14-1)),7.0,0.143,"['13*2 = 15', '19-7 = 2', '15+20 = 13', '2**1 = 19', '14-1 = 3']",6,5.0
((x*((6-(13-3))/6))**2) = ((5*4)/((19*9)/(10/10))),20.0,0.513,"['5**2 = -39', '20*9 = 5', '6-5 = 54', '13-3 = 5', '20/3 = -39', '15/9 = 3', '10/10 = 9', '19*9 = 15']",10,8.0
((-124/((6-8)+(15+4)))-x) = ((5**1)**(2-(15+5))),13.0,-7.294,"['8+18 = 4', '15+4 = 18', '6-8 = 8', '4**3 = -44', '5**1 = 4', '2-12 = 3', '15+5 = 12']",9,7.0
(15+((x*6))) = (18+(20+((2**4)/8))),11.0,4.167,"['11*6 = -106', '18+3 = -91', '20+16 = 3', '2**4 = 128']",6,4.0
(((x+15)-9)-(14-14)) = (1/2),12.0,-5.5,"['14-12 = -62', '14-14 = 12', '12+15 = 23', '1/2 = -62']",5,4.0
((x/8)+(70/((2*6)*10))) = (-69-(26-18)),6.0,-620.667,"['5+10 = -77', '6/8 = 5', '15*10 = 7', '2*6 = 15']",7,4.0
(12/(x/(4*(1/4)))) = (3+18),7.0,0.571,"['12/10 = -73', '7/8 = 10', '4*5 = 8', '1/4 = 5', '3+18 = -73']",5,5.0
((9+x)/(14/10)) = ((((5/(63/9))**4)/4)+14),18.0,10.691,"['17/4 = 24', '14/10 = 4', '9+18 = 17', '6/4 = 10', '1**4 = 6', '5/7 = 1']",8,6.0
(((12-3)-(x*8))*((15*6))) = (((3+14)+(13-(15+3)))/2),7.0,1.117,"['15*6 = -28.333', '7*8 = 6', '20/2 = -85', '17+16 = 20', '13-4 = 16', '15+3 = 4']",10,6.0
((11-(20/3))-(((9*3)-11)+(x))) = ((3*6.333)/(8+(3+15))),-2.0,-12.397,"['20/3 = 19', '15-11 = 15', '9*3 = 15', '19/2 = -21', '8+20 = 2', '3+15 = 20']",10,6.0
(12+((x+3)**(8+6))) = ((10+9)*(72.22/10)),8.0,-1.588,"['3**4 = 53', '8+3 = 3', '8+6 = 4', '10+9 = 9']",7,4.0
((((19*1)+(-5))**(11+x))/7) = (((5**((8+17)/2))-1)-11),18.0,-2.639,"['2**4 = -686', '19*1 = 7', '11+18 = 4', '17-1 = -87', '5**1 = 17', '8+17 = 2']",10,6.0
((6-x)*((12-(19-1))**1)) = (((2/6)/2)/8),15.0,6.003,"['6-15 = 9', '4**1 = 9.333', '12-11 = 4', '19-1 = 11', '13/8 = 84', '2/6 = 26']",8,6.0
((7-20)-(x-(1**3))) = ((22-7)*9),22.0,-147.0,"['10-16 = 66', '1**3 = 6', '7-20 = 10', '15*9 = 66']",6,4.0
((9+x)+12) = ((9*(0.999/9))**((5+4)/10)),13.0,-20.001,"['6+12 = -75', '9+13 = 6', '1**1 = -75', '5+4 = 10']",7,4.0
((((1+17)/7)+12)/(19/x)) = (((8/7)-1)-20),2.0,-25.892,"['9+12 = -48', '19/2 = 4', '8/7 = 9', '1+17 = 8', '11-20 = -12', '15-1 = 11', '8/7 = 15']",8,7.0
(((8+18)*8)+x) = (((5*(8/5))-15)-(4/10)),5.0,-215.4,"['1+5 = 51', '9*8 = 1', '8+18 = 9', '15-3 = 51', '4/10 = 3', '8/5 = 6']",8,6.0
((11-1)+x) = ((13*2)/(12*5)),18.0,-9.567,"['11-1 = 7', '12*5 = 3', '13*2 = 75']",5,3.0
((20-x)+18) = (((13+2787)/8)/10),10.0,3.0,"['18+18 = 35', '20-10 = 18']",5,2.0
(x*((1.833-((18-8)*9)))) = (((1*8)-(10*3))-(18+3)),6.0,0.488,"['3*9 = 11', '18-8 = 3', '16-2 = -55', '15-6 = 16', '1*8 = 15', '18+3 = 2', '10*3 = 6']",9,7.0
(((14*9)+3)/(x/(10-6))) = (2*(20-(2*3.5))),40.0,19.846,"['7/4 = 61', '2+3 = 7', '14*9 = 2', '10-6 = 10', '20-7 = 30.5']",8,5.0
(((7*(2*(17-1)))/x)+(-100)) = (3*((3**4))),10.0,0.653,"['2*10 = 2.857', '17-1 = 10', '3**4 = -32.667']",7,3.0
(15+((((8+3)/4)*(x+10)))) = ((18-(2**2))-(6-4)),9.0,-11.091,"['18*2 = -50', '9/4 = 18', '8+3 = 9', '9+10 = 2', '6-2 = -35', '2**2 = 12']",9,6.0
((13*(20-2))+(x/3)) = ((20/(2+2))/(6+8)),11.0,-700.929,"['3+13 = -93', '11/3 = 13', '13*7 = 3', '20-2 = 7', '14/10 = -93', '20/4 = 14', '6+8 = 10']",8,7.0
((9-2)*((((16-3)*(-0.143))-(x/7)))) = (((1+20)-10)*(18-11)),6.0,-90.013,"['9-2 = 3', '16-3 = 7', '6/7 = 11', '2*7 = -36', '1+20 = 12']",10,5.0
((20+(7-13))*x) = (91-3),44.0,6.286,"['20+10 = 2', '7-13 = 10']",4,2.0
(((34-(19+8))/(3+3))-x) = ((1+3)-((11-3)/(16+2))),14.0,-2.389,"['19/5 = 93', '19+8 = 15', '3+3 = 5', '18-2 = 79', '16+2 = 4', '1+3 = 18']",10,6.0
((17+0)-((4*x)-2)) = (((144/(2**1))+((10*(-1.2))))/4),6.0,1.0,"['4-2 = 12', '4*6 = 4', '6/4 = 5', '2**1 = 8']",9,4.0
((x+((4**4)))*(-8.6)) = (7*((2*(-3.071)))),9.0,-251.001,['4**4 = -4'],5,1.0
(15+(15+(17+x))) = (8/(19-18)),19.0,-39.0,"['15+4 = 67', '15+20 = 4', '17+19 = 20', '8/1 = 67']",5,4.0
((4*((6.25-10)))-((x+13)/1)) = (10+(4*1)),8.0,-42.0,"['20/1 = 17', '8+13 = 20', '10+4 = -32']",7,3.0
(x/(7*(9-17))) = (1+15),1.0,-896.0,"['1/8 = 16', '7*10 = 8', '9-17 = 10']",4,3.0
((17-((x+17)+(3*5)))**1) = ((((3**1)**(3*0.667))/2)+16),5.0,-35.505,"['3**1 = 79', '17-15 = 3', '4+13 = 15', '3*5 = 13', '5+17 = 4', '16+16 = 79', '2**2 = 32', '3**1 = 2']",10,8.0
(((7*x)*1)-((15-4)-19)) = ((((15-(4-3))-8)/6)/4),8.0,-1.107,"['12-1 = 77', '15-4 = 20', '19*1 = 12', '7*8 = 19', '15-1 = 1856']",10,5.0
((16-x)/(1**(18*5))) = (3*10),1.0,-14.0,"['4/6 = 31', '1**3 = 6', '16-1 = 4', '18*5 = 3', '3*10 = 31']",5,5.0
(5+((x-13)**4)) = (3**((6+20)/4)),13.0,7.045,"['2**4 = 14', '13-13 = 2', '3**2 = 19', '20/4 = 2', '6+20 = 20']",6,5.0
((20-19)*(((x+(2*9))*7))) = (((29-9)+12)/1),17.0,-13.429,"['13*7 = -16', '20-19 = 5', '17+11 = 13', '2*9 = 11', '18/1 = -80', '20+12 = 18']",8,6.0
((16*7)-(20+(1-x))) = ((3*2.333)*9.714),3.0,-23.012,"['16*7 = 77', '20+19 = 9', '1-3 = 19']",6,3.0
((x*(16/(19+10)))+(((7/8)*8))) = (20/((3+(1**4))+11)),4.0,-10.271,"['16/2 = 4.75', '13*8 = -77', '7/8 = 13', '19+10 = 2', '20/3 = -58', '11+11 = 3', '1**4 = 8']",10,7.0
(2-((x-(10-(18+11)))/3)) = ((19+(-14))/(6*1)),19.0,-15.5,"['2-6 = -90', '6/3 = 6', '19-11 = 6', '10-18 = 11', '18+11 = 18', '5/4 = -90', '6*1 = 4']",8,7.0
((1**1)-(x-18)) = ((75/(10/8))+11),20.0,-52.0,"['4-3 = 26', '1**1 = 4', '20-18 = 3', '10/8 = 5']",6,4.0
(((2-11)-x)-((3/7)-(1*4))) = ((14+((6*0.667)-13))+46),20.0,-56.431,"['1*4 = 8', '2-11 = 90', '3/7 = 14', '4-13 = 4']",10,4.0
(x-(((2**4)**1)-(4**4))) = (((10*3.5)/(15+7))*1),2.0,-238.409,"['2-5 = -9', '19-13 = 5', '1**1 = 19', '4**4 = 13', '2**4 = 1', '5*1 = -9', '15+7 = 7']",9,7.0
(((8-8)+(((13/6)*x)))-16) = (-51-((20/10)*2)),2.0,-18.0,"['9*2 = -51', '8-8 = 12', '13/6 = 9']",8,3.0
(((6*2)/x)-(4-17)) = (8*((3*5)+(-11))),8.0,0.632,"['15/8 = -18', '4-17 = 19', '6*2 = 15', '8*9 = -37', '3*5 = 20']",7,5.0
(9*((((18/x)*1)*(1/4))/10)) = ((5*(252.8/(5**3)))/4),7.0,1.602,"['9*1 = 79', '11*3 = 10', '15*1 = 11', '1/4 = 3', '18/7 = 15', '5**3 = 4']",10,6.0
((16+x)-((13/5)+(-4))) = ((8+(14/2))-(98/7)),1.0,-16.4,"['17-7 = 93', '13/5 = 11', '13-14 = 93', '8+15 = 13', '14/2 = 15']",8,5.0
(((5+x)+3)*((1.2-19))) = (-267/3),8.0,-3.0,"['3+3 = 5', '5+8 = 3']",5,2.0
((((x*8)+4)-20)*(-0.5)) = ((13/8)/(20/(22-18))),10.0,1.919,"['5-20 = 8', '10*8 = 1', '16/8 = -4', '20/4 = 8', '13/8 = 16']",8,5.0
(((6-(1**4))+x)*(20+17)) = ((19-9)*5),17.0,-3.649,"['20+17 = 3.5', '19+17 = 10', '6-12 = 19', '1**4 = 12', '19-9 = 7']",7,5.0
(-522/((14/2)-x)) = ((19/8)+(-75)),20.0,-0.188,"['8-20 = 9', '14/2 = 8', '19/8 = 17']",5,3.0
((11-((x-9)-11))+((19-(17*6)))) = ((17-(((4/4)+8)-19))+14),12.0,-93.0,"['19-18 = -19', '17-11 = 8', '17*6 = 18', '12-9 = 17', '11+14 = -16', '9-19 = 6']",11,6.0
(((2*9)+((10/1)))+((x/1))) = ((((29-(15*10))-13)-6)/10),14.0,-42.0,"['14/1 = -41', '2*9 = 5', '10/1 = -1', '17/10 = -37', '7-6 = 17', '15*10 = 9']",10,6.0
((16*x)-(6/6)) = ((3*(32/4))+((1+(-83)))),4.0,-3.562,"['17-3 = -69', '16*4 = 17', '6/6 = 3', '3*8 = 13']",7,4.0
(((x+8)*0.9)+(5/5)) = ((26-(9*5))-13),20.0,-44.667,"['9+1 = -34', '20+8 = 10', '8-13 = -34', '9*5 = 18']",7,4.0
(((4**3)*(x/7))-12) = (2+3),18.0,1.859,"['5*2 = -38', '4**3 = 5', '18/7 = 2', '2+3 = -50']",5,4.0
(((12-x)*0.8)-12) = ((25-(13-9))+(2*33.5)),8.0,-113.0,"['8-12 = 84', '12-8 = 10', '13-9 = 8']",7,3.0
((x/(8+3))*(8+6)) = (((4*7.25)-17)/(12*7)),14.0,0.112,"['20*4 = 62', '8+6 = 4', '14/7 = 20', '8+3 = 7', '12/5 = 62', '12*7 = 5']",8,6.0
((5*(-106.2))/((17+9)-x)) = (19-(20/((6-5)*0.5))),7.0,0.714,"['17+9 = 16', '19-4 = -59', '6-5 = 10']",8,3.0
((4**2)-x) = (200/5),6.0,-24.0,['4**2 = 46'],3,1.0
(1+(((16+11)+(13-x))**1)) = ((133-19)-(25-10)),19.0,-58.0,"['4**1 = 98', '5+19 = 4', '13-19 = 19', '16+11 = 5']",8,4.0
(6-(x+(10-(4-14)))) = (15/(14+((7*((-4/4)))))),12.0,-16.143,"['6-15 = 2', '10-16 = 3', '4-14 = 16', '15/7 = 2']",8,4.0
((9-x)/9) = (14*(19-17)),2.0,-243.0,"['19/9 = 91', '9-2 = 19', '14*2 = 91']",4,3.0
(((19-5)-((4**4)+(x)))*13.667) = (4/3),-5.0,-242.098,"['4**4 = 6', '19-5 = 7', '4/3 = 82']",6,3.0
((8*x)+(10*9)) = (((150/5)/3)*(12+(-11))),1.0,-10.0,"['8+7 = 0', '10*9 = 7', '10*1 = 0']",7,3.0
((x*(10+7))**2) = ((4*(9-(2**2)))+((10/1))),18.0,0.322,"['1**2 = -78', '18*8 = 1', '10+7 = 8', '9-13 = 4.25', '2**2 = 13', '10/1 = -95']",8,6.0
((((17+16)+x)+5)-12) = (0/9),19.0,-26.0,"['19-12 = 0', '18+19 = 14', '17+16 = 18']",5,3.0
(((3**4)/(16-17))-(x+10)) = (4**(6*0.167)),10.0,-95.011,"['16-17 = 8', '10+10 = 10', '3**4 = -552', '4**1 = -79']",7,4.0
(((15-x)/7)/(16-6)) = (12-9),6.0,-195.0,"['9/6 = -90', '10/7 = 9', '16-6 = 6', '15-6 = 10', '12-9 = -90']",5,5.0
(((4*(x+13))*10)*(12-13)) = (13/(20+20)),18.0,-13.008,"['11*10 = 9', '4*3 = 11', '12-13 = 6', '18+13 = 3', '13/6 = 54', '20+20 = 6']",7,6.0
((5/3)-((x+4)/8)) = (4+19),14.0,-174.667,"['18-13 = -42', '8/8 = 13', '14+4 = 8', '5/3 = 18', '4+19 = -42']",5,5.0
((((19+x)+19)-(16/2))/(12*1)) = (-6-9),11.0,-210.0,"['18-8 = -120', '12*1 = 8', '14+19 = 18', '19+11 = 14']",7,4.0
((x+((14-13)**4))-7) = (((1**4)/(24-(85/5)))-13),1.0,-6.857,"['5-7 = 72', '4**4 = 4', '14-13 = 4', '1**4 = 595']",9,4.0
(14*(x+((((4/3)/2)*(-3.8))))) = ((13-(15/8))*(((11+(-4))*(-4.619)))),20.0,-23.16,"['14*1 = -97', '19/2 = 5', '4/3 = 19', '13-5 = 3', '15/8 = 5']",10,5.0
(((3**3)+17)+x) = (495/(3**(13-9))),37.0,-37.889,"['3**3 = 1', '3**1 = 9', '13-9 = 1']",6,3.0
((5-x)-(4*((16/8)**3))) = (11*(14+((2*(-3))))),20.0,-115.0,"['5-20 = -20', '3**3 = 4.75', '16/8 = 3', '11*8 = -39']",8,4.0
((x/10)-3) = (((11/8)/9)-10),17.0,-68.472,"['14-3 = 50', '17/10 = 14', '4-10 = 50', '11/8 = 36']",5,4.0
((15+(((20+6)-x)/7))/7) = (12*1),10.0,-457.0,"['15+13 = -623', '20/7 = 13', '7-10 = 20', '20+6 = 7', '12*1 = -89']",6,5.0
((8*5)-(12*x)) = (((8*0.375)*3)/4),10.0,3.146,"['8-1 = 15', '12*10 = 1', '8*5 = 8', '9/4 = 15']",6,4.0
(10*((x-20)/((13+7)**2))) = (((19+(15+(-14)))/(9*0.778))-17),6.0,-545.747,"['10*1 = 35', '6-20 = 4', '3**2 = 4', '13+7 = 3', '11-17 = 35', '20/7 = 11']",10,6.0
(10+(13-(x/4))) = (19*(7/5)),11.0,-14.4,"['10+7 = 75', '13-2 = 7', '11/4 = 2', '19*5 = 75', '7/5 = 5']",5,5.0
((x*((3**4)**1))-((10-18)-16)) = ((((7-14)-19)**3)**1),7.0,-217.284,"['7*6 = 74', '8-16 = 20', '2**1 = 6', '10-18 = 8', '3**4 = 2', '2**1 = 54', '1**3 = 2', '7-14 = 20']",10,8.0
(x-(6/10)) = ((((6/8)/4)-2)-1),4.0,-2.212,"['6/10 = 7', '10-1 = -3', '5-2 = 10', '6/8 = 20']",6,4.0
((x*7)*(100/(11+8))) = ((112/(3-20))*(13+10)),17.0,-4.113,"['6*10 = 34', '17*7 = 6', '11+8 = 10', '16*1 = 34', '13+10 = 1', '3-20 = 7']",8,6.0
(77-(15+(8-x))) = (((2-1)+17)*(2/2)),2.0,-36.0,"['15+7 = 3', '8-2 = 7', '18*1 = 74']",7,3.0
((36/(5**(18+20)))+x) = ((1**4)*5),22.0,5.0,"['5**4 = 3', '18+20 = 4', '13*5 = 34', '1**4 = 13']",6,4.0
((2/4)-(2-((15+(16*2))+x))) = ((6-(8*(6+6)))/(6+15)),11.0,-49.786,"['19-20 = 26', '2-9 = 20', '2/4 = 19', '9+11 = 9', '15+7 = 9', '16*2 = 7', '20/5 = 26', '6-5 = 20', '6+6 = 0.625', '6+15 = 5']",11,10.0
((11-x)-((12-(5-7))+18)) = ((4*1)+78),8.0,-103.0,"['2+18 = 19', '5-7 = 10', '11-8 = 101']",7,3.0
(x+(12+12)) = (3+4),6.0,-17.0,"['12+12 = 71', '3+4 = 77']",3,2.0
(x-(5/5)) = ((30/5)*14),96.0,85.0,['5/5 = 12'],4,1.0
((((5/6)**4)+6)-(x+15)) = ((12+18)-(22-5)),17.0,-21.518,"['4**4 = 14', '17+15 = 1', '5/6 = 4', '2-17 = 19', '12+18 = 2']",8,5.0
((10*((x+11)/1))-8) = ((7*(-87.143))/(17/9)),20.0,-42.494,"['10*5 = -53', '16/1 = 5', '20+11 = 16', '17/9 = 10']",7,4.0
((8+(((x/9)*2)/7))*6) = (15+((19-17)*7)),6.0,-99.75,"['8*6 = 74', '7/7 = 0', '1*2 = 7', '6/9 = 1', '15+14 = 74']",8,5.0
((17*3)+((x+3)/5)) = (19+22),6.0,-53.0,"['5+3 = 41', '17*3 = 5', '6+3 = 15']",5,3.0
((4/x)-4) = (13/7),10.0,0.683,"['3-4 = -73', '4/10 = 3', '13/7 = -73']",3,3.0
(x+((1+16)-19)) = (2*(-41)),11.0,-80.0,"['11+19 = -82', '20-19 = 19', '1+16 = 20']",4,3.0
(17+(((12-15)+x))) = ((3**(7/7))+(1*5)),16.0,-6.0,"['4+16 = -40', '12-15 = 4', '14+15 = -23', '3**1 = 14', '1*5 = 15']",7,5.0
((5**((2/2)+x))*5) = (6+((8*6.25)-6)),20.0,0.431,"['5**4 = 10', '19+20 = 4', '2/2 = 19']",7,3.0
((x-1)+67) = ((13+16)/10),6.0,-63.1,"['6-1 = 20', '13+16 = 870']",4,2.0
(55-((20/3)-x)) = ((2**2)*8.333),13.0,-15.001,"['10-13 = 5', '20/3 = 10', '2**2 = 6']",5,3.0
(8+(((x-10)*10)/10)) = ((17*4)/((120/(3+5))*4)),16.0,3.133,"['8+9 = 44', '17/10 = 9', '16*10 = 17', '16-10 = 16', '8/8 = 44', '17*4 = 8', '15*4 = 8']",9,7.0
(((16-(5+(20-6)))+14)+(x)) = (9*((6-((17+(-7))+(7+10))))),-56.0,-200.0,"['2+14 = 11', '16-10 = 2', '5+12 = 10', '20-6 = 12', '6-17 = -5', '10+17 = 17']",10,6.0
((1+x)/(((13*(2**4))+(-6))+7)) = ((6-6)/(9-3)),9.0,-1.0,"['14/10 = 35', '13*2 = 9', '2**4 = 2', '1+9 = 14', '6-6 = 210']",9,5.0
((4*(13+x))*(12/10)) = (19-6),11.0,-10.292,"['12/10 = 4.8', '4*6 = 10', '13+11 = 6', '19-6 = 48']",5,4.0
((x+17)*((-22.668/4))) = (1*((1**4)+8)),14.0,-18.588,"['14+17 = 3', '1*9 = -17', '9+8 = 9', '1**4 = 9']",6,4.0
((117/(18+(15+9)))*(x*1)) = (10*(-5.6)),10.0,-20.103,"['13*8 = -56', '10*1 = 8', '18+3 = 9', '15+9 = 3']",6,4.0
((x-3)/((1/(1*9))*7)) = (((1**4)*(-4.125))-15),16.0,-11.875,"['19/10 = -48', '1*7 = 10', '1/10 = 1', '1*9 = 10', '16-3 = 19', '1**4 = 8']",8,6.0
(2*((x/(9-5))/2)) = ((1**2)*(18-(18+18))),8.0,-72.0,"['2*4 = 67', '12/2 = 4', '8/9 = 12', '9-5 = 9', '16*7 = 67', '18-14 = 7', '18+18 = 14', '1**2 = 16']",8,8.0
((12+(9*x))**3) = (1**3),6.0,-1.222,"['2**3 = 45', '12+3 = 2', '9*6 = 3', '1**3 = 45']",4,4.0
(((1**3)+(x+12))*(-5)) = (2*(-20)),9.0,-5.0,"['8+20 = 8', '9+12 = 20', '1**3 = 8']",5,3.0
(((3/8)**3)-x) = ((((5**2)*0.429)+(4*2.75))*4),14.0,-86.847,"['20-14 = 42', '4**3 = 20', '3/8 = 4', '14*4 = 42', '5**2 = 7']",8,5.0
(-x-((13-2)*(3+15))) = (2+(-21)),2.0,-179.0,"['4*10 = 17', '13-2 = 4', '3+15 = 10']",5,3.0
(3**(((3/6)*(7-x))/10)) = (20-17),10.0,-13.0,"['3**4 = 0', '8/10 = 4', '8*7 = 8', '7-10 = 7', '3/6 = 8', '20-17 = 0']",6,6.0
((((3**4)*x)+0)*(-1.2)) = (7-(16+18)),6.0,0.278,"['1*6 = 5', '3**4 = 1', '7-9 = -6', '16+18 = 9']",6,4.0
((((8/(8*1))+19)+x)/(8+13)) = (19+((-330/10))),13.0,-314.0,"['18+13 = -84', '19+19 = 18', '8+13 = 6', '8/2 = 19', '8*1 = 2']",8,5.0
(27-(x+(20*3))) = ((2*3)*((2*10)-20)),2.0,-33.0,"['2+4 = 11', '20*3 = 4', '2*10 = 22.667']",7,3.0
((10*x)*7) = (((27-13)/5)-20),7.0,-0.246,"['19*7 = -98', '10*7 = 19', '4-20 = -98', '14/5 = 4']",5,4.0
((x*2)+((1+19)-(20+13))) = (18/(((8/8)-9)-12)),20.0,6.05,"['17+16 = 71', '4-11 = 16', '20*2 = 17', '20+13 = 11', '1+19 = 4', '18/9 = 71', '1-9 = 21']",9,7.0
((((7+x)**4)-(19*9))+(1**3)) = (12*(10/2)),15.0,-3.106,"['20+2 = -25', '14-20 = 20', '1**3 = 2', '19*9 = 20', '2**4 = 14', '7+15 = 2', '12*5 = -25']",8,7.0
(5*(2*x)) = ((14+373)/(3-6)),7.0,-12.9,"['2*7 = 8.6', '3-6 = 9']",5,2.0
((12*4)-(1+((16+15)/x))) = (4+(7/4)),9.0,0.752,"['16+15 = 162', '12*4 = 70', '7/4 = 47']",7,3.0
((x*6)-((11-4)*((18-19)-18))) = ((10*(-2.2))-(6*((13-14)-12))),2.0,-12.833,"['15-9 = -39', '2*6 = 15', '8-18 = 1.286', '18-19 = 8', '19-12 = 2.833', '13-14 = 19']",11,6.0
(x+(6+11)) = (((12-7)**1)/4),8.0,-15.75,"['8+18 = -16', '6+11 = 18', '3/4 = -16', '5**1 = 3']",5,4.0
(((16*x)+((17*8)))*((2**3))) = (((15-7)*(16+7))+8),3.0,-7.0,"['2**3 = -6.75', '16*3 = 9', '17*8 = -5', '13+8 = -27', '16+7 = 1.625']",9,5.0
((x/5)-(56/(8-19))) = ((1**(16/(14-6)))/(27/3)),75.0,-24.899,"['15-7 = -93', '8-19 = 8', '12/9 = -93', '1**2 = 12']",9,4.0
((17*x)+((5**4)/1)) = (4**3),5.0,-33.0,"['6/1 = 1', '5**4 = 6', '17*5 = 12', '4**3 = 13']",5,4.0
(3+(((x-(1**4))/10))) = ((20+((3*(17+(-16)))))*(-1)),7.0,-259.0,"['10/10 = -9', '7-4 = 10', '1**4 = 4', '3*1 = -14']",8,4.0
(x+(15*10)) = (((15*5)+2)-9),19.0,-82.0,"['19+20 = -48', '15*10 = 20', '18+2 = -39', '15*5 = 18']",5,4.0
(((x*9)/10)-(1**1)) = (-240/(((25/5)*3)+(-1))),13.0,-17.937,"['13*9 = -450', '1**1 = 3', '5*3 = 6']",8,3.0
(5*((x/1))) = (((14/(2**2))/(16/6))**1),10.0,0.263,"['10/1 = -0.8', '2**1 = -4', '3/1 = 2', '16/6 = 1', '14/10 = 3', '2**2 = 10']",7,6.0
(5*((x+16))) = (1/7),4.0,-15.971,"['4+16 = -18', '1/7 = -90']",3,2.0
((17/10)*((x/1)-(19-20))) = (-144/((12*2)**(6+(-2)))),19.0,-1.0,"['10*2 = -24', '19/1 = 18', '19-20 = 16', '17/10 = 10', '2**4 = 6', '12*2 = 2']",9,6.0
((x*8)/5) = (6*((8+(-4))+(-3.333))),13.0,2.501,"['5/5 = 4', '13*8 = 5']",5,2.0
((2-(x/4))+((2**1))) = ((15*(13+(-10)))/(4/6)),1.0,-254.0,"['2-18 = 18', '2**1 = -71', '1/4 = 18', '5/1 = -53', '4/6 = 1', '15*3 = 5']",8,6.0
((x*8)/(((16+14)**1)-(12-4))) = (-3-((3*1.333)*(10+(-8)))),16.0,-30.244,"['20-19 = 4', '12-4 = 19', '16*8 = -44', '2**1 = 20', '16+14 = 2']",10,5.0
((14/(9+14))*(x*0.25)) = (2/(15*7)),8.0,0.125,"['4*2 = -39', '14/7 = 4', '9+14 = 7', '2/6 = -39', '15*7 = 6']",6,5.0
((x*(4+(-3)))-(14/10)) = ((9-(3+5))**2),13.0,2.4,"['13*1 = 91', '14/10 = 15', '2**2 = 76', '3+5 = 7']",7,4.0
((12+x)+(((11-12)-19)/9)) = ((30/3)-((1**4)*0.667)),11.0,-0.445,"['20+4 = -79', '17/9 = 4', '12+11 = 20', '11-12 = 36', '10-4 = -79', '1**4 = 6']",9,6.0
((31-((7/x)+(12+8)))-(6-4)) = (((18+7)-(20*1))/2),8.0,1.077,"['12+8 = 6', '7/8 = 10', '6-4 = 6', '19-4 = 18', '18+7 = 19', '20*1 = 4']",10,6.0
((5/7)*((x*5))) = ((11/((7+4)+((20/6))))**1),17.0,0.215,"['5/7 = 5', '17*5 = -19.6', '1**1 = -98', '11/2 = 1', '7+4 = 16', '20/6 = -14']",8,6.0
((x-3)+(27-17)) = ((15/(1*6))/5),14.0,-6.5,"['12+10 = 79', '14-3 = 12', '5/5 = 79', '1*6 = 3']",6,4.0
((1**1)+((x*8)+4)) = ((7/(7+9))*(7*3)),14.0,0.523,"['5+12 = 98', '4+4 = 12', '1**1 = 5', '14*8 = 4', '7*3 = 16.333', '7/8 = 6', '7+9 = 8']",8,7.0
(((15+x)+5)-4) = (((102-8)-((1+4)*4))/3),20.0,8.667,"['2-4 = 25', '1+5 = 2', '15+20 = 1', '5*4 = 19']",8,4.0
((x/1)**((2*(4/7))+1)) = ((2+112)/6),19.0,3.951,"['2**4 = 19', '19/1 = 2', '4/7 = 1.5']",7,3.0
(19-(x/9)) = (73-(8+8)),10.0,-342.0,"['19-3 = 57', '10/9 = 3']",4,2.0
(((20*2)+11)*((x-7))) = ((38/(9+3))*(6-(28/4))),13.0,6.938,"['6+11 = 9', '20*2 = 6', '13-7 = -8.111', '19*4 = -73', '6-7 = 4', '9+3 = 2']",9,6.0
(x+(((2**1)-(3-14)))) = (6*(-10.667)),20.0,-77.002,"['3-14 = 7', '2**1 = -77']",5,2.0
(15+(x*7)) = (-792/8),1.0,-16.286,"['15+13 = -99', '1*7 = 13']",3,2.0
(((18+(2*x))+(12*4))-10) = ((19*(1/6))/7),9.0,-27.774,"['11+5 = 53', '18+7 = 11', '2*9 = 7', '12*4 = 5', '19*5 = 301', '1/6 = 5']",8,6.0
(-12-(7-x)) = (-5-(1+10)),13.0,3.0,['7-13 = 4'],4,1.0
(-51-((10*6)-(x/9))) = ((-204/(40/10))-(7*(2**4))),7.0,-468.0,"['10*6 = 34', '7/9 = 14', '2**4 = 2.857']",9,3.0
((8*(14*x))-2) = (7+((3*9))),6.0,0.321,"['7-2 = -92', '8*7 = 7', '14*6 = 7', '3*9 = -99']",5,4.0
(14*(((x-6)+11)*9)) = ((14+(-9))**3),10.0,-4.008,"['14*3 = 15', '7*9 = 3', '20+11 = 7', '10-6 = 20', '5**3 = 15']",6,5.0
((10+(5+1))*(20*x)) = (((11-(20*10))+3)*5),9.0,-2.906,"['20*9 = 3.9', '10+8 = 10', '5+1 = 8', '9*5 = 39', '11-3 = 6', '20*10 = 3']",8,6.0
((5+(-25))-(13+x)) = (6*2),7.0,-45.0,"['13+7 = 11', '6*2 = -31']",4,2.0
((7*6)*(11+x)) = (-84-5),20.0,-13.119,"['17*10 = -89', '11+20 = 10', '7*6 = 17']",4,3.0
((x+12)+(150/(6-(18*6)))) = (8+((7+(-(3*1)))*(1**3))),18.0,1.471,"['9+15 = 75', '6-15 = 10', '18+12 = 9', '18*6 = 15', '1**3 = 16.75']",10,5.0
((17+15)*((3*((5+x))))) = (17+(((5*4)+(-17))*3)),4.0,-4.729,"['17+15 = 2', '5+4 = -16.5', '17+1 = -99', '3*3 = 1']",8,4.0
((6-((18*x)+7))**1) = ((16+(-271))/5),8.0,2.778,"['4**1 = -51', '6-9 = 4', '10+7 = 9', '18*8 = 10']",6,4.0
(((1-8)*(147.2/8))-x) = ((44/(2-11))+9),13.0,-132.911,"['1-8 = 5', '11+9 = 79', '2-11 = 4']",7,3.0
(-48-((2-14)-x)) = (-236/4),12.0,-23.0,"['20-12 = 11', '2-14 = 20']",4,2.0
((4**2)*((x*1)-6)) = (-((11-5)-11)-((5**3)-20)),6.0,-0.25,"['8*10 = -12', '4**2 = 8', '6*1 = 16', '8-20 = 6', '5**3 = 8', '11-5 = 17']",9,6.0
((48/8)+(x+2)) = ((((14-17)*1)-7)/9),16.0,-9.111,"['16+2 = 56', '5/9 = 62', '10*1 = 12', '14-17 = 10']",7,4.0
(((x/3)+((12/2)))-(8+3)) = (((11-9)/3)-6),8.0,-1.0,"['8/3 = 19', '8+3 = 16', '12/2 = -32', '2/3 = -23']",8,4.0
(((x+(1*8))+(17+16))/10) = ((((153-13)/7)*(10+(-5)))+(-99)),8.0,-31.0,"['6/10 = -93', '2+11 = 6', '8+4 = 2', '17+16 = 11', '1*8 = 4', '20*5 = 6']",10,6.0
(((19+18)/8)-(16-(20+x))) = (3*1),4.0,-5.625,"['9-11 = 93', '16-15 = 11', '20+4 = 15', '13/8 = 9', '19+18 = 13', '3*1 = 93']",6,6.0
(((10+9)+(-1))+((1+x)/(4+11))) = (2*(38.5-(17+(76/4)))),8.0,-196.0,"['12/7 = 37', '4+11 = 7', '1+8 = 12', '17+19 = 11']",10,4.0
((10/2)+(((19*(12+x))-(8-8)))) = ((4/4)+(15-((23-14)-18))),9.0,-10.947,"['8-11 = -25', '8-8 = 11', '19*4 = 8', '12+9 = 4', '10/2 = 7', '1+12 = -18', '15-6 = 12', '9-18 = 6']",11,8.0
(((14/(1/x))-7)+11) = ((13-11)+(((1**(16-14))-2))),5.0,-0.214,"['11+11 = -9', '10-7 = 11', '14/7 = 10', '1/5 = 7', '13-11 = 7', '1**2 = -14']",9,6.0
(2*((17+x))) = (16-(8+1)),1.0,-13.5,"['17+1 = -42.5', '16-5 = -85', '8+1 = 5']",4,3.0
(10+((8+x)/(3+10))) = ((10-7)+1),16.0,-86.0,"['10+4 = 4', '3+10 = 3', '8+16 = 12']",6,3.0
((6-7)*((2+x))) = ((7*10)+(-17)),4.0,-55.0,"['2+4 = -2.5', '6-7 = 4', '7*10 = 7']",5,3.0
(86-((18*x)/5)) = ((18*8)-16),1.0,-11.667,"['18*1 = 10', '18*8 = 100']",5,2.0
((3/(7+9))*(2*x)) = (((18-5)-15)/(14+(-6))),13.25,-0.667,"['3/9 = 2', '7+9 = 9', '13-15 = 424']",8,3.0
(((x-6)/(7-(13/(12+16))))/3) = ((10*1.8)/((12/4)**(10/2))),24.0,7.452,"['6/3 = 79', '7-9 = 3', '13/4 = 9', '12+16 = 4', '18/5 = 79', '2**3 = 5', '12/4 = 2', '10/2 = 3']",11,8.0
((5+17)/((7-18)/x)) = ((12-(7+2))/5),6.0,-0.3,"['13/1 = 40', '11/6 = 1', '7-18 = 11', '5+17 = 13', '3/5 = 40']",7,5.0
((x*(20-6))-1) = (-16-19),4.0,-2.429,"['9-1 = -35', '4*8 = 9', '20-6 = 8']",4,3.0
((7-((11+x)*2.167))/10) = (((117/9)+7)/(11*3)),19.0,-10.567,"['7-13 = -680', '11+19 = 6', '20/1 = -68', '11*3 = 1']",8,4.0
((1/8)-((3**3)+x)) = (((24/2)/6)-6),2.0,-22.875,"['2+2 = 6', '1/8 = -80', '3**3 = 2', '2-6 = -86']",7,4.0
(((19/4)*8)*(4+x)) = ((10-(16-9))+3),7.0,-3.842,"['18*10 = -83', '1*8 = 18', '4+7 = 10', '19/4 = 1', '6+3 = -83', '16-9 = 4']",7,6.0
(((13+11)+(x*10))+(-55)) = (6+(-53)),5.0,-1.6,"['20+20 = 8', '13+11 = 20', '5*10 = 20']",5,3.0
((x-(12/5))+(19-11)) = (1**(7*4)),6.0,-4.6,"['7+7 = -53', '6-18 = 7', '12/5 = 18', '19-11 = 7', '1**4 = -53', '7*4 = 4']",6,6.0
(((17/3)*3)+((8-x))) = ((18+((9*(-1))))*(((9+7)**1))),9.0,-119.0,"['8-9 = -56', '19*3 = 17', '17/3 = 19', '4**1 = -4.333', '9+7 = 4']",9,5.0
(12-(17+x)) = ((11-8)/(7+((6*(-0.333))))),11.0,-5.6,"['12-6 = 23', '17+11 = 6', '11/5 = 23', '11-8 = 11']",6,4.0
((1020/5)/((x-7)*1)) = ((8/4)-(8*(14-11))),14.0,-2.273,"['14-7 = 6', '8/4 = 54', '14-11 = 2.5']",8,3.0
(((1/7)/5)*(x)) = (3-6),-15.2,-105.0,"['1/7 = 25', '3-6 = -76']",4,2.0
((x+13)*((5-18)*10)) = ((16/2)/(10-7)),15.0,-13.021,"['11*9 = -97', '14*10 = 9', '15+13 = 11', '5-18 = 14', '16/2 = -291']",7,5.0
(3*((8-3)*((x-5)/8))) = (((12-12)-1)/2),20.0,4.733,"['7/8 = 4.067', '20-5 = 7', '15/2 = 61', '8-1 = 15', '12-12 = 8']",8,5.0
(x-((102/((5-4)*7))/3)) = (8-18),8.0,-5.143,"['8-3 = 14', '17/3 = 3', '7*7 = 6', '5-4 = 7', '8-18 = 14']",6,5.0
(5+(((9*(x+7))*6))) = (2-18),10.0,-7.389,"['2*6 = -21', '9*6 = 2', '10+7 = 6']",5,3.0
((14/((6*x)/(20+5)))+5) = ((17*6)-11),9.0,0.678,"['14/3 = 5', '15/10 = 3', '6*9 = 15', '20+5 = 10', '17*6 = 21']",7,5.0
((2-(2**4))-(x*1.625)) = ((((55/5)-13)-14)*((2+(-20.4)))),8.0,-189.785,"['2-8 = -79', '2**4 = 8', '11-13 = 19']",9,3.0
((4**3)-((x*(8*10))-16)) = (6+((16/9))),6.0,0.903,"['2-16 = 17', '4**3 = -53', '6*5 = 2', '8*10 = 5', '16/9 = -76']",7,5.0
((x*(5**1))-16) = (6*(-3.333)),15.0,-0.8,"['16-16 = -20', '15*9 = 16', '5**1 = 9']",4,3.0
(x*(18/4)) = (3*(19/7)),8.0,1.81,"['18/4 = 8.5', '19/7 = 22.667']",4,2.0
(((13/8)**(12+x))+(-95)) = ((16+2)+((16-11))),14.0,-2.174,"['2**2 = 19', '13/8 = 2', '12+14 = 2', '16-11 = -86', '16+2 = 10']",7,5.0
((x-12)/(11+(15/5))) = (13*(4*((4-(4*1.75))*0.281))),16.0,-601.704,"['4/1 = 79', '11+10 = 1', '15/5 = 10', '13*9 = 79', '4-7 = 8']",9,5.0
((9*7)+x) = ((9+6)+33),30.0,-15.0,['9*7 = 18'],4,1.0
((3*x)+(19*(15+1))) = (((18+(-17))-10)*6),1.0,-119.333,"['8+2 = 33', '19*3 = 2', '15+1 = 3', '3*1 = 8', '7*6 = 33', '1-10 = 7']",7,6.0
((2-x)+(-52)) = (6*(-8.167)),20.0,-0.998,['2-20 = 3'],3,1.0
((((10-15)/7)-(9+10))*x) = (((17-14)**4)/7),14.0,-0.587,"['14-19 = 5', '20/7 = 14', '10-15 = 20', '4**4 = 490', '17-14 = 4']",8,5.0
((x-(9+(6/10)))+2) = (((1-3)+((20/2)/8))*5),10.0,3.85,"['10-17 = 13', '9+15 = 17', '6/10 = 15', '15*5 = 15', '10/8 = 7', '1-3 = 8']",9,6.0
(((2+x)*5)*(-23.75)) = (5+((2**4)/(8+(-5)))),13.0,-2.087,"['5*5 = 4', '2+13 = 5', '5+3 = -95', '2**4 = 9']",7,4.0
((x+(20/5))*(-15)) = (-44-(9*8)),18.0,3.733,"['18+8 = 4', '20/5 = 8', '9*8 = 16']",5,3.0
((16+14)*((x+15)**2)) = (7-((4-13)*2)),12.0,-14.087,"['2*3 = -92', '2**2 = 3', '16+14 = 2', '12+15 = 2', '7-18 = -92', '4-13 = 9']",7,6.0
(((15*(15+x))-19)+6) = ((5/10)-((1-16)+2)),9.0,-13.233,"['5+6 = 62', '1-19 = 5', '15*7 = 1', '15+9 = 7', '7+2 = 10', '5/10 = 72', '1-16 = 7']",8,7.0
((15/1)*(4+x)) = (6+4),8.0,-3.333,"['4+8 = 12.6', '15/1 = 5', '6+4 = 63']",4,3.0
(((5**1)-(x-17))+11) = (6*4.5),36.0,6.0,"['8+11 = 27', '1-19 = 8', '5**1 = 1']",5,3.0
((4*4)*(x+(2**4))) = ((18/(4**4))+((4-(7*10)))),2.0,-20.121,"['2*3 = 5', '2+6 = 3', '2**4 = 6', '4*4 = 2', '18/1 = 20', '4**4 = 1', '7*10 = 19']",9,7.0
(-33-((x+(3+13))**(13/8))) = (((-196-4)/5)-(5+3)),16.0,-10.706,"['5**2 = 15', '16+12 = 5', '3+13 = 12', '13/8 = 2']",9,4.0
((((7+5)+(x-10))*8.5)/8) = (3**(13/((1+18)-(3*3.333)))),18.0,2.6,"['17/8 = 98', '3+18 = 2', '18-10 = 18', '7+5 = 3', '3**2 = 98', '13/6 = 2', '1+18 = 16']",10,7.0
(((14-11)-x)/(13*2)) = (7*2),9.0,-361.0,"['13*2 = 10', '13-9 = 860', '14-11 = 13', '7*2 = 86']",5,4.0
((3/1)-((x-20)*6)) = ((27-18)*((7+18))),20.0,-17.0,"['18*6 = 2', '3/1 = -73', '20-20 = 18', '7+18 = -8.333']",7,4.0
((4**(x*(1*5)))/(11+(9+1))) = ((5**2)-((20+(-10))+(-3))),11.0,0.856,"['11+5 = 6', '9+1 = 5', '4**1 = 54', '11*1 = 1', '1*5 = 1', '5**2 = 16']",10,6.0
(x+(17-15)) = (((8/4)*0.5)/(23-14)),6.0,-1.889,"['17-15 = 13', '1/9 = 19']",6,2.0
((x*4)*(((1**2)-3))) = ((2**(3**2))-15),3.0,-62.125,"['6-3 = -1', '1**2 = 6', '3*4 = 3', '2**1 = 12', '3**2 = 1']",7,5.0
(((20/3)+(-14))-(x/3)) = (((23-13)/5)**(11-(27-18))),5.0,-34.0,"['5/3 = 10', '20/3 = 15', '2**4 = -9', '11-9 = 4']",9,4.0
((22-(12-11))*(4+(19+x))) = (6+(-102)),8.0,-27.571,"['14*9 = -96', '4+9 = 9', '12-11 = 8', '19+8 = 9']",6,4.0
(20*(16+x)) = ((21-20)+17),18.0,-15.1,"['20*4 = -63', '16+18 = 4', '1+17 = -63']",4,3.0
((18+(x/2))+((5**2)-14)) = (((2-7)-17)-8),3.0,-118.0,"['4+10 = -3', '18+8 = 4', '16-14 = 10', '5**2 = 16', '3/2 = 8', '1-8 = -3', '8-17 = 1', '2-7 = 8']",8,8.0
((15*6)/(x+16)) = ((19+(6*2))-((3*2)+15)),17.0,-7.0,"['17+16 = 9', '15*6 = 144', '19+12 = 27', '6+15 = 11']",8,4.0
((12-13)-x) = ((2-19)*(5+((5-11)))),17.0,-18.0,"['12-13 = 65', '10*4 = 48', '2-19 = 10', '5-11 = -1']",6,4.0
((15/((3*6)**1))+(x*1)) = ((7-6)**(4*1)),20.0,0.167,"['6+11 = 44', '20*1 = 11', '15/2 = 6', '1**1 = 2', '3*6 = 1', '4**4 = 44', '7-6 = 4']",8,7.0
((8-(x*0.333))/(5**3)) = (15/6),6.0,-914.414,"['5/2 = 73', '8-2 = 5', '5**3 = 2', '15/6 = 73']",5,4.0
(((x+14)/3)-(15/4)) = (((12-(10*1.5))-6)/3),14.0,-11.75,"['7-11 = -46', '14+14 = 21', '15/4 = 11', '18/3 = -46', '12-15 = 24']",8,5.0
((19/(10*(19+12)))-(x/10)) = (3**1),5.0,-29.387,"['14-14 = 98', '19/1 = 14', '19+12 = 0.1', '5/10 = 14', '3**1 = 98']",6,5.0
(13/(x/9)) = (((5*1.4)*(3/(90/9)))*8),14.0,6.964,"['13/7 = 98', '14/9 = 7', '2*8 = 98', '3/10 = 0.286']",7,4.0
(((5-x)/(15+3))*(3+6)) = (((18/9)*(14-13))/(4/1)),9.0,4.0,"['6/3 = 6', '15+3 = 3', '5-9 = 6', '3+6 = 14.833', '2/7 = 89', '4/1 = 7']",10,6.0
(x+(((12+15)*((14/4)/1)))) = ((3**3)-((9/1)*9)),19.0,-148.5,"['1*7 = -73', '12+15 = 1', '1/1 = 7', '14/4 = 1', '15-6 = -54', '3**3 = 15', '5*9 = 6', '9/1 = 5']",9,8.0
((4**4)*(x/10)) = (-71-12),8.0,-3.242,"['6*9 = -83', '8/10 = 9', '4**4 = 6']",4,3.0
(15-((15+(6/6))+x)) = (((6/2)**1)/4),12.0,-1.75,"['15-1 = -19', '9+12 = 1', '15+13 = 9', '6/6 = 13', '13/4 = -19', '3**1 = 13']",7,6.0
(((8+x)*10)*((18-1))) = (-558/9),9.0,-8.365,"['6*10 = 2', '8+9 = 6', '18-1 = -31']",5,3.0
(14+((-486/(3*(x-17))))) = (16+(((15+((7*(-1.714))))*(8/8)))),8.0,-15.387,"['3*4 = 6', '8-17 = 4', '3*1 = -83']",9,3.0
((15/(14*10))*((-29.5-x))) = ((1+18)-15),4.0,-66.833,"['15/3 = 2', '14*10 = 3', '1+18 = -52']",6,3.0
(222/((((5+9)+14)-x)-15)) = (((9+17)-19)*(3**(3/6))),2.0,-5.31,"['18-15 = 6', '19-2 = 18', '12+14 = 19', '5+9 = 12', '13*8 = 37', '3**2 = 8', '1-19 = 13', '9+17 = 1', '3/6 = 2']",10,9.0
(((2+x)+(2/5))-(12-8)) = ((6/8)-((5**1)/10)),11.0,1.85,"['7+7 = 41', '2+11 = 7', '12-8 = 16', '2/5 = 7', '6-8 = 25', '6/8 = 6', '5**1 = 80']",9,7.0
(((6-x)**3)+(4**2)) = ((4**1)/10),15.0,8.499,"['4**2 = 32', '3**3 = 11', '6-15 = 3', '4**1 = 430']",6,4.0
((-48-(13-(19-x)))/(11+5)) = (((36/9)*0.25)**(12/3)),9.0,-58.0,"['11+5 = 3', '19-9 = 4', '1**4 = -19']",9,3.0
(7*((x-(5-15)))) = ((30/(3**2))+((9*(-9.333)))),-7.571,-21.523,"['5-15 = 3', '3**2 = 3']",7,2.0
((((12*4)/9)+5)+((x+12))) = (-62-4),20.0,-88.333,"['2+5 = 3', '5/9 = 2', '12*4 = 5', '20+12 = -69']",6,4.0
((x+(12/6))-4) = (((12+18)*(12-20))+5),12.0,-233.0,"['12+7 = -55', '12/6 = 7', '2+5 = -59', '12-20 = 0.2', '12+18 = 10']",7,5.0
(20*(((x+9)+18)**3)) = ((((14-11)-8)/4)*(3*2)),15.0,-27.721,"['20*2 = -84', '5**3 = 2', '3+18 = 5', '15+9 = 3', '17*6 = -84', '3-8 = 68']",9,6.0
((16-((7/5)/9))+x) = ((3**3)/7),2.0,-11.987,"['7+2 = -77', '16-6 = 7', '15/9 = 6', '7/5 = 15', '2/7 = -77', '3**3 = 2']",6,6.0
(((3-(x/6))+(9-(9*10)))**1) = (1**3),5.0,-474.0,"['4**1 = 78', '17+2 = 4', '9*10 = 7', '3-15 = 17', '5/6 = 15', '1**3 = 78']",7,6.0
((x/3)*(13*8)) = (3*2),11.0,0.173,"['13*8 = 1.667', '11/3 = 6', '3*2 = 10']",4,3.0
((14*9)+((x*(17/9)))) = ((9+((-1-(20*4))))-15),1.0,-112.765,"['14*9 = 13', '1*7 = -105', '17/9 = 7', '2-15 = -92', '20*4 = 6']",8,5.0
((x/(7*4))/(24/8)) = (10/3),522.0,280.0,"['7*4 = 6', '10/3 = 29']",5,2.0
(((x+6)*0.5)*((7*10))) = (3**(2+(-1))),2.0,-5.914,"['7*10 = -31.667', '2+6 = 6', '3**1 = -95']",6,3.0
(((5/5)/1)+x) = (19/8),21.0,1.375,"['9/1 = 14', '5/5 = 9', '19/8 = 35']",4,3.0
(((x*8)*9)+(17*6)) = (11-(7-(((2+4)*3)*10))),10.0,1.139,"['12+7 = -2', '6*9 = 12', '10*8 = 6', '17*6 = 7', '7-2 = 13', '6*10 = 2', '6*3 = 6']",9,7.0
(x*((7/9)**1)) = ((8-(10-5))/(17+((10+(-21))))),7.0,0.643,"['4**1 = 13.143', '7/9 = 4', '8-5 = 552']",8,3.0
(((x**1)-(3+3))/7) = ((((34-16)/5)+(-18))+4),2.0,-66.8,"['1-19 = 35', '3+3 = 19', '2**1 = 1', '18/5 = 19']",8,4.0
(-14-((4/7)+x)) = (((22-17)*6)*((5**2))),11.0,-764.571,"['20+11 = 11', '4/7 = 20', '5*6 = 2', '5**2 = -12.5']",7,4.0
((1**(4-6))-x) = (((90/10)/10)/((8-6)**2)),15.0,0.775,"['18-15 = -52', '1**2 = 18', '4-6 = 2', '5/10 = -52', '2**2 = 10', '9/10 = 5']",8,6.0
(-250/((14*9)/((3*x)+3))) = (((19-13)*5)-(7-(9+9))),1.0,-7.888,"['6+3 = 5', '14*9 = 25', '3*1 = 6', '9-6 = -50', '20*5 = 9', '19-13 = 20', '9+9 = 1']",10,7.0
(((19/7)*7)*(x-2)) = (9*(8*1.278)),48.0,6.843,"['5*7 = 2', '19/7 = 5']",6,2.0
((9*1)/(2/x)) = (2+((9/(16*7))-17)),10.0,-3.315,"['2/10 = 2', '9*1 = -34', '2+3 = -17', '9/10 = 20', '16*7 = 10']",7,5.0
(-64-((12+x)*(9+6))) = (-67-12),4.0,-11.0,"['12+4 = 6', '9+6 = 2.5']",5,2.0
((x+7)**2) = ((7*(20+(-11)))/7),8.0,-4.0,"['2**2 = 12', '8+7 = 2', '7*9 = 84']",5,3.0
((17-(x+4))/5) = ((37-17)+2),16.0,-97.0,"['17-7 = -470', '16+4 = 7', '20+2 = -94']",5,3.0
(x+((8+(2/7))+10)) = (20*(2-(17/5))),8.0,-46.286,"['8+18 = 77', '17+10 = 18', '8+17 = 17', '2/7 = 17', '20*3 = 77', '2-17 = 3', '17/5 = 17']",7,7.0
((19/2)+(15-((19/x)-1))) = (16/(24-((13/10)*(10+13)))),6.0,0.673,"['15+3 = -52', '19/2 = 15', '12-1 = 12', '19/6 = 12', '16/10 = -52', '10+13 = 2.333', '13/10 = 6']",10,7.0
((x/(16/10))/(1-16)) = ((11+(12/(1+19)))-6),20.0,-134.4,"['1-16 = 10', '20/10 = -660', '16/10 = 10', '11+2 = -60', '1+19 = 6']",8,5.0
((((4**3)-9)/2)-(12*x)) = (5**3),8.0,-8.125,"['1-17 = -85', '4**3 = 11', '12*8 = 17', '5**3 = -85']",6,4.0
(((x-2)*4)/(5**3)) = ((6/8)**4),20.0,11.888,"['5/5 = 49', '4*4 = 5', '20-2 = 4', '5**3 = 5', '2**4 = 49', '6/8 = 2']",6,6.0
(156/((12-x)/8)) = (20+20),17.0,-19.2,"['4/8 = 4', '12-17 = 4', '20+20 = 39']",4,3.0
((7+((20*x)+4))**(24/6)) = ((6/2)**4),6.0,-0.4,"['2**4 = -87', '7+16 = 2', '18+4 = 16', '20*6 = 18', '3**4 = -87']",7,5.0
(((3/(1**3))/4)-x) = (6*(((14+94)/6)+(6+12))),7.0,-215.25,"['19-7 = -32', '3/8 = 76', '1**3 = 8', '6*2 = -32', '18+1 = 2', '6+12 = 1']",9,6.0
((x/(4/5))*((-15.666/(11*4)))) = (19-6),42.0,-29.21,"['4/5 = 7', '11*4 = 2', '19-6 = -47']",6,3.0
(((5**4)+(x+10))*2) = (15*9),10.0,-567.5,"['4*2 = 61', '6+11 = 4', '10+10 = 11', '5**4 = 6', '15*9 = 61']",5,5.0
(((7/5)**4)**((x/7)+9)) = ((20/4)*((2+(6*2))+18)),18.0,-36.604,"['4**1 = 16', '19+9 = 1', '3**4 = 4', '18/7 = 19', '7/5 = 3', '16*5 = 16', '15+18 = 5', '20/4 = 16', '6*2 = 13']",10,9.0
((x/1)-9) = (-55-(17+(3**2))),17.0,-72.0,"['17/1 = -56', '17+1 = 10', '3**2 = 1']",5,3.0
((14*7)+(x)) = ((80/8)*((1+(-8.6)))),-79.0,-174.0,['14*7 = 3'],5,1.0
((9*x)*(9-(16/10))) = (15+13),10.0,0.42,"['7*8 = -87', '9*10 = 7', '16/10 = 1', '15+13 = -87']",5,4.0
((3*((x*6)-4))/5) = ((-77-2)-7),12.0,-23.222,"['3*1 = -430', '15-4 = 1', '12*6 = 15']",6,3.0
(17-(x*((14/9)+4))) = ((14+2)+((35-(3-7))/4)),9.0,-1.575,"['17-1 = 43', '19+4 = 0.111', '14/9 = 19', '17/4 = 27', '3-7 = 18']",9,5.0
(9+((-45-(x/((12+13)/3))))) = ((1+2)-((10+(60/2))/4)),10.0,-241.667,"['5/3 = 5', '12+13 = 5', '3-10 = -38']",10,3.0
(x/(14*4)) = ((13-12)*(6*2.333)),840.0,783.888,"['14*4 = 10', '13-12 = 6']",5,2.0
(5+(((x*4)/5)/1)) = ((20+(-134))/(9-3)),7.0,-30.0,"['5+10 = -19', '1/1 = 10', '12/5 = 1', '7*4 = 12']",7,4.0
(9+((x*(1**4))+(-3))) = ((8+(7+5))+((14+(-57)))),17.0,-29.0,"['9+10 = -23', '17*8 = 13', '1**4 = 8']",8,3.0
(((x+6)/2)*(((1**4)+(-33.4)))) = (((91/7)-(23-5))-13),19.0,-4.889,"['16/2 = 5', '1**4 = 15', '19+6 = 16', '13-18 = -79']",9,4.0
(20-((6/((4**1)/x))/9)) = (546/6),9.0,-426.0,"['20-14 = 91', '4/9 = 14', '6/4 = 4', '12/9 = 4', '4**1 = 12']",6,5.0
((3**((x+6)**1))/((19/5)**3)) = ((18-7)+4),14.0,0.11,"['5/7 = -70', '3**3 = 7', '19/5 = 3', '3**2 = 5', '4**1 = 2', '14+6 = 4', '11+4 = -70']",8,7.0
((4/5)/(((11+16)+7)/(x+1))) = ((3*(16.667-15))-12),19.0,-298.457,"['18/9 = -32', '4/5 = 18', '19+1 = 6', '7+7 = 54', '11+16 = 7', '5-12 = -32']",9,6.0
((16+10)*((x-(17/10)))) = (5*((3*(-1.467)))),16.333,0.854,"['17/10 = 20', '16+10 = 6']",6,2.0
(((1*7)*0.375)**((20/8)*(x*6))) = ((6*0.167)+7),13.0,0.144,"['3**1 = -63', '20/8 = 2', '13*6 = 0.5', '1*7 = 8', '1+7 = -63']",8,5.0
(((x/4)*(5**2))-8) = ((6+6)+(32-13)),16.0,6.24,"['20*2 = -42', '5**2 = 2', '16/4 = 20', '12+19 = -50']",7,4.0
((13+14)+x) = (10/9),32.0,-25.889,"['13+14 = 3', '10/9 = 35']",3,2.0
((3**3)+(x*(15-(20-4)))) = (7*6.857),7.0,-20.999,"['8+3 = 48', '7*10 = 3', '3**3 = 8', '15-13 = 10', '20-4 = 13']",6,5.0
(x+((8+(9+2)))) = (((7-20)+1)-20),9.0,-51.0,"['8+12 = -70', '9+2 = 12', '1+1 = -41', '7-20 = 1']",6,4.0
((x*(((12+11)/3)))/8) = (((12+8)*(-45))/6),5.0,-156.522,"['15/3 = -72', '12+11 = 15', '12+8 = 6']",7,3.0
(((x-12)+9)+(80-7)) = ((3-14)-17),8.0,-98.0,"['5+9 = 7', '8-12 = 5', '3-14 = 97']",6,3.0
((10*6)+((7*x)/(4/4))) = (497/(26-19)),9.0,1.571,"['9+19 = 71', '7*9 = 152', '10*6 = 9', '4/4 = 8']",7,4.0
(8*(((x+11)-2)**4)) = (((28/2)/8)+13),18.0,-7.835,"['1**4 = 1.75', '18+11 = 3', '14/8 = 1']",7,3.0
((x-(2+1))*7) = (((4*0.25)**1)/8),13.0,3.018,"['6*7 = 44', '13-4 = 6', '2+1 = 4', '1**1 = 352']",6,4.0
(x-((19/8)-17)) = (((4+17)*1.2)+(5*1.4)),84.0,17.575,"['19/8 = 20', '6+7 = 81', '4+17 = 5']",7,3.0
((6-13)-(x**1)) = ((18*(13+10))/(9/3)),5.0,-145.0,"['16-19 = -7', '6-13 = 16', '5**1 = 19', '18*9 = -21', '13+10 = 9']",7,5.0
((7-x)**2) = ((21-9)*3),13.0,1.0,"['2**2 = -58', '7-13 = 2', '12*3 = -58']",4,3.0
((6*((15/(10+8))-(2**4)))-x) = (-498/((16*7)**1)),14.0,-86.554,"['6*8 = -69', '14-1 = 8', '15/9 = 14', '10+8 = 9', '2**4 = 1', '1**1 = 6', '16*7 = 1']",9,7.0
(2-(16-((7/5)+x))) = (9*(-9.889)),19.0,-76.401,"['2-11 = -89', '17+19 = 5', '7/5 = 17']",5,3.0
(9+((x+17)**4)) = ((8*2)*4),8.0,-14.277,"['9+11 = -83', '3**4 = 11', '8+17 = 3', '16*4 = -83']",5,4.0
((x*7)+((1*5))) = (-700/7),9.0,-15.0,"['9*7 = 3', '1*5 = -103']",4,2.0
(((x*10)+(10+4))+4) = ((70/7)+20),9.0,1.2,"['15+4 = 76', '11+7 = 15', '9*10 = 11', '10+4 = 7', '10+20 = 76']",6,5.0
((16-14)+((x+13))) = (1**(9+(-6))),7.0,-14.0,"['16-14 = 9', '7+13 = -24', '1**3 = -15']",5,3.0
((4*x)+(-17)) = ((16-12)-20),6.0,0.25,"['4*6 = 5', '3-20 = -12', '16-12 = 3']",4,3.0
((5*(7*(x/4)))**1) = (((38-10)-20)/9),6.0,0.102,"['4**1 = 77', '6/4 = 0.114', '8/9 = 77']",7,3.0
((2/7)-(x/8)) = ((((36-18)-2)+4)/10),5.0,-13.714,"['15-1 = -26', '2/7 = 15', '5/8 = 1', '15+4 = -260', '18-2 = 15']",7,5.0
(x*(20-((17-2)*5))) = (530/10),5.0,-0.964,"['20-12 = 10.6', '11*5 = 12', '17-2 = 11']",5,3.0
(9+(12/(15-(17-x)))) = (((30/5)/6)*(6*(9*0.141))),7.0,-6.658,"['9+8 = 38', '12/5 = 8', '15-20 = 5', '17-7 = 20', '6/6 = 5']",9,5.0
(5*((11+x)-(2**3))) = ((5+5)*2),9.0,1.0,"['2**3 = 12', '11+9 = 16']",6,2.0
(((12*x)+20)*4) = ((19*1)*(-8.8)),3.0,-5.15,"['9*4 = -44', '13+20 = 9', '12*3 = 13', '19*1 = 5']",5,4.0
(((x/3)*(5*9))*8) = ((5/5)-18),15.0,-0.142,"['9*8 = 9', '5*9 = 1.8', '5/5 = 27']",6,3.0
(((1+x)+12)/(16-7)) = (1/8),11.0,-11.875,"['11+12 = 42', '16-7 = 6', '1+11 = 11', '1/8 = 7']",5,4.0
((x/(6/4))**1) = ((6*(3*0.167))/1),12.0,4.509,"['3**1 = -66', '6/4 = 4', '3/1 = -66']",6,3.0
((x+5)+4) = ((11+12)/(14-(15*3))),9.0,-9.742,"['11+4 = 22', '9+5 = 11', '11+12 = 154', '15*3 = 7']",6,4.0
(17*(((x+19)*5)*7)) = (1*((14*3)+((9-8)))),16.0,-18.928,"['17*7 = -75', '7*7 = 7', '5*5 = 7', '16+19 = 5', '1*6 = -75', '14*3 = 7', '9-8 = -1']",8,7.0
((14-(21-((7/9)+18)))+x) = (((114/6)-(17+(-6)))*(-2.75)),13.0,-33.778,"['20+13 = -22', '14-16 = 20', '6+18 = 5', '7/9 = 6']",9,4.0
(x*(17/3)) = ((30/10)/(17/(9+17))),15.0,0.81,"['15*1 = -79', '17/3 = 1', '3/2 = -79', '17/3 = 2', '9+17 = 3']",6,5.0
(x-(5**2)) = (((17/(9+(-1)))-9)+(-51)),20.0,-32.875,"['20-3 = -38', '5**2 = 3', '9-9 = 13', '17/8 = 9']",6,4.0
(20*(x+19)) = (1**((10-((100/4)-16))/10)),7.0,-18.95,"['20*2 = -57', '7+19 = 2', '1**4 = -57', '10-9 = 40']",7,4.0
(((18+8)+(x-6))+92) = (((17/5)/(21-(44/4)))-18),3.0,-129.66,"['20+4 = 5', '3-6 = 4', '18+8 = 20', '3-18 = 97', '3/10 = 3', '17/5 = 3']",9,6.0
((1**(19+10))*((3*(x*6))-9)) = ((3**(11+(-9)))/5),7.0,0.6,"['1**2 = 3', '3*6 = 20', '19+10 = 2', '7*6 = 6', '3**2 = 165']",9,5.0
((((13/10)**(1/6))**1)*((x*3))) = ((11+((9*(-0.111))))+(-50)),5.0,-12.763,"['5*3 = -5.714', '5**1 = 7', '3**1 = 5', '1/6 = 1', '13/10 = 3']",9,5.0
((16+(((x+6)*(-1.75))))+4) = (((8+11)*7)*((28/2)+(-12))),12.0,-146.571,"['12+6 = 8', '19*7 = 3']",9,2.0
((5**1)-(x+0)) = (((3/4)*10)+4),2.0,-6.5,"['5**1 = 82', '9+4 = 80', '19*10 = 9', '3/4 = 19']",6,4.0
(x+((10+(19*8)))) = (1+19),20.0,-142.0,"['10+13 = -36', '19*8 = 13', '1+19 = -16']",4,3.0
((((6-x)*7)/9)/4) = (2*17),14.0,-168.857,"['20/4 = 34', '9/9 = 20', '14*7 = 9', '6-14 = 14']",5,4.0
((x*4)+((7*((3/9))))) = (7*(-7.857)),11.0,-14.333,"['3/9 = -8.857', '11*4 = 7']",5,2.0
((16-(8+x))/7) = ((8*65.625)/(35/5)),18.0,-517.0,"['4/7 = 75', '16-2 = 4', '8+18 = 2']",6,3.0
(((9-14)-x)*(((9+13)/7))) = (1+8),11.0,-7.864,"['16-11 = 9', '9+13 = -58.331', '9-14 = 16', '1+8 = -75']",6,4.0
(x-(6/(5/(2*2)))) = ((7-12)*2),34.0,-5.2,"['6/3 = 18', '5/9 = 3', '2*2 = 9', '7-12 = 8']",6,4.0
(((x-4)/((18-20)**1))*(2**3)) = (((4*1.25)+(2*2))*(8+8)),52.0,-32.0,"['1**1 = 6', '2**3 = 10.5', '18-20 = 1', '7*6 = 84', '8+8 = 6', '5+4 = 7']",11,6.0
(((16+x)*(-9.667))-20) = (-312/4),8.0,-10.0,['16+8 = 6'],4,1.0
((((x+(9*2))*6)/7)*6) = (4*(17/(15/1))),14.0,-17.119,"['5*6 = 70', '6*6 = 35', '14+2 = 6', '9*2 = 2', '17/10 = 17.5', '15/1 = 10']",8,6.0
((x+(5**4))-8) = (14+(-107)),18.0,-710.0,"['18+10 = -85', '5**4 = 10']",4,2.0
((16*x)-(17/6)) = ((34-((40/10)+16))/6),9.0,0.323,"['16*9 = -20', '17/6 = 18', '18/6 = -38', '4+16 = 16']",7,4.0
((x+18)**4) = (10/4),10.0,-16.743,"['3**4 = 58', '10+18 = 3', '10/4 = 58']",3,3.0
((1+13)*x) = ((22-(5*(50/5)))*(7*2.381)),33.333,-33.334,"['1+13 = 3', '5*10 = 16']",7,2.0
((4**4)+x) = ((16+((6*(-1.167))))*((2*4.5)+(-0.333))),68.0,-178.014,['4**4 = 10'],7,1.0
(20*(x+10)) = ((105/5)-((32-(11-8))+2)),2.0,-10.5,"['20*3 = 7', '2+10 = 3', '11-8 = 20']",7,3.0
((11/1)+((x*4)-(13/7))) = (10*(19.8/(15+(-6)))),18.0,3.214,"['13+17 = 22', '5-17 = 17', '13/7 = 17', '18*4 = 5', '11/1 = 13']",8,5.0
((1-(x/4))-(9-19)) = ((8*1.625)*(10*0.7)),11.0,-320.0,"['9-19 = 16', '11/4 = 7', '13*7 = -22']",7,3.0
(-((x-6)+45)/(((4/10)-4)/7)) = ((3-(6+(13+(-11))))*(-0.778)),17.0,-36.999,"['18-4 = 63', '17-6 = 18', '4/10 = 18', '3-14 = 9', '6+2 = 14']",10,5.0
((10/2)+(((4**1)-((x+9)*2)))) = ((17+(3*0.667))-(102/(42/7))),3.0,-5.501,"['8-9 = -87', '6*2 = 9', '3+9 = 6', '4**1 = 8', '10/2 = 18', '19-17 = -69']",11,6.0
(17+(((16*x)+(9/4))+12)) = ((5**(1**3))+(7*1.429)),7.0,-1.015,"['2+12 = 72', '1+4 = 2', '16*7 = 1', '9/4 = 4', '3+10 = 89', '5**4 = 3', '1**3 = 4']",9,7.0
((3*1)**((11/x)/4)) = (16-(19-9)),10.0,1.686,"['2**1 = 1', '3*1 = 2', '11/10 = 4', '16-10 = 1']",6,4.0
(((x*1)-(3-11))+17) = ((8*(19/2))+(((7*(-9.857))-3))),8.0,-20.999,"['17+17 = -58', '3-16 = 17', '3-11 = 16', '8*1 = 3', '8*5 = 14', '19/2 = 5']",9,6.0
(((18+1)+((15+x)))**2) = (15+((((2-1)**1)+((5*9))))),2.0,-26.19,"['2**2 = -55', '15+2 = -15', '18+1 = 17', '5*9 = -81', '1**1 = 11']",9,5.0
((x*5)/(6*(8-9))) = ((((29-14)*9)/1)+11),11.0,-175.2,"['10/9 = -100', '11*5 = 10', '6*7 = 9', '8-9 = 7', '11+11 = -100', '7/1 = 11', '15*9 = 7']",8,7.0
((12+((13*x)-((8/5)/9)))/4) = (3-((15+0)+(15-2))),2.0,-8.602,"['12+15 = -336', '13*2 = 22', '5/9 = 7', '8/5 = 5', '3-19 = -84', '15-2 = 4']",10,6.0
((9*x)/((14-12)-8)) = ((((28/4)*(19.287/9))-9)*2),6.0,-8.001,"['16-8 = 10', '14-12 = 16', '9*6 = -660', '6*2 = -66']",9,4.0
(((19+x)*5)*(-3.7)) = ((7*2.714)*(3*10)),17.0,-49.808,"['8*5 = 10', '19+17 = 8', '19*5 = -37', '3*10 = 5']",6,4.0
(((19+20)/((x+1)*2.5))*1) = (8*((13/(19/1)))),7.0,1.85,"['8*1 = -81', '7/5 = 8', '19+20 = 7', '7+1 = 2', '13/4 = -10.125', '19/1 = 4']",8,6.0
(x+(((5**1)/(11/4)))) = ((-4-5)-15),9.0,-25.818,"['8/7 = -33', '11/4 = 7', '5**1 = 8']",6,3.0
(6*(((x*10)-9)/10)) = (246/(7-16)),12.0,-3.656,"['10-9 = 136.67', '12*10 = 10', '7-16 = 3']",6,3.0
(((4+18)/x)+(17-15)) = (19+10),7.0,0.815,"['18+19 = -12', '8/7 = 18', '4+18 = 8', '17-15 = 19', '19+10 = -12']",5,5.0
((7*9)-((x-16)-12)) = ((10+4)*(9*2)),10.0,-161.0,"['7*9 = 10', '10-16 = 20', '3*4 = 2', '9*2 = 4', '10+4 = 3']",7,5.0
(-32-((13*x)*(3/6))) = ((18/10)*(-5.667)),5.0,-3.354,"['16*8 = 2', '3/6 = 8', '13*5 = 16', '18/10 = 6']",6,4.0
((10+11)/((8-11)/(x+4))) = (((15-(20+(-8)))*9)*(5+10)),14.0,-61.857,"['8-11 = 20', '10+11 = 64', '14+4 = 5', '5+10 = 1.6', '5*9 = 10', '15-12 = 5']",10,6.0
((17+(13-17))*(x*1.111)) = (-20-10),9.0,-2.077,"['12*10 = -30', '17+1 = 12', '13-17 = 1']",5,3.0
(((5+(7-x))**2)/4) = ((17*7)-15),2.0,-8.396,"['16/4 = -42', '5**2 = 16', '5+10 = 5', '7-2 = 10', '17*7 = -27']",6,5.0
(x/(1**3)) = (9*(3*(8/4))),120.0,54.0,"['1**3 = 3', '3*7 = 4.444', '8/4 = 7']",5,3.0
((12-15)*x) = ((20+430)/10),2.0,-15.0,"['3*2 = 45', '12-15 = 3']",4,2.0
(((x*4)+((6+20)))/(20+17)) = (-148/2),20.0,-691.0,"['20*4 = 4', '20+17 = 3', '6+20 = -226']",6,3.0
((6*2.833)/(((1**1)-8)/x)) = (6*(8*(10.5/7))),4.0,-29.651,"['17/3 = 72', '11/4 = 3', '13-8 = 11', '1**1 = 13']",8,4.0
(x*(((9-(20/2))-(16-(7*6))))) = (((7/2)/5)+13),7.0,0.548,"['15-10 = -9.857', '9-6 = 15', '20/2 = 6', '7*6 = 6', '16+13 = -69', '5/5 = 16', '7/2 = 5']",9,7.0
((20*((5*x)+20))+81) = ((1**4)-(3*(4**1))),3.0,-4.92,"['20*1 = 1', '5+20 = 1', '5*3 = 5', '1**4 = 89', '4**1 = 2.333']",8,5.0
((12+(5+5))*(15+x)) = (((7*6.429)/5)/8),7.0,-14.949,"['12+4 = 5', '5+5 = 4', '15+7 = 7.4', '9/8 = 37']",7,4.0
((10*7)+(20+(x))) = ((14+(-10))*5),-1.0,-70.0,"['1+19 = 17', '10*7 = 1', '4*5 = 17']",5,3.0
((x+(2**3))-((3**1)/(3**1))) = ((12+10)-(36-((5/8)+1))),14.0,-19.375,"['17-18 = -63', '3**1 = 162', '3**1 = 9', '2**3 = 3', '12+10 = -46', '2+1 = 19', '5/8 = 2']",11,7.0
(112-((6+(13-x))*(12/8))) = (6*(1**3)),7.0,-51.667,"['10*6 = 17', '12/8 = 6', '6+5 = 10', '13-7 = 5', '1**3 = 15.833']",7,5.0
((x-18)-(15-(2-9))) = (-324/9),18.0,4.0,"['15-4 = 13', '2-9 = 4', '18-18 = -23']",5,3.0
((((20+(1**2))-4)/5)-x) = (260/((11*(6+2))-3)),18.0,0.341,"['18-18 = 65', '9-4 = 90', '20+19 = 9', '1**2 = 19', '19-3 = 4', '11*8 = 19']",9,6.0
((x/8)**(14/(4*3))) = (17/((4*(20+4))/2)),11.0,3.286,"['2**3 = 42', '14/7 = 3', '11/8 = 2', '4*3 = 7', '17/10 = 42', '20+4 = 5']",8,6.0
((((x*9)/6)+13)+50) = (17/6),6.0,-40.111,"['6*9 = 42', '17/6 = 70']",5,2.0
((17*x)/(18/8)) = (-280/4),10.0,-9.265,"['12/5 = -70', '18/8 = 5', '17*10 = 12']",4,3.0
((7+(x+((16*8)*5)))*(25-16)) = ((9/7)*9.7),18.0,-645.614,"['17*9 = 97', '18+15 = 10', '16*5 = 15', '16*8 = 16', '9/7 = 10']",8,5.0
(((18+20)+(x))*(5+4)) = (10*(20-11)),-6.0,-28.0,"['18+20 = 15', '5+4 = 7.778', '10*3 = 70', '20-11 = 3']",6,4.0
(11*((4*(4**3))*(x-(2**1)))) = (14*9),10.0,2.045,"['11*1 = -22', '20*9 = 1', '10-12 = 9', '2**1 = 12', '4**3 = 5', '14*9 = -22']",7,6.0
(((7+20)*x)*(7/8)) = (85-20),9.0,2.751,"['7*3 = 65', '10*9 = 7', '7+20 = 10', '7/8 = 3']",5,4.0
((10-(9+16))*(9+x)) = (69-(19-8)),1.0,-12.867,"['17*10 = 57', '10-7 = 17', '9+16 = 7', '19-8 = 12']",6,4.0
(-1-(x/(20/4))) = (-42/2),200.0,100.0,['20/4 = 10'],4,1.0
(4+(((13+(9*1))**1)+(x))) = ((11-9)+(-82)),-17.0,-106.0,"['4+1 = -71', '1**1 = 18', '13+3 = 1', '9*1 = 3', '11-9 = 11']",7,5.0
(((9+x)*5)+13) = (5*2),5.0,-9.6,"['13*5 = 12', '9+5 = 13', '5*2 = 25']",4,3.0
((1**(10/6))+(16-(2+x))) = (8+((9/7)+5)),7.0,0.714,"['16-17 = 32', '1**4 = 17', '2+7 = 17', '10/6 = 4', '8+15 = 49', '9/7 = 10']",8,6.0
(((1*4)+x)**3) = (4/5),9.0,-3.072,"['2**3 = -1', '6+9 = 2', '1*4 = 6', '4/5 = -1']",4,4.0
((9-(4**(18-9)))*(4-x)) = ((10+(-85))/3),12.0,4.0,"['15*1 = -25', '4-12 = 1', '9-7 = 15', '4**1 = 7', '18-9 = 1']",7,5.0
((4**2)/((1**2)+(15/(x*3)))) = (6+((7*1)-15)),5.0,-0.556,"['12+20 = 3', '15/8 = 20', '5*3 = 8', '1**2 = 12', '4**2 = 27', '17-15 = 3', '7*1 = 17']",9,7.0
(x+(3**4)) = (((36-19)-(12/5))+13),17.0,-53.4,"['17+3 = -88', '3**4 = 3', '2+13 = -88', '12/5 = 15']",6,4.0
((13-x)*(12-5)) = ((20/2)*2.6),15.0,9.286,"['2*5 = 26', '13-15 = 2', '12-5 = 5']",5,3.0
((17*(x+16))-(16+1)) = (2*2),10.0,-14.765,"['17*1 = 95', '10+16 = 1', '16+1 = 8', '2*2 = 87']",5,4.0
(((x+(17*8))+42)-13) = (12+((5**1)*5)),11.0,-128.0,"['17*8 = 2', '14*5 = 30', '5**1 = 14']",7,3.0
(((3*x)*(15*2))*(10/5)) = ((20+(18-16))+(3+64)),7.0,0.494,"['10/5 = 27.333', '3*7 = 7', '15*2 = 0.429', '20+2 = 15']",9,4.0
(x+((((11-16)*2)**2)-7)) = ((800/10)-(3*6)),3.0,-31.0,"['5**2 = 66', '12*2 = 5', '11-16 = 12']",8,3.0
(x-(((12+11)-11)+1)) = (54-((330/(13+(-3)))-18)),57.0,52.0,"['1+1 = 18', '6-11 = 1', '12+11 = 6']",8,3.0
(11+(x*8)) = ((10+(-6))*11),17.0,4.125,"['11+18 = 44', '17*8 = 18']",4,2.0
((11-1)+((7+x))) = (((9+(-2))/((22-11)-17))+(-91)),5.0,-109.167,"['7+5 = -81', '7/3 = 20', '11-17 = 3']",8,3.0
((19-6)-(((16*x)/(9*2))**1)) = ((112/8)+27),4.0,-31.5,"['2**1 = 13', '7/5 = 2', '9*2 = 5', '19-6 = 54', '16*4 = 7']",8,5.0
(x+(((13/(4**4))**3)-18)) = (-675/(63/(5*1.4))),16.0,-57.0,"['16+13 = -75', '20-18 = 13', '2**3 = 20', '13/10 = 2', '4**4 = 10']",8,5.0
((34-((14*4)*7))*x) = ((19+(21-(9/6)))**2),1.0,-4.14,"['18*1 = 3', '10*7 = 16', '14*4 = 10', '2**2 = 3', '19+8 = 2', '9/6 = 13']",8,6.0
(((x+5)/(28/4))/6) = ((1/7)-(140/7)),12.0,-839.0,"['15/7 = 582', '12+5 = 15', '15-20 = 97', '1/7 = 15']",7,4.0
(x/((2**1)/10)) = (((15/2)*(2.5/5))**2),950.0,2.812,"['6/10 = 10', '2**1 = 6', '2**2 = 95', '15/2 = 4']",7,4.0
((18*(1**3))-(13-x)) = (18*((4*5)-(18-(4-12)))),10.0,-113.0,"['18*6 = 89', '13-10 = 16', '1**3 = 6', '18*3 = 73', '20-9 = 3', '4-12 = 9']",9,6.0
(-20-((((8/6)+(8-x))**3)+4)) = ((30/5)+(-38)),19.0,7.333,"['14+4 = 12', '5**3 = 14', '4+10 = 5', '8-19 = 10', '8/6 = 4']",8,5.0
((10*1)-((3+x)*4)) = ((114/(9*(3*3)))-(20/4)),8.0,0.398,"['13*4 = 16', '10*1 = -84', '3+8 = 13', '19-5 = -100', '9*2 = 6', '3*3 = 2']",9,6.0
((x*4)+((13-6))) = (7/(((18*10)-2)-8)),16.0,-1.74,"['13-6 = -84', '16*4 = 9', '7/2 = -75', '18*10 = 12']",7,4.0
((10*(x/3))+(19-17)) = ((3*1)/10),11.0,-0.51,"['11/3 = 0.7', '19-17 = 22', '3/10 = 29']",6,3.0
(((3-8)/(9-12))+(x-10)) = ((((8+2)+(-5))-15)/(20+(-11))),56.0,7.222,"['15/7 = 2', '9-12 = 7', '3-8 = 15', '5-15 = 432']",10,4.0
(((5*(6*8))*1.3)+(x*8)) = (2**(5-5)),12.0,-38.875,"['5*8 = 10', '12*8 = 25', '6*8 = 8', '2**3 = 38', '5-5 = 3']",7,5.0
(((5**3)*1)**(x*4)) = (((2+(7+6))*10)*9),19.0,0.373,"['1**2 = -60', '19*4 = 2', '15*1 = 1', '5**3 = 15', '2*9 = -60', '2*10 = 2', '2+10 = 2', '7+6 = 10']",8,8.0
((4+((10/3)+(((4-10)*3))))-x) = (((7+(-2))**2)+11),16.0,-46.667,"['7-16 = 11', '2*3 = -7', '4-10 = 2', '10/3 = 10', '9+11 = 11', '5**2 = 9']",9,6.0
(270/(x/(17+12))) = (13*((19-15)**4)),50.0,2.353,"['17+12 = 10', '13*2 = 54', '4**4 = 2']",6,3.0
(-81-(x*(4**1))) = (3+((17+18))),12.0,-29.75,"['12*10 = 1', '4**1 = 10', '17+18 = -85']",5,3.0
((9*10)-(1-x)) = (1**1),18.0,-88.0,"['1-18 = 15', '9*10 = -43', '1**1 = -58']",4,3.0
((18+((4**2)))+(x+12)) = ((3*75)/(11+((4-6)))),5.0,-21.0,"['3+12 = 25', '4**2 = -15', '5+12 = 12']",8,3.0
((x*((2*1)*2))-(3/(19+1))) = ((2+5)+8),14.0,3.788,"['20-8 = 4', '14*6 = 20', '3/7 = 8', '2*1 = 3', '19+1 = 7', '18+8 = 4', '2+5 = 18']",8,7.0
((4+4)+(196/(15-x))) = (20-11),12.0,-181.0,"['15-12 = 7', '20-11 = 36']",5,2.0
(((19+18)-1)-x) = (175/(1**2)),15.0,-139.0,"['9-15 = 25', '19+18 = 10', '1**2 = 7']",5,3.0
(18*((x*(17+15))*(12/(6*8)))) = ((17*2)*(14+17)),15.0,7.319,"['18*6 = -3', '12/7 = 1', '15*8 = 6', '6*8 = 7', '17+15 = 8', '12*1 = -3', '14+17 = 1', '17*2 = 12']",9,8.0
(((6/9)+x)*(7+(4**1))) = (2*(445.5/9)),18.0,8.333,"['15+18 = 3', '4**1 = 26', '6/9 = 15']",7,3.0
(x/((15+3)**2)) = (((2+0)+(3/3))/8),690.0,121.5,"['2**2 = 10', '15+3 = 2', '2+1 = 552']",7,3.0
((((x-15)+15)*(13/3))**2) = (18+((1**(3+12))*0.8)),15.0,1.001,"['2**2 = 92', '15+15 = 6', '13/3 = 0.333', '15-15 = 15', '18+4 = 92', '1**3 = 5', '3+12 = 3']",9,7.0
(((2**1)*0.833)*x) = ((((7/9)-6)*10)/9),8.6,-3.483,"['2**1 = 6', '12*10 = 387', '7/9 = 18']",7,3.0
((((14*(x*3))*1)+(-5))-3) = ((22-7)*3),7.0,1.262,"['9-3 = 93', '10*1 = 14', '14*9 = 10', '7*3 = 9', '15*3 = 93']",7,5.0
((x+6)*((8*3)/5)) = ((12/8)-(23-12)),11.0,-7.979,"['15/5 = 7', '8*3 = 15', '11+6 = 3', '12/8 = 32']",7,4.0
(((x/8)+6)+(1/2)) = ((10-16)-1),3.0,-108.0,"['13+13 = 52', '10+6 = 13', '3/8 = 10', '1/2 = 13', '1-1 = 52', '10-16 = 1']",6,6.0
((x**1)/(7-(9*6))) = (19-14),5.0,-235.0,"['7-17 = 10', '5**1 = 390', '9*6 = 17', '19-14 = 39']",5,4.0
((x-2)*10) = ((14+19)/((12/2)**1)),15.0,2.55,"['4*10 = -46', '15-2 = 4', '14+19 = -368', '3**1 = 8', '12/2 = 3']",6,5.0
(((x/1)*(7-6))+2) = (((23-10)+(-562))/(2*4.5)),13.0,-63.0,"['19+2 = -61', '18*2 = 19', '13/1 = 18', '7-6 = 2']",8,4.0
((5+(x-9))**(9-1)) = (45-((1/(2**4))*5)),20.0,2.392,"['4**2 = 43', '9-1 = 2', '5+1 = 4', '20-9 = 1', '7*5 = 2', '1/9 = 7', '2**4 = 9']",8,7.0
(((x+(6-16))**2)+(-47)) = (((11+8)/8)*1),9.0,2.973,"['5**2 = 4', '9+2 = 5', '6-16 = 2', '15*1 = -43', '19/8 = 15']",7,5.0
(((1*(9*3))+1)*x) = ((1**(9-(8*1.875)))*(17+20)),8.0,1.321,"['9*8 = 18', '1*7 = 8', '9*3 = 7', '2*2 = 18', '1**2 = 2', '9-15 = 2', '17+20 = 2']",9,7.0
(((9+((19-3)+9))/x)-(9/3)) = (2*((17+15)/2)),6.0,0.971,"['19-2 = -25', '18+9 = 105', '19-3 = 18', '9/3 = 2', '2*4 = -25', '17+15 = 8']",9,6.0
(6*((15/6)+x)) = ((9*(8/4))/3),20.0,-1.5,"['20+20 = 11.833', '15/6 = 20', '9*2 = 213']",6,3.0
((5*5)*(x*2)) = ((12*8)/3),7.0,0.64,"['14*6 = -41', '5*5 = 14', '7*2 = 6', '16/3 = -41', '12*8 = 16']",5,5.0
(x*(((17*9)/(16/4)))) = (2*(-43)),9.0,-2.248,"['16/4 = 7', '17*9 = -66.892']",5,2.0
((((x*8)+77)/(15*3))+19) = (1**((3**3)+((3**(11*7))))),3.0,-110.875,"['15+19 = -40', '15*3 = 6', '3*8 = 13', '1**4 = -40', '3**3 = 20', '3**4 = -16', '11*7 = 4']",10,7.0
((14*3)+((((9/9)/9)*x))) = (6*(-0.667)),7.0,-414.018,"['5*7 = -18', '8/9 = 5', '14*3 = 14', '9/9 = 8']",6,4.0
((12-x)*((1+(16*2))+17)) = (57-((35-(11+7))-(104/8))),18.0,10.94,"['7+17 = 5.333', '1+12 = 7', '16*2 = 12', '12-18 = 9', '11+7 = 13']",10,5.0
((14-20)*((1-x)-20)) = ((10*7)/8),15.0,-17.542,"['9*3 = 97', '14-20 = 9', '1-20 = 3', '1-15 = 1', '10*7 = 776']",6,5.0
((x*(1*2))-7) = ((((11-13)-(6+8))-9)-12),11.0,-15.0,"['11*7 = 24', '1*2 = 7', '6-9 = 29', '11-13 = 25', '6+8 = 19']",8,5.0
((x+10)*(4+8)) = (-36-((4**(16/8))-(2*1.5))),3.0,-14.083,"['7*6 = -54', '3+10 = 7', '4+8 = 6', '9-3 = 18', '4**3 = 9', '16/8 = 3']",8,6.0
((((x-10)**2)-7)-2) = (((4**4)-(1**2))+94),2.0,-8.921,"['9-2 = 96', '14-7 = 9', '4**2 = 14', '2-10 = 4', '1**2 = 5', '4**4 = 7']",8,6.0
((((x*(13/4))+14)+5)-17) = ((((1**4)+6)-6)*7),7.0,1.538,"['10-17 = -19', '6+5 = 10', '16+14 = 6', '7*4 = 16', '13/4 = 4', '7*7 = -19', '1**4 = 7']",9,7.0
((8*(x**1))/((9-17)*2)) = ((2+((7*1.143)/10))/4),5.0,-1.4,"['8*10 = -488', '5**1 = 10', '9-17 = 4', '2+4 = -244', '8/10 = 4']",9,5.0
((18/6)/x) = (6-((18/9)**1)),10.0,0.75,"['18/6 = -50', '6-7 = -5', '3**1 = 7', '18/9 = 3']",5,4.0
((x*10)-(6*5)) = (((27/((3**3)-11))*1.556)+7),16.0,3.963,"['19-10 = -22', '6*5 = 10', '16*10 = 19', '14+7 = -22', '3**3 = 14']",8,5.0
((x/7)*(1*7)) = (3/1),63.0,3.0,"['1*7 = 5.667', '3/1 = 51']",4,2.0
((6+x)+((2+15)*8)) = ((26-(64/4))*(-2.5)),1.0,-167.0,"['3+4 = -25', '6+1 = 3', '18*8 = 4', '2+15 = 18']",7,4.0
((x/(11/(13-9)))*(1**2)) = (1**2),48.0,2.75,"['1**2 = 3', '11/7 = 8', '13-9 = 7', '1**2 = 18']",6,4.0
(((5**1)-(8+x))+(2-18)) = (4**4),2.0,-275.0,"['16+16 = 17', '2-18 = 16', '5**1 = 18', '8+2 = 2', '4**4 = 17']",6,5.0
(x/((1**(6/6))-(6/10))) = (((9+(-4))**(3-8))-(14/2)),14.0,-2.8,"['14/9 = -38', '16-9 = 9', '1**4 = 16', '6/10 = 9', '6/6 = 4', '17-16 = -38', '14/2 = 16', '5**4 = 17', '3-8 = 4']",10,9.0
(((13+x)**3)-(4**3)) = ((2**(14-5))*((3+(-3.833)))),3.0,-20.13,"['3**3 = 5', '4**3 = 10', '13+3 = 3', '2**3 = 6', '14-5 = 3']",8,5.0
((13*(x*3))*((20-13)-16)) = (-65-1),14.0,0.188,"['13*10 = -66', '20-13 = 26', '13*8 = 13', '14*3 = 8']",6,4.0
(13+(((3**4)+x)-13)) = ((13/10)*(1**1)),6.0,-79.7,"['10-13 = 80', '1+6 = 10', '3**4 = 1', '1**1 = 15.5', '13/10 = 6']",7,5.0
(((x-2)-5)/5) = (((1**3)-((19/8)+11))+(-71)),10.0,-409.875,"['6-5 = -310', '10-2 = 6', '3+11 = 5', '19/8 = 3', '1**3 = 14']",8,5.0
((2520/(11-x))/(2*4)) = (6-((4*1.25)**1)),15.0,-304.0,"['11-15 = 9', '6-7 = 35', '5**1 = 7']",7,3.0
((6*((2**2)*2))+x) = ((8/((18+(-15))**1))+1),27.0,-44.333,"['2*2 = 0.167', '2**2 = 2', '3+1 = 28', '8/9 = 3', '3**1 = 9']",8,5.0
(x+(36/(1**2))) = ((10-12)+(132/(7*0.857))),19.0,-15.996,"['1**2 = 4', '10-12 = 6']",7,2.0
(9*((13+x)*2.519)) = (18*1),19.0,-12.206,"['13+19 = 3', '18*1 = 68']",4,2.0
((17+x)**(18/(5**1))) = (((12+11)/7)**2),9.0,-15.064,"['3**3 = -25', '17+9 = 3', '5**1 = 6', '4**2 = -25', '9/7 = 4', '12+11 = 9']",7,6.0
((2-4)*((x-(6+9))/7)) = (17+5),12.0,-62.0,"['17*1 = -73', '2-4 = 17', '12-14 = 7', '6+9 = 14', '17+5 = -73']",6,5.0
((x*1)*((2-10)**1)) = ((9+17)/(10*2)),10.0,-0.163,"['10*1 = 9', '3**1 = 2.889', '2-10 = 3', '10*2 = 10', '9+17 = 260']",7,5.0
((((x-9)+7)/4)-15) = (-243/3),1.0,-262.0,"['17+7 = -264', '1-9 = 17']",5,2.0
((20-(5/(10/5)))+x) = ((60/(19+(-15)))/((14-11)**4)),29.0,-17.315,"['5/10 = 5', '10/5 = 10', '15/10 = 44', '3**4 = 10']",9,4.0
(((17+x)*5)/(1+1)) = (((34-14)+(-3))/9),4.0,-16.244,"['15/8 = 12', '1+1 = 8', '1*5 = 15', '17+4 = 1', '17/9 = 12']",7,5.0
(((1*10)*10)+(x*7)) = (8-5),6.0,-13.857,"['7+17 = 3', '6*7 = 17', '6*10 = 7', '1*10 = 6']",5,4.0
(((13-7)*((20*x)))/2) = (6-(10-(2-15))),5.0,-0.283,"['20*5 = -20.333', '6-7 = -61', '10-5 = 7', '2-15 = 5']",7,4.0
((14+17)+(x)) = ((7-20)-(114/6)),-27.0,-63.0,"['14+17 = 10', '7-20 = 2']",5,2.0
(((7+5)+((2/7)*9))*x) = ((21-20)-(15-3)),8.0,-0.755,"['4*8 = 35', '15+13 = 4', '8*9 = 13', '7+5 = 15', '2/7 = 8', '1-6 = 35', '15-3 = 6']",8,7.0
((2-(1*x))-(19*6)) = (5**3),10.0,-237.0,"['2-5 = 28', '19*6 = 14', '1*10 = 5', '5**3 = 14']",5,4.0
((1-(1/3))+(((x-11)**2))) = (4*(((20*(14/3))/6))),11.0,3.154,"['3**2 = -88', '1-9 = 17', '11-11 = 3', '1/3 = 9', '20*6 = -106.5', '14/3 = 6']",9,6.0
(((10/4)-9)+(x*8)) = (8*(8/((6+5)/6))),19.0,5.176,"['17+8 = 47', '7-9 = 17', '19*8 = 8', '10/4 = 7', '8*5 = 47', '8/4 = 5', '13/6 = 4', '6+5 = 13']",8,8.0
((8-x)+16) = (((6+11)+16)*1.714),5.0,-32.562,"['20+16 = 12', '8-5 = 20', '17+16 = 7']",5,3.0
(7*(6*((x/2)-18))) = ((8-20)-(((4+1)**4)*4)),19.0,-83.619,"['6*10 = 10.143', '3-18 = 10', '19/2 = 3', '1*4 = 18', '5**4 = 1', '8-20 = 89']",9,6.0
(((17*1)-18)-(x*(20*10))) = (((45/(4+5))*9)+77),6.0,-0.615,"['18-18 = 100', '6*5 = 6', '20*10 = 5', '17*1 = 18', '5*9 = 17']",9,5.0
(12-((((5-x)*4)*2)+17)) = (((18+(-10))*(19-16))/8),18.0,6.0,"['12-15 = -36', '8+17 = 15', '16*2 = 8', '17*4 = 16', '5-18 = 17', '8*8 = -288', '19-16 = 8']",9,7.0
((x*8)/5) = (13-14),8.0,-0.625,"['12/5 = 55', '8*8 = 12', '13-14 = 55']",3,3.0
(x*((3**(17-14))*0.3)) = (((9*0.111)**3)+(-14)),17.0,-1.605,"['17*3 = 6', '3**1 = 10', '17-14 = 1', '1**3 = 20']",7,4.0
((19-9)*(x/(1/9))) = (15+16),18.0,0.344,"['5*3 = -70', '19-9 = 5', '18/8 = 3', '1/9 = 8', '15+16 = -70']",5,5.0
((9+x)/3) = ((6+((44-11)-19))-19),6.0,-6.0,"['16/3 = 64', '9+6 = 16', '6+14 = 83']",6,3.0
(x-((1/9)-(3+20))) = ((7+((12+8)-10))-1),13.0,-6.889,"['13-9 = -32', '3-8 = 9', '1/9 = 3', '3+20 = 8', '17-1 = -32']",8,5.0
(((10-(20+x))/3)**1) = (14+(16+46)),3.0,-238.0,"['2**1 = 76', '10-16 = 6', '20+3 = 16']",6,3.0
((9+x)*(5*8)) = (2+26),15.0,-8.3,"['3*8 = 28', '5*8 = 8', '9+15 = 3']",4,3.0
(((x-12)*(3*7))+12) = (((2-18)-3)-(3+8)),28.0,10.0,"['14+12 = 17', '16*8 = 14', '3*7 = 8', '3-11 = 17', '3-3 = 3', '2-18 = 3']",8,6.0
((x+6)/6) = ((2*(17-13))-16),6.0,-54.0,"['2/6 = 29', '6+6 = 2', '8-16 = 29']",5,3.0
(20*(4+((3+16)-((18+15)*x)))) = (((9+8)-13)-16),8.0,0.715,"['20*1 = 15', '4+8 = 1', '8*8 = 2', '3+16 = 10', '18+15 = 8', '4-16 = 15']",9,6.0
(4+(23-((12*9)/(x*9)))) = (9+(11+3)),13.0,3.0,"['4+17 = 60', '13*9 = 3', '12*9 = 18', '11+3 = 51']",7,4.0
(((-27-(2**1))-(x+10))-11) = ((6*4)**((7/5)*(20-20))),10.0,-51.0,"['2**1 = 20', '10+10 = 17', '4**2 = -75', '6*4 = 4', '7/5 = 5', '20-20 = 0.4']",10,6.0
((x+7)+((3/1)/(20+19))) = ((14+(-7))-11),19.0,-11.077,"['8+16 = -54', '19+7 = 8', '13/6 = 16', '20+19 = 6', '3/1 = 13', '7-11 = -54']",7,6.0
((x-((((17-16)**4)-19)+1))*4) = ((3+1)/7),9.0,-16.857,"['2*4 = 93', '4-19 = 6', '4**4 = 4', '17-16 = 4', '3+1 = 651']",8,5.0
(((14+(x-7))+18)*1) = (((10+(-7))*(2**(13-10)))/9),18.0,-22.333,"['20*1 = -60', '14+5 = 2', '18-7 = 5', '16/9 = -60', '2**3 = 5.333']",9,5.0
(((7+(x+12))+10)-(1*6)) = ((20/((7*2.571)/10))/1),10.0,-11.887,"['20-18 = -86', '1*6 = 18', '7+14 = 10', '10+12 = 14', '9/1 = -86', '20/1 = 9', '18/10 = 1']",9,7.0
((2-x)/4) = (((18/2)/1)**(8/4)),10.0,-322.0,"['18/4 = -98', '2-10 = 18', '3**4 = -98', '10/1 = 3', '18/2 = 10', '8/4 = 4']",6,6.0
(((x*54)/(16/10))/7) = ((4**1)+(((12+11)+((16+(-99)))))),2.0,-11.615,"['12/7 = -49', '16/10 = 9', '4**1 = 19', '12+11 = 15']",9,4.0
(((20+17)*x)/10) = ((-497-19)/(18-12)),4.0,-23.243,"['7/10 = -86', '18*4 = 7', '20+17 = 18']",6,3.0
((1+(4+14))*((x+17)*1.25)) = ((133/(70/10))+20),2.0,-15.358,"['2+17 = 10', '1+15 = 8', '4+14 = 15', '19+20 = 100']",8,4.0
((6/7)+(14*(x/5))) = ((18-13)+((45/(18/6))/7)),18.0,2.245,"['20+16 = 32', '14*5 = 16', '18/5 = 5', '6/7 = 20', '5+7 = 32', '15/7 = 7']",9,6.0
((15/(15+5))-(x/(1**3))) = ((8-(20+((9*4))))/(12/3)),72.0,12.75,"['1-8 = 30', '1**3 = 9', '15/7 = 1', '15+5 = 7', '11/4 = 30', '8-18 = 11', '9*4 = -2']",10,7.0
(4+((x+(9+12))/(16-(18+9)))) = (15+(12+(4/9))),15.0,-278.889,"['4+16 = 6', '2/9 = 16', '18+9 = 7', '15+19 = 2', '9+12 = 19', '15+11 = 6', '12+18 = 11', '4/9 = 18']",9,8.0
(((8-11)-9)*((11*(x+20))-20)) = (((5*1.6)*0.875)/((2-3)+15)),1.0,-18.186,"['13*6 = 74', '1-20 = 6', '11*8 = 1', '1+20 = 8', '8-11 = 22', '7/8 = 74', '9+15 = 8', '2-3 = 9']",11,8.0
((x+1)-(21-16)) = (((14-20)/10)-20),7.0,-16.6,"['7+1 = 95', '2/10 = 110', '14-20 = 2']",6,3.0
((x*(4*(3/7)))*((7+11))) = ((20+(-13))-((10-(10*10))-6)),20.0,3.338,"['7+11 = -1.5', '20*6 = 2', '4*9 = 6', '3/7 = 9', '10-1 = 16', '10*10 = 1']",10,6.0
(18+((6+x)+3)) = ((-36/(18-14))-6),2.0,-42.0,"['18+5 = -15', '16+3 = 5', '6+2 = 16']",6,3.0
((7-9)*(((4**3)*((2+x))))) = (15-6),14.0,-2.07,"['4**3 = 8', '2+14 = -0.929', '7-9 = 7', '15-6 = -52']",6,4.0
((5**(1/10))+(x+20)) = ((5+7)+(20+(-10))),18.0,0.825,"['7+13 = -99', '5**3 = 7', '1/10 = 3', '18+20 = 13', '12+10 = -99']",7,5.0
((x/4)-(6+9)) = (((150/2)/5)+(-99)),10.0,-276.0,['10/4 = -69'],6,1.0
(11+((4*x))) = (((4**1)/9)*((1-7))),10.0,-3.417,"['4*10 = -66', '11/9 = 3', '1-7 = -18.333', '4**1 = 11']",6,4.0
((((10+16)*(19-14))+((x*9)))-15) = (19+(-79)),11.0,-19.444,"['3*4 = 19', '19-14 = 4', '11*9 = -64', '10+16 = 3']",7,4.0
(((x*5)/8)/(8-17)) = ((10*0.1)**(6/1)),8.0,-14.4,"['2/8 = 408', '8-17 = 6', '8*5 = 2', '1**1 = 68', '6/1 = 1']",7,5.0
(((8-11)-x)/4) = (12*(13/6)),4.0,-107.0,"['9-4 = 320', '8-11 = 9', '12*4 = 80', '13/6 = 4']",5,4.0
(((15/(1+9))+13)-(13*x)) = ((17/4)*((14/3))),7.0,-0.41,"['17+13 = -1', '15/1 = 17', '13*7 = 11', '1+9 = 1', '17/4 = 6', '14/3 = -2']",8,6.0
(((x*4)-20)*(-4.333)) = (19+((20+(-12))*(1**3))),17.0,3.442,"['3-20 = 3', '17*4 = 3', '19+11 = -13', '1**3 = 1.375']",7,4.0
(((13*8)-(13-x))+5) = ((14+13)/(3*(13+(-12.333)))),5.0,-82.507,"['12+5 = -53', '13-5 = 5', '13*8 = 17', '10/2 = -53', '14+13 = 10']",8,5.0
(((14*4)-(11+11))*(((x+6)-11))) = (((9+5)-15)+(15/(4**1))),12.0,5.081,"['17-3 = 10', '11+11 = 3', '12+6 = 1.9', '14*4 = 17', '10+5 = -91', '4**1 = 3', '2-15 = 10', '9+5 = 2']",11,8.0
((14/3)*(((7+5)*x))) = ((3*4)+((13+12)-(13+15))),9.0,0.161,"['7*9 = -1.444', '7+5 = 7', '14/3 = 9', '5+13 = -13', '13+12 = 15', '3*4 = 5', '13+15 = 2']",9,7.0
(9*(((x+17)-3)-14)) = (1+((2*4)*(4.25-4))),16.0,0.333,"['9*3 = 1', '2-14 = 3', '14-3 = 2', '16+17 = 14', '1+2 = 1']",8,5.0
((((9-x)+0)*(3*7))/(10*3)) = ((50/10)*((3**4)*1.3)),7.0,-743.143,"['8/8 = 52', '9-7 = 6', '10*3 = 8', '3*7 = 1.333', '3**4 = 8']",10,5.0
(((5-x)-9)-((1**2)*(11-13))) = (((28-4)-((9+(-2))+6))+6),4.0,-19.0,"['8*3 = 16', '11-13 = 3', '3-9 = 33', '5-4 = 3', '1**2 = 8']",11,5.0
((9-x)*8) = (585/9),14.0,0.875,"['20*8 = 65', '9-14 = 20']",3,2.0
((9*(x+16))*(-2.25)) = ((18+(-14))*((11+((6*(-2.208)))))),18.0,-15.556,"['9*7 = 4', '18+16 = 7']",7,2.0
(((13+15)**(x/2))**(9/9)) = ((3+(-1))**3),12.0,1.248,"['3**1 = -48', '5**3 = 3', '13+15 = 5', '12/2 = 3', '2**3 = -48']",7,5.0
((x+9)+(11*9)) = (18+(-90)),4.0,-180.0,"['20+2 = -72', '11*9 = 2', '4+9 = 20']",4,3.0
((1+(16-(1**4)))*(x*6)) = ((10-(44/4))*(5**2)),14.0,-0.26,"['14*6 = 12', '16-11 = 3', '1**4 = 11', '14*5 = 48', '5**2 = 5', '10-11 = 14']",9,6.0
(((4/9)+(x-(4/5)))**4) = ((4/((6+(-(7/7)))**1))**1),7.0,1.301,"['3**4 = -14', '3+4 = 3', '4/9 = 3', '4/5 = 3', '3**1 = -14', '4/2 = 3', '5**1 = 2']",10,7.0
((16+7)-(x*5)) = (((16+8)+(11+4))+(7*0.143)),8.0,-3.4,"['9-11 = -83', '8*5 = 11', '16+7 = 9', '10+1 = -83', '16+8 = 3', '11+4 = 7']",8,6.0
(6*(((x/1)-3))) = (-(30/(24-19))-(2*3)),19.0,1.0,"['14-3 = -2', '19/1 = 14']",7,2.0
((3-(3**4))*((20+x)*6)) = (10-18),16.0,-19.983,"['4*6 = 3.5', '3-6 = 10', '20+16 = 4', '3**4 = 6', '10-18 = 35']",6,5.0
(x+((4+14)*5)) = ((19*(1**4))+(4/(5**2))),1.0,-70.84,"['20*5 = 8', '4+14 = 20', '16+9 = 9', '19*3 = 16', '4/8 = 9', '5**2 = 8', '1**4 = 3']",8,7.0
((x*10)+13) = (((5/5)**(15/5))-6),13.0,-1.8,"['18+13 = -84', '13*10 = 18', '3-6 = -84', '1**3 = 3']",6,4.0
(x*(16*(12-20))) = ((20/3)-(4+18)),10.0,0.12,"['10*4 = 9', '16*8 = 4', '12-20 = 8', '4+18 = 16', '20/3 = 25']",6,5.0
(x*(15/9)) = ((80/10)/7),19.0,0.686,"['19*8 = 45', '15/9 = 8', '8/7 = 45']",4,3.0
((x*8)/9) = (2-15),8.0,-14.625,"['6/9 = 6', '8*8 = 6', '2-15 = 6']",3,3.0
((x*4)*(((3*4)+(-11)))) = (8-5),15.0,0.75,"['15*4 = 8', '3*4 = 9', '8-5 = -16']",5,3.0
((15*(3*((11+x)-14)))-17) = (-637/(13-6)),8.0,1.356,"['15*3 = -74', '3*4 = 3', '12-14 = 4', '11+8 = 12']",7,4.0
(2-((15+11)-(x+20))) = (-730/(5*((8*(8.25-6))/9))),10.0,-69.0,"['2-14 = -73', '8-6 = 14', '10+20 = 6', '15+11 = 8']",9,4.0
((8+5)+((3-x)-17)) = ((12+20)+((27-12)-14)),4.0,-34.0,"['19+16 = 54', '8+5 = 19', '3-4 = 33', '9+5 = 54', '12+20 = 9', '15-14 = 5']",8,6.0
(((x+12)-10)/(9-14)) = ((119/7)/((14+(-11))**3)),8.0,-5.148,"['10/9 = 56', '9-14 = 9', '17/8 = 56', '3**3 = 8']",8,4.0
(2**(4+x)) = (4+6),17.0,-0.678,"['2**4 = 9', '4+17 = 4', '4+6 = 9']",3,3.0
((4**2)/(x-5)) = (-62/((23-11)+18)),10.0,-2.742,"['10-5 = 7', '4**2 = -217', '12+18 = 2']",6,3.0
((((5**1)+(-10))*x)-(20*(8/5))) = (2+9),1.25,-8.6,"['10-16 = 47', '20*7 = 16', '5**1 = 18', '8/5 = 7', '2+9 = 47']",7,5.0
((5/4)-((20/7)-(x-9))) = (-328/(16-12)),24.0,-71.393,"['20-12 = -82', '20/7 = 27', '5/4 = 20']",7,3.0
(((x-6)*(4*4))/4) = ((3**(8*0.25))-2),14.0,7.75,"['18/4 = -34', '15*7 = 18', '4*4 = 7', '14-6 = 15', '8-2 = -34', '3**2 = 8']",7,6.0
(-31-((13*x)*7.5)) = (17*9),7.0,-1.887,"['13*7 = 2', '17*9 = -46']",4,2.0
((x-19)/6) = (((5**((5-10)/6))*2)-12),11.0,-49.862,"['11-19 = -132', '14-12 = -22', '5**2 = 7', '16/6 = 2', '5-10 = 16']",7,5.0
((16/9)-x) = ((17-(4*9))+((140/7)*7)),14.0,-119.222,"['20-14 = 87', '16/9 = 20', '20*7 = 75', '4*9 = 5']",7,4.0
((((5+(x+3))*3.667)+15)**1) = ((2/10)*((17+(-56)))),10.0,-14.218,"['3**1 = -78', '11+15 = 3', '5+20 = 3', '10+3 = 20', '2/10 = 2']",8,5.0
(11-((x*5)+(5**3))) = (3*((2*1)+0.333)),13.0,-24.2,"['8+1 = 7', '13*5 = 8', '5**3 = 1', '2*1 = 1']",7,4.0
